"rep","month","VE_inf","VE_sev"
1,0,0.765986554828777,0.775074257726961
1,1,0.765496649382464,0.774578540017866
1,2,0.762513130069913,0.771559624082577
1,3,0.755586303701518,0.76455061749879
1,4,0.744091781560459,0.752919723770637
1,5,0.727964914439725,0.736601526689673
1,6,0.707503984204414,0.715897846952003
1,7,0.683226341470476,0.691332173047225
1,8,0.655765050431138,0.663545079873904
1,9,0.625796291071348,0.633220769650235
1,10,0.593989908815476,0.601037034880294
1,11,0.560977199775857,0.567632661405152
1,12,0.527331363460585,0.533587649200608
1,13,0.493557114634199,0.499412700992478
1,14,0.460086779011177,0.465545271629198
1,15,0.427280849575497,0.432350131001584
1,16,0.395431488579877,0.400122907589972
1,17,0.364767854442285,0.369095478559291
1,18,0.335462436698389,0.339442379869712
1,19,0.307637815002152,0.311287645466357
1,20,0.281373435164491,0.284711663709231
1,21,0.256712128554415,0.25975777412085
1,22,0.233666200535285,0.236438428056024
1,23,0.212222986642482,0.21474081079829
1,24,0.192349827990497,0.194631875995485
1,25,0.173998454702318,0.176062781094354
1,26,0.157108791728139,0.158972738311688
1,27,0.141612218190605,0.143292312648603
1,28,0.127434321635136,0.128946208817426
1,29,0.114497194035462,0.115855594487155
1,30,0.102721318457712,0.103940009331029
1,31,0.0920270949515851,0.0931189090209455
1,32,0.0823360522932152,0.0833128913465029
1,33,0.0735717892337221,0.0744446486305732
1,34,0.065660685340194,0.0664396870037365
1,35,0.0585324176641278,0.0592268492025024
1,36,0.0521203155581891,0.0527386735956331
2,0,0.759644467831172,0.795400223995224
2,1,0.759301389177286,0.795040996949278
2,2,0.757178835139626,0.792818536273934
2,3,0.752162713498245,0.78756631046818
2,4,0.743686200852691,0.778690816283088
2,5,0.73157366831003,0.766008158137642
2,6,0.715920599089333,0.749618313556924
2,7,0.697002113201738,0.729809352194242
2,8,0.675204120697199,0.706985348525449
2,9,0.650972277039308,0.681612934600903
2,10,0.6247748562202,0.654182425632533
2,11,0.59707642602603,0.625180256178632
2,12,0.568319835936121,0.595070120230224
2,13,0.538914536804696,0.564280741111122
2,14,0.509229663711175,0.533198628744441
2,15,0.479590646534835,0.502164530690167
2,16,0.450278381263995,0.471472564448645
2,17,0.421530210637439,0.441371244259872
2,18,0.393542135205656,0.412065796237334
2,19,0.366471813334885,0.383721299579433
2,20,0.340442017669851,0.356466305724703
2,21,0.315544301548376,0.330396677341137
2,22,0.291842696268834,0.305579459620565
2,23,0.269377312585749,0.282056651293293
2,24,0.24816776031716,0.259848785193196
2,25,0.228216330906095,0.238958260619386
2,26,0.20951091115077,0.219372394212976
2,27,0.192027613694656,0.201066174261856
2,28,0.175733122533485,0.184004716608532
2,29,0.160586760786829,0.168145429749775
2,30,0.146542294127754,0.153439903152029
2,31,0.133549487229586,0.139835536958677
2,32,0.121555432902646,0.127276933687996
2,33,0.110505674674598,0.115707073652319
2,34,0.100345143745711,0.105068296014906
2,35,0.0910189307826741,0.0953031069113698
2,36,0.0824729121020256,0.0863548351069788
3,0,0.769224330051455,0.775422586442644
3,1,0.768619274588162,0.774812655562979
3,2,0.764972449035525,0.771136444616633
3,3,0.75660372912331,0.76270029122675
3,4,0.742881332392662,0.7488673221573
3,5,0.723859171028912,0.729691884007258
3,6,0.70001479554153,0.705655375292956
3,7,0.672063178590025,0.677478529781139
3,8,0.640827232554218,0.64599089071563
3,9,0.607150377681339,0.612042674455967
3,10,0.571839933921338,0.576447706175406
3,11,0.535632801665838,0.539948824062105
3,12,0.499176986111234,0.503199254809225
3,13,0.46302413541247,0.466755091642629
3,14,0.427629506264448,0.431075259624963
3,15,0.393356722967413,0.396526313068635
3,16,0.360485421425542,0.363390141128222
3,17,0.329220418441022,0.331873210978897
3,18,0.299701458912931,0.30211639355629
3,19,0.272012900412896,0.274204726168534
3,20,0.246192920598457,0.248176694101126
3,21,0.222241997187903,0.224032778921715
3,22,0.200130527665695,0.20174313958359
3,23,0.179805538080823,0.181254375282197
3,24,0.161196486176576,0.162495375345376
3,25,0.144220200520465,0.145382298161806
3,26,0.128785019543647,0.129822743571984
3,27,0.114794206447063,0.115719195290999
3,28,0.102148720804698,0.102971814844816
3,29,0.0907494276532818,0.091480668460383
3,30,0.0804988215789296,0.0811474650446159
3,31,0.0713023380233424,0.0718768780568465
3,32,0.0630693176226878,0.0635775176181516
3,33,0.0557136824899076,0.0561626122430092
3,34,0.0491543763904854,0.049550452561915
3,35,0.0433156140324322,0.0436646426200964
3,36,0.0381269783766668,0.0384341979720014
4,0,0.769072298970904,0.785767681815952
4,1,0.768491059425318,0.785173824449192
4,2,0.764980552577862,0.781587109869541
4,3,0.756905947618223,0.773337217591266
4,4,0.743634313686694,0.75977747679415
4,5,0.725192861288938,0.7409356886823
4,6,0.702020726373766,0.717260522174047
4,7,0.674791579498098,0.689440272183312
4,8,0.64428945647111,0.658275994737027
4,9,0.611324228672954,0.624595142283814
4,10,0.576676285265536,0.589195045040203
4,11,0.541062465388329,0.552808103626543
4,12,0.50511719976416,0.516082521285902
4,13,0.469384312549674,0.479573927765256
4,14,0.434316087091396,0.443744424790539
4,15,0.400277086147287,0.408966489219366
4,16,0.367550895791657,0.375529863345804
4,17,0.336348478344869,0.343650089159394
4,18,0.306817209393485,0.313477741545179
4,19,0.279049965790533,0.285107713570559
4,20,0.253093847867746,0.258588128043397
4,21,0.228958277536057,0.233928611409897
4,22,0.206622328246749,0.211107782837989
4,23,0.186041223646417,0.190079893948149
4,24,0.167151997499422,0.170780611604106
4,25,0.149878344497474,0.153131974026083
4,26,0.134134714868721,0.137046574287583
4,27,0.119829719016562,0.122431038863699
4,28,0.106868914632103,0.109188875247517
4,29,0.0951570499981597,0.0972227639528171
4,30,0.0845998351545507,0.0864363681286588
4,31,0.0751053084199217,0.0767357297462962
4,32,0.0665848603369168,0.0680303157726365
4,33,0.0589539710511102,0.0602337715565389
4,34,0.0521327108890287,0.0532644322736205
4,35,0.0460460477661986,0.047045637007661
4,36,0.0406239992276941,0.041505884091719
5,0,0.765391657240222,0.783990883557338
5,1,0.76470459133938,0.783287121767452
5,2,0.760592469308338,0.77907507404794
5,3,0.751230369809771,0.769485472974552
5,4,0.73600307077657,0.753888146415916
5,5,0.715066677255003,0.732442992813562
5,6,0.68903732123755,0.705781116335664
5,7,0.65877428666052,0.674782681752878
5,8,0.625232683298829,0.640426008268509
5,9,0.589366809665294,0.603688584109879
5,10,0.552069988100262,0.565485439594192
5,11,0.514140225635664,0.526633973542207
5,12,0.476263788804005,0.487837128950608
5,13,0.439010865642599,0.449678949581743
5,14,0.402839069971336,0.412628169396314
5,15,0.36810173617537,0.377046708901536
5,16,0.335058846761825,0.343200868250464
5,17,0.303889099717246,0.311273687839522
5,18,0.274702112480649,0.281377448841435
5,19,0.247550116281143,0.253565651718442
5,20,0.222438751223729,0.227844073631637
5,21,0.199336753917646,0.204180691481327
5,22,0.178184454867797,0.182514385787383
5,23,0.158901086987795,0.162762426801164
5,24,0.141390960613923,0.144826799573986
5,25,0.125548592745392,0.128599457839332
5,26,0.111262895247582,0.113966613990571
5,27,0.0984205331553737,0.100812178991975
5,28,0.0869085634921795,0.0890204653217799
5,29,0.0766164597254554,0.0784782606225126
5,30,0.0674376189485151,0.0690763715077388
5,31,0.059270439413644,0.0607107272795245
5,32,0.0520190460456965,0.0532831230722125
5,33,0.045593731646168,0.0467016717778734
5,34,0.0399111720465101,0.0408810244279053
5,35,0.0348944647213915,0.0357424097446074
5,36,0.0304730324518796,0.0312135354633508
6,0,0.77029642790205,0.788680683119605
6,1,0.769316604860034,0.787677475162094
6,2,0.763569865735992,0.781793581671371
6,3,0.75078132934837,0.768699828086457
6,4,0.730461584775036,0.747895122974997
6,5,0.703174345753726,0.719956633930737
6,6,0.670042615940405,0.686034166740707
6,7,0.632424694804734,0.647518438685697
6,8,0.591709648855964,0.605831668386659
6,9,0.549195548034264,0.562302906128739
6,10,0.506023944068377,0.518100948448734
6,11,0.46315160376109,0.474205396793928
6,12,0.421346059445443,0.431402101783395
6,13,0.381195598805057,0.390293391450062
6,14,0.343127264440302,0.35131650039295
6,15,0.307428555684267,0.314765789538845
6,16,0.274270036724223,0.280815893839774
6,17,0.243727118042668,0.249544023560118
6,18,0.215800013836111,0.220950398008501
6,19,0.19043137681289,0.194976301215946
6,20,0.167521440688061,0.17151958582864
6,21,0.146940709268928,0.15044766503712
6,22,0.128540355535127,0.131608159845669
6,23,0.112160560959642,0.114837437423476
6,24,0.0976370535335563,0.0999673051689426
6,25,0.0848061061415861,0.0868301283787919
6,26,0.073508244669084,0.075262626854487
6,27,0.0635908941514556,0.0651085842058895
6,28,0.0549101659211526,0.0562206776511396
6,29,0.0473319620520532,0.0484616088202233
6,30,0.040732547344066,0.0417046893908284
6,31,0.0349987147672278,0.0358340104810085
6,32,0.0300276483039045,0.030744302217912
6,33,0.025726567745846,0.026340570057397
6,34,0.0220122232451961,0.0225375772717592
6,35,0.0188102931672225,0.0192592284313325
6,36,0.0160547268470783,0.0164378964751768
7,0,0.76788324087136,0.782916463209798
7,1,0.767253097088497,0.782273982796718
7,2,0.763463471376398,0.778410165745523
7,3,0.754788741048714,0.769565606018262
7,4,0.740600914079686,0.755100017084951
7,5,0.720984238682675,0.735099296527051
7,6,0.696458233028557,0.710093133374439
7,7,0.667782085692346,0.680855579204781
7,8,0.635819631228464,0.648267380280201
7,9,0.601448987547331,0.613223845851007
7,10,0.565504741838787,0.576575902224911
7,11,0.528743519754041,0.539094987880173
7,12,0.491826051111913,0.501454768063479
7,13,0.455310599357069,0.464224435613497
7,14,0.419653965962277,0.427869735026803
7,15,0.385217305438054,0.392758891310787
7,16,0.352274762923961,0.359171416677268
7,17,0.321023530583554,0.327308363816347
7,18,0.291594355219129,0.297303039223833
7,19,0.264061852099465,0.269231518947782
7,20,0.238454215821615,0.243122549564537
7,21,0.214762089003646,0.218966590498164
7,22,0.192946469925132,0.196723876472656
7,23,0.17294562340042,0.17633146368271
7,24,0.1546810147977,0.157709279985973
7,25,0.138062322556722,0.140765235553236
7,26,0.12299160540151,0.125399471664699
7,27,0.109366710917539,0.111507836018513
7,28,0.0970840154349454,0.0989846762540118
7,29,0.086040583586531,0.0877250417884284
7,30,0.0761358312242017,0.0776263792890565
7,31,0.0672727688374331,0.0685898004347211
7,32,0.0593588951199474,0.0605209929762433
7,33,0.0523068025027663,0.0533308381243076
7,34,0.0460345487381637,0.0469357894080931
7,35,0.0404658412557874,0.041258060640625
7,36,0.0355300741868007,0.0362256636677552
8,0,0.763962997144915,0.776850340082888
8,1,0.763579270120795,0.776460139941912
8,2,0.761216155756058,0.774057162042771
8,3,0.7556604176782,0.76840770384738
8,4,0.74632177980734,0.758911531869155
8,5,0.733048612224284,0.745414458333644
8,6,0.715987650556852,0.728065694161795
8,7,0.695478393802821,0.707210465382706
8,8,0.671974669743673,0.683310255429082
8,9,0.645987356216649,0.656884560170599
8,10,0.618043462655681,0.628469279198606
8,11,0.588657760769409,0.598587867940156
8,12,0.558313948270464,0.567732183636974
8,13,0.527452970012161,0.53635060947062
8,14,0.49646663535371,0.504841564258613
8,15,0.465695082578041,0.473550924099345
8,16,0.435426970017922,0.442772216722323
8,17,0.405901535009475,0.412748715174308
8,18,0.37731186881475,0.383676767986773
8,19,0.34980891879447,0.355709868861573
8,20,0.323505856976914,0.328963098933507
8,21,0.298482553764878,0.303517675944546
8,22,0.27478997254066,0.279425422981692
8,23,0.252454359981509,0.256713029479151
8,24,0.231481151715303,0.235386022758771
8,25,0.211858546537243,0.215432402540439
8,26,0.193560727193826,0.196825916057675
8,27,0.176550723661751,0.17952896963738
8,28,0.160782927458586,0.163495185424578
8,29,0.146205274055102,0.148671620610014
8,30,0.132761115896359,0.135000672047349
8,31,0.120390811653801,0.122421692314463
8,32,0.109033058731426,0.110872344697761
8,33,0.0986259962096702,0.100289724741685
8,34,0.0891081046984495,0.0906112752814403
8,35,0.0804189282681112,0.0817755205522514
8,36,0.0724996419485633,0.0737226432616677
9,0,0.750490808307194,0.790642078861611
9,1,0.750067272390698,0.790195883766635
9,2,0.74747268282407,0.787462483615634
9,3,0.741408719496397,0.781074098150467
9,4,0.731277393258914,0.770400745793098
9,5,0.716965296734724,0.755322951870109
9,6,0.698681435341931,0.7360609035929
9,7,0.67683681245303,0.713047593021134
9,8,0.651956363973363,0.686836040139702
9,9,0.624615788439344,0.658032743366156
9,10,0.5953973870009,0.627251156971498
9,11,0.564860285376475,0.59508031990928
9,12,0.533521415926156,0.562064820429331
9,13,0.501844440451272,0.528693126246957
9,14,0.47023443239967,0.495391982246108
9,15,0.439036642760553,0.462525110349574
9,16,0.408538073033738,0.430394866642119
9,17,0.378970892335488,0.399245841291536
9,18,0.350516981044427,0.369269645279685
9,19,0.323313074223506,0.34061032899763
9,20,0.297456125544552,0.313370033140232
9,21,0.27300862559097,0.287614591538132
9,22,0.250003694459467,0.263378896213753
9,23,0.228449833329609,0.240671903159908
9,24,0.208335267766262,0.219481208008992
9,25,0.189631850670642,0.199777157791972
9,26,0.172298517948155,0.181516491484521
9,27,0.156284307450797,0.16464552046288
9,28,0.141530963421762,0.149102872286299
9,29,0.127975155968491,0.134821828911928
9,30,0.115550349149781,0.121732294724617
9,31,0.10418835296282,0.109762431555288
9,32,0.0938205945365091,0.0988399978831117
9,33,0.0843791426985458,0.0888934282169533
9,34,0.0757975181803985,0.0798526866463244
9,35,0.0680113193527306,0.0716499260536625
9,36,0.0609586907631793,0.0642199817188889
10,0,0.769370262132438,0.795749132022288
10,1,0.768699813155264,0.795055695821397
10,2,0.764680687817965,0.79089876949339
10,3,0.755513732828628,0.781417513412821
10,4,0.740576148746334,0.765967774641985
10,5,0.719999636221915,0.744685769361498
10,6,0.694369621703007,0.718176996133623
10,7,0.664514755644646,0.687298516782555
10,8,0.631363138784603,0.65301025319878
10,9,0.595847370662242,0.6162767803217
10,10,0.558844878534804,0.57800560915444
10,11,0.521143350522733,0.539011434739164
10,12,0.483423682500626,0.499998498359783
10,13,0.446254826095382,0.461555258896957
10,14,0.410096430662702,0.42415712538823
10,15,0.375306311731044,0.388174181537388
10,16,0.34215063556222,0.353881719466099
10,17,0.310815349424257,0.321472061888689
10,18,0.281417860794151,0.291066641751701
10,19,0.254018315587617,0.262727667152561
10,20,0.228630076341935,0.23646895878069
10,21,0.205229179774774,0.21226573174115
10,22,0.183762677566346,0.19006322231147
10,23,0.164155848562866,0.169784147424972
10,24,0.146318325556731,0.151335041515655
10,25,0.130149213468208,0.134611550183469
10,26,0.11554129424764,0.11950277926711
10,27,0.102384421712983,0.105894806078021
10,28,0.0905682102330963,0.0936734602687211
10,29,0.0799841171598505,0.0827264776638376
10,30,0.070527012014467,0.0729451232480531
10,31,0.0620963169411534,0.0642253707216953
10,32,0.0545967937616134,0.056468716540444
10,33,0.0479390437163331,0.0495826967909034
10,34,0.0420397770690449,0.0434811660388095
10,35,0.036821901431022,0.0380843886816387
10,36,0.032214470072489,0.0333189854878072
11,0,0.773738998457444,0.809044139341964
11,1,0.772824808258981,0.808088235317759
11,2,0.767438804304244,0.802456471967662
11,3,0.755392025421807,0.789860007433479
11,4,0.736151022558929,0.769741051774906
11,5,0.710176507511728,0.742581338728152
11,6,0.678472137429192,0.709430321579033
11,7,0.642284375464314,0.671591338676588
11,8,0.602909731824175,0.630420059034174
11,9,0.56157726453373,0.58720162168961
11,10,0.519382903877475,0.543081963419468
11,11,0.477258650399535,0.499035611266576
11,12,0.43596451493358,0.455857254799435
11,13,0.396094627745498,0.414168134010577
11,14,0.358091553983568,0.374431007970185
11,15,0.322264751779141,0.336969455156327
11,16,0.288810478141363,0.301988687640994
11,17,0.25783142313428,0.269596081160255
11,18,0.229355038097694,0.239820339638338
11,19,0.203349996642442,0.212628707286006
11,20,0.179740546056407,0.187941974850656
11,21,0.158418714996484,0.165647244336282
11,22,0.139254473066576,0.14560855215554
11,23,0.122104012757924,0.127675528968918
11,24,0.106816361541184,0.111690313481698
11,25,0.0932385441613279,0.0974929502905858
11,26,0.0812195113548781,0.0849254978654101
11,27,0.0706130376125771,0.0738350585345754
11,28,0.0612797716456582,0.064075922512597
11,29,0.0530886018676499,0.0555109956878351
11,30,0.0459174774463586,0.048012658138475
11,31,0.039653804556426,0.0414631784657971
11,32,0.0341945181050026,0.0357547887926404
11,33,0.0294459117920733,0.0307895070695052
11,34,0.0253232940453485,0.0264787773100069
11,35,0.0217505241247734,0.0227429845281759
11,36,0.0186594714147455,0.0195108893585762
12,0,0.777931646040681,0.806576950865356
12,1,0.776873929862197,0.805480287046029
12,2,0.770696178194761,0.799075055778623
12,3,0.757013015144115,0.784888045920168
12,4,0.735376361515018,0.762454678927184
12,5,0.706461575029637,0.732475180809322
12,6,0.671524630548441,0.696251774427007
12,7,0.632050587477011,0.65532420262693
12,8,0.589535301042815,0.61124340160567
12,9,0.54535844319073,0.565439846130715
12,10,0.500717796414547,0.519155423913614
12,11,0.456603524624819,0.473416759069604
12,12,0.413797508164669,0.429034522647106
12,13,0.372887459073585,0.386618067649319
12,14,0.334288862589105,0.346598178474498
12,15,0.298270163398534,0.309253184585732
12,16,0.26497828614074,0.274735420738687
12,17,0.234462739920161,0.243096219081504
12,18,0.206697347847314,0.214308438828987
12,19,0.181599169622484,0.188286085621106
12,20,0.159044524961622,0.164900924969783
12,21,0.1388822345213,0.143996210746387
12,22,0.120944313766446,0.125397772823272
12,23,0.105054413344081,0.108922768242271
12,24,0.0910343179345513,0.0943864193691872
12,25,0.0787088090075652,0.0816070557081383
12,26,0.0679091756558059,0.0704097540124694
12,27,0.0584756286891926,0.0606288412717398
12,28,0.0502588410811067,0.0521094918808659
12,29,0.0431208056366651,0.0447086168897932
12,30,0.0369351702126299,0.0382952115670045
12,31,0.0315871829692243,0.0327502986353775
12,32,0.0269733554476857,0.0279665789434462
12,33,0.0230009298632658,0.0238478791428555
12,34,0.019587218780315,0.0203084670487013
12,35,0.0166588700634058,0.0172722895243952
12,36,0.0141510973785811,0.0146721746481281
13,0,0.765800236700031,0.792911651144844
13,1,0.765079582983952,0.792165484324131
13,2,0.76077760789109,0.787711207594256
13,3,0.751011835095624,0.777599699839537
13,4,0.735175434554544,0.761202647580415
13,5,0.713467185947125,0.738725867838293
13,6,0.686559855576808,0.710865944676393
13,7,0.655370873168207,0.678572787330689
13,8,0.620907923051813,0.642889754901938
13,9,0.58416879177811,0.604849958302515
13,10,0.546079982242555,0.565412701154201
13,11,0.507462559580778,0.525428116535038
13,12,0.469016708418335,0.485621177513651
13,13,0.431318767575957,0.446588626874993
13,14,0.394826233567849,0.408804157756107
13,15,0.359887518074527,0.372628516560083
13,16,0.32675420809472,0.338322197150738
13,17,0.295594289131563,0.306059132175617
13,18,0.266505312267024,0.275940326290721
13,19,0.239526862180233,0.248006765580651
13,20,0.214651951104475,0.222251214892717
13,21,0.191837151003167,0.198628708719538
13,22,0.171011403942973,0.177065673483378
13,23,0.152083534750151,0.157467706160977
13,24,0.134948542638633,0.139726088652415
13,25,0.119492778668212,0.123723148535419
13,26,0.105598130391936,0.109336591860674
13,27,0.0931453388837882,0.0964429376113139
13,28,0.0820165701611438,0.0849201801607471
13,29,0.0720973554782825,0.0746497982578378
13,30,0.063278004953082,0.0655182186998374
13,31,0.05545458781653,0.0574178312853997
13,32,0.048529561141015,0.0502476398015656
13,33,0.0424121177976606,0.0439136222997349
13,34,0.0370183139813673,0.0383288631354415
13,35,0.032271027131799,0.0334135093996292
13,36,0.028099786565075,0.0290945955542435
14,0,0.766367390677818,0.797915601322176
14,1,0.765667871283949,0.797187285576249
14,2,0.761485031200794,0.7928322550768
14,3,0.751971704032094,0.78292730314288
14,4,0.736514711749156,0.766834009714561
14,5,0.715285049815576,0.744730409439219
14,6,0.688919189347622,0.717279174345491
14,7,0.658297625937872,0.685397046427829
14,8,0.624394910239072,0.650098694602946
14,9,0.588181661224447,0.612394694256874
14,10,0.550563890799065,0.573228354098767
14,11,0.512348674637553,0.533439973807429
14,12,0.47422803778979,0.49375006627331
14,13,0.436775080303764,0.454755323729104
14,14,0.400448001164204,0.416932807337476
14,15,0.365598908148135,0.380649119712334
14,16,0.332485220335756,0.346172276824434
14,17,0.301282151839852,0.31368470563487
14,18,0.272095266392779,0.28329631550305
14,19,0.244972456543468,0.255056970518239
14,20,0.219914962154013,0.228967961582583
14,21,0.196887226622096,0.20499226837389
14,22,0.175825515683018,0.18306353294849
14,23,0.156645307926925,0.163093754495819
14,24,0.139247519803605,0.144979770601206
14,25,0.123523659550991,0.128608623340526
14,26,0.109360020669518,0.113861925382742
14,27,0.0966410310996486,0.100619347039374
14,28,0.085251872697903,0.0887613435736414
14,29,0.0750804795346186,0.0781712357599619
14,30,0.0660190148118108,0.0687367476004853
14,31,0.0579649161318749,0.0603510946232295
14,32,0.0508215883403199,0.0529137052463161
14,33,0.0444988128207683,0.0463306469219711
14,34,0.0389129323216803,0.0405148185718093
14,35,0.0339868613677593,0.0353859614268346
14,36,0.0296499641695195,0.0308705319110441
15,0,0.767027411133007,0.801148351360376
15,1,0.766361471736842,0.800452787888198
15,2,0.762368584377058,0.796282278361383
15,3,0.753259430206201,0.786767906723099
15,4,0.738412619934271,0.771260641402885
15,5,0.717956406526309,0.749894440653088
15,6,0.692470305682862,0.72327459972306
15,7,0.662776152142505,0.692259512375974
15,8,0.629795294788082,0.657811513370414
15,9,0.594454206075515,0.620898288958354
15,10,0.557625095657885,0.582430848727541
15,11,0.52009144669904,0.543227528810331
15,12,0.482530951555202,0.503996168465183
15,13,0.445510281084308,0.465328646700606
15,14,0.409487612544958,0.427703522626784
15,15,0.374819969949853,0.391493702342014
15,16,0.341773280235905,0.356976942447944
15,17,0.310533683157895,0.324347663059817
15,18,0.281219102695405,0.293729033963299
15,19,0.253890432114332,0.265184657239452
15,20,0.228561933998921,0.238729429938485
15,21,0.205210634034324,0.214339355741365
15,22,0.183784611146886,0.191960203884035
15,23,0.164210170661552,0.171515001410159
15,24,0.146397941994308,0.152910402117238
15,25,0.1302479760962,0.136042010758598
15,26,0.115653936466481,0.120798760492266
15,27,0.102506485597539,0.107066449970682
15,28,0.0906959695774944,0.0947305473668927
15,29,0.0801144997393541,0.0836783646251138
15,30,0.0706575235110027,0.0738006981894299
15,31,0.0622249682779132,0.0649930237508257
15,32,0.0547220330248094,0.0571563231047448
15,33,0.0480596933915855,0.050197611674242
15,34,0.0421549769691015,0.0440302260522134
15,35,0.0369310574246244,0.038573922313974
15,36,0.032317208526703,0.0337548279969462
16,0,0.761903329365407,0.785879216215849
16,1,0.761132151443922,0.78508377055084
16,2,0.756547370860865,0.780354714209616
16,3,0.746187476906528,0.769668810857948
16,4,0.729466798864835,0.752421959653153
16,5,0.706655308613245,0.728892628058596
16,6,0.678515379928919,0.699867180542535
16,7,0.646053565758247,0.666383844672825
16,8,0.610355832451632,0.629562760434945
16,9,0.572482632648764,0.590497751227734
16,10,0.533406255609575,0.550191702708835
16,11,0.493977494472656,0.509522181124709
16,12,0.454912148734023,0.469227511043862
16,13,0.416790497459043,0.429906231991587
16,14,0.380064836441847,0.392024872791802
16,15,0.345071627227294,0.355930482899431
16,16,0.312045878538325,0.321865466388418
16,17,0.281136164380824,0.289983072652476
16,18,0.252419249503958,0.260362482105424
16,19,0.225913696777157,0.233022841760689
16,20,0.201592114209154,0.207935897644574
16,21,0.179391893538864,0.185037071313525
16,22,0.159224421589096,0.164234961074502
16,23,0.140982827959908,0.145419333485927
16,24,0.124548381660128,0.128467721281043
16,25,0.109795674967755,0.113250770356152
16,26,0.096596742565075,0.0996364885283726
16,27,0.0848242632064527,0.0874935479548262
16,28,0.0743539837360312,0.0766937854303216
16,29,0.065066493944602,0.0671140330961504
16,30,0.0568484674697479,0.0586373983893843
16,31,0.0495934700157809,0.0511540976962106
16,32,0.0432024224657313,0.0445619340373189
16,33,0.0375837935187391,0.0387664957672858
16,34,0.0326535846247712,0.033681141035211
16,35,0.028335159356419,0.0292268217871168
16,36,0.0245589599974104,0.0253317914359512
17,0,0.765903830375402,0.788205343757429
17,1,0.765092851094652,0.787370750460709
17,2,0.760283902854495,0.782421775732528
17,3,0.749449100430873,0.771271486583733
17,4,0.732014078110929,0.753328792976399
17,5,0.708299559823442,0.728923757647526
17,6,0.679133978581539,0.698908935842299
17,7,0.645590762510402,0.664389011661842
17,8,0.608815550749884,0.626542982855269
17,9,0.569917475972708,0.586512277712799
17,10,0.52990538589831,0.545335119483827
17,11,0.489654967734783,0.503912693551562
17,12,0.449896570240045,0.462996614898156
17,13,0.411216385007638,0.423190143787068
17,14,0.374065781196612,0.384957792300702
17,15,0.338775163249997,0.348639585566589
17,16,0.305569875324749,0.314467429290969
17,17,0.274586513596429,0.282581897043582
17,18,0.245888608123618,0.25304836874509
17,19,0.219481060368342,0.225871888577814
17,20,0.195323016915495,0.201010413560872
17,21,0.173339059283519,0.178386329184683
17,22,0.153428720186884,0.157896242767047
17,23,0.135474417800653,0.139419148746864
17,24,0.119347946052239,0.122823107959572
17,25,0.104915681464903,0.107970606093008
17,26,0.0920426734520781,0.0947227630825256
17,27,0.0805957808895999,0.082942561013631
17,28,0.0704460073289599,0.0724972473317512
17,29,0.0614701732074693,0.0632600557436487
17,30,0.0535520478205604,0.0551113711503835
17,31,0.0465830479579632,0.0479394486263094
17,32,0.0404625948106558,0.0416407807184076
17,33,0.0350982065363227,0.0361201927070555
17,34,0.0304053910000824,0.0312907322235905
17,35,0.0263073917961868,0.0270734078766931
17,36,0.0227348307099092,0.023396821303515
18,0,0.759606118207203,0.793686754103966
18,1,0.758887623052677,0.792936022806039
18,2,0.754599752060872,0.78845577136002
18,3,0.744869110990691,0.778288553454285
18,4,0.729094854041658,0.761806565623764
18,5,0.707478939299492,0.739220827044947
18,6,0.680694948323358,0.711235140318292
18,7,0.6496592564136,0.678806995016666
18,8,0.61537710682314,0.642986735832371
18,9,0.578842896211466,0.604813374218898
18,10,0.540979164402734,0.565250840851654
18,11,0.502602748174422,0.525152620865906
18,12,0.464409580238062,0.485245870825633
18,13,0.426971905180446,0.446128509754599
18,14,0.390743411422048,0.408274581346223
18,15,0.356069072809449,0.372044537110813
18,16,0.323197456858434,0.337698096842678
18,17,0.292293967698193,0.305408085724853
18,18,0.263454011390695,0.275274190326245
18,19,0.236715446523954,0.247335967805645
18,20,0.212069949938038,0.221584721574608
18,21,0.189473113807807,0.197974051397871
18,22,0.168853217175346,0.176429018471065
18,23,0.1501186984107,0.156853953142331
18,24,0.133164407068949,0.139138987266428
18,25,0.117876743273317,0.123165424172407
18,26,0.104137806842516,0.108810073946503
18,27,0.0918286818852728,0.0959486853939307
18,28,0.0808319791545383,0.0844586024588402
18,29,0.0710337507237036,0.0742207648047772
18,30,0.0623248813923566,0.065121161647517
18,31,0.054602049957571,0.0570518361549397
18,32,0.0477683419872695,0.0499115257132017
18,33,0.0417335845867023,0.0436060117129122
18,34,0.0364144632176126,0.0380482416095305
18,35,0.0317344711142348,0.033158276069852
18,36,0.0276237333325784,0.0288631051270537
19,0,0.757335211114611,0.793713345094799
19,1,0.75683220468358,0.793186177057293
19,2,0.753774507776694,0.789981605548358
19,3,0.746690085232263,0.782556887097027
19,4,0.734958851642159,0.77026215087159
19,5,0.718534899110747,0.753049283818704
19,6,0.697741551710006,0.731257140684529
19,7,0.673122292103775,0.705455309990483
19,8,0.645334265806958,0.676332502834629
19,9,0.615073978826443,0.644618681464189
19,10,0.58302711275119,0.611032463764158
19,11,0.549836207203653,0.576247253355033
19,12,0.516081399432546,0.540871054023687
19,13,0.482270542545849,0.505436113291741
19,14,0.448835910129932,0.47039546874308
19,15,0.416135386172064,0.436124195103561
19,16,0.384456575753183,0.402923712388399
19,17,0.354022686319955,0.371027949677536
19,18,0.32499934740194,0.340610492413752
19,19,0.297501779097981,0.311792095222914
19,20,0.271601902987301,0.284648134393344
19,21,0.247335126407849,0.25921571803283
19,22,0.224706632650468,0.235500278408421
19,23,0.203697083727023,0.213481548643542
19,24,0.184267695426875,0.193118881551701
19,25,0.166364681432589,0.174355907222578
19,26,0.149923088270478,0.15712455218208
19,27,0.134870058894572,0.141348459740562
19,28,0.121127572118827,0.126945861011995
19,29,0.108614709748663,0.113831950945782
19,30,0.0972495045141968,0.101920825024328
19,31,0.0869504208310256,0.0911270311512687
19,32,0.0776375178033979,0.081366788518785
19,33,0.0692333403274064,0.0725589215143945
19,34,0.0616635800786835,0.0646255524587857
19,35,0.0548575438886098,0.0574925924801929
19,36,0.0487484627414087,0.051090065353976
20,0,0.764065437566903,0.778114602829208
20,1,0.763599070220898,0.777639660207324
20,2,0.760752546382937,0.774740796240028
20,3,0.754127149843107,0.767993575984139
20,4,0.74310447821045,0.756768226245937
20,5,0.727599409067111,0.740978059428906
20,6,0.707876037635316,0.720892026775766
20,7,0.684412325607741,0.696996878444788
20,8,0.657802195898876,0.669897458039668
20,9,0.628686206191526,0.640246101423854
20,10,0.59770384977168,0.608694060492503
20,11,0.56546205844244,0.575859426937367
20,12,0.532515695019149,0.542307266049923
20,13,0.499356783513859,0.508538648877093
20,14,0.46640998345794,0.474986043328487
20,15,0.434032411232101,0.442013132221149
20,16,0.402516378381358,0.409917601944974
20,17,0.372093980999456,0.378935816233906
20,18,0.342942756565128,0.349248577016629
20,19,0.315191842137595,0.320987395845171
20,20,0.288928234238078,0.294240868879272
20,21,0.264202876997619,0.269060876979317
20,22,0.241036399974219,0.24546842902693
20,23,0.219424397390718,0.223459038234231
20,24,0.199342191942366,0.203007573545369
20,25,0.180749063141464,0.184072565729367
20,26,0.163591945853518,0.16659997392268
20,27,0.147808621943162,0.150526435961142
20,28,0.133330438906473,0.135782037000817
20,29,0.120084595666665,0.122292637343501
20,30,0.10799603862696,0.109981803353049
20,31,0.0969890115865805,0.0987723858702631
20,32,0.0869883019794995,0.0885877893667173
20,33,0.0779202236542074,0.0793529727952754
20,34,0.0697133734967514,0.0709952201254479
20,35,0.0622991959181392,0.063444715210243
20,36,0.0556123858044578,0.0566349521454847
21,0,0.768409165954886,0.80234163939832
21,1,0.767722143724883,0.801624278691621
21,2,0.763609387897795,0.797329906111291
21,3,0.754243549715534,0.787550478308453
21,4,0.739006342985638,0.771640405954847
21,5,0.71805102002045,0.749759708890131
21,6,0.691991504656241,0.722549421447422
21,7,0.661685684634873,0.690905315160587
21,8,0.628088090688823,0.655824072248792
21,9,0.592153173062195,0.618302290888514
21,10,0.554775005608773,0.579273526681862
21,11,0.516752801223676,0.539572285271023
21,12,0.478774345226204,0.499916724149544
21,13,0.441411530349419,0.460903990479817
21,14,0.405123753435502,0.423013767784396
21,15,0.370266123599676,0.38661684657737
21,16,0.337100323507115,0.351986465268534
21,17,0.305806628930217,0.319310860496879
21,18,0.276496080930138,0.288705976828135
21,19,0.249222161737687,0.260227658235338
21,20,0.223991582097061,0.233882911804999
21,21,0.20077396945127,0.209640023746799
21,22,0.179510372057208,0.187437439045123
21,23,0.160120578569485,0.167191404271185
21,24,0.142509306965244,0.148802429806942
21,25,0.126571349321407,0.132160661812508
21,26,0.112195776230378,0.11715027230627
21,27,0.0992693112699208,0.103652982649255
21,28,0.0876789854155204,0.0915508351747073
21,29,0.0773141761493104,0.0807283223428
21,30,0.0680681281185525,0.0710739745504555
21,31,0.0598390428344581,0.0624814979505908
21,32,0.052530814985463,0.0548505432805323
21,33,0.0460534830791721,0.0480871764040295
21,34,0.0403234527188377,0.0421041114474842
21,35,0.0352635421017104,0.0368207583074811
21,36,0.0308028914247956,0.0321631280559581
22,0,0.759236584152748,0.780539186939297
22,1,0.758804562055163,0.780095043198298
22,2,0.756158993886225,0.777375245877309
22,3,0.749978534622049,0.771021375753474
22,4,0.739657105959167,0.760410349224018
22,5,0.725082913284719,0.745427234951271
22,6,0.706472493558601,0.726294645472811
22,7,0.684247614967755,0.703446182915541
22,8,0.658945349557987,0.677433988452202
22,9,0.631153653203414,0.648862514778459
22,10,0.601466404581778,0.618342303575182
22,11,0.570453151002519,0.586458882467241
22,12,0.538639845029701,0.553752961156054
22,13,0.506497681670113,0.520708955402354
22,14,0.474437802057695,0.487749542106993
22,15,0.442810149102104,0.455234482851381
22,16,0.411905170335439,0.423462374522555
22,17,0.381957384976727,0.392674316462092
22,18,0.353150083690038,0.363058742089687
22,19,0.325620624912425,0.33475686383505
22,20,0.299465942491797,0.307868335308683
22,21,0.274747994980292,0.282456853491104
22,22,0.251498974731083,0.258555513986102
22,23,0.229726160922418,0.236171800210559
22,24,0.209416349560008,0.215292137693511
22,25,0.190539829196354,0.195885981345906
22,26,0.173053896579366,0.17790942975103
22,27,0.156905924098512,0.161308378676826
22,28,0.142036002623778,0.146021238067431
22,29,0.128379190613747,0.131981244256559
22,30,0.115867404362131,0.119118403250428
22,31,0.104430985855982,0.107361102576819
22,32,0.0939999846267937,0.096637429102261
22,33,0.0845051887178623,0.0868762289261892
22,34,0.0758789378692524,0.0780079433822015
22,35,0.0680557495363362,0.0699652526213743
22,36,0.060972785630994,0.0626835554492529
23,0,0.776443714273008,0.789629318104867
23,1,0.775427924433603,0.788596278074428
23,2,0.76948064017166,0.782547996750222
23,3,0.756271867441913,0.76911491201805
23,4,0.735326733808067,0.747814087135469
23,5,0.70725686605614,0.719267535563472
23,6,0.673244459792813,0.684677529010372
23,7,0.634705616988688,0.645484217757328
23,8,0.593079267129819,0.603150967258895
23,9,0.549702697597014,0.559037774773348
23,10,0.505745631248072,0.514334227447314
23,11,0.462182843198734,0.470031654073591
23,12,0.419791218846168,0.42692013315386
23,13,0.379161463216239,0.385600401094638
23,14,0.340717787797693,0.34650387336421
23,15,0.304741134487502,0.309916262828113
23,16,0.271393079706631,0.276001889805726
23,17,0.240738669417894,0.244826904873474
23,18,0.212767197726081,0.216380420328131
23,19,0.187410454568088,0.190593067760078
23,20,0.164558303108596,0.167352839985058
23,21,0.144071657315647,0.146518289005546
23,22,0.125793053103823,0.12792927667359
23,23,0.109555070146735,0.111415539522907
23,24,0.0951868858904443,0.096803354082881
23,25,0.0825192425834088,0.083920588258837
23,26,0.0713880921784039,0.0726004081318636
23,27,0.0616371595754524,0.062683884730854
23,28,0.0531196364528253,0.054021716628225
23,29,0.0456991888745402,0.0464752546586533
23,30,0.0392504338418345,0.039916986563369
23,31,0.0336590140647927,0.0342306130315573
23,32,0.0288213770266125,0.0293108230126842
23,33,0.0246443440995537,0.0250628555151519
23,34,0.0210445380230639,0.0214019173618308
23,35,0.0179477223069224,0.0182525113749166
23,36,0.0152880938346869,0.0155477169663356
24,0,0.759304781344634,0.812589141609119
24,1,0.758212580916993,0.811420295804685
24,2,0.751856393993346,0.804618062231168
24,3,0.737835170371269,0.789612896522615
24,4,0.7157561904948,0.765984519952072
24,5,0.686374070054318,0.734540503512315
24,6,0.651021966195715,0.696707558910456
24,7,0.611247409648293,0.6541418151448
24,8,0.568589463194694,0.608490339027195
24,9,0.524451806400163,0.561255313608559
24,10,0.480039479518351,0.513726343076006
24,11,0.436336601658351,0.466956607287937
24,12,0.394109325188653,0.421766023503863
24,13,0.353923287638557,0.378759922976382
24,14,0.316168389014686,0.338355567020686
24,15,0.281086240880032,0.30081152233805
24,16,0.248797389646662,0.266256794708381
24,17,0.219326622104124,0.234717910338992
24,18,0.192625472437575,0.206143002317084
24,19,0.168591581492927,0.180422528415083
24,20,0.147084894436534,0.157406605424237
24,21,0.127940882835282,0.136919159096731
24,22,0.11098108513414,0.118769204303308
24,23,0.0960213065955824,0.102759620405019
24,24,0.0828778278873851,0.0886937955298765
24,25,0.0713719558953597,0.0763804967397551
24,26,0.0613332214150833,0.0656372921207561
24,27,0.0526014931143178,0.0562928130933513
24,28,0.045028240084978,0.0481881055641797
24,29,0.0384771392385621,0.0411772799455699
24,30,0.0328241903804003,0.0351276343051468
24,31,0.027957471866446,0.0299193928757907
24,32,0.0237766436165468,0.0254451741927678
24,33,0.02019228191133,0.0216092792098588
24,34,0.0171251116168055,0.0183268696451738
24,35,0.0145051859330235,0.0155230901685135
24,36,0.0122710510737123,0.0131321744622385
25,0,0.763532951126509,0.794682866551301
25,1,0.76263223972333,0.793745408752318
25,2,0.757325143528333,0.788221798525568
25,3,0.745453587340325,0.775865917501714
25,4,0.726490371627983,0.75612905794761
25,5,0.700888029478008,0.729482214978814
25,6,0.669634466791559,0.69695359817326
25,7,0.633957298251096,0.659820905308677
25,8,0.5951338948716,0.61941362040843
25,9,0.554375539572496,0.576992443198959
25,10,0.512762627431999,0.533681845723672
25,11,0.47121422647876,0.490438391303757
25,12,0.430480055061766,0.448042384608186
25,13,0.391146433235257,0.407104065837768
25,14,0.353650334278055,0.368078235505445
25,15,0.318297531890456,0.331283141985841
25,16,0.285282186318774,0.296920866696508
25,17,0.254706173233561,0.265097441537951
25,18,0.226597134292986,0.235841635867296
25,19,0.200924694443849,0.209121835417849
25,20,0.177614605440508,0.184860762832297
25,21,0.156560780495276,0.162948003291714
25,22,0.137635313055113,0.143250432029095
25,23,0.120696646723856,0.125620717560559
25,24,0.105596100336458,0.10990411296357
25,25,0.0921829644644414,0.0959437603049318
25,26,0.0803083820154858,0.0835847295575185
25,27,0.0698282123221374,0.072676999535433
25,28,0.0606050595294294,0.0630775690339255
25,29,0.052509625136036,0.0546518645502771
25,30,0.0454215231632651,0.047274588709308
25,31,0.0392296758502677,0.0408301321017954
25,32,0.0338323887280829,0.0352126514213217
25,33,0.0291371867873023,0.0303258989480567
25,34,0.0250604783670662,0.0260828727254068
25,35,0.0215271003464091,0.0224053431964948
25,36,0.0184697871070155,0.0192233005021462
26,0,0.76744029603615,0.797162781613371
26,1,0.76674930191721,0.796445025721769
26,2,0.762614351931243,0.792149931693385
26,3,0.753202029771339,0.782373076147509
26,4,0.737895960129476,0.766474211943614
26,5,0.716855304737456,0.744618665048432
26,6,0.690701367586127,0.717451802170133
26,7,0.66029936342599,0.685872347288636
26,8,0.626610253087479,0.650878478649946
26,9,0.590593624876404,0.613466948818415
26,10,0.553147288801431,0.574570339426212
26,11,0.515072853857108,0.535021305285914
26,12,0.477059317631643,0.495535528433997
26,13,0.439678800547779,0.456707287161513
26,14,0.403390151947688,0.419013201760404
26,15,0.368547357808638,0.38282096786478
26,16,0.335410580623065,0.348400823898676
26,17,0.304158331440149,0.315938194533233
26,18,0.274899767093218,0.285546464178075
26,19,0.247686464746033,0.257279207548452
26,20,0.222523283936414,0.231141472389062
26,21,0.199378108576348,0.20709989877577
26,22,0.17819038728722,0.18509159021271
26,23,0.158878474823612,0.165031739384863
26,24,0.141345831426815,0.146820067608682
26,25,0.125486169254623,0.130346170579906
26,26,0.111187651940441,0.115493880578987
26,27,0.0983362595965732,0.10214476179886
26,28,0.0868184307028975,0.0901808545523252
26,29,0.0765230868749644,0.0794867784581575
26,30,0.0673431383302366,0.0699512962131151
26,31,0.0591765582746577,0.0614684295888338
26,32,0.0519271043191717,0.0539382087883599
26,33,0.0455047550154255,0.0472671258886084
26,34,0.0398259200626312,0.0413683531884067
26,35,0.0348134739176093,0.036161778120234
26,36,0.0303966545601758,0.0315738980948547
27,0,0.758901364339902,0.765549627239754
27,1,0.758460567294512,0.765104968645576
27,2,0.755763836433487,0.762384613402548
27,3,0.749470607143211,0.756036253044156
27,4,0.738972394502031,0.74544607209076
27,5,0.724164994796142,0.73050895396462
27,6,0.70527780442154,0.7114563046609
27,7,0.682747529918404,0.688728656434194
27,8,0.657126193054771,0.66288286697195
27,9,0.629015449141045,0.634525862312585
27,10,0.599020932487368,0.604268582351793
27,11,0.56772169964144,0.57269515639158
27,12,0.535650923646241,0.54034342827238
27,13,0.503284853900259,0.507693819517488
27,14,0.471037739305618,0.475164208006039
27,15,0.439260952208471,0.443109044238799
27,16,0.408244975534807,0.411821355882021
27,17,0.378223248480886,0.381536627147591
27,18,0.349377125713563,0.352437801437817
27,19,0.321841406272669,0.324660858683089
27,20,0.295710043331202,0.298300575121723
27,21,0.271041764375813,0.27341619271536
27,22,0.247865421013622,0.250036815822109
27,23,0.226184954727368,0.228166420453585
27,24,0.205983914464742,0.207788411440041
27,25,0.187229497917395,0.188869699112507
27,26,0.169876113858486,0.171364292847753
27,27,0.153868480443464,0.155216426511368
27,28,0.139144285886933,0.140363242443156
27,29,0.125636444935436,0.126737067697473
27,30,0.113274988250762,0.11426731997825
27,31,0.101988623121145,0.10288208202261
27,32,0.0917060035356864,0.0925093828016208
27,33,0.082356746129389,0.083078222365396
27,34,0.07387222623906,0.0745193748727455
27,35,0.0661861856068767,0.066766001618455
27,36,0.0592351803510572,0.0597541029283496
28,0,0.76774327740908,0.794255574598318
28,1,0.767203361025035,0.79369701340936
28,2,0.763930543723772,0.790311176681564
28,3,0.756371752126775,0.782491359120409
28,4,0.743895667063604,0.769584440359717
28,5,0.726486130959713,0.751573704859238
28,6,0.704517483026302,0.728846418797699
28,7,0.678592388782791,0.702026059400499
28,8,0.649427004114381,0.671853513394804
28,9,0.617771696006919,0.639105060012278
28,10,0.584358211315488,0.604537715349246
28,11,0.549866285536043,0.568854688046934
28,12,0.514904331442148,0.53268540105345
28,13,0.480000135659022,0.496575866924834
28,14,0.445598494356545,0.460986241871998
28,15,0.412063496939556,0.42629318831317
28,16,0.379683766582041,0.392795296378203
28,17,0.34867942671316,0.360720290966624
28,18,0.319209913372606,0.330233113885212
28,19,0.291382018731645,0.301444245134049
28,20,0.265257750050307,0.274417833255224
28,21,0.240861735940169,0.249179357354337
28,22,0.218188019864552,0.225722655199038
28,23,0.197206158629145,0.204016232307378
28,24,0.177866598468825,0.184008823685773
28,25,0.160105338888932,0.165634218725603
28,26,0.143847919069346,0.148815385268842
28,27,0.129012776782968,0.133467944519275
28,28,0.115514038023192,0.119503057003515
28,29,0.103263798865526,0.106829783231617
28,30,0.0921739610111959,0.0953569826270738
28,31,0.0821576801033819,0.0849948118574104
28,32,0.0731304821065834,0.0756558797652188
28,33,0.0650110984086622,0.0672561113085809
28,34,0.0577220652836933,0.0597153677250281
28,35,0.0511901282514384,0.0529578648546652
28,36,0.045346486897031,0.046912426414156
29,0,0.768637930119955,0.789558112466045
29,1,0.767887202021531,0.788786951640981
29,2,0.763414986196201,0.784193014564474
29,3,0.753286456093268,0.77378881409927
29,4,0.736901086964124,0.756957480886703
29,5,0.71449449842524,0.733941047452558
29,6,0.686788823700315,0.705481301474375
29,7,0.654752379387839,0.672572914429861
29,8,0.619439004712449,0.636298408110408
29,9,0.581884808604766,0.597722091444206
29,10,0.543045703152123,0.557825893781579
29,11,0.503763402000744,0.517474437868434
29,12,0.464750826422129,0.477400048706449
29,13,0.426590327477574,0.438200927329856
29,14,0.389739985026074,0.400347621254793
29,15,0.354544627010236,0.364194343679465
29,16,0.321249237007033,0.329992745951069
29,17,0.290013170655748,0.297906520925282
29,18,0.260924148747652,0.268025776908843
29,19,0.234011387572758,0.240380525377757
29,20,0.209257504700059,0.21495291079969
29,21,0.186609030573176,0.19168800832595
29,22,0.165985485809661,0.170503148149588
29,23,0.147287068038796,0.151295811557492
29,24,0.130401043380814,0.133950196367866
29,25,0.115206965878757,0.118342578420474
29,26,0.101580860470554,0.104345608397559
29,27,0.0893985066687413,0.0918316848761794
29,28,0.0785379548024861,0.0806755390553223
29,29,0.0688813971989931,0.0707561568656563
29,30,0.060316504962641,0.0619581521320702
29,31,0.0527373283778755,0.0541726914830225
29,32,0.0460448463054658,0.0472980586998342
29,33,0.0401472378323511,0.041239933760086
29,34,0.0349599382156623,0.0359114503042806
29,35,0.0304055310132627,0.0312330848304779
29,36,0.0264135192867998,0.0271324216701308
30,0,0.760598091066717,0.775309717312408
30,1,0.760245441840025,0.774950247080405
30,2,0.758066125305599,0.772728777810253
30,3,0.752922359281182,0.767485520130342
30,4,0.744241383678878,0.758636635523258
30,5,0.731852854407799,0.746008485071806
30,6,0.715864064286258,0.729710436871456
30,7,0.696565162513853,0.710038252240256
30,8,0.674358047861,0.68740160354754
30,9,0.649703840167305,0.662270529696497
30,10,0.623084838114376,0.635136658077321
30,11,0.594977688469014,0.606485854845037
30,12,0.565835156161294,0.576779642391127
30,13,0.536074423059184,0.546443271790925
30,14,0.506070278780238,0.515858781910749
30,15,0.476151918055592,0.485361734825942
30,16,0.446602341472848,0.455240604972806
30,17,0.417659582596465,0.425738030004179
30,18,0.389519164967775,0.397053315313199
30,19,0.36233733592568,0.369345730403139
30,20,0.336234737622411,0.342738250908622
30,21,0.311300264818355,0.317321491008614
30,22,0.287594928752988,0.293157642033054
30,23,0.265155600462971,0.270284288184883
30,24,0.243998548494656,0.248718012679624
30,25,0.224122717588849,0.228457739847071
30,26,0.205512718669184,0.209487782952551
30,27,0.188141518013751,0.191780585383002
30,28,0.171972826180198,0.175299155779093
30,29,0.156963196169627,0.159999206782194
30,30,0.1430638463205,0.14583101318702
30,31,0.13022222721084,0.132741009151143
30,32,0.118383353963105,0.120673146269544
30,33,0.107490926223531,0.109570035216805
30,34,0.0974882580657141,0.0993738936370509
30,35,0.0883190394109468,0.0900273222918177
30,36,0.0799279494695101,0.0814739303666365
31,0,0.76825393478175,0.77222592040621
31,1,0.767624828588295,0.77159356164138
31,2,0.763841017853215,0.767790188049327
31,3,0.755178502961157,0.759082886683597
31,4,0.74100881879405,0.744839943169201
31,5,0.721414668238082,0.725144487978387
31,6,0.696913610985727,0.70051675666322
31,7,0.668262868023292,0.671717885153667
31,8,0.636324526321422,0.639614417536568
31,9,0.601975288280923,0.605087588892844
31,10,0.566048694001166,0.568975248846545
31,11,0.529300680160396,0.532037242379516
31,12,0.492391608868652,0.494937345770847
31,13,0.45587964728712,0.45823661198789
31,14,0.420221718078847,0.422394326050936
31,15,0.385779261898296,0.38777379731569
31,16,0.352826827116131,0.354650993608201
31,17,0.321562084637787,0.323224607821499
31,18,0.292116300816331,0.29362658497497
31,19,0.264564623366524,0.265932461308091
31,20,0.238935770613052,0.240171103623502
31,21,0.215220884165898,0.216333607732011
31,22,0.193381425345342,0.194381235703264
31,23,0.17335607883848,0.174252355215189
31,24,0.155066682739132,0.155868400253078
31,25,0.138423239633476,0.139138908103266
31,26,0.123328084321839,0.12396570862266
31,27,0.109679294328696,0.110246352381575
31,28,0.0973734327110911,0.0978768676528759
31,29,0.0863077111827059,0.0867539347197128
31,30,0.0763816569571574,0.0767765613366481
31,31,0.0674983602364545,0.0678473366678085
31,32,0.0595653718262795,0.05987333354297
31,33,0.0524953125761876,0.0527667210486523
31,34,0.0462062486456013,0.0464451417342943
31,35,0.0406218792625415,0.0408319003417244
31,36,0.0356715768397355,0.0358560041286754
32,0,0.767361376855699,0.800601896606957
32,1,0.766479831519938,0.79968216453672
32,2,0.761277410003058,0.794254384798275
32,3,0.749619160365122,0.782091123715871
32,4,0.730962496578323,0.762626291548695
32,5,0.705727415603456,0.736298078663792
32,6,0.674864949007191,0.704098713363204
32,7,0.639568643300937,0.667273444143328
32,8,0.601088094774366,0.62712599724017
32,9,0.560614318118647,0.58489897965663
32,10,0.51921482092531,0.541706141221926
32,11,0.47780231915508,0.498499734878752
32,12,0.437125547962664,0.456060929451854
32,13,0.397773971461397,0.415004723430017
32,14,0.360190660619177,0.375793380706015
32,15,0.324689409619163,0.338754288382927
32,16,0.291473464809659,0.304099497023677
32,17,0.260654173857822,0.271945177647811
32,18,0.232268522169056,0.242329917792579
32,19,0.206294981686876,0.215231256850276
32,20,0.182667408442162,0.190580185630809
32,21,0.16128693050666,0.168273549276938
32,22,0.142031897692299,0.148184427964144
32,23,0.124766040871368,0.130170649665812
32,24,0.109345028641964,0.114081630839964
32,25,0.0956216242084646,0.0997637566952115
32,26,0.0834496444137071,0.0870645117200804
32,27,0.0726869119807289,0.0758355598098048
32,28,0.0631973754897175,0.0659349560763263
32,29,0.0548525523743512,0.0572286523522751
32,30,0.0475324302360914,0.0495914375483466
32,31,0.0411259423072058,0.0429074337124069
32,32,0.0355311147070235,0.0370702496645874
32,33,0.0306549666474951,0.0319828768799537
32,34,0.0264132301331045,0.0275573970463932
32,35,0.0227299429894221,0.0237145574640009
32,36,0.019536958167655,0.0203832590937096
33,0,0.76340759359561,0.791861565805008
33,1,0.762697208849518,0.791124703371252
33,2,0.758453901596205,0.786723238211633
33,3,0.748814571705643,0.776724628131662
33,4,0.733172012011896,0.760499033945536
33,5,0.711713981370309,0.738241212716764
33,6,0.685097501181715,0.710632674558152
33,7,0.654223223326058,0.678607640734831
33,8,0.62008318231722,0.643195121188653
33,9,0.583661776172086,0.605416204734511
33,10,0.545874843608293,0.566220865523904
33,11,0.50753555385034,0.526452581484976
33,12,0.469338761958707,0.486832106538458
33,13,0.431857712948321,0.447954051870979
33,14,0.395548663020574,0.410291679411126
33,15,0.360760251697001,0.374206623284286
33,16,0.327745402431123,0.339961233987907
33,17,0.296674227473365,0.307731964250664
33,18,0.267646924330671,0.277622746173059
33,19,0.240706021646671,0.249677693539939
33,20,0.215847596802606,0.223892737527444
33,21,0.193031272910678,0.200225996307488
33,22,0.172188929697113,0.178606810605648
33,23,0.153232146685846,0.158943464309568
33,24,0.136058449922362,0.141129664022697
33,25,0.120556464114881,0.125049883237726
33,26,0.106610087158436,0.110583692454867
33,27,0.0941018084662978,0.0976092011951845
33,28,0.0829152899715185,0.0860057352020561
33,29,0.0729373216955904,0.0756558648984153
33,30,0.0640592542805888,0.066446891312688
33,31,0.056178000156474,0.0582718845619238
33,32,0.0491966839630959,0.0510303585165376
33,33,0.0430250120592499,0.0446286540818251
33,34,0.037579420800499,0.0389800930024434
33,35,0.0327830539669764,0.034004954448896
33,36,0.0285656113746611,0.0296303179861985
34,0,0.776221886684263,0.798434885025973
34,1,0.775508983627236,0.797701580953856
34,2,0.771247559017948,0.793318207943727
34,3,0.76155919976984,0.783352598708722
34,4,0.745823974503713,0.767167081407883
34,5,0.724220689330878,0.744945579013977
34,6,0.697401431420885,0.717358839354629
34,7,0.666265640803481,0.685332041568764
34,8,0.631807285759809,0.649887598144213
34,9,0.595015156573509,0.612042595393507
34,10,0.556811250938233,0.572745415647978
34,11,0.51801602853732,0.532839997534164
34,12,0.479332219039352,0.493049180605756
34,13,0.441341078574081,0.453970854691799
34,14,0.404506662588402,0.416082355028187
34,15,0.369184941286615,0.379749838552801
34,16,0.335635523923715,0.345240343710726
34,17,0.304034454961482,0.312734952795588
34,18,0.274487056644406,0.28234200203909
34,19,0.247040163876054,0.254109666610581
34,20,0.221693363052836,0.228037521070457
34,21,0.198409033382952,0.204086868039666
34,22,0.177121117570135,0.182189759872497
34,23,0.157742634103754,0.162256725924498
34,24,0.140171997537237,0.144183273697136
34,25,0.12429824492194,0.127855264835566
34,26,0.110005282627923,0.113153283479885
34,27,0.0971752730518538,0.0999561198898328
34,28,0.0856912788074384,0.0881434903035346
34,29,0.07543927554857,0.0775981073612342
34,30,0.0663096354774219,0.0682072060666657
34,31,0.0581981731679289,0.0598636195386721
34,32,0.051006834503157,0.0524664876637685
34,33,0.0446440988908612,0.0459216708218279
34,34,0.0390251548702632,0.040141930518166
34,35,0.0340718999800692,0.0350469292477817
34,36,0.0297128074354977,0.0305630933571065
35,0,0.761048583990787,0.789380963187777
35,1,0.760403260131424,0.788711615158771
35,2,0.75652907910198,0.78469320579974
35,3,0.747678125765538,0.775512748445475
35,4,0.733231063794165,0.760527850064357
35,5,0.713296289131412,0.739850941973025
35,6,0.68842308987539,0.714051761212028
35,7,0.659400063246813,0.683948262964184
35,8,0.627116758037815,0.650463112217129
35,9,0.59247173975162,0.61452832634445
35,10,0.55631433296509,0.577024848648118
35,11,0.519410433016545,0.538747087281019
35,12,0.482425196270891,0.500384961103848
35,13,0.445917272507143,0.462517917355478
35,14,0.410340658731934,0.425616854480399
35,15,0.376051328847473,0.39005099860649
35,16,0.343316605025449,0.356097623797205
35,17,0.31232584467529,0.323953136875163
35,18,0.283201468716494,0.29374451625591
35,19,0.256009689260816,0.265540439001136
35,20,0.230770536389451,0.239361680873543
35,21,0.207466956646668,0.21519055354995
35,22,0.186052877287914,0.192979269085887
35,23,0.166460213387061,0.172657207884
35,24,0.148604849706858,0.154137123258079
35,25,0.132391663448383,0.13732035116983
35,26,0.117718673433611,0.122101113877556
35,27,0.1044804103125,0.108370015609586
35,28,0.0925706042835245,0.0960168303434985
35,29,0.0818842839840249,0.0849326788341196
35,30,0.0723193744037812,0.0750116860143654
35,31,0.0637778741687098,0.0661522021069478
35,32,0.0561666842266999,0.0582576621605972
35,33,0.0493981514619873,0.0512371499021556
35,34,0.0433903824797992,0.0450057232028232
35,35,0.0380673750003502,0.0394845503636999
35,36,0.0333590071326934,0.0346008989903229
36,0,0.761029024143376,0.766812085873451
36,1,0.760517852604668,0.766297029940758
36,2,0.757412230455982,0.763167808160486
36,3,0.750221223202632,0.755922156422462
36,4,0.738321045602021,0.743931549338243
36,5,0.721671222613078,0.727155204296809
36,6,0.700605446626819,0.705929349418608
36,7,0.675679677130834,0.680814168928966
36,8,0.647563810509138,0.652484649756435
36,9,0.616966251798734,0.621654580109919
36,10,0.584583100685083,0.589025349338379
36,11,0.55106554506513,0.555253093717451
36,12,0.517000537394811,0.520929225956461
36,13,0.482900992555268,0.4865705585782
36,14,0.449202656119958,0.452616148387982
36,15,0.416265500901467,0.419428703632826
36,16,0.384378059379128,0.3872989493512
36,17,0.353763523579397,0.356451773606407
36,18,0.324586768982972,0.327053304768394
36,19,0.296961706418167,0.299218319274185
36,20,0.27095855265298,0.273017567469199
36,21,0.246610749994182,0.248484745788392
36,22,0.223921368303174,0.225622947421051
36,23,0.202868897857041,0.204410499191813
36,24,0.183412395032973,0.184806146347163
36,25,0.1654959800564,0.166753584481964
36,26,0.149052711069915,0.150185363047443
36,27,0.134007874690538,0.13502620091341
36,28,0.120281742451928,0.121195763756678
36,29,0.107791846937626,0.108610957490657
36,30,0.0964548324210241,0.097187792968334
36,31,0.0861879335108948,0.0868428758640358
36,32,0.0769101324618825,0.077494572778329
36,33,0.0685430420419925,0.0690639008144186
36,34,0.0610115565872417,0.0614751835801664
36,35,0.0542443094271332,0.0546565120895422
36,36,0.0481739704493606,0.0485400445885238
37,0,0.77187205217159,0.795008699535863
37,1,0.771045912411732,0.794157796469387
37,2,0.76615012006163,0.789115254122502
37,3,0.755127402164458,0.777762133360937
37,4,0.737402759481435,0.759506199505677
37,5,0.713311808606577,0.734693129163619
37,6,0.68370485582586,0.704198716312167
37,7,0.64967888243252,0.669152823949857
37,8,0.612401670027413,0.63075823760212
37,9,0.573001464749216,0.59017702226787
37,10,0.532502532654734,0.548464146090474
37,11,0.491792208439044,0.506533541372577
37,12,0.451608984854906,0.465145836979204
37,13,0.412544138980387,0.424910033352302
37,14,0.375051582055584,0.386293647593544
37,15,0.339462235424241,0.349637520320749
37,16,0.306000417122457,0.315172693439969
37,17,0.274800579826705,0.283037649808783
37,18,0.245923353654555,0.253294836915462
37,19,0.219370279438283,0.225945841778293
37,20,0.195096917111345,0.200944892252255
37,21,0.173024215639475,0.178210567770593
37,22,0.153048162431068,0.157635737993566
37,23,0.135047811488919,0.139095831601768
37,24,0.118891835636222,0.122455584923254
37,25,0.104443769946771,0.107574442534093
37,26,0.0915661190452546,0.0943107876738243
37,27,0.0801234960016369,0.0825251752273157
37,28,0.0699849492430818,0.0720827283852184
37,29,0.0610256191333488,0.0628548448788624
37,30,0.053127849600912,0.0547203419291161
37,31,0.046181863749789,0.0475661521084588
37,32,0.0400860966007397,0.0412876660560039
37,33,0.0347472634857097,0.0357888029220457
37,34,0.0300802294188006,0.0309818758234621
37,35,0.0260077330945569,0.0267873075689273
37,36,0.0224600090137712,0.0231332414580449
38,0,0.758892599897987,0.786428171267733
38,1,0.758498128276138,0.786019386683157
38,2,0.756072545938205,0.783505794796061
38,3,0.750379714395729,0.777606405211967
38,4,0.740827431788294,0.767707528686609
38,5,0.727274636640331,0.753662985486146
38,6,0.709885199630907,0.735642592154422
38,7,0.689018293821598,0.714018553946859
38,8,0.665147329163538,0.689281457966534
38,9,0.638801054905762,0.661979238539113
38,10,0.610521742506778,0.63267384283802
38,11,0.580836418408342,0.601911419871501
38,12,0.550237967107117,0.570202737900321
38,13,0.519173608586046,0.538011243785587
38,14,0.488038801707523,0.505746745173343
38,15,0.457175062324193,0.473763149437954
38,16,0.42687053266008,0.442359053722591
38,17,0.397362414138003,0.411780266039079
38,18,0.36884059329836,0.382223562749099
38,19,0.341451961188562,0.353841164677846
38,20,0.315305059886746,0.326745552231671
38,21,0.290474793193536,0.301014347012045
38,22,0.267007018084818,0.276695069864063
38,23,0.244922894199042,0.253809648180052
38,24,0.224222914411171,0.232358592718393
38,25,0.204890573619409,0.212324799508084
38,26,0.18689565780429,0.19367695824767
38,27,0.17019715326172,0.176372567096557
38,28,0.154745788294243,0.160360566588716
38,29,0.140486227863177,0.145583613915318
38,30,0.127358946781006,0.131980024083822
38,31,0.115301809762535,0.11948540729953
38,32,0.104251387682991,0.108034032982636
38,33,0.0941440391992214,0.0975599506348512
38,34,0.0849167858521706,0.0879978966939895
38,35,0.0765080071716738,0.0792840148598709
38,36,0.0688579803648732,0.0713564153647248
39,0,0.758187986784921,0.800698401599642
39,1,0.757465412021118,0.799935313198747
39,2,0.753154999834828,0.79538322294151
39,3,0.743377817479667,0.785057849260607
39,4,0.727535770411036,0.768327563385585
39,5,0.705837537375002,0.745412744353485
39,6,0.678964696000098,0.717033184784665
39,7,0.647841310078458,0.684164759283094
39,8,0.613479162905715,0.647875980251633
39,9,0.576877682952309,0.609222312552217
39,10,0.538962872794584,0.569181678277625
39,11,0.500553576138881,0.528618832420358
39,12,0.462346480348672,0.488269524514925
39,13,0.424913571734826,0.448737811250212
39,14,0.388707508664572,0.41050173084026
39,15,0.35407168624662,0.373923932020544
39,16,0.321252739295069,0.339264878033523
39,17,0.290413947569448,0.306697003479512
39,18,0.261648530855579,0.276318754831956
39,19,0.234992199011476,0.248167844144766
39,20,0.21043459030212,0.222233328716643
39,21,0.187929418225813,0.198466326834119
39,22,0.167403273953854,0.176789313750261
39,23,0.148763114660851,0.157104029873949
39,24,0.131902519628439,0.139298087643555
39,25,0.116706825213439,0.123250394404729
39,26,0.103057263392162,0.108835522996418
39,27,0.0908342316489813,0.0959271649769662
39,28,0.0799198181374146,0.0844007973670451
39,29,0.0701996979508857,0.0741356852413396
39,30,0.0615645058760471,0.065016331450008
39,31,0.053910779470997,0.0569334725738187
39,32,0.0471415545990262,0.0497847078485433
39,33,0.0411666842327867,0.0434748358439765
39,34,0.035902940778615,0.0379159625254239
39,35,0.0312739525527754,0.0330274341682676
39,36,0.0272100164571577,0.0287356395306836
40,0,0.763607036472438,0.774048873102117
40,1,0.763059488996372,0.773493838265381
40,2,0.75974364190599,0.770132649092026
40,3,0.752093851998583,0.762378253212372
40,4,0.739481729231553,0.749593667752888
40,5,0.721902262423632,0.731773813007615
40,6,0.69974436339806,0.709312918919621
40,7,0.67362567755512,0.682837076794028
40,8,0.644275968584171,0.653086029370754
40,9,0.612456908336468,0.620831863875263
40,10,0.578908878935082,0.586825086681459
40,11,0.544317575062004,0.551760768906467
40,12,0.50929490211209,0.51625918335909
40,13,0.474369998398558,0.480856703979718
40,14,0.439987245157302,0.446003788632725
40,15,0.406508929307896,0.412067678279026
40,16,0.374220840699835,0.379338070761072
40,17,0.343339557634526,0.34803450594968
40,18,0.31402053336729,0.318314562823767
40,19,0.286366367072638,0.290282243535774
40,20,0.260434845175859,0.263996124703304
40,21,0.236246488606874,0.239477007866838
40,22,0.213791450676276,0.216714911689805
40,23,0.193035688513357,0.195675327787067
40,24,0.173926385840947,0.176304717652727
40,25,0.156396642123279,0.158535265929086
40,26,0.140369467324891,0.142288929791309
40,27,0.125761136136856,0.127480839040552
40,28,0.112483963222769,0.114022109299652
40,29,0.100448563834423,0.101822133541284
40,30,0.089565663572418,0.0907904165958741
40,31,0.0797475182603763,0.0808380144416897
40,32,0.0709090007054023,0.0718786358260529
40,33,0.0629684061449915,0.0638294587262179
40,34,0.0558480228701166,0.0566117087753621
40,35,0.049474509171472,0.0501510413633289
40,36,0.0437791125870466,0.0443777638822704
41,0,0.74559149861004,0.776594790795646
41,1,0.745288543358382,0.776279238015443
41,2,0.743405930113932,0.774318341678176
41,3,0.738934705245225,0.769661193698367
41,4,0.731340462639,0.761751166211429
41,5,0.720432855407971,0.750389997298621
41,6,0.706264160248364,0.735632137433219
41,7,0.689051136425123,0.71770335919488
41,8,0.669115480791167,0.696938736281009
41,9,0.646839054590264,0.67373600854415
41,10,0.622630778173062,0.648521100119378
41,11,0.59690268221307,0.621723174798519
41,12,0.570053090313551,0.593757119333794
41,13,0.542455306229611,0.565011760250374
41,14,0.514450504463723,0.535842458817622
41,15,0.48634378837359,0.506567005244639
41,16,0.458402595688567,0.477463957894637
41,17,0.430856806222451,0.448772755476666
41,18,0.403900047871396,0.420695077349711
41,19,0.377691810731425,0.393397045549749
41,20,0.352360070361137,0.367011957133334
41,21,0.328004193988354,0.341643311230547
41,22,0.304697961231855,0.317367955374814
41,23,0.282492576498724,0.294239223162188
41,24,0.261419585943638,0.272289972504054
41,25,0.241493639644371,0.251535462659813
41,26,0.222715061020139,0.231976030497144
41,27,0.205072201774077,0.21359954335804
41,28,0.188543572821087,0.196383618595197
41,29,0.173099750615916,0.1802976091693
41,30,0.158705064712311,0.165304361380505
41,31,0.145319076819105,0.151361755426847
41,32,0.132897864521855,0.138424042505771
41,33,0.121395124569052,0.126442993977352
41,34,0.110763111467603,0.115368878988583
41,35,0.10095342732157,0.105151287155304
41,36,0.091917678561567,0.0957398125998164
42,0,0.756743516363476,0.795727227833058
42,1,0.756123457361307,0.795075226434671
42,2,0.752394181698649,0.791153836795111
42,3,0.743856826670715,0.782176679141947
42,4,0.729892390766564,0.767492864044779
42,5,0.710582784824774,0.747188521986525
42,6,0.686438437131403,0.721800376013095
42,7,0.658205881853032,0.692113418066948
42,8,0.626734900285011,0.659021206004601
42,9,0.592889578543708,0.623432339417749
42,10,0.55749137734226,0.58621059664331
42,11,0.521285205078235,0.548139260103096
42,12,0.484921723870585,0.509902510834636
42,13,0.448950841514205,0.472078585183183
42,14,0.413822663031694,0.435140775372749
42,15,0.379893182423013,0.399463414466767
42,16,0.347432758366689,0.365330788695822
42,17,0.316635992085315,0.332947524182287
42,18,0.287632054566673,0.302449446169199
42,19,0.260494827648387,0.273914242523804
42,20,0.235252455518315,0.247371507284372
42,21,0.211896070483602,0.222811915938039
42,22,0.190387575331415,0.200195408690569
42,23,0.17066644653182,0.179458344136847
42,24,0.15265557736489,0.160519643397214
42,25,0.136266215017594,0.143285981549358
42,26,0.121402066289558,0.127656104839879
42,27,0.10796265692667,0.113524363074275
42,28,0.0958460328855591,0.100783550037302
42,29,0.084950890338656,0.0893271432254474
42,30,0.0751782166642351,0.0790510293727204
42,31,0.0664325182667546,0.0698547955222693
42,32,0.0586227037240835,0.0616426576690193
42,33,0.0516626830776413,0.0543240909222985
42,34,0.0454717364882607,0.0478142171530409
42,35,0.0399746982472519,0.0420339984841977
42,36,0.0351019954243118,0.0369102779295968
43,0,0.759557619241604,0.760266598012423
43,1,0.759260938145805,0.759969639991486
43,2,0.757414347950953,0.758121326170653
43,3,0.753020746305122,0.753723623492569
43,4,0.745544518017778,0.74624041681806
43,5,0.734786352464528,0.735472209484177
43,6,0.720785568995975,0.721458357542604
43,7,0.703744568599688,0.704401450904041
43,8,0.68397100760543,0.684609433067783
43,9,0.661834098160698,0.662451860807683
43,10,0.637732108526771,0.638327374132646
43,11,0.612068687433133,0.612639998541968
43,12,0.585236090456997,0.585782355748187
43,13,0.557603759140605,0.558124232134023
43,14,0.529511009104895,0.530005260041045
43,15,0.50126283328242,0.501730717085301
43,16,0.473128030191485,0.473569652684351
43,17,0.445339032926273,0.445754716887784
43,18,0.418092948924173,0.418483201115063
43,19,0.391553429148282,0.391918909082754
43,20,0.365853072707223,0.366194563668827
43,21,0.341096142956344,0.341414525549103
43,22,0.3173614269575,0.317657655326079
43,23,0.294705114443498,0.294980195180627
43,24,0.273163607305271,0.273418580981571
43,25,0.252756197880938,0.252992123074696
43,26,0.233487575445404,0.233705515111925
43,27,0.215350136482801,0.215551146480188
43,28,0.19832608655936,0.198511206136214
43,29,0.182389330707682,0.182559574755296
43,30,0.167507155841607,0.167663508716549
43,31,0.153641713377431,0.153785124108016
43,32,0.140751313373463,0.140882692074195
43,33,0.128791543463856,0.128911758794285
43,34,0.117716226933353,0.117826104451217
43,35,0.107478234680141,0.107578555952396
43,36,0.098030165721458,0.098121668070504
44,0,0.76935896010892,0.792560434090376
44,1,0.768980496166474,0.792170556852227
44,2,0.766647652365748,0.789767361736248
44,3,0.761157413798526,0.784111554645262
44,4,0.751919104509021,0.774594646673314
44,5,0.738774518927817,0.761053661262937
44,6,0.721860727839692,0.743629802827571
44,7,0.701506554243584,0.722661810645354
44,8,0.678155477615716,0.698606538154551
44,9,0.652309160512093,0.67198077649398
44,10,0.624486957767255,0.643319542625101
44,11,0.595197714204206,0.613147026548571
44,12,0.564920921753199,0.581957180180321
44,13,0.534094924157896,0.550201566348327
44,14,0.503110354184528,0.518282598088416
44,15,0.472307386785232,0.48655070897153
44,16,0.441975710356795,0.455304323495748
44,17,0.412356372141985,0.42479175813916
44,18,0.383644855281769,0.395214391206429
44,19,0.35599490413755,0.366730603510842
44,20,0.329522739506631,0.339460120707571
44,21,0.30431140297221,0.313488488655751
44,22,0.280415045329588,0.288871491170294
44,23,0.257863032253358,0.265639379503228
44,24,0.236663784713459,0.24380082857476
44,25,0.216808305018691,0.223346569351301
44,26,0.198273364108123,0.204252672255674
44,27,0.181024343707338,0.186483475033944
44,28,0.165017739726497,0.169994161648197
44,29,0.15020334200537,0.154733007755895
44,30,0.136526111164145,0.14064331416067
44,31,0.123927776656092,0.127665053057291
44,32,0.112348181735655,0.115736253559806
44,33,0.101726401420412,0.104794153377767
44,34,0.0920016590008215,0.0947761429650509
44,35,0.0831140655177298,0.0856205272977157
44,36,0.0750052050983313,0.0772671288618712
45,0,0.750881899659073,0.774213302586459
45,1,0.750444165644587,0.77376196730036
45,2,0.74776662943408,0.77100123468279
45,3,0.741519389429009,0.764559880431779
45,4,0.731099938066344,0.753816675868864
45,5,0.716406533935976,0.738666718274767
45,6,0.697668466840154,0.719346421944638
45,7,0.67532052438902,0.696304084209556
45,8,0.649911594807548,0.670105648349815
45,9,0.622039450998055,0.641367461267786
45,10,0.592305453008706,0.610709568471481
45,11,0.561284259474303,0.57872448438922
45,12,0.529504718219932,0.545957489206089
45,13,0.497438964915739,0.512895388792117
45,14,0.465497439448744,0.479961376222791
45,15,0.434028067472394,0.447514187897711
45,16,0.403318277746175,0.415850183562985
45,17,0.373598857337812,0.385207321302274
45,18,0.345048905085376,0.355770264912875
45,19,0.317801343881092,0.327676067467212
45,20,0.291948606403947,0.301020033712545
45,21,0.26754822658795,0.27586148527732
45,22,0.244628158139697,0.252229244445724
45,23,0.223191708029776,0.230126720942537
45,24,0.203222022035858,0.209536536851023
45,25,0.184686095054408,0.190424661533046
45,26,0.167538304147682,0.172744054454908
45,27,0.151723479620658,0.156437831688782
45,28,0.13717954076885,0.141441983558488
45,29,0.123839729820991,0.127687677995244
45,30,0.111634481202174,0.115103187882545
45,31,0.100492964477504,0.103615481942176
45,32,0.0903443389059627,0.0931515182695622
45,33,0.0811187559737006,0.0836392780177798
45,34,0.0727481439886441,0.0750085743710906
45,35,0.0651668061042619,0.0671916691505008
45,36,0.0583118602195945,0.0601237263823645
46,0,0.766480750628266,0.804588380380119
46,1,0.765941896988813,0.804022736198352
46,2,0.762675468875061,0.800593908920541
46,3,0.755131296115335,0.792674657540672
46,4,0.742679107630836,0.779603375376418
46,5,0.725302590578519,0.761362938548342
46,6,0.703375194298249,0.738345363423807
46,7,0.677498291060906,0.711181921096102
46,8,0.648386568838561,0.680622832151268
46,9,0.616788905083328,0.647454206476351
46,10,0.583435633339572,0.612442688090938
46,11,0.549005210170344,0.576300464831157
46,12,0.514104933932676,0.539665028507587
46,13,0.479261652185706,0.503089420307455
46,14,0.44491939535195,0.467039746807081
46,15,0.411441650213015,0.431897566500485
46,16,0.379116585471665,0.397965375164164
46,17,0.348164000880334,0.365473900480026
46,18,0.31874312150305,0.334590283809777
46,19,0.290960623506632,0.305426505009684
46,20,0.264878476448526,0.278047614618613
46,21,0.240521334337144,0.252479492384595
46,22,0.217883315597131,0.228715964314109
46,23,0.196934089750809,0.206725191969085
46,24,0.177624243384581,0.186455305216603
46,25,0.1598899354609,0.167839288992084
46,26,0.143656876650904,0.150799160475035
46,27,0.128843682488278,0.135249488953873
46,28,0.115364658382467,0.121100319303481
46,29,0.103132077862882,0.108259563498387
46,30,0.0920580153566666,0.0966349245119543
46,31,0.0820557924569132,0.0861354144896647
46,32,0.0730410928511447,0.0766725251092421
46,33,0.064932796462624,0.068161103193513
46,34,0.0576535783491126,0.0605199793850115
46,35,0.0511303128142322,0.0536723923488117
46,36,0.0452943182262451,0.0475462457631253
47,0,0.774376397866147,0.793606842973597
47,1,0.773575302701977,0.792785853844912
47,2,0.76881859418288,0.787911019796265
47,3,0.758085295345714,0.776911176014446
47,4,0.740786865382633,0.759183166187145
47,5,0.717221395978825,0.735032484647418
47,6,0.688193695165745,0.705283925594573
47,7,0.654756616374818,0.671016488453347
47,8,0.61804011537818,0.633388189707063
47,9,0.579143014016862,0.593525138744712
47,10,0.539068914411014,0.552455860599301
47,11,0.498692606348852,0.511076869116039
47,12,0.458747006020443,0.470139281329701
47,13,0.419823437469429,0.430249105905765
47,14,0.382380136991826,0.391875958732859
47,15,0.34675539364273,0.355366529753714
47,16,0.313182865864054,0.320960279957754
47,17,0.281807434839822,0.288805688430055
47,18,0.252700546022993,0.258975974861357
47,19,0.225874409792231,0.231483652856271
47,20,0.20129472485181,0.206293569299224
47,21,0.178891787474043,0.183334289477813
47,22,0.158569981409074,0.162507822659891
47,23,0.140215726309853,0.143697767905429
47,24,0.123704011048141,0.12677600962737
47,25,0.10890366284637,0.11160811757425
47,26,0.0956815114382389,0.0980576144013214
47,27,0.0839056051065524,0.0859892715737319
47,28,0.0734476264554077,0.0752715851306918
47,29,0.0641846430014405,0.0657785697499593
47,30,0.0560003130881781,0.0573909946092184
47,31,0.0487856525708986,0.049997169110376
47,32,0.0424394530538392,0.0434933715030468
47,33,0.0368684287205957,0.0377839993612597
47,34,0.0319871562800348,0.0327815080380192
47,35,0.0277178613889931,0.0284061917841417
47,36,0.0239900951347582,0.0245858521966764
48,0,0.753704360934872,0.786685197730757
48,1,0.753179615100437,0.786137489900051
48,2,0.749997165983929,0.78281578215594
48,3,0.742642947029014,0.775139754932844
48,4,0.730497514340571,0.762462858511305
48,5,0.713539521602145,0.744762812495917
48,6,0.692128167869246,0.722414533889494
48,7,0.666845947156592,0.69602600566639
48,8,0.638387121389631,0.666321869487719
48,9,0.607480579747642,0.634062909498893
48,10,0.574838308004699,0.599992266775496
48,11,0.541122708411097,0.564801329177623
48,12,0.506927594380957,0.529109894396935
48,13,0.472768923493484,0.493456497449623
48,14,0.439082298264056,0.45829580208543
48,15,0.406225013816577,0.424000738062716
48,16,0.374481010581495,0.390867670568213
48,17,0.344067534838577,0.359123352213971
48,18,0.315142649297834,0.328932762268685
48,19,0.287812992993824,0.300407206111936
48,20,0.262141382814373,0.273612249393046
48,21,0.238153992430262,0.248575211098665
48,22,0.215846949619684,0.225292049565061
48,23,0.19519226893671,0.203733554750202
48,24,0.176143090363912,0.18385081612101
48,25,0.158638231483092,0.165579974019438
48,26,0.142606085042311,0.148846287780487
48,27,0.127967908875474,0.133567569613137
48,28,0.11464056346682,0.119657041956076
48,29,0.102538755974791,0.107025679696265
48,30,0.0915768496991453,0.095584098815314
48,31,0.0816702958902146,0.0852440508522873
48,32,0.0727367412756285,0.0759195788939494
48,33,0.0646968603166788,0.0675278862492658
48,34,0.0574749564353245,0.0599899639850922
48,35,0.050999371578616,0.0532310184124498
48,36,0.045202738718771,0.0471807346355807
49,0,0.766721572146605,0.780945043760878
49,1,0.765899948474219,0.780108178126604
49,2,0.761031262223915,0.775149172752388
49,3,0.750070443573502,0.763985019673146
49,4,0.732446770081379,0.746034408960576
49,5,0.708495020430064,0.721638329785151
49,6,0.679061566527548,0.691658855121903
49,7,0.645237780692186,0.657207603365151
49,8,0.6081851385341,0.619467596688947
49,9,0.569025533246517,0.579581540556014
49,10,0.528777242642442,0.538586602877268
49,11,0.488322218675903,0.497381096720132
49,12,0.448394297612806,0.456712471765963
49,13,0.409580864868979,0.417179010032553
49,14,0.372332689162373,0.379239842459938
49,15,0.33697824884612,0.343229541011634
49,16,0.303740049532392,0.309374739007147
49,17,0.272751283947932,0.277811100034923
49,18,0.24407179450568,0.248599576646043
49,19,0.217702728813423,0.221741337737597
49,20,0.193599575618269,0.197191046327293
49,21,0.171683469227894,0.174868373683322
49,22,0.151850781074279,0.154667768821432
49,23,0.133981097812273,0.136466584605408
49,24,0.117943731020654,0.120131708209762
49,25,0.103602925124681,0.105524865654593
49,26,0.0908219355570941,0.0925067756206559
49,27,0.0794661441704455,0.0809403226557848
49,28,0.0694053676030769,0.0706929083634297
49,29,0.0605154995517709,0.0616381241411487
49,30,0.0526796116812248,0.053656872513082
49,31,0.0457886215111174,0.046638047407009
49,32,0.0397416198986868,0.040478867712064
49,33,0.0344459361744345,0.0350849436227738
49,34,0.0298170058514747,0.0303701418942806
49,35,0.0257780942151533,0.0262563043042639
49,36,0.0222599190025947,0.022672863332807
50,0,0.76606173377085,0.798255114578403
50,1,0.76530335488249,0.797464865177167
50,2,0.760788994717902,0.792760791169068
50,3,0.750573767690233,0.782116274073458
50,4,0.734062636904556,0.764911270852292
50,5,0.711504038590567,0.741404658149917
50,6,0.683635165386993,0.712364608775849
50,7,0.65143867801891,0.678815079305788
50,8,0.615980498757796,0.641866786888809
50,9,0.578305921220828,0.602608953110284
50,10,0.539377065484332,0.562044130686145
50,11,0.500039118899081,0.521053025564476
50,12,0.461006146778761,0.480379711314893
50,13,0.422859779159881,0.440630260700164
50,14,0.386055971386251,0.402279790371035
50,15,0.350936445833344,0.365684383423634
50,16,0.317742464627071,0.331095440910219
50,17,0.286629347511912,0.29867480981382
50,18,0.257680703446654,0.268509612720039
50,19,0.230921741519108,0.240626118116636
50,20,0.206331306498194,0.215002281733988
50,21,0.183852477345663,0.191578790454224
50,22,0.163401696466663,0.170268575214225
50,23,0.14487648087497,0.150964846228905
50,24,0.128161816902365,0.133547756435222
50,25,0.113135367367669,0.117889827490016
50,26,0.0996716314673139,0.103860284478009
50,27,0.0876451983518303,0.0913284462182979
50,28,0.0769332292485817,0.0801663116971239
50,29,0.0674172928232443,0.0702504725595425
50,30,0.0589846661677654,0.0614634687707855
50,31,0.0515292006842461,0.0536946908885029
50,32,0.0449518390834777,0.0468409187879172
50,33,0.0391608572943555,0.0408065737373655
50,34,0.0340718936176446,0.0355037487772386
50,35,0.0296078171252713,0.0308520715888148
50,36,0.0256984781647304,0.0267784445137339
51,0,0.76198640101649,0.804444759171541
51,1,0.761224492597655,0.803640396739767
51,2,0.756691680999638,0.79885501404859
51,3,0.746441219532436,0.788033390466619
51,4,0.729883926279877,0.770553514493348
51,5,0.707277111061716,0.746687033412389
51,6,0.679367078957622,0.717221836888544
51,7,0.64714433815113,0.683203624839948
51,8,0.611680713843267,0.645763945237226
51,9,0.574025289450054,0.606010337079532
51,10,0.535141990476258,0.56496043640277
51,11,0.495876109137272,0.523506635632492
51,12,0.456940461913034,0.48240146982808
51,13,0.41891442929272,0.442256602921412
51,14,0.382251042509131,0.403550309328517
51,15,0.347288707674715,0.366639851361778
51,16,0.314265210693256,0.331776264504042
51,17,0.283332417106083,0.299119876339448
51,18,0.254570639228864,0.268755474236051
51,19,0.22800204189636,0.240706458067049
51,20,0.203602738612693,0.214947610366093
51,21,0.181313422910601,0.191416320072528
51,22,0.161048508738751,0.170022232226788
51,23,0.142703836416608,0.150655383305887
51,24,0.12616305037753,0.133192934338342
51,25,0.111302781425633,0.117504641919624
51,26,0.0979967768417349,0.103457218450189
51,27,0.0861191217131785,0.0909177329598082
51,28,0.0755466881817822,0.0797561968291427
51,29,0.0661609386490955,0.0698474674707259
51,30,0.057849196271563,0.0610725896169079
51,31,0.0505054826361618,0.0533196796713048
51,32,0.044031009201495,0.0464844445332956
51,33,0.0383343964710817,0.0404704129837854
51,34,0.0333316832567588,0.0351889454647697
51,35,0.0289461779525258,0.0305590770660647
51,36,0.0251081945252036,0.0265072388052008
52,0,0.761467441176035,0.762505563940919
52,1,0.761366779648565,0.762404765179711
52,2,0.760717022639161,0.761754122344457
52,3,0.759106537253446,0.760141441353978
52,4,0.756248904321608,0.757279912557866
52,5,0.751959454021355,0.752984614370015
52,6,0.746135399688223,0.747152619994985
52,7,0.7387390767139,0.7397462134756
52,8,0.729783856284363,0.730778784227025
52,9,0.719322358946115,0.720303024534336
52,10,0.707436641499178,0.70840110306712
52,11,0.694230073287518,0.695176530094697
52,12,0.679820655289553,0.680747467468422
52,13,0.664335568121821,0.665241269192538
52,14,0.647906763705782,0.648790067081021
52,15,0.630667440395977,0.631527241080212
52,16,0.612749263256607,0.613584635755752
52,17,0.594280210282657,0.595090403577411
52,18,0.575382942026485,0.576167372322968
52,19,0.556173606608024,0.556931848459252
52,20,0.536761004718242,0.537492781007245
52,21,0.517246050202611,0.517951221390144
52,22,0.497721471337981,0.49840002430299
52,23,0.478271706172505,0.4789237429099
52,24,0.458972952442562,0.459598678829051
52,25,0.439893338752773,0.44049305354606
52,26,0.421093189028071,0.421667273226593
52,27,0.402625356828623,0.403174263487058
52,28,0.384535610054226,0.385059854623488
52,29,0.366863049938231,0.36736320117667
52,30,0.349640551115326,0.350117222599899
52,31,0.332895212007097,0.333349054258542
52,32,0.316648806860392,0.317080500084685
52,33,0.300918232545692,0.301328479984626
52,34,0.285715944718995,0.286105466595394
52,35,0.271050379208995,0.271419907246402
52,36,0.256926355544505,0.257276628037019
53,0,0.762530980698951,0.775864545490449
53,1,0.762126087932937,0.775452572797106
53,2,0.75963880687968,0.772921799316764
53,3,0.753807446226886,0.766988471888777
53,4,0.74403349831727,0.75704361739173
53,5,0.730181609101455,0.742949514984558
53,6,0.712428227663316,0.724885699127798
53,7,0.691148403185239,0.703233777088295
53,8,0.666832311357437,0.678492495734994
53,9,0.64002480355684,0.651216233678891
53,10,0.611282654483117,0.62197150134413
53,11,0.581145298050936,0.591307165150072
53,12,0.550115737046184,0.559735023355056
53,13,0.518649030242128,0.527718091859063
53,14,0.487146334828782,0.495664542459411
53,15,0.455952939532516,0.463925701577618
53,16,0.425359087076606,0.432796887101452
53,17,0.395602671917067,0.402520153293182
53,18,0.366873125354865,0.373288243836602
53,19,0.339315977269894,0.345249233337171
53,20,0.313037721660912,0.318511477940458
53,21,0.288110719862225,0.29314860428613
53,22,0.264577957172124,0.269204349310477
53,23,0.242457530856515,0.246697126726966
53,24,0.221746794257134,0.225624243598044
53,25,0.202426116386408,0.205965725670027
53,26,0.184462241610133,0.187687735802958
53,27,0.167811251941769,0.170745588063374
53,28,0.152421146796717,0.155086372587996
53,29,0.138234063125448,0.140651214537953
53,30,0.125188163719709,0.127377195423779
53,31,0.113219223996242,0.115198967635528
53,32,0.102261948354095,0.104050093817816
53,33,0.0922510467749937,0.0938641422955592
53,34,0.0831221010754978,0.0845755684733466
53,35,0.074812248416484,0.0761204102967325
53,36,0.0672607075493833,0.0684368237003751
54,0,0.764674015090485,0.788318511158794
54,1,0.764059882285976,0.787685388745125
54,2,0.760362361628704,0.783873536999156
54,3,0.751887671534955,0.775136800892796
54,4,0.738008904417382,0.760828888220296
54,5,0.718794260688753,0.741020108220354
54,6,0.694739121311194,0.716221159536854
54,7,0.666576234465435,0.687187447667418
54,8,0.635144197999805,0.654783500756338
54,9,0.601299039094178,0.619891815212061
54,10,0.565857295526666,0.58335417698892
54,11,0.529561803745536,0.545936391791536
54,12,0.493063568393149,0.508309593986053
54,13,0.456914761616347,0.471043029442098
54,14,0.421569185938389,0.434604532717188
54,15,0.387387516731928,0.399365931632291
54,16,0.354645386600843,0.365611381630941
54,17,0.323542937187746,0.333547212938321
54,18,0.294214885689024,0.303312308343159
54,19,0.266740466311501,0.27498835205431
54,20,0.241152836559472,0.248609526839731
54,21,0.217447704487365,0.22417140804254
54,22,0.195591051343228,0.201638925016475
54,23,0.175525906320208,0.180953345359553
54,24,0.157178185643185,0.162038294551194
54,25,0.14046164401463,0.144804860501801
54,26,0.125282007919887,0.129155854664033
54,27,0.111540371535522,0.114989312946088
54,28,0.0991359400719607,0.102201323881272
54,29,0.0879682046092973,0.0906882707119419
54,30,0.0779386285489024,0.0803485699879035
54,31,0.0689519199402899,0.0710839832349183
54,32,0.0609169570410733,0.0628005711339107
54,33,0.0537474271528605,0.0554093521103172
54,34,0.0473622314757416,0.0488267197070855
54,35,0.0416857017206065,0.0429746658948644
54,36,0.036647667686837,0.0377808507392669
55,0,0.772078623123155,0.811818594233197
55,1,0.771133430353114,0.810824751063767
55,2,0.765576742251984,0.80498205242175
55,3,0.753178300670941,0.791945445639025
55,4,0.733424772808122,0.771175175953444
55,5,0.706825110132208,0.7432063912806
55,6,0.674439257397052,0.709153593219509
55,7,0.637566705928832,0.670383159740033
55,8,0.5975480964375,0.628304736212384
55,9,0.555645619394536,0.584245479824343
55,10,0.512977335197037,0.539380999111955
55,11,0.470487508928554,0.494704161808832
55,12,0.428940212778778,0.451018367973401
55,13,0.388927241653928,0.408945873026875
55,14,0.350884155945946,0.368944656266312
55,15,0.315110269482098,0.331329437622049
55,16,0.281789837022894,0.296293955705904
55,17,0.251012712791133,0.263932689663724
55,18,0.222793461070967,0.234260953423821
55,19,0.197088385558167,0.207232801571815
55,20,0.173810268232448,0.182756526853423
55,21,0.152840817308237,0.160707748838727
55,22,0.134040951395285,0.140940227422982
55,23,0.117259118323549,0.123294609833101
55,24,0.102337880280998,0.107605354711748
55,25,0.0891190050111394,0.0937060853659512
55,26,0.0774472950822926,0.0814336161342488
55,27,0.067173370161537,0.0706308778681813
55,28,0.0581555952647957,0.0611489454321162
55,29,0.050261324104715,0.0528483450479891
55,30,0.0433676028616662,0.0455997942903874
55,31,0.0373614571574374,0.0392845038311812
55,32,0.032139864394244,0.0337941483547834
55,33,0.0276094952576993,0.0290305947559155
55,34,0.0236862921603067,0.0249054588849947
55,35,0.0202949386606928,0.0213395476576283
55,36,0.0173682622818006,0.0182622311350223
56,0,0.76834392637867,0.799850016071506
56,1,0.767506075062631,0.798977808501964
56,2,0.762546275197859,0.793814631094879
56,3,0.751393120018986,0.782204138654188
56,4,0.733481234394419,0.763557772732868
56,5,0.709166589053606,0.738246100708227
56,6,0.679322675633496,0.707178431908894
56,7,0.645068025532739,0.671519163327507
56,8,0.607588107383507,0.632502373964292
56,9,0.568024173166403,0.591316113055649
56,10,0.527408838768844,0.549035339101009
56,11,0.48663362192618,0.506588126691016
56,12,0.446437737677617,0.464744002518976
56,13,0.407410492179975,0.424116437353412
56,14,0.370001869276197,0.38517386671083
56,15,0.33453756231418,0.348255339057168
56,16,0.301235913352666,0.313588149609057
56,17,0.270225095459186,0.281305727195183
56,18,0.241559496942273,0.251464690327076
56,19,0.215234704093664,0.22406044431152
56,20,0.191200780522707,0.199041005106613
56,21,0.169373743466893,0.1763189462206
56,22,0.149645268289424,0.15578150114423
56,23,0.131890732376571,0.137298937089655
56,24,0.115975754098266,0.120731362082357
56,25,0.101761402604688,0.105934148386441
56,26,0.0891082581501055,0.0927621593228285
56,27,0.0778794962234316,0.0810729598651798
56,28,0.0679431561785766,0.0707291782958669
56,29,0.0591737391926193,0.0616001696887254
56,30,0.0514532632081486,0.0535631141095092
56,31,0.0446718853390536,0.0465036645435484
56,32,0.0387281858563166,0.0403162425264341
56,33,0.0335291928010723,0.0349040637663415
56,34,0.0289902127388586,0.0301789619583256
56,35,0.025034521253766,0.0260610665871245
56,36,0.0215929564612484,0.0224783797718848
57,0,0.76322511774524,0.781754273192389
57,1,0.762497531253198,0.781009022759658
57,2,0.75815729251211,0.776563414113359
57,3,0.748312634707977,0.766479753175635
57,4,0.732361554225352,0.750141421221667
57,5,0.710514393408436,0.727763867170247
57,6,0.68345761885818,0.700050223277141
57,7,0.652121799630148,0.667953650436524
57,8,0.617525768475715,0.632517716055362
57,9,0.580675861478004,0.594773187485197
57,10,0.542504434532985,0.55567505584053
57,11,0.503835908293273,0.516067756600626
57,12,0.465371677944892,0.476669713034219
57,13,0.427687560759352,0.438070721784678
57,14,0.391239214697402,0.40073750302361
57,15,0.356372279383455,0.365024087622233
57,16,0.323334970621042,0.331184717429475
57,17,0.292291581975406,0.299387674638493
57,18,0.263335874186277,0.269728996260172
57,19,0.236503713359582,0.242245419137838
57,20,0.211784588935642,0.21692617754228
57,21,0.189131830584955,0.193723468107663
57,22,0.168471470955778,0.172561527743966
57,23,0.149709784902525,0.153344355898581
57,24,0.132739587760905,0.135962165737477
57,25,0.117445404622325,0.120296678916375
57,26,0.103707636253905,0.106225392638655
57,27,0.0914058503698734,0.0936249508304109
57,28,0.0804213230784416,0.0823737472871575
57,29,0.0706389471687442,0.072353880289105
57,30,0.0619486133558431,0.06345256737926
57,31,0.0542461589836855,0.0555631170984667
57,32,0.0474339668873127,0.0485855423864609
57,33,0.0414212857172604,0.0424268886829271
57,34,0.0361243323877828,0.037001338862904
57,35,0.0314662276240018,0.0322301472191836
57,36,0.027376806938236,0.0280414458496279
58,0,0.770452688716171,0.789105158361225
58,1,0.769667341693108,0.788300798280355
58,2,0.765000198364188,0.783520664562087
58,3,0.754458965948922,0.772724231508901
58,4,0.737453496810246,0.755307064154937
58,5,0.714264318943823,0.731556482009468
58,6,0.685671902178447,0.702271849883427
58,7,0.65270361254845,0.668505406089548
58,8,0.616465983730982,0.631390473212499
58,9,0.578038100040474,0.592032259931921
58,10,0.538408108107626,0.551442835664827
58,11,0.498439597264714,0.510506697028315
58,12,0.45885815710995,0.469966999965883
58,13,0.420251103202043,0.430425278801117
58,14,0.383075366630914,0.392349526812972
58,15,0.347670031543711,0.356087037292201
58,16,0.314271101051605,0.321879526927112
58,17,0.283026872140519,0.289878882937097
58,18,0.254012877824276,0.260162466971618
58,19,0.227245766093403,0.232747330064953
58,20,0.202695773126157,0.207602987820568
58,21,0.180297645303733,0.184662606845637
58,22,0.159959995412838,0.163832587464963
58,23,0.141573161517309,0.145000612853946
58,24,0.12501568615095,0.128042285091077
58,25,0.110159558974602,0.112826494738445
58,26,0.0968743753929617,0.099219680137646
58,27,0.0850305623358415,0.0870891312864075
58,28,0.0745018144316102,0.0763054849911908
58,29,0.0651668719456216,0.0667445458490695
58,30,0.0569107580791038,0.0582885535013203
58,31,0.0496255788527647,0.0508270018820124
58,32,0.0432109747058362,0.0442571017501546
58,33,0.0375742996681731,0.0384839641995054
58,34,0.0326305918199202,0.0334205704030768
58,35,0.0283023878876218,0.0289875817206605
58,36,0.0245194252749863,0.0251130345158314
59,0,0.763061434379939,0.792973242676265
59,1,0.76224133089542,0.79212099135003
59,2,0.757382481516321,0.787071676348348
59,3,0.74644591015459,0.775706394254751
59,4,0.728864685233091,0.757435989922824
59,5,0.704975369569383,0.73261021934439
59,6,0.67562448901201,0.702108791959455
59,7,0.641902328976881,0.667064732086565
59,8,0.60496840035955,0.628683003144573
59,9,0.565942070330618,0.58812685120388
59,10,0.525838791371812,0.546451534217434
59,11,0.48553759788278,0.504570544503034
59,12,0.445769472498249,0.463243519023162
59,13,0.40711912236164,0.42307808528806
59,14,0.370034887101539,0.384540157722283
59,15,0.334843108486337,0.347968870606038
59,16,0.30176446748152,0.313593555540839
59,17,0.270930645508833,0.281551055825658
59,18,0.242400275389465,0.251902302672915
59,19,0.216173576324435,0.224647523876249
59,20,0.192205363731468,0.199739763629601
59,21,0.17041632457352,0.177096599845654
59,22,0.150702578811156,0.156610080414647
59,23,0.132943627810436,0.138154983187759
59,24,0.117008835781369,0.121595551486262
59,25,0.102762611527703,0.106790878974536
59,26,0.0900684629165625,0.0935991230638601
59,27,0.0787920912665118,0.0818807205996738
59,28,0.0688036813896221,0.0715007676726947
59,29,0.0599795281650131,0.0623307099537164
59,30,0.0522031242244911,0.0542494730162383
59,31,0.0453658168948232,0.047144145030705
59,32,0.0393671267925389,0.0409103078481409
59,33,0.0341148058966798,0.0354520973493359
59,34,0.0295246997889981,0.0306820602848968
59,35,0.025520467146294,0.0265208627717562
59,36,0.0220331994869275,0.0228968951338491
60,0,0.767716823889578,0.804666320004207
60,1,0.766826467631542,0.803733111728248
60,2,0.761575022690063,0.798228919629975
60,3,0.749814421034228,0.785902291163647
60,4,0.731006263810653,0.766188914840229
60,5,0.705583038543513,0.739542093405858
60,6,0.674511042320334,0.706974630927419
60,7,0.638998664091819,0.669753074990999
60,8,0.600308249540231,0.629200526801511
60,9,0.559640770580634,0.58657575993438
60,10,0.51807079034954,0.543005055249636
60,11,0.476515402830267,0.499449645610351
60,12,0.435725433828755,0.456696493369605
60,13,0.396290600643386,0.415363698370423
60,14,0.358652835491591,0.375914462616495
60,15,0.323123807221667,0.338675455287671
60,16,0.289903998212324,0.303856807792934
60,17,0.259101638637515,0.271571959323763
60,18,0.230750466831489,0.241856272009031
60,19,0.204825746497556,0.214683819017113
60,20,0.181258284636395,0.189982077154039
60,21,0.159946399911036,0.167644471254737
60,22,0.140765920605904,0.147540853334548
60,23,0.123578367175521,0.12952607895637
60,24,0.108237513317634,0.113446884082137
60,25,0.0945945336757639,0.0991472805294925
60,26,0.0825019443945857,0.08647268618244
60,27,0.0718165310029771,0.0752729937906707
60,28,0.0624014408018372,0.0654047640620636
60,29,0.0541275970395218,0.0567327079010674
60,30,0.0468745716298761,0.0491306011298394
60,31,0.040531033260122,0.0424817541631488
60,32,0.034994869200558,0.036679139680664
60,33,0.0301730623689386,0.0316252637745547
60,34,0.0259813903866387,0.0272318505215098
60,35,0.0223440005024498,0.0234193964480118
60,36,0.0191929032661959,0.0201166398349346
61,0,0.757085977976328,0.784754874692348
61,1,0.75649380682593,0.784141061716748
61,2,0.752923597705787,0.780440373694243
61,3,0.744728007491539,0.771945262757433
61,4,0.731284976093388,0.758010934653061
61,5,0.712643754497841,0.738688440322328
61,6,0.689268933624218,0.714459349889735
61,7,0.66185840485583,0.686047060275834
61,8,0.63121666198974,0.654285466767645
61,9,0.598169150098788,0.620030181625263
61,10,0.563506725187974,0.584100963929107
61,11,0.527951905769348,0.547246737765582
61,12,0.492140629993549,0.510126682644328
61,13,0.456614804256532,0.473302509782065
61,14,0.421822140165483,0.437238293110181
61,15,0.388120704852006,0.402305185886253
61,16,0.355786316964309,0.368789086984396
61,17,0.325021456306013,0.336899876150823
61,18,0.295964757674968,0.306781254809916
61,19,0.268700459380409,0.27852053989229
61,20,0.243267398005923,0.252157987325504
61,21,0.219667301861442,0.227695388583293
61,22,0.19787225073852,0.205103803069319
61,23,0.177831250311345,0.184330372790006
61,24,0.159475924517916,0.165304222772723
61,25,0.142725365211445,0.147941487955321
61,26,0.127490200420669,0.132149530127412
61,27,0.113675954602602,0.11783042098884
61,28,0.101185779262463,0.104883772564395
61,29,0.0899226324645809,0.0932089963683817
61,30,0.079790982707213,0.0827070695502117
61,31,0.0706981075882723,0.0732818810219141
61,32,0.062555051519617,0.0648412241735975
61,33,0.0552773000734085,0.0572974958648558
61,34,0.0487852217936587,0.0505681543830126
61,35,0.0430043217661474,0.0445759822801495
61,36,0.0378653450925862,0.039249193628896
62,0,0.755428973914476,0.785065569925008
62,1,0.754975684286949,0.784594497074927
62,2,0.752206748299584,0.781716931633212
62,3,0.745756086475187,0.775013200804194
62,4,0.735014133608367,0.76384982523786
62,5,0.719889758468209,0.748132098490313
62,6,0.700632528737537,0.728119379153712
62,7,0.677701731757088,0.704288973090509
62,8,0.651671400050732,0.677237432969543
62,9,0.623162866374284,0.647610467349661
62,10,0.592798193468245,0.616054543412774
62,11,0.561169276246075,0.583184776985276
62,12,0.528818569979664,0.549564904661723
62,13,0.496228314997473,0.515696085771953
62,14,0.463815853442806,0.482012035408844
62,15,0.431933204809323,0.448878583311469
62,16,0.400869515080916,0.416596219088348
62,17,0.370855344241763,0.385404547932863
62,18,0.342068028764554,0.355487863489826
62,19,0.314637565591792,0.326981262674077
62,20,0.288652625081304,0.299976894512731
62,21,0.264166422801617,0.274530062299782
62,22,0.241202272260327,0.250664994166213
62,23,0.21975870926909,0.228380168481404
62,24,0.199814128973789,0.207653132800855
62,25,0.181330912795196,0.188444792712834
62,26,0.164259047942574,0.170703173350848
62,27,0.148539259383977,0.154366674235774
62,28,0.134105685222967,0.139366849611558
62,29,0.120888132932904,0.125630753194918
62,30,0.108813957070438,0.113082889554313
62,31,0.0978095998793853,0.101646815153981
62,32,0.0878018353310651,0.0912464311998286
62,33,0.0787187551776214,0.0818070083770748
62,34,0.0704905329329217,0.0732559808032554
62,35,0.0630499986461033,0.0655235433509833
62,36,0.0563330541170439,0.0585430831529374
63,0,0.770643009701241,0.786317753412303
63,1,0.770084861938761,0.785748253022187
63,2,0.766706522391873,0.782301198641193
63,3,0.75891697453972,0.774353212751361
63,4,0.746081887204013,0.761257061989445
63,5,0.728202109354458,0.743013612593047
63,6,0.705678924362384,0.720032309966915
63,7,0.679145284962654,0.692958980993574
63,8,0.649346863548942,0.662554464912455
63,9,0.617060393987175,0.629611294220145
63,10,0.583039647824666,0.594898572045081
63,11,0.54798163779506,0.559127488237712
63,12,0.512507401770891,0.522931712472023
63,13,0.477153092438599,0.486858302686098
63,14,0.442368163248319,0.451365854134452
63,15,0.408518264514289,0.41682745439461
63,16,0.375891096622549,0.383536655628025
63,17,0.344703951268008,0.351715169204587
63,18,0.315112039133381,0.321521362765085
63,19,0.287216979283184,0.293058922287993
63,20,0.261075032191122,0.266385252575187
63,21,0.236704810828579,0.241519345182627
63,22,0.214094315244083,0.21844895608193
63,23,0.193207215443288,0.197137016333036
63,24,0.173988362845351,0.177527255642634
63,25,0.156368548132138,0.159549056987195
63,26,0.140268547550767,0.143121585216591
63,27,0.125602514237725,0.128157247357155
63,28,0.112280778626014,0.11456454997862
63,29,0.100212124541814,0.102250421586178
63,30,0.0893056067498459,0.0911220671344116
63,31,0.0794719726274351,0.081088418617947
63,32,0.0706247461909382,0.0720612411467946
63,33,0.0626810274857833,0.06395594859584
63,34,0.0555620548249693,0.0566921772791768
63,35,0.0491935718278758,0.0501941604544211
63,36,0.0435060358776344,0.0443909410200694
64,0,0.761315822123458,0.767638398929746
64,1,0.760629737555139,0.766946616565252
64,2,0.756524364144661,0.762807148843384
64,3,0.74717987303514,0.753385053589776
64,4,0.731984952093483,0.738063941845396
64,5,0.711098257870491,0.717003787772212
64,6,0.685137156486743,0.690827084593907
64,7,0.654961009051023,0.660400330242718
64,8,0.62152406087297,0.626685694846194
64,9,0.585779033512434,0.590643812127655
64,10,0.548617178085872,0.553173334867196
64,11,0.51083412978083,0.515076505844688
64,12,0.473113645528286,0.477042760456716
64,13,0.436023396627932,0.439644484400454
64,14,0.400018572858745,0.403340647715651
64,15,0.365450249391083,0.368485241182279
64,16,0.332576362625263,0.335338343311267
64,17,0.301573806049802,0.304078316656447
64,18,0.27255064686309,0.274814125892843
64,19,0.245557820697626,0.247597129663273
64,20,0.220599917981144,0.222431956518063
64,21,0.197644856405678,0.199286257712046
64,22,0.176632358935396,0.178099255620572
64,23,0.157481240488454,0.158789090935803
64,24,0.140095560061343,0.141259025883237
64,25,0.124369727074716,0.125402592974723
64,26,0.11019266744749,0.111107795680978
64,27,0.0974511610726217,0.0982604736244416
64,28,0.0860324614577007,0.0867469439754595
64,29,0.0758263028496954,0.0764560252458055
64,30,0.0667263920175262,0.0672805414602116
64,31,0.0586314723153608,0.0591183950564982
64,32,0.0514460375916129,0.0518732867234448
64,33,0.0450807635465924,0.0454551503407805
64,34,0.0394527146630502,0.0397803616282452
64,35,0.0344853760702678,0.034771770274305
64,36,0.0301085517752186,0.0303585973221428
65,0,0.762984393182722,0.783628054848596
65,1,0.762606006129843,0.783239429979101
65,2,0.760274468049661,0.780844808716984
65,3,0.754789503247343,0.775211440148298
65,4,0.745563860360022,0.765736183963356
65,5,0.73244273579531,0.752260048131559
65,6,0.715566155480984,0.734926847187507
65,7,0.695265226266774,0.714076646562315
65,8,0.671984952628149,0.690166490980129
65,9,0.646227766097507,0.663712405995266
65,10,0.618513093729317,0.635247872522889
65,11,0.589349247146578,0.605294955302391
65,12,0.559214685951869,0.574345059362553
65,13,0.528546332005654,0.542846928125515
65,14,0.497733111844479,0.511200011105627
65,15,0.467113305997063,0.479751741507397
65,16,0.436974604767789,0.448797593518288
65,17,0.407556025455271,0.418583051400443
65,18,0.379051048454007,0.389306830444171
65,19,0.351611489464837,0.361124853946734
65,20,0.325351750452393,0.334154619185686
65,21,0.300353189827359,0.308479685842824
65,22,0.276668428121299,0.284154098175362
65,23,0.254325463643651,0.261206612028057
65,24,0.233331516892637,0.239644643260299
65,25,0.213676555764603,0.219457888335159
65,26,0.195336478229726,0.200621593107052
65,27,0.178275947011629,0.183099464197766
65,28,0.162450883441161,0.166846230325116
65,29,0.147810636260469,0.151809869787186
65,30,0.13429984669348,0.137933525995037
65,31,0.121860034332941,0.125157136268234
65,32,0.110430929919806,0.113418800674544
65,33,0.0999515813754222,0.102655917987441
65,34,0.0903612588533107,0.0928061152253905
65,35,0.0816001833849368,0.0838079960121978
65,36,0.0736101021156336,0.0756017313767863
66,0,0.767707161225696,0.805647169780142
66,1,0.767031205635771,0.804937808534832
66,2,0.762981332732204,0.800687791330982
66,3,0.753750056166457,0.791000306031538
66,4,0.73871735154202,0.775224686698403
66,5,0.718023264285225,0.753507899788402
66,6,0.692263610589769,0.726475206669939
66,7,0.662277346034541,0.695007024019894
66,8,0.629001609646894,0.660086804179485
66,9,0.593376216750871,0.622700808048925
66,10,0.556283831749433,0.583775321214735
66,11,0.518515486521393,0.544140468269415
66,12,0.480753745896567,0.504512546326117
66,13,0.443567835607748,0.465488912194511
66,14,0.4074165793189,0.427551064556609
66,15,0.372656148971246,0.391072777334153
66,16,0.33955050226533,0.356331052989965
66,17,0.30828302939576,0.323518344843114
66,18,0.27896841021679,0.292755000214397
66,19,0.251664033275918,0.264101243787398
66,20,0.226380580928819,0.237568285838706
66,21,0.203091564217902,0.213128328329183
66,22,0.181741715948696,0.190723372765319
66,23,0.162254234667169,0.170272822173165
66,24,0.144536926872968,0.151679926859106
66,25,0.128487328017649,0.13483715848731
66,26,0.113996900822672,0.119630615878146
66,27,0.100954416835817,0.105943573680785
66,28,0.0892486273556033,0.0936592852944169
66,29,0.0787703254057058,0.0826631467452353
66,30,0.0694138931563937,0.072844320581281
66,31,0.061078420365287,0.0640969095864261
66,32,0.0536684699512824,0.0563207601888839
66,33,0.0470945573383545,0.0494219654941314
66,34,0.041273401111343,0.0433131283280793
66,35,0.0361279940597581,0.0379134357918553
66,36,0.0315875359830981,0.0331485887463669
67,0,0.756941570787801,0.781306017063966
67,1,0.756481446411167,0.780831082197213
67,2,0.753672480482976,0.777931701232921
67,3,0.747133069322424,0.771181799410939
67,4,0.736251009951318,0.759949468154718
67,5,0.720940269338754,0.744145905200908
67,6,0.701459670962304,0.724038265040932
67,7,0.678279495917837,0.700111966185409
67,8,0.651984932894321,0.672971033385327
67,9,0.623207663766273,0.643267481100555
67,10,0.592578751322514,0.611652684778128
67,11,0.560697493901598,0.578745232980227
67,12,0.528112102558401,0.545110982587127
67,13,0.495309000027954,0.511252013315918
67,14,0.462708285986921,0.477601947017761
67,15,0.430663499460383,0.44452570243701
67,16,0.399464268633304,0.412322230314857
67,17,0.369340796592353,0.381229143518265
67,18,0.340469409423987,0.351428443720326
67,19,0.312978607339566,0.323052767299069
67,20,0.286955223498124,0.296191742400512
67,21,0.262450419690801,0.270898177612272
67,22,0.239485341615199,0.247193899269973
67,23,0.218056325936745,0.225075126123574
67,24,0.198139602135736,0.20451732252754
67,25,0.17969546857115,0.185479508923849
67,26,0.162671947646843,0.16790803466074
67,27,0.14700794210737,0.15173983588342
67,28,0.13263592540439,0.136905212498031
67,29,0.119484205383482,0.123330164722043
67,30,0.107478803501206,0.110938332789584
67,31,0.0965449923590024,0.0996525839755066
67,32,0.0866085332705009,0.0893962899975232
67,33,0.0775966534184142,0.0800943356258473
67,34,0.0694387993222898,0.0716738964035725
67,35,0.0620672001351033,0.064065020074666
67,36,0.055417270936729,0.0572010428586547
68,0,0.760351422959693,0.782850536611777
68,1,0.759952433016807,0.782439740391161
68,2,0.757500108933101,0.779914851021715
68,3,0.751747261949008,0.773991774911707
68,4,0.742098996930254,0.764058013733352
68,5,0.728416771943164,0.749970926039752
68,6,0.710869954971476,0.731904891483462
68,7,0.689824641190583,0.710236838147802
68,8,0.665761541141368,0.685461700997741
68,9,0.639216408552929,0.658131086937205
68,10,0.610737817414876,0.628809802487457
68,11,0.58085817957456,0.59804601378301
68,12,0.550074764607123,0.566351704811777
68,13,0.518838182356598,0.534190819149783
68,14,0.487546347660134,0.501973046099081
68,15,0.456542392781082,0.470051671348869
68,16,0.426115347606898,0.438724277300731
68,17,0.396502688365523,0.40823536720259
68,18,0.367894076869084,0.378780215038178
68,19,0.340435785819015,0.350509421778771
68,20,0.314235441018132,0.323533797919286
68,21,0.289366816150118,0.297929300137273
68,22,0.265874496350336,0.273741832860725
68,23,0.24377828814708,0.250991788701313
68,24,0.223077299561234,0.229678249285891
68,25,0.203753648478593,0.209782803361084
68,26,0.185775782466947,0.191272964845141
68,27,0.169101411087082,0.174105191907228
68,28,0.153680064104009,0.15822752087719
68,29,0.139455297158376,0.143581837183695
68,30,0.126366571446708,0.130105810654989
68,31,0.114350836598104,0.117734525233573
68,32,0.103343846860568,0.106401834109028
68,33,0.093281240415532,0.0960414709699077
68,34,0.0840994105036314,0.086587946906482
68,35,0.0757361953575395,0.077977260758973
68,36,0.0681314119162911,0.0701474486247052
69,0,0.760191844444033,0.795305314655338
69,1,0.759261450988157,0.794331946070044
69,2,0.753791677802423,0.788609522557654
69,3,0.741586943367909,0.775841048085497
69,4,0.722141670779563,0.755497593012332
69,5,0.695956603369298,0.728103030142189
69,6,0.664074927929535,0.69474873135212
69,7,0.627775712392029,0.656772845073161
69,8,0.588378607998203,0.615555977600245
69,9,0.547126108068581,0.572398013361834
69,10,0.505118879915294,0.528450459795692
69,11,0.463286547862585,0.48468588082908
69,12,0.422381381512385,0.441891293603578
69,13,0.382986075640957,0.400676307727304
69,14,0.345529532686818,0.361489636760281
69,15,0.31030653116864,0.324639675121969
69,16,0.27749857707617,0.290316312613664
69,17,0.247194236406067,0.25861220611975
69,18,0.219407945456444,0.229542458754917
69,19,0.194096773560011,0.203062156872554
69,20,0.171174931994739,0.179081549145986
69,21,0.150526028377317,0.15747886699573
69,22,0.132013191471741,0.138110917065776
69,23,0.115487261597468,0.120821649948942
69,24,0.100793274536263,0.105448943587169
69,25,0.0877754748423191,0.091829848147801
69,26,0.076281086874404,0.0798045312407525
69,27,0.0661630550794032,0.0692191447764963
69,28,0.0572819434561992,0.0599278121667033
69,29,0.0495071606654201,0.0517939100221472
69,30,0.0427176538362221,0.0446907940066117
69,31,0.036802191935032,0.0385020952945144
69,32,0.0316593392712901,0.0331216928528719
69,33,0.0271972016412569,0.0284534478594198
69,34,0.0233330118409012,0.0244107700702265
69,35,0.0199926077528987,0.020916071799387
69,36,0.0171098447821174,0.0179001532147425
70,0,0.768468943289536,0.797399811501772
70,1,0.767889240205348,0.796798284095759
70,2,0.764387679442706,0.793164898626542
70,3,0.756332787551825,0.784806760888456
70,4,0.743092099323084,0.771067594992491
70,5,0.724691607904084,0.751974372661029
70,6,0.701568368923982,0.727980603537302
70,7,0.674393649214296,0.699782825912927
70,8,0.643949097261746,0.668192115318559
70,9,0.611042413419571,0.63404657993677
70,10,0.576452136051205,0.598154068086832
70,11,0.540893613668244,0.561256859301685
70,12,0.505000145457599,0.524012094844718
70,13,0.469314757292558,0.486983244108912
70,14,0.434289228184132,0.450639094416599
70,15,0.40028786538839,0.415357668249825
70,16,0.367594202403869,0.381433173410042
70,17,0.336419308327453,0.34908462519974
70,18,0.306910785431157,0.318465182734728
70,19,0.279161822729293,0.289671543354692
70,20,0.253219889032956,0.262752962948695
70,21,0.229094807037472,0.237719634011139
70,22,0.206766064044797,0.214550271593948
70,23,0.186189295653317,0.19319884109053
70,24,0.16730193443265,0.173600419568567
70,25,0.150028052641351,0.155676220803522
70,26,0.134282451363959,0.139337838361118
70,27,0.119974061806071,0.124490774942376
70,28,0.107008730753701,0.111037332708312
70,29,0.095291463534329,0.0988789406826723
70,30,0.0847281958253881,0.0879179932644256
70,31,0.0752271615346145,0.0780592696052701
70,32,0.0666999185967704,0.069210998024951
70,33,0.0590620885179233,0.0612856233974684
70,34,0.0522338592908618,0.0542003289999584
70,35,0.0461402952028625,0.0478773579839211
70,36,0.0407114912554894,0.0422441736085255
71,0,0.7675885597502,0.80234005262346
71,1,0.766876764964491,0.801596032329555
71,2,0.762624219163048,0.797150958495699
71,3,0.752961814243236,0.787051101777727
71,4,0.737278335787586,0.770657575884741
71,5,0.715759368707568,0.748164367824158
71,6,0.689061318506497,0.720257600935602
71,7,0.658085464063722,0.687879358232557
71,8,0.623825396836666,0.652068214628769
71,9,0.587267715250609,0.613855435406142
71,10,0.549330854182761,0.574201036289705
71,11,0.510830770285562,0.533957915222164
71,12,0.472465135632581,0.493855330399349
71,13,0.434809919656813,0.454495327460564
71,14,0.398323922923118,0.416357478521206
71,15,0.363358091165264,0.379808617889737
71,16,0.330167381809514,0.345115245831446
71,17,0.298923653754179,0.312457001914642
71,18,0.269728563276865,0.281940144761979
71,19,0.242625820040935,0.253610362930378
71,20,0.217612422273804,0.227464518746219
71,21,0.194648676156644,0.203461121308834
71,22,0.173666931831314,0.181529458007865
71,23,0.154579052818179,0.161577402108474
71,24,0.137282688872014,0.14349796960198
71,25,0.121666453278327,0.127174730896994
71,26,0.107614120956097,0.112486198985354
71,27,0.0950079684116165,0.0993093206076858
71,28,0.0837313741980102,0.0875221944450672
71,29,0.0736707916998918,0.077006133218738
71,30,0.0647171966585661,0.06764717674997
71,31,0.0567671011973003,0.0593371518939073
71,32,0.0497232151005084,0.0519743637572357
71,33,0.0434948243424184,0.045463991364203
71,34,0.0379979467255207,0.0397182503413799
71,35,0.0331553151937739,0.0346563754753942
71,36,0.0288962310355266,0.0302044672698212
72,0,0.765802511821884,0.799967389170905
72,1,0.765094326048016,0.799227608984991
72,2,0.760862699894207,0.794807196575849
72,3,0.751246184226567,0.784761657663654
72,4,0.735634457295916,0.768453442111513
72,5,0.714210156385319,0.746073335230578
72,6,0.687624844340001,0.718301968149801
72,7,0.656774312880313,0.68607509669749
72,8,0.622646787341232,0.650425034073104
72,9,0.586224054189044,0.612377367349073
72,10,0.548420501165022,0.572887278002063
72,11,0.510048869127278,0.532803765835939
72,12,0.471804423110147,0.492853113861938
72,13,0.434261460581003,0.453635240777753
72,14,0.397877746110294,0.415628333482257
72,15,0.363003717715335,0.379198464143468
72,16,0.329894247670099,0.344611875695349
72,17,0.298721434759624,0.312048344795224
72,18,0.269587414082606,0.281614563112269
72,19,0.24253653962659,0.253356863406
72,20,0.217566558674653,0.227272892458652
72,21,0.194638582303476,0.203322026388774
72,22,0.173685783178853,0.181434456482962
72,23,0.154620836055559,0.161518961640018
72,24,0.137342169587399,0.143469439094049
72,25,0.12173912908849,0.127170297502903
72,26,0.107696165365407,0.11250083265739
72,27,0.0950961695606207,0.0993387111026573
72,28,0.0838230717086934,0.087562684624212
72,29,0.0737638140200282,0.077054651566114
72,30,0.0648098006416239,0.067701171270153
72,31,0.0568579151134901,0.0593945269242192
72,32,0.0498111858435461,0.052033420726147
72,33,0.043579169259912,0.045523374129644
72,34,0.038078110243767,0.0397768954345674
72,35,0.0332309302165389,0.0347134673426459
72,36,0.0289670849589206,0.0302593984333512
73,0,0.765828088112676,0.790322578452208
73,1,0.764709161831521,0.789167864075252
73,2,0.758204040897816,0.782454681274476
73,3,0.743870681246136,0.767662878866555
73,4,0.721326619538716,0.744397760684088
73,5,0.691361012337373,0.713473723924591
73,6,0.655349611028945,0.67631052244697
73,7,0.614881415317169,0.634547979029348
73,8,0.571531172507388,0.589811208198197
73,9,0.526730602474242,0.543577722414224
73,10,0.481704932331683,0.497111936846993
73,11,0.437451304285381,0.451442886617181
73,12,0.394742840266364,0.40736842143476
73,13,0.354147331549531,0.365474492992237
73,14,0.316053211767682,0.326161958707874
73,15,0.280698070730423,0.289676007539682
73,16,0.248196773570651,0.256135178503685
73,17,0.218567486280594,0.225558218619009
73,18,0.191754737551656,0.197887882364996
73,19,0.167649187268587,0.173011332457204
73,20,0.146104110851098,0.150777151429471
73,21,0.126948808661317,0.13100917993215
73,22,0.109999255936627,0.113517507295801
73,23,0.0950663531696597,0.0981069857939702
73,24,0.0819621420325196,0.0845836453795313
73,25,0.07050433342031,0.0727593665545933
73,26,0.0605194625876607,0.0624551364219287
73,27,0.051844948740024,0.0535031741508936
73,28,0.0443302973794644,0.0457481717794304
73,29,0.0378376460033875,0.0390478573665992
73,30,0.0322418190234477,0.0332730516680286
73,31,0.0274300268118607,0.0283073575564303
73,32,0.0233013168657912,0.0240465936318525
73,33,0.0197658621469354,0.0203980597992882
73,34,0.0167441524455028,0.0172797027689844
73,35,0.0141661387734287,0.0146192330836535
73,36,0.0119703679052167,0.0123532319781937
74,0,0.755930472917804,0.786622619318566
74,1,0.755376567069058,0.786046223889084
74,2,0.752025874934576,0.782559487584906
74,3,0.744305189758715,0.774525328606597
74,4,0.731592199241497,0.761296167647619
74,5,0.713894621005957,0.74288003568048
74,6,0.691616261265917,0.71969713418269
74,7,0.665389099256466,0.692405101890972
74,8,0.635955157269114,0.661776088545879
74,9,0.604085588661904,0.628612557728565
74,10,0.570527304303028,0.593691746241334
74,11,0.535969722313379,0.557731063829514
74,12,0.501025995533168,0.521368558449221
74,13,0.46622444894452,0.485154006033795
74,14,0.432007027700996,0.449547295510519
74,15,0.398732381137088,0.414921638026478
74,16,0.366681841451776,0.381569788377502
74,17,0.336067039229905,0.349711969733502
74,18,0.307038264524467,0.31950457419584
74,19,0.279692957927288,0.291048998620861
74,20,0.254083921462072,0.264400188890071
74,21,0.230226990416513,0.239574623232525
74,22,0.208108017076284,0.216557579511072
74,23,0.187689095651828,0.195309612892438
74,24,0.168914012224328,0.175772227070884
74,25,0.151712940272168,0.157872760441542
74,26,0.136006425899386,0.14152853313636
74,27,0.121708720825428,0.126650315339279
74,28,0.108730528221892,0.113145184608924
74,29,0.0969812286513948,0.100918842194615
74,30,0.0863706522199474,0.0898774571413468
74,31,0.0768104597460283,0.0799291035368195
74,32,0.0682151911208503,0.0709848514370375
74,33,0.0605030336962676,0.0629595664521551
74,34,0.0535963579228762,0.0557724671324535
74,35,0.0474220618708789,0.049347483477378
74,36,0.0419117608997784,0.0436134543061634
75,0,0.770457301168789,0.775375777486219
75,1,0.769633843558206,0.774547063053811
75,2,0.764753544263899,0.769635608708517
75,3,0.753764689538103,0.758576602889802
75,4,0.736092820150922,0.740791919111825
75,5,0.712071296077577,0.71661704546663
75,6,0.682546826811218,0.686904096705494
75,7,0.648612377537311,0.652753015329009
75,8,0.611431846645434,0.61533512986812
75,9,0.572130033385556,0.575782420111503
75,10,0.531728333072025,0.535122801798007
75,11,0.491111821824269,0.4942470012316
75,12,0.451017319555327,0.45389654206593
75,13,0.412034955412944,0.414665320738937
75,14,0.3746179409598,0.377009442043507
75,15,0.339096865499744,0.34126160571279
75,16,0.305696005307569,0.307647519765486
75,17,0.274549991509976,0.276302674791897
75,18,0.245719792024926,0.247288427919433
75,19,0.219207393722234,0.220606778701769
75,20,0.194968869142298,0.196213519253417
75,21,0.172925713417218,0.174029643543946
75,22,0.152974468300663,0.153951032866106
75,23,0.134994731458581,0.135856516256583
75,24,0.118855695262094,0.119614451031495
75,25,0.104421381198167,0.105087990612702
75,26,0.0915547416576175,0.0921392125009832
75,27,0.0801207960385426,0.0806322743998371
75,28,0.0699889569235002,0.0704357552426123
75,29,0.0610346874293265,0.0614243231225797
75,30,0.0531406146632173,0.0534798558571397
75,31,0.0461972078623358,0.0464921234565649
75,32,0.0401031140859198,0.0403591259591119
75,33,0.0347652297697109,0.0349871654422432
75,34,0.0300985733071533,0.0302907177904038
75,35,0.0260260121933532,0.0261921580971119
75,36,0.022477888152394,0.0226213833991463
76,0,0.772659004278846,0.79574766780244
76,1,0.771984154788253,0.795052652400713
76,2,0.767939146389544,0.790886770709451
76,3,0.758714431769238,0.78138640236507
76,4,0.743684857141909,0.765907712682392
76,5,0.722984584573609,0.744588872769986
76,6,0.69720411177776,0.718038025645271
76,7,0.667178300272481,0.687114980230818
76,8,0.633841657228028,0.652782168721366
76,9,0.59813280958926,0.616006266193727
76,10,0.560934514360341,0.577696408273588
76,11,0.523038945726341,0.538668440963871
76,12,0.485130608663044,0.499627323677543
76,13,0.447781223862268,0.461161861313829
76,14,0.411452447114273,0.423747504901437
76,15,0.376503435289464,0.387754143667592
76,16,0.343201135030224,0.353456701177446
76,17,0.311731815093054,0.321047012286673
76,18,0.282212840355096,0.290645948979874
76,19,0.254704034774677,0.2623151228801
76,20,0.229218233048541,0.236067752211616
76,21,0.205730800270471,0.211878465925798
76,22,0.184188023986339,0.189691946528296
76,23,0.164514367776112,0.169430400413206
76,24,0.14661863064183,0.150999901306422
76,25,0.130399090210932,0.134295687158603
76,26,0.115747726235267,0.119206509851154
76,27,0.102553628687358,0.105618145133518
76,28,0.0907056953480589,0.0934161708203788
76,29,0.0800947196565891,0.082488117031015
76,30,0.0706149625783287,0.0727250850277835
76,31,0.0621652936398411,0.0640229223476504
76,32,0.0546499769959781,0.0562830323586215
76,33,0.0479791690516616,0.0494128867515017
76,34,0.0420691851681969,0.0433263002159492
76,35,0.0368425845923141,0.0379435179073739
76,36,0.0322281150956305,0.0331911584321113
77,0,0.771729147232996,0.813618243738425
77,1,0.770265958889344,0.81207563421708
77,2,0.761909554797841,0.803265648427021
77,3,0.743863329198403,0.784239882157901
77,4,0.716057966624669,0.754925257532325
77,5,0.67985851377133,0.716760915339956
77,6,0.637252912803417,0.671842702315058
77,7,0.590364077988103,0.622408763516504
77,8,0.541175447020546,0.57055019670817
77,9,0.491394058325284,0.518066697560416
77,10,0.442399381466556,0.466412612599058
77,11,0.395243132691937,0.416696744736788
77,12,0.350677166567994,0.369711758853754
77,13,0.309194721205995,0.325977665794787
77,14,0.271075876860557,0.285789748439489
77,15,0.236431836640835,0.249265245949675
77,16,0.205245107422619,0.216385715682549
77,17,0.177404244322519,0.187033663578671
77,18,0.152732804058075,0.161023069096881
77,19,0.131012729026932,0.138124038570346
77,20,0.112002693242944,0.118082146951468
77,21,0.0954520789918844,0.100633173113923
77,22,0.0811112845492075,0.0855139670685127
77,23,0.0687390325000353,0.0724701549753336
77,24,0.0581072841284882,0.0612613202838594
77,25,0.0490042866534047,0.0516642163711874
77,26,0.0412361983472089,0.0434744798715968
77,27,0.0346276585734326,0.0365072316554399
77,28,0.0290215991467728,0.0305968779499123
77,29,0.0242785317523878,0.0255963590798023
77,30,0.0202754937873387,0.0213760380896995
77,31,0.0169047914898483,0.0178223756508993
77,32,0.0140726437834712,0.0148365002940694
77,33,0.0116978018872921,0.0123327530925369
77,34,0.00971019739476956,0.010237262359485
77,35,0.0080496542111109,0.00848658566989219
77,36,0.00666468655852181,0.00702644262206993
78,0,0.781343452661162,0.798833387305018
78,1,0.780222791883998,0.797687641165349
78,2,0.773699758158592,0.791018592991178
78,3,0.759307452757762,0.776304123911907
78,4,0.736639243957505,0.753128499980622
78,5,0.70646642573637,0.722280280158679
78,6,0.670155032607894,0.685156076875486
78,7,0.629292235068836,0.643378588548543
78,8,0.585457547496831,0.598562686098296
78,9,0.540092377547638,0.55218204228186
78,10,0.494434875509291,0.505502522686531
78,11,0.449496844010075,0.459558578574535
78,12,0.406066577376872,0.415156149798817
78,13,0.364726617863533,0.372890818494615
78,14,0.325879068840406,0.333173688890536
78,15,0.289773685556429,0.296260106866583
78,16,0.256535764427969,0.262278173529082
78,17,0.226192088490092,0.231255271436305
78,18,0.198694019401738,0.203141673505225
78,19,0.173937372480825,0.17783086293813
78,20,0.151779056238137,0.155176545223128
78,21,0.132050663831631,0.13500654382554
78,22,0.114569315424619,0.117133885246178
78,23,0.0991460994400623,0.101365429228383
78,24,0.0855924696170643,0.0875084090090309
78,25,0.0737249392267965,0.0753752306118554
78,26,0.0633683844945286,0.0647868502147202
78,27,0.05435823336987,0.0555750119142559
78,28,0.0465417779505929,0.0475835895275534
78,29,0.0397788120022275,0.040669238382278
78,30,0.0339417608198273,0.0347015280853164
78,31,0.0289154400233386,0.029562695918917
78,32,0.0245965530962662,0.02514713313204
78,33,0.020893014557026,0.0213606929612808
78,34,0.0177231663746549,0.0181198895064853
78,35,0.0150149392730945,0.0153510402613008
78,36,0.0127049975279461,0.0129893917666862
79,0,0.776467436135325,0.784518870614923
79,1,0.775763659282543,0.783807796079128
79,2,0.771553742545207,0.779554225394186
79,3,0.761974684920391,0.769875839515211
79,4,0.746403986922165,0.754143684063781
79,5,0.725008581137763,0.732526422603506
79,6,0.698424937658211,0.705667124983492
79,7,0.667536536809587,0.674458432614531
79,8,0.633322973669595,0.639890098303057
79,9,0.596761202986109,0.602949207147267
79,10,0.55876424745104,0.564558249257846
79,11,0.520146390791552,0.525539951925425
79,12,0.481606707001188,0.486600638061136
79,13,0.443724932495044,0.448326055548871
79,14,0.40696532139366,0.411185272505813
79,15,0.371685354771297,0.375539476839651
79,16,0.33814709567449,0.341653449010877
79,17,0.306529665576073,0.309708167859082
79,18,0.276941821046166,0.279813517685387
79,19,0.24943397546183,0.252020434618975
79,20,0.224009273260406,0.226332095702845
79,21,0.200633509512724,0.202713941326187
79,22,0.179243815335125,0.181102450698157
79,23,0.159756115044491,0.161412676328501
79,24,0.142071415505056,0.143544598590565
79,25,0.126081020512394,0.127388394174874
79,26,0.111670779826468,0.112828729181735
79,27,0.0987244884511315,0.099748193648934
79,28,0.0871265505368617,0.0880299930773145
79,29,0.0767640164630149,0.0775600066361753
79,30,0.0675280931098666,0.0682283130957972
79,31,0.059315217383937,0.059930275484489
79,32,0.052027772627982,0.052567264927258
79,33,0.045574517242607,0.0460470937119366
79,34,0.0398707850620119,0.0402842177426852
79,35,0.0348385079950338,0.0351997594158083
79,36,0.0304061032848738,0.0307213937104408
80,0,0.785856450953871,0.807105454651261
80,1,0.784590989203564,0.805805775708516
80,2,0.777281229350183,0.798298365108661
80,3,0.761291613734682,0.781876401573994
80,4,0.736329216856638,0.756239039105335
80,5,0.703397528547208,0.72241690119051
80,6,0.664119005296048,0.682076314397365
80,7,0.620311716323395,0.637084507254475
80,8,0.573738376813112,0.589251857519975
80,9,0.525970048724026,0.540191907559043
80,10,0.478324149785759,0.491257697146745
80,11,0.431848896906286,0.443525786236312
80,12,0.387335225706714,0.397808496789724
80,13,0.345343540859113,0.354681386425791
80,14,0.306237077720485,0.314517512129164
80,15,0.270216721413856,0.277523190814788
80,16,0.237354221633504,0.243772112238028
80,17,0.207622142414292,0.213236098584616
80,18,0.180919801075012,0.185811744784716
80,19,0.157095027733089,0.161342766389545
80,20,0.135961922540336,0.139638236950248
80,21,0.117314977821662,0.120487092009267
80,22,0.100940020020787,0.103669366908546
80,23,0.0866224490293394,0.0889646589042691
80,24,0.0741532357397831,0.0761582868893862
80,25,0.0633330998639521,0.0650455821774112
80,26,0.0539752406710039,0.0554346930776025
80,27,0.0459069406824104,0.0471482319527339
80,28,0.0389703110348706,0.0400240407360944
80,29,0.0330223997681389,0.0339153021473434
80,30,0.0279348420083069,0.0286901804169947
80,31,0.0235931943578072,0.0242311376787964
80,32,0.0198960647116478,0.0204340402568102
80,33,0.0167541228317733,0.017207142486402
80,34,0.0140890558058239,0.0144700139293429
80,35,0.0118325154067142,0.0121524582707341
80,36,0.0099250907648892,0.010193458213046
81,0,0.762430358324337,0.793477837797131
81,1,0.761790072054256,0.792811477965563
81,2,0.757944157116012,0.78880895073638
81,3,0.749152692126248,0.779659482125924
81,4,0.734794215833809,0.7647163039088
81,5,0.71496982119093,0.744084625716657
81,6,0.690219488844084,0.718326417139419
81,7,0.661322445484786,0.68825263632374
81,8,0.629159904691433,0.654780381385125
81,9,0.59462366794861,0.618837769503074
81,10,0.558558040075236,0.581303487045257
81,11,0.521725591286174,0.542971157401208
81,12,0.484789671673327,0.504531143422931
81,13,0.448308406594642,0.466564298295779
81,14,0.41273629457822,0.429543628511981
81,15,0.37843058846868,0.393840934868293
81,16,0.345660440841982,0.359736330297885
81,17,0.314617395187355,0.327429158271307
81,18,0.285426251181061,0.297049300522927
81,19,0.258155661608646,0.268668205498157
81,20,0.232828058193089,0.24230921837843
81,21,0.209428675528503,0.217956972485062
81,22,0.187913563335046,0.195565727806994
81,23,0.16821656030069,0.175066628829438
81,24,0.150255257793772,0.156373911099084
81,25,0.133936016292776,0.139390121931561
81,26,0.119158117230456,0.124010441325814
81,27,0.105817142413795,0.110126198999872
81,28,0.093807675491191,0.0976276858664394
81,29,0.0830254174859543,0.0864063557145692
81,30,0.0733688029512143,0.0763565071771814
81,31,0.0647401960890431,0.0673765285582234
81,32,0.0570467381115257,0.0593697796997438
81,33,0.0502009088236347,0.0522451764333911
81,34,0.0441208572926956,0.0459175347153099
81,35,0.0387305488023388,0.0403077235643111
81,36,0.0339597682267963,0.0353426685735763
82,0,0.764911635172046,0.790943851651078
82,1,0.764334875742256,0.7903474633836
82,2,0.760851015065214,0.786745036572697
82,3,0.752836631826333,0.778457900051179
82,4,0.73966218147084,0.764835083991889
82,5,0.721353249120256,0.74590304425408
82,6,0.698344449434422,0.722111186726264
82,7,0.671303490394368,0.694149943476684
82,8,0.641007975354388,0.662823382013039
82,9,0.608261495812953,0.628962442440992
82,10,0.573838687750808,0.593368123906152
82,11,0.538451364495909,0.556776464859737
82,12,0.502729740753665,0.519839128086757
82,13,0.46721423893534,0.483114928179419
82,14,0.432354510488828,0.447068819560881
82,15,0.398513183398264,0.412075771523411
82,16,0.365972519400818,0.378427652010059
82,17,0.334942675965582,0.346341770773234
82,18,0.305570654428924,0.315970132041712
82,19,0.277949305075319,0.287408746071127
82,20,0.25212597457433,0.260706570878934
82,21,0.228110538435974,0.235873818068109
82,22,0.205882674638897,0.212889473998508
82,23,0.185398314926305,0.191707970639574
82,24,0.166595265689127,0.172264997748864
82,25,0.149398027230272,0.154482486150189
82,26,0.133721863424999,0.138272815896622
82,27,0.119476187105995,0.123542316870295
82,28,0.106567332754383,0.110194135836325
82,29,0.0949007894169142,0.0981305453528093
82,30,0.0843829648002951,0.0872547679025315
82,31,0.074922547403403,0.077472384382582
82,32,0.0664315282037764,0.068692390561877
82,33,0.0588259374384803,0.060827958936867
82,34,0.0520263458484506,0.0537969570347156
82,35,0.04595817368784,0.0475222669391522
82,36,0.0405518450306045,0.0419319448485703
83,0,0.758014862901066,0.781177593588375
83,1,0.757506912164938,0.780654121354346
83,2,0.754420501972833,0.777473399438858
83,3,0.747273051753443,0.770107543918153
83,4,0.735443381952999,0.757916393797049
83,5,0.718889987967623,0.740857176211622
83,6,0.697943396242152,0.719270517534038
83,7,0.67315530550561,0.693724974802708
83,8,0.645190960826051,0.664906121041122
83,9,0.614754183609074,0.633539284391051
83,10,0.582536838875871,0.600337471257507
83,11,0.549186385007907,0.565967924467952
83,12,0.515286619801351,0.531032280982127
83,13,0.481347890057695,0.496056482316217
83,14,0.447803934365646,0.461487520849335
83,15,0.41501323188225,0.427694829819483
83,16,0.383263275250815,0.394974686809416
83,17,0.352776606489359,0.3635564340743
83,18,0.323717777267984,0.33360965150493
83,19,0.29620064061554,0.30525167114775
83,20,0.270295566580963,0.278555013355828
83,21,0.24603631307571,0.253554467584265
83,22,0.223426385608808,0.23025364646025
83,23,0.202444794234231,0.208630918646025
83,24,0.183051169320111,0.188644680931126
83,25,0.165190234859665,0.170237968234686
83,26,0.14879566298538,0.153342425902375
83,27,0.133793349236092,0.137881685056116
83,28,0.120104157368547,0.123774191279105
83,29,0.107646186949704,0.110935541499151
83,30,0.0963366180239211,0.0992803850235208
83,31,0.0860931858869828,0.0887239433777801
83,32,0.0768353362160817,0.0791832007331845
83,33,0.0684851070928963,0.0705778128818213
83,34,0.0609677802473365,0.06283077838047
83,35,0.0542123394510414,0.0558689109512724
83,36,0.0481517696176431,0.0496231477216321
84,0,0.765316886372862,0.815618647636126
84,1,0.764467944762162,0.814713907886134
84,2,0.759447532036164,0.809363519947408
84,3,0.74817082752669,0.797345634747723
84,4,0.730081482472913,0.778067336552435
84,5,0.705554601565411,0.751928384449446
84,6,0.675485458561626,0.719882895595073
84,7,0.641012809843471,0.683144473082025
84,8,0.603338703878656,0.64299417206939
84,9,0.563616568866585,0.600661231797666
84,10,0.522886827335175,0.557254458344829
84,11,0.482044901985732,0.513728127600653
84,12,0.441830679828551,0.470870756914598
84,13,0.402831629568513,0.429308427376911
84,14,0.365494080345485,0.389516803873524
84,15,0.33013886791868,0.351837809642643
84,16,0.296978789998452,0.316498228888079
84,17,0.266136202274342,0.283628459336332
84,18,0.237659719452092,0.253280310977822
84,19,0.211539428503047,0.22544321923313
84,20,0.187720325068999,0.200058564488536
84,21,0.166113886657968,0.177032005959873
84,22,0.146607826387086,0.156243876516857
84,23,0.129074149731105,0.13755776897516
84,24,0.113375679624812,0.120827490072346
84,25,0.0993712337654863,0.105902578057388
84,26,0.086919640345232,0.0926325823638725
84,27,0.0758827706430081,0.0808702955243289
84,28,0.0661277531105246,0.0704741127807084
84,29,0.0575285166985946,0.0613096768484995
84,30,0.0499667931560864,0.0532509460934931
84,31,0.0433326901781059,0.046180805351109
84,32,0.0375249303836678,0.0399913206112842
84,33,0.0324508356241744,0.0345837222955987
84,34,0.0280261222847313,0.0298681871044206
84,35,0.0241745611040653,0.0257634754779061
84,36,0.0208275445659543,0.0221964705534912
85,0,0.761174083085237,0.788701639022656
85,1,0.76069108676143,0.788201175330192
85,2,0.757748525012422,0.785152197013746
85,3,0.750913865215164,0.778070364481547
85,4,0.7395673121303,0.766313467847577
85,5,0.723641005965149,0.749811193196925
85,6,0.70342556640667,0.728864670361161
85,7,0.679428536567499,0.703999797546371
85,8,0.652272566094418,0.675861742274497
85,9,0.622623794889115,0.645140735130049
85,10,0.591142986760922,0.612521436180951
85,11,0.558453620367417,0.578649871940787
85,12,0.525122457691595,0.544113301112733
85,13,0.491649146600114,0.509429441128486
85,14,0.458462229126967,0.475042332073106
85,15,0.425919565740629,0.441322776295623
85,16,0.394311684003293,0.408571808171187
85,17,0.363866946692619,0.377026049125876
85,18,0.33475773289099,0.346864112262564
85,19,0.307107054392508,0.318213458047635
85,20,0.280995203934891,0.291157282973515
85,21,0.256466163117467,0.265741159216461
85,22,0.233533595873666,0.241979244860586
85,23,0.212186325528822,0.21985995903126
85,24,0.192393245725393,0.199351070421974
85,25,0.174107652515075,0.180404186054834
85,26,0.157271010373554,0.162958653491729
85,27,0.141816181660733,0.146944907086687
85,28,0.127670159362175,0.13228729955583
85,29,0.114756348536028,0.118906465931901
85,30,0.10299644408417,0.106721269244258
85,31,0.0923119522826769,0.0956503770748794
85,32,0.0826254017137037,0.0856135162831156
85,33,0.073861286414604,0.0765324502634132
85,34,0.0659467806265221,0.0683317195425073
85,35,0.0588122607939476,0.0609391826568799
85,36,0.0523916666598414,0.0542863903067471
86,0,0.77300269092667,0.803389495951505
86,1,0.77232042187966,0.80268040684714
86,2,0.768233258929075,0.798432577154846
86,3,0.758918359020369,0.788751507696313
86,4,0.743751772477064,0.772988721277388
86,5,0.72287656788415,0.751292910521955
86,6,0.696895441750914,0.724290463993069
86,7,0.666656007069776,0.692862314425808
86,8,0.6331044839624,0.657991877939582
86,9,0.597189354239688,0.620664921250243
86,10,0.559801054956845,0.581806884573399
86,11,0.521737262458818,0.542246800982574
86,12,0.483685985671299,0.502699725095956
86,13,0.446220724848273,0.463761701513892
86,14,0.409803500648001,0.425912912968103
86,15,0.374792728913858,0.389525864660873
86,16,0.341453795503618,0.354876374791822
86,17,0.309970840592414,0.32215582210286
86,18,0.28045874577202,0.291483604191423
86,19,0.252974670920273,0.262919127895269
86,20,0.227528742920441,0.236472918186353
86,21,0.204093679335066,0.212116620152155
86,22,0.182613255888694,0.18979179933592
86,23,0.163009611484366,0.169417533913991
86,24,0.145189439435379,0.150896849305452
86,25,0.129049146943883,0.134122080470291
86,26,0.114479082854536,0.118979265856425
86,27,0.101366941027473,0.105351684559573
86,28,0.0896004467715041,0.0931226483603755
86,29,0.0790694291930355,0.0821776555375433
86,30,0.0696673748850953,0.0724060056325351
86,31,0.0612925494118002,0.0637019650196796
86,32,0.0538487634489359,0.055965563163811
86,33,0.0472458508396517,0.0491030894683761
86,34,0.0413999166185552,0.0430273510493776
86,35,0.0362334044941845,0.037657742870589
86,36,0.0316750254936021,0.0329201735831604
87,0,0.770301870505246,0.785261122164499
87,1,0.769556909838871,0.784501694372298
87,2,0.765116593431128,0.779975147081399
87,3,0.755054033530435,0.769717172406766
87,4,0.73876498004804,0.753111785731289
87,5,0.716475740240697,0.730389689195514
87,6,0.688897330281764,0.702275706897043
87,7,0.656987363081345,0.669746048575431
87,8,0.621790563093564,0.633865727219239
87,9,0.584336014828463,0.595683812145443
87,10,0.545574780030105,0.556169834704007
87,11,0.506345737480007,0.516178964690769
87,12,0.46736070540835,0.476436843836086
87,13,0.429202331018576,0.437537434344021
87,14,0.392330055131072,0.399949099369333
87,15,0.357090822832614,0.364025521667577
87,16,0.323732222246156,0.330019097519629
87,17,0.292416477457,0.29809520140028
87,18,0.263234263348843,0.268346269098213
87,19,0.236217699708085,0.240805044165636
87,20,0.2113521578546,0.215456613833656
87,21,0.188586704587144,0.192249055778967
87,22,0.167843137700991,0.17110264911111
87,23,0.149023651627461,0.151917688878616
87,24,0.132017223565963,0.134580996219642
87,25,0.116704839330668,0.11897124569452
87,26,0.102963691068587,0.104963244523456
87,27,0.090670481212695,0.0924313007023798
87,28,0.0797039622908831,0.0812518121349538
87,29,0.069946833234201,0.0713051997670927
87,30,0.0612871015362675,0.062477296199492
87,31,0.0536190083396137,0.0546602887391352
87,32,0.0468436011589497,0.0477533032448381
87,33,0.0408690270741435,0.0416627030140317
87,34,0.0356106081875526,0.0363021657054738
87,35,0.0309907511305928,0.0315925910884365
87,36,0.0269387335008247,0.0274618833324045
88,0,0.772664952232167,0.781461500640603
88,1,0.772139736641771,0.780930305635258
88,2,0.768950660995682,0.777704923362062
88,3,0.761571291767066,0.770241542326704
88,4,0.749367656212214,0.75789897220441
88,5,0.732304898818742,0.740641960663704
88,6,0.710731442581788,0.718822897386366
88,7,0.685222474162511,0.69302351735349
88,8,0.656468526345558,0.663942214849133
88,9,0.625198069478816,0.632315753627868
88,10,0.592125507788966,0.598866671184676
88,11,0.557917937426871,0.564269658351099
88,12,0.523175566261426,0.529131756174576
88,13,0.488421905704523,0.49398243608041
88,14,0.454100790455122,0.459270585686558
88,15,0.420578017764773,0.425366166731675
88,16,0.388145967528422,0.39256488776421
88,17,0.357030003282317,0.361094678013666
88,18,0.32739579005023,0.331123088548207
88,19,0.299356920223238,0.302765004972697
88,20,0.272982431007735,0.276090250460494
88,21,0.248303940475547,0.251130803045265
88,22,0.225322234998737,0.227887458051676
88,23,0.204013217595882,0.206335844161716
88,24,0.184333181324125,0.186431756842678
88,25,0.166223409695558,0.168115811137837
88,26,0.149614131363385,0.15131744137547
88,27,0.134427872258955,0.135958291468928
88,28,0.120582257468541,0.121955048691899
88,29,0.107992319337533,0.109221778059645
88,30,0.0965723690398265,0.097671815205622
88,31,0.0862374872536013,0.0872192740281362
88,32,0.0769046864644313,0.0777802222259093
88,33,0.0684937933801127,0.0692735737589237
88,34,0.0609280954298265,0.0616217427077753
88,35,0.0541347906473454,0.0547510982786599
88,36,0.0480452756216095,0.0485922560321758
89,0,0.760640864751507,0.78452693005836
89,1,0.76022606460136,0.784099104124384
89,2,0.757680997712588,0.781474115636954
89,3,0.751722261207529,0.775328259591121
89,4,0.741748710764427,0.765041514198517
89,5,0.727633765356329,0.750483323464742
89,6,0.709568707188957,0.73185097634518
89,7,0.687945846954587,0.709549103089535
89,8,0.663272678088537,0.684101133722787
89,9,0.636109964180636,0.656085441243286
89,10,0.607028171151936,0.626090405658587
89,11,0.576577835971926,0.594683852204709
89,12,0.545270410419296,0.562393293552094
89,13,0.513566875765551,0.529694186961196
89,14,0.48187202832764,0.497004040386892
89,15,0.4505328160218,0.464680696795854
89,16,0.419839486349565,0.433023518202255
89,17,0.390028606192619,0.402276500291894
89,18,0.361287249263297,0.372632591369332
89,19,0.333757830935635,0.34423867901498
89,20,0.30754321290282,0.317200855041829
89,21,0.282711810105434,0.29158968279428
89,22,0.259302516454592,0.267445277551564
89,23,0.23732932950976,0.244782076432257
89,24,0.216785601857416,0.223593223277077
89,25,0.197647881991329,0.203854530142619
89,26,0.179879332825258,0.185528003164079
89,27,0.163432733806813,0.168564938943152
89,28,0.148253084715866,0.152908610112364
89,29,0.13427983701793,0.138496566758649
89,30,0.121448783198091,0.12526258508718
89,31,0.109693636680184,0.113138296954051
89,32,0.0989473354031752,0.102054534378281
89,33,0.0891431013937496,0.0919424223876882
89,34,0.0802152871318136,0.0827342519624297
89,35,0.0721000374493708,0.0743641627191916
89,36,0.0647357933535644,0.066768662555562
90,0,0.760901070133253,0.782161993250876
90,1,0.760252228708115,0.781495022047509
90,2,0.756358101498524,0.777492086028912
90,3,0.747464591655404,0.768350075774316
90,4,0.732953102843371,0.753433110271469
90,5,0.712936434329071,0.732857140598242
90,6,0.687969825221174,0.707192920227086
90,7,0.658848056852377,0.677257438088338
90,8,0.626466332272186,0.643970910789714
90,9,0.591727949693581,0.608261876295604
90,10,0.555485895458722,0.57100715489683
90,11,0.518508657661846,0.532996707605631
90,12,0.481463006600175,0.494915935461891
90,13,0.444908362793506,0.457339890185212
90,14,0.409298803662208,0.42073533692306
90,15,0.374989845444631,0.385467725666946
90,16,0.342247955608254,0.351810969457185
90,17,0.31126136401655,0.319958557632908
90,18,0.282151196254076,0.290035000241962
90,19,0.254982287044805,0.262106943605304
90,20,0.229773274579712,0.236193546697963
90,21,0.206505750228465,0.212275886519883
90,22,0.185132359857035,0.190305285778686
90,23,0.165583836112575,0.170210541669046
90,24,0.147774995747942,0.151904090773073
90,25,0.131609770087592,0.135287180086332
90,26,0.116985355945054,0.120254133919305
90,27,0.103795583092985,0.106695815460516
90,28,0.0919335960413538,0.0945023834883468
90,29,0.081293944819302,0.0835654415730506
90,30,0.0717741734482007,0.0737796709345506
90,31,0.0632759871070217,0.0650440302204826
90,32,0.0557060705222723,0.0572625967633926
90,33,0.0489766214798182,0.0503451149998246
90,34,0.0430056549648001,0.0442073091084452
90,35,0.0377171255471056,0.0387710088151819
90,36,0.033040908392987,0.0339641298742719
91,0,0.768826504422352,0.798419705975744
91,1,0.768022359563936,0.797584608463203
91,2,0.763250558858481,0.792629134511265
91,3,0.752490867471279,0.781455287636392
91,4,0.735162545992802,0.763459974961404
91,5,0.711573713080547,0.738963175059501
91,6,0.682538680428752,0.708810543614699
91,7,0.649117894017829,0.674103344648223
91,8,0.612446461220532,0.636020377394479
91,9,0.573625898552623,0.595705557272073
91,10,0.533660313181912,0.554201640930367
91,11,0.493423210499624,0.512415756198095
91,12,0.45364487142499,0.471106293522852
91,13,0.414913054659589,0.430883635256183
91,14,0.377681873723426,0.392219374379127
91,15,0.342285248379693,0.355460283691026
91,16,0.308952467511152,0.320844477722669
91,17,0.277824227410658,0.288518068362924
91,18,0.248968103690371,0.258551232303257
91,19,0.222392836025812,0.230953045621457
91,20,0.198061097894093,0.20568474504485
91,21,0.175900622515422,0.182671282144771
91,22,0.15581368710003,0.161811172645345
91,23,0.13768503951504,0.142984728198792
91,24,0.121388398964519,0.126060807285691
91,25,0.106791685821548,0.110902246350568
91,26,0.0937611431293522,0.0973701399453349
91,27,0.0821645091298633,0.0853271353728834
91,28,0.0718733905143959,0.0746398972874893
91,29,0.0627649727643731,0.0651808838689269
91,30,0.0547231889233464,0.0568295605821509
91,31,0.0476394527347325,0.049473161534524
91,32,0.0414130471462437,0.043007092934324
91,33,0.035951245242096,0.0373350586777997
91,34,0.031169228003261,0.0323689749439016
91,35,0.0269898520381634,0.0280287289846102
91,36,0.0233433105869196,0.0242418270807561
92,0,0.76471700311816,0.781334680008996
92,1,0.764046764738462,0.780649877019399
92,2,0.760030148720363,0.776545977958147
92,3,0.750872118512093,0.767188939245636
92,4,0.735954420619062,0.751947072434521
92,5,0.715412720776612,0.730958991343349
92,6,0.689835342606892,0.704825804156168
92,7,0.660052610475978,0.674395878596235
92,8,0.626993119516855,0.640617988625851
92,9,0.591588936965767,0.604444455761092
92,10,0.554716133457235,0.566770388082591
92,11,0.517160430215642,0.528398580923691
92,12,0.479600348837862,0.490022300489548
92,13,0.442602238511958,0.452220203014855
92,14,0.406623067894731,0.415459187310257
92,15,0.372018012906943,0.3801021474441
92,16,0.33905073156211,0.346418470848313
92,17,0.307904858400713,0.314595782532331
92,18,0.278695725433259,0.284751920728019
92,19,0.251481663562631,0.256946483897491
92,20,0.226274489147709,0.231191545174924
92,21,0.203048958541766,0.207461312356719
92,22,0.181751097444154,0.185700638254109
92,23,0.16230539580289,0.165832371944513
92,24,0.144620913518995,0.14776359715584
92,25,0.128596375459859,0.131390837996995
92,26,0.114124352413804,0.116604330766653
92,27,0.101094632193825,0.103291468312735
92,28,0.0893968855236142,0.0913395238494537
92,29,0.0789227271083821,0.0806377568162125
92,30,0.0695672652150425,0.0710789961309354
92,31,0.0612302244517317,0.0625607873681352
92,32,0.0538167171475353,0.0549861809011026
92,33,0.0472377294036681,0.0482642285152167
92,34,0.0414103789186877,0.0423102468358282
92,35,0.0362579933299519,0.0370458973721144
92,36,0.0317100501982875,0.0323991251975861
93,0,0.759987189202333,0.787116372769392
93,1,0.759533219019692,0.786646197260406
93,2,0.756759536285566,0.783773502662501
93,3,0.750296270511807,0.777079518363338
93,4,0.739530691275012,0.765929641365383
93,5,0.724369305039125,0.750227040703558
93,6,0.705060161765203,0.730228620952554
93,7,0.682061832410042,0.706409322628867
93,8,0.655948342123251,0.67936366179811
93,9,0.627341608749694,0.6497357568417
93,10,0.596864748576882,0.618170967364391
93,11,0.565111057899527,0.585283768496955
93,12,0.532624630543395,0.551637676525808
93,13,0.499889485433346,0.517733988348978
93,14,0.467324801243916,0.484006846018503
93,15,0.435284424951412,0.450822727749361
93,16,0.404059268330823,0.418482929963888
93,17,0.373881555856215,0.38722796682902
93,18,0.344930159037725,0.357243095012568
93,19,0.317336462043668,0.328664388689826
93,20,0.291190364438017,0.301584956560141
93,21,0.266546149377657,0.276061019520598
93,22,0.243428037953893,0.252117663280278
93,23,0.221835319146862,0.229754151438113
93,24,0.201746995356019,0.2089487368444
93,25,0.183125919852209,0.189662946747059
93,26,0.165922428068999,0.171845343708801
93,27,0.150077482013334,0.15543478226348
93,28,0.135525358266666,0.140363192870519
93,29,0.122195916658049,0.126557931572591
93,30,0.110016489954159,0.113943737141711
93,31,0.0989134357788796,0.102444338397528
93,32,0.0888133911745489,0.0919837535525203
93,33,0.0796442682997897,0.0824873214531421
93,34,0.0713360271387243,0.0738825018723608
93,35,0.063821258079467,0.0660994788843937
93,36,0.0570356040288235,0.0590715980475912
94,0,0.767656695397079,0.794091080384782
94,1,0.766884195649136,0.793291979480538
94,2,0.762290039199298,0.788539622495203
94,3,0.751905095417172,0.777797071460177
94,4,0.735137595121108,0.760452179524379
94,5,0.712253429236529,0.73677999361113
94,6,0.684012950496867,0.707567049325714
94,7,0.651422540002405,0.673854382667678
94,8,0.615569509172468,0.636766746804506
94,9,0.577516801998405,0.597403688379297
94,10,0.538239986328816,0.556774369080513
94,11,0.498593601123125,0.515762754057662
94,12,0.459297390627604,0.475113372068914
94,13,0.420935564259069,0.43543054987876
94,14,0.383964173035162,0.397186042696895
94,15,0.348723144983351,0.360731484028508
94,16,0.315450593162783,0.326313186395232
94,17,0.284297793312173,0.29408763474081
94,18,0.25534379484577,0.264136600559114
94,19,0.228609033470189,0.23648122326369
94,20,0.20406759769875,0.211094699101538
94,21,0.181657996631131,0.187913419723036
94,22,0.161292406484863,0.166846537119272
94,23,0.142864456535171,0.14778401767201
94,24,0.126255664830564,0.130603299484207
94,25,0.111340660330793,0.115174694343155
94,26,0.0979913383558067,0.101365686263002
94,27,0.0860800958403352,0.0890442781458706
94,28,0.0754822857592308,0.0780815307257313
94,29,0.0660780190001836,0.0683534264889076
94,30,0.0577534288544468,0.059742177707746
94,31,0.0504014994978868,0.0521370834505487
94,32,0.0439225462193937,0.0454350263467286
94,33,0.0382244222718424,0.0395406865607166
94,34,0.0332225153916802,0.0343665381917019
94,35,0.0288395864146348,0.0298326823320439
94,36,0.0250054930547203,0.0258665613345636
95,0,0.763983328580883,0.791223869629236
95,1,0.763265389174765,0.790480331421245
95,2,0.758979285225639,0.786041402421891
95,3,0.7492486919314,0.775963855711078
95,4,0.733467928386655,0.759620414263514
95,5,0.711833995505359,0.73721510324523
95,6,0.68501635223127,0.709441251785571
95,7,0.653928509051835,0.677244942443914
95,8,0.619574195418338,0.641665693585116
95,9,0.582947547215476,0.603733087939849
95,10,0.544971899973892,0.564403383431801
95,11,0.506465707455038,0.524524216557768
95,12,0.468127103818328,0.484818614104419
95,13,0.430530902506947,0.445881885026565
95,14,0.394133541760129,0.408186742296314
95,15,0.359282774378205,0.372093338165762
95,16,0.326229858505993,0.337861889624183
95,17,0.295142714755696,0.305666304650464
95,18,0.266119033340529,0.27560775669386
95,19,0.239198689632554,0.247727542920166
95,20,0.214375093534792,0.222018838256325
95,21,0.191605284734693,0.198437150599609
95,22,0.170818713243652,0.176909414435501
95,23,0.151924728546002,0.157341747019304
95,24,0.134818853208881,0.139625945677443
95,25,0.119387946974201,0.123644836029974
95,26,0.105514381900423,0.109276596000944
95,27,0.0930793530254175,0.0963981845260378
95,28,0.081965445928837,0.0848880006637924
95,29,0.0720585751211563,0.0746278910997128
95,30,0.0632493972567101,0.0655046137487446
95,31,0.0554342920738696,0.0574108536717904
95,32,0.0485159926022698,0.0502458757535666
95,33,0.0424039351331645,0.0439158871514793
95,34,0.0370143890906295,0.038334171797506
95,35,0.0322704174759523,0.0334210494321941
95,36,0.0281017100816055,0.0291037028717215
96,0,0.764706192202533,0.810618467702951
96,1,0.763926324164152,0.809791777085393
96,2,0.759291869650599,0.804879074069879
96,3,0.748824795103945,0.79378356573366
96,4,0.73193950002496,0.775884492647543
96,5,0.708914937853514,0.751477556366314
96,6,0.680526412590674,0.7213846094495
96,7,0.647794280712368,0.686687269662801
96,8,0.611817397300717,0.648550366364186
96,9,0.573667259242938,0.608109728155176
96,10,0.534324981296561,0.566405375045414
96,11,0.494647933351836,0.524346152646165
96,12,0.455356412542741,0.482695604086789
96,13,0.417033388799293,0.442071700290244
96,14,0.380132354004126,0.402955160386001
96,15,0.344989783338367,0.365702661223977
96,16,0.311839806373344,0.330562389305454
96,17,0.280829480220449,0.297690230919203
96,18,0.252033630691168,0.267165504351475
96,19,0.225468635864445,0.239005571006419
96,20,0.201104812331517,0.213178965309971
96,21,0.178877260040641,0.189616890669356
96,22,0.158695151537657,0.168223066431339
96,23,0.140449533862027,0.148881998197128
96,24,0.124019760133724,0.131465795555975
96,25,0.109278693133156,0.115839688083392
96,26,0.0960968324236737,0.101866400252392
96,27,0.0843455152508985,0.089409544511954
96,28,0.0738993335045231,0.0783361833610472
96,29,0.0646378972341731,0.0685186987444048
96,30,0.0564470615127892,0.0598360925756864
96,31,0.0492197191572271,0.0521748270523144
96,32,0.0428562478112089,0.0454292985808845
96,33,0.0372646867086997,0.0395020251532581
96,34,0.0323607063730897,0.03430361422651
96,35,0.0280674237151568,0.0297525667195382
96,36,0.0243151055075285,0.025774962684398
97,0,0.759880208285729,0.79759224807895
97,1,0.759089142418264,0.796761922460873
97,2,0.754393684377575,0.791833433873332
97,3,0.743802911741759,0.780717052549821
97,4,0.726741312093594,0.762808704009065
97,5,0.703508260081731,0.73842262054246
97,6,0.674902123052538,0.708396791611555
97,7,0.641964600439809,0.673824615075855
97,8,0.60581198798556,0.635877787237869
97,9,0.56752851889428,0.595694350633223
97,10,0.528103367875517,0.554312571651445
97,11,0.488397776310534,0.512636434159901
97,12,0.449132429519718,0.471422390318519
97,13,0.410887971235509,0.43127990058546
97,14,0.374113593415028,0.392680449832937
97,15,0.339140159472927,0.355971321872031
97,16,0.306195435324032,0.32139158639565
97,17,0.27541981474612,0.289088604774195
97,18,0.246881509672025,0.259133974225571
97,19,0.220590590232947,0.23153826465079
97,20,0.196511547905946,0.206264205277001
97,21,0.174574251437893,0.183238184312194
97,22,0.154683294546113,0.162360060562206
97,23,0.136725815634395,0.143511371230845
97,24,0.120577916989675,0.126562069694424
97,25,0.106109834549259,0.111375951838985
97,26,0.0931900169827399,0.0978149375826755
97,27,0.0816882700555696,0.0857423712907167
97,28,0.0714781130027604,0.0750254950934002
97,29,0.0624384807433774,0.0655372355796622
97,30,0.0544548911479255,0.0571574289946987
97,31,0.047420181537095,0.0497735942903539
97,32,0.0412349039884222,0.0432813480504266
97,33,0.0358074553753961,0.0375845409834781
97,34,0.031054005648002,0.032595182644016
97,35,0.0268982768113788,0.0282332094421
97,36,0.023271215389669,0.0244261408519227
98,0,0.76993530609262,0.781640722449849
98,1,0.769383970259426,0.781081004593608
98,2,0.766044953827162,0.777691224704656
98,3,0.758341119890108,0.769870268480747
98,4,0.745638896207113,0.756974931407971
98,5,0.727932437371654,0.738999279211405
98,6,0.705612695100274,0.71634020729219
98,7,0.679301136738979,0.689628631236955
98,8,0.649732333710803,0.659610290243847
98,9,0.617673182653836,0.627063740170091
98,10,0.58386931234551,0.592745945674481
98,11,0.549011421869872,0.557358106619887
98,12,0.513716012455598,0.521526096975147
98,13,0.478516315279361,0.485791254692774
98,14,0.44386025896407,0.450608318306834
98,15,0.410113126371672,0.416348124117272
98,16,0.377563170742232,0.38330330771182
98,17,0.346428936187547,0.351695735753924
98,18,0.31686738872499,0.321684760633647
98,19,0.288982236575753,0.293375667260376
98,20,0.262832022229513,0.266827888152096
98,21,0.23843771947007,0.242062715959489
98,22,0.215789678488691,0.219070354166654
98,23,0.194853841042497,0.197816226739268
98,24,0.175577202886598,0.178246523602718
98,25,0.157892538286637,0.160292996981958
98,26,0.141722425844362,0.143877048432179
98,27,0.126982629640771,0.128913161385865
98,28,0.113584897497755,0.115311741956742
98,29,0.101439241017058,0.102981433642425
98,30,0.0904557615116621,0.0918309710156627
98,31,0.0805460831480805,0.081770634654852
98,32,0.0716244504169514,0.0727133652996094
98,33,0.0636085420618535,0.0645755901538405
98,34,0.0564200482642822,0.0572778088457263
98,35,0.0499850525147304,0.0507449811044351
98,36,0.0442342544040119,0.0449067529385683
99,0,0.765683321367712,0.782267886662521
99,1,0.764968423759182,0.781537504498253
99,2,0.760698951522329,0.777175556248
99,3,0.751002208449768,0.767268783435799
99,4,0.735269845233786,0.751195660015544
99,5,0.713693279426064,0.729151749609227
99,6,0.686935563328371,0.70181446611418
99,7,0.655904190513208,0.670110959253154
99,8,0.621597891864797,0.635061592244652
99,9,0.585007075150919,0.597678224913507
99,10,0.547052638522602,0.558901701901793
99,11,0.508551776488343,0.519566918006505
99,12,0.470202362620897,0.480386862618533
99,13,0.432579744855171,0.441949345607278
99,14,0.396141489684681,0.404721844275562
99,15,0.361236888058691,0.369061215152824
99,16,0.328118987375955,0.33522598659971
99,17,0.296957617605674,0.303389667072515
99,18,0.267852394843653,0.273654030334055
99,19,0.240845058561392,0.246061719925399
99,20,0.215930764858255,0.220607787027881
99,21,0.193068144352297,0.197249966206061
99,22,0.172188060694354,0.175917623629683
99,23,0.153201089836668,0.15651939834193
99,24,0.136003793059502,0.138949611158697
99,25,0.120483887322426,0.123093547008759
99,26,0.106524431452833,0.108831731794397
99,27,0.0940071509667737,0.096043329227262
99,28,0.0828150215679517,0.0846087802855001
99,29,0.0728342242207195,0.074411800633286
99,30,0.0639555750201994,0.0653408414616767
99,31,0.0560755222027477,0.0572901080941457
99,32,0.0490967914515832,0.0501602192694178
99,33,0.0429287497481708,0.043858578873809
99,34,0.0374875477706607,0.0382995214239907
99,35,0.0326960914584381,0.033404283015633
99,36,0.0284838849474629,0.0291008408567508
100,0,0.758815337483178,0.760830170561948
100,1,0.758654938168019,0.760669345348905
100,2,0.757634065144235,0.75964576166729
100,3,0.755143439958186,0.757148523285956
100,4,0.750795114319873,0.75278865182101
100,5,0.74437381863578,0.746350306087565
100,6,0.735797029074116,0.737750743133661
100,7,0.725082358856837,0.727007622948497
100,8,0.712321086728603,0.714212466643256
100,9,0.697656813536956,0.699509256359483
100,10,0.681268390551092,0.68307731825853
100,11,0.663356394003637,0.665117761150069
100,12,0.644132532357906,0.645842855633146
100,13,0.623811468580345,0.625467834654837
100,14,0.602604621485847,0.604204678396684
100,15,0.580715579971814,0.582257516332464
100,16,0.558336823352593,0.559819338854345
100,17,0.535647491508378,0.53706976150101
100,18,0.512811991433138,0.51417362780564
100,19,0.489979263093765,0.491280273205747
100,20,0.467282558237581,0.468523303263363
100,21,0.444839611718227,0.446020765445839
100,22,0.422753106749386,0.423875615614925
100,23,0.401111353843067,0.402176398767797
100,24,0.379989118561743,0.380998078987069
100,25,0.359448546055886,0.360402966433196
100,26,0.339540141052173,0.340441699934775
100,27,0.320303770830022,0.321154252628221
100,28,0.301769666055638,0.302570935449263
100,29,0.283959400373244,0.284713379325221
100,30,0.266886834587718,0.267595481864669
100,31,0.250559015286345,0.251224308365235
100,32,0.234977020989029,0.235600940210548
100,33,0.220136751512895,0.220721266330785
100,34,0.206029658296584,0.206576715466146
100,35,0.192643415043067,0.193154928590386
100,36,0.179962529284935,0.180440372099954
101,0,0.769804642926044,0.78534617317014
101,1,0.769430208177166,0.784964178985206
101,2,0.767121059630355,0.78260841120544
101,3,0.761683566092675,0.777061140504106
101,4,0.752528799683885,0.767721549178595
101,5,0.739495602381109,0.754425225598368
101,6,0.722715473527294,0.737306323937091
101,7,0.702510486332352,0.71669341971741
101,8,0.679317156599602,0.693031841528621
101,9,0.653630584462186,0.666826685044631
101,10,0.625964326428548,0.638601874929082
101,11,0.596822377330105,0.608871581128581
101,12,0.566680388514114,0.578121057881023
101,13,0.535973851747604,0.546794589065215
101,14,0.505091464103347,0.515288719131011
101,15,0.474372279247131,0.48394934687413
101,16,0.444105562848383,0.45307157792767
101,17,0.414532518919553,0.422901485954438
101,18,0.385849251747084,0.393639134376131
101,19,0.358210484527622,0.365442370084817
101,20,0.331733678893921,0.338431026137656
101,21,0.306503295755128,0.31269126861898
101,22,0.282575012619652,0.288279899106386
101,23,0.259979770151154,0.265228482922357
101,24,0.238727564645065,0.243547218176808
101,25,0.218810936248974,0.223228494410908
101,26,0.20020812738037,0.204250114779886
101,27,0.182885903766279,0.186578174046436
101,28,0.166802043322416,0.170169597707668
101,29,0.151907506888251,0.154974356554986
101,30,0.138148310581179,0.140937376829087
101,31,0.125467122974661,0.128000169643409
101,32,0.113804612030555,0.116102205109583
101,33,0.103100567186795,0.105182057078862
101,34,0.0932948215775455,0.0951783439809096
101,35,0.0843279983219978,0.0860304901793654
101,36,0.0761421033727282,0.0776793307891781
102,0,0.76776809063979,0.791647828284815
102,1,0.766960363940088,0.790814979022828
102,2,0.762168917284729,0.785874504958717
102,3,0.751369012522111,0.774738692914373
102,4,0.733982666908896,0.756811583264581
102,5,0.710324093611097,0.732417162084727
102,6,0.68121464034967,0.702402323309957
102,7,0.647721360865713,0.667867309040848
102,8,0.610984845988752,0.629988185675791
102,9,0.572110702942881,0.589904947919645
102,10,0.53210572689797,0.54865570509145
102,11,0.491844843138659,0.507142595102305
102,12,0.452058688694499,0.466118979839424
102,13,0.413334541189617,0.426190402905633
102,14,0.376125416150832,0.387823969879241
102,15,0.340763716542198,0.351362422387333
102,16,0.307476964157314,0.317040358788428
102,17,0.276403974752645,0.285000912397755
102,18,0.24761043628436,0.255311814250867
102,19,0.221103272422402,0.227980203363233
102,20,0.196843467304987,0.202965850370508
102,21,0.174757226781296,0.180192665917132
102,22,0.154745482144448,0.159558499982013
102,23,0.136691824019914,0.140943322533086
102,24,0.120469001102,0.124215924392699
102,25,0.105944141494129,0.109239300976205
102,26,0.0929828613166810,0.0958748886890036
102,27,0.0814524216547777,0.0839858200642469
102,28,0.0712240848723619,0.073439353364885
102,29,0.0621748076644232,0.0641086182945564
102,30,0.054188392919057,0.0558738036857825
102,31,0.0471562068311282,0.0486228969178749
102,32,0.0409775525980002,0.0422520692356479
102,33,0.035559777949262,0.0366657866236211
102,34,0.030818180996195,0.0317767127271409
102,35,0.0266757675510506,0.0275054586236087
102,36,0.0230629031715259,0.0237802240445642
103,0,0.772384102141389,0.79919340613779
103,1,0.771534032649447,0.798313830896876
103,2,0.766504626230256,0.793109854745813
103,3,0.755201836303614,0.78141474714936
103,4,0.737060970016346,0.762644214873751
103,5,0.712450994844298,0.737180032185129
103,6,0.682263680514875,0.705944921967044
103,7,0.647636818169161,0.670116167872789
103,8,0.609773663561333,0.630938790432915
103,9,0.569830545297348,0.589609254197437
103,10,0.528851983678868,0.54720833456729
103,11,0.487738239484782,0.504667540200275
103,12,0.447234387270108,0.462757807046262
103,13,0.407933118156679,0.422092398422212
103,14,0.370285779587217,0.383138327953989
103,15,0.334617851499523,0.346232372925588
103,16,0.301146291062255,0.311599021047367
103,17,0.269997066990812,0.279368613384666
103,18,0.241221837452187,0.249594601149545
103,19,0.214813169358692,0.222269293253269
103,20,0.190718001818939,0.197337787071089
103,21,0.168849260542,0.174709985980143
103,22,0.14909566141664,0.154270743219051
103,23,0.13132982138745,0.135888254290986
103,24,0.115414838690929,0.119420865598503
103,25,0.101209523904604,0.104722487061364
103,26,0.0885724663812788,0.0916467996959384
103,27,0.0773651134308319,0.0800504416748142
103,28,0.0674540262778827,0.0697953425883185
103,29,0.0587124602870653,0.0607503585191089
103,30,0.0510213991916609,0.0527923421686832
103,31,0.044270155388646,0.0458067639885533
103,32,0.0383566315891783,0.0396879829125695
103,33,0.033187323709637,0.0343392493483081
103,34,0.0286771310879495,0.0296725088060434
103,35,0.0247490279857156,0.0256080619987733
103,36,0.0213336398565082,0.0220741264028744
104,0,0.768199548651935,0.782687704886823
104,1,0.767409727358172,0.781882987653168
104,2,0.762718303390636,0.77710308396246
104,3,0.75212810254348,0.76631315313017
104,4,0.735053336720647,0.748916359163283
104,5,0.711782995786482,0.725207142242163
104,6,0.68310699662293,0.695990316991428
104,7,0.650061377637207,0.66232146138498
104,8,0.613759698367828,0.625335136567753
104,9,0.575286111465414,0.586135942186219
104,10,0.535631899622376,0.545733856411777
104,11,0.495662066460743,0.50501019673652
104,12,0.456102190959636,0.464704226476702
104,13,0.417538473952065,0.425413202146464
104,14,0.380425935134248,0.387600725061814
104,15,0.34510122432186,0.351609794215712
104,16,0.311797618185141,0.317678085849903
104,17,0.280660580962664,0.285953807641978
104,18,0.251762849514198,0.25651106826062
104,19,0.225118416715236,0.229364124485365
104,20,0.200695076166536,0.204480162507938
104,21,0.17842538851305,0.181790471074715
104,22,0.158216060260227,0.161199997186435
104,23,0.139955808551576,0.142595359204572
104,24,0.123521833889681,0.125851441647137
104,25,0.108785047586215,0.110836721227803
104,26,0.0956142094142134,0.097417482543831
104,27,0.0838791290362043,0.085461079882772
104,28,0.073453076268531,0.0748383929440993
104,29,0.064214532928778,0.0654256117262794
104,30,0.0560484048540355,0.0571054714035622
104,31,0.048846797995696,0.0497680430578384
104,32,0.042509448155629,0.0433111715195888
104,33,0.0369438804631938,0.0376406378526156
104,34,0.0320653624037671,0.032670111496694
104,35,0.02779670323672,0.0283209459025939
104,36,0.0240679430143807,0.0245218616859767
105,0,0.772130549400336,0.78454379321236
105,1,0.771429984711371,0.783831965816205
105,2,0.767239518009651,0.779574130604206
105,3,0.757705318854195,0.769886653821331
105,4,0.742208541787899,0.754140741071732
105,5,0.720916100143242,0.732505989088889
105,6,0.694462123440154,0.705626722047441
105,7,0.663726406115111,0.67439687849829
105,8,0.629684202520525,0.639807391580378
105,9,0.593307947433666,0.602846329528281
105,10,0.555506279881912,0.564436939207126
105,11,0.51708943410561,0.525402480679352
105,12,0.478752881478704,0.486449606142843
105,13,0.441073254917389,0.448164218817865
105,14,0.404512214662257,0.411015400877909
105,15,0.369425140228365,0.375364245136865
105,16,0.336072450631876,0.341475357266561
105,17,0.304632036048561,0.309529487314232
105,18,0.275211785027246,0.279636258311121
105,19,0.247861555793922,0.251846330034608
105,20,0.22258420164454,0.226162601651979
105,21,0.199345444790343,0.202550244303742
105,22,0.178082520100536,0.180945483808402
105,23,0.15871159509728,0.16126313994584
105,24,0.141134026769421,0.143402983859413
105,25,0.125241547941823,0.127255007804542
105,26,0.110920492557223,0.112703718358782
105,27,0.0980551751251899,0.0996315702008736
105,28,0.0865305383267532,0.0879216562798894
105,29,0.0762341769273808,0.0774597642658736
105,30,0.0670578376101829,0.0681359004952855
105,31,0.0588984844133424,0.0598453725370532
105,32,0.0516590090509225,0.0524895109329354
105,33,0.045248655123707,0.0459761002282336
105,34,0.0395832154761106,0.0402195795015341
105,35,0.0345850529577363,0.03514106346004
105,36,0.0301829867230065,0.0306682269112865
106,0,0.755760566268912,0.781097523264413
106,1,0.755225610978404,0.780544633538325
106,2,0.751983918786993,0.777194263255845
106,3,0.744499747492304,0.769459184286552
106,4,0.732151449153532,0.75669690787332
106,5,0.714926733526107,0.738894731739762
106,6,0.693199539821175,0.71643913145065
106,7,0.667569117888053,0.689949446773109
106,8,0.638746194993446,0.660160232184466
106,9,0.607474485547693,0.62784013520334
106,10,0.574478468222997,0.593737922729953
106,11,0.54043045262552,0.558548443624749
106,12,0.505931602309831,0.522893015517289
106,13,0.471502865775646,0.487310051763651
106,14,0.437582766927766,0.452252777831293
106,15,0.404529781112705,0.418091686992569
106,16,0.372627620018669,0.38512000240157
106,17,0.342092206491259,0.353560885741297
106,18,0.313079468937035,0.323575492935474
106,19,0.285693348473225,0.295271249738837
106,20,0.25999360934156,0.268709923995966
106,21,0.236003189342913,0.243915222500059
106,22,0.213714933978901,0.220879750897376
106,23,0.193097634874976,0.199571254549146
106,24,0.174101347153075,0.179938114169716
106,25,0.156661997363842,0.161914108240218
106,26,0.140705317754047,0.145422479172739
106,27,0.126150157409104,0.130379355459261
106,28,0.112911228762209,0.116696590257822
106,29,0.100901351072718,0.104284080083757
106,30,0.0900332522379142,0.0930516270274047
106,31,0.0802209878309332,0.0829104053654354
106,32,0.0713810323804536,0.0737740894258174
106,33,0.0634330932289039,0.0655596947307087
106,34,0.0563006922590673,0.0581881792255113
106,35,0.0499115556681464,0.051584846120155
106,36,0.0441978470001305,0.0456795847339006
107,0,0.768305855300231,0.784755487123389
107,1,0.76764637060327,0.784081882684422
107,2,0.763689761497222,0.780040561529633
107,3,0.754657141136072,0.77081455037455
107,4,0.739924661409069,0.755766644355168
107,5,0.719611500578453,0.735018573371878
107,6,0.694285511448687,0.709150348108068
107,7,0.664756740502758,0.678989358356438
107,8,0.631936016839698,0.645465934308235
107,9,0.596741243128098,0.609517631171262
107,10,0.560038231973809,0.572028798828544
107,11,0.522606183766482,0.533795320556419
107,12,0.485120404786944,0.495506961122022
107,13,0.448146781816614,0.457741723092619
107,14,0.412143991496634,0.420968103497703
107,15,0.377470531344496,0.385552275381553
107,16,0.344394494796049,0.351768072131476
107,17,0.31310463766416,0.319808290872277
107,18,0.283721747018769,0.289796304757052
107,19,0.256309663887762,0.261797321666998
107,20,0.230885558014399,0.235828878954126
107,21,0.207429229143712,0.211870343870662
107,22,0.185891332652536,0.189871315311988
107,23,0.166200511383452,0.16975890834505
107,24,0.148269470686541,0.151443959318357
107,25,0.132000067818502,0.134826224226483
107,26,0.117287505970694,0.119798662533363
107,27,0.104023731779604,0.106250907424356
107,28,0.0921001365529806,0.0940720248663491
107,29,0.0814096580823954,0.083152660420678
107,30,0.0718483736002735,0.0733866663057943
107,31,0.0633166664622018,0.0646722930585472
107,32,0.0557200403987866,0.0569130212193914
107,33,0.0489696463068528,0.0500180994023238
107,34,0.0429825779487839,0.0439028463252254
107,35,0.0376819848595486,0.0384887661342574
107,36,0.0329970433712753,0.0337035188080636
108,0,0.763304249833874,0.776370193966481
108,1,0.762843004554937,0.775901053270943
108,2,0.760026405107929,0.773036240374282
108,3,0.753467151085413,0.766364707602332
108,4,0.742548538705274,0.755259194678411
108,5,0.727181354898077,0.739628961418596
108,6,0.707622534750973,0.719735341024542
108,7,0.684341641484324,0.696055934516489
108,8,0.657924146594644,0.669186235263441
108,9,0.629002826429294,0.63976985123122
108,10,0.598210461105964,0.608450394220516
108,11,0.566148512624033,0.575839621822382
108,12,0.53336764466456,0.542497623763778
108,13,0.500356886594394,0.508921800425321
108,14,0.467538986974065,0.475542136812348
108,15,0.435270086625728,0.44272087002656
108,16,0.40384229975999,0.410755114575571
108,17,0.373488149399032,0.379881373719872
108,18,0.344386081012609,0.350281147489099
108,19,0.316666492513875,0.322087065896973
108,20,0.290417882880454,0.295389142812063
108,21,0.265692846358058,0.270240872767845
108,22,0.242513733008963,0.246664988406237
108,23,0.220877866093073,0.224658767167749
108,24,0.200762257825714,0.204198827771784
108,25,0.182127801730474,0.185245394332536
108,26,0.164922945481692,0.167746032071762
108,27,0.149086865471172,0.151638876226484
108,28,0.134552175421062,0.13685538702686
108,29,0.121247207822897,0.123322670187994
108,30,0.109097910068814,0.110965405498393
108,31,0.098029397822446,0.0997074267808593
108,32,0.0879672071924877,0.0894729955002676
108,33,0.0788382851802351,0.0801878081652043
108,34,0.0705717550915126,0.0717797748419154
108,35,0.0630994904416951,0.0641796028832105
108,36,0.0563565275636277,0.0573212165992441
109,0,0.759312343344071,0.811479222074547
109,1,0.758605098922309,0.810723387985692
109,2,0.754380770829605,0.806208836754563
109,3,0.744785120985953,0.795953938966212
109,4,0.729214385575773,0.77931345054463
109,5,0.707856183053266,0.756487879855835
109,6,0.681365149931702,0.728176838769944
109,7,0.650638270292975,0.695338936680536
109,8,0.61666330400019,0.6590297953121
109,9,0.580420229763077,0.620296720648786
109,10,0.542820626084786,0.580113919182926
109,11,0.504673748969158,0.539346245066062
109,12,0.466670991831702,0.498732592372396
109,13,0.429382635527737,0.458882421844786
109,14,0.393262475329794,0.420280705758428
109,15,0.358657172392562,0.383297921857555
109,16,0.325818117366166,0.348202732032085
109,17,0.294914289210712,0.315175724568636
109,18,0.266045101699581,0.284323143244482
109,19,0.239252598977104,0.255689920754098
109,20,0.214532624813304,0.229271615322899
109,21,0.191844774688145,0.205025046527473
109,22,0.171121066024049,0.182877561197289
109,23,0.152273345344387,0.162734949465664
109,24,0.135199503649257,0.144488087159212
109,25,0.119788601726899,0.128018413232477
109,26,0.105925022074231,0.113202366936997
109,27,0.0934917684819429,0.0999149140971134
109,28,0.082373031741375,0.0880322890880803
109,29,0.07245613295628,0.0774340716587683
109,30,0.0636329464526723,0.0680047075993961
109,31,0.0558008935783395,0.0596345708178445
109,32,0.0488635876618097,0.0522206526091057
109,33,0.0427311996474802,0.0456669524105664
109,34,0.0373206038082684,0.0398846335255252
109,35,0.0325553536714039,0.0347919973950188
109,36,0.0283655299783262,0.030314321112141
110,0,0.763657955082299,0.800085676504246
110,1,0.763033005144113,0.799430915441722
110,2,0.759274068122708,0.795492671035712
110,3,0.750668177446803,0.786476265434842
110,4,0.736590578619955,0.771727142341218
110,5,0.71712301607272,0.751330945527142
110,6,0.692779306912887,0.72582600200872
110,7,0.664311459030511,0.696000191670456
110,8,0.632575768353595,0.662750657143139
110,9,0.598443153825616,0.626989861614552
110,10,0.562741744182618,0.589585436902844
110,11,0.526222644773008,0.55132431729817
110,12,0.489542065710143,0.51289401519922
110,13,0.453254727470972,0.47487571214822
110,14,0.41781478975105,0.437745231993847
110,15,0.383581563301788,0.401879025192362
110,16,0.35082803304548,0.367563098489031
110,17,0.319750799393602,0.335003430453406
110,18,0.290480476863031,0.30433686612639
110,19,0.26309190882339,0.275641819027565
110,20,0.237613791075323,0.248948353793748
110,21,0.214037465616514,0.224247399421888
110,22,0.192324765418853,0.201498968254812
110,23,0.172414873687625,0.180639342438188
110,24,0.154230216414745,0.161587247558089
110,25,0.137681442351666,0.144249070166684
110,26,0.122671565352226,0.128523197721542
110,27,0.109099354558442,0.11430357048878
110,28,0.0968620612650118,0.101482538483425
110,29,0.0858575698378033,0.0899531149901874
110,30,0.0759860554970839,0.0796107134256483
110,31,0.067151225356533,0.0703544475768352
110,32,0.0592612117259598,0.0620880675159289
110,33,0.0522291789627438,0.0547205953995002
110,34,0.0459736975176094,0.0481667173568748
110,35,0.0404189315399106,0.0423469800444926
110,36,0.0354946796537326,0.0371878333670964
111,0,0.772407512159409,0.786562094099152
111,1,0.771559562347937,0.785698605372149
111,2,0.766541953336591,0.780589047283696
111,3,0.755263792930128,0.769104211459025
111,4,0.737159359061742,0.750668008817513
111,5,0.71259456979116,0.725653062968843
111,6,0.682457461868507,0.694963684182944
111,7,0.647882188528182,0.659754809366869
111,8,0.610068873246338,0.621248554592407
111,9,0.570171393097223,0.580619942051297
111,10,0.52923252854734,0.538930861451377
111,11,0.48815146069196,0.497096971630937
111,12,0.44767275121152,0.455876478569762
111,13,0.408389036034002,0.415872878413623
111,14,0.370751956052,0.377546088499763
111,15,0.335087533360828,0.341228105368838
111,16,0.301613429623668,0.307140579394389
111,17,0.270456409133571,0.275412597860306
111,18,0.241668960349742,0.246097611091368
111,19,0.215244472463221,0.21918888713371
111,20,0.191130668013959,0.194633190528322
111,21,0.169241196437202,0.172342588312397
111,22,0.1494654248749,0.152204420250069
111,23,0.131676542636421,0.134089551809621
111,24,0.115738139841682,0.117859073362075
111,25,0.101509440398509,0.103369629054314
111,26,0.0888493728115091,0.0904775622166579
111,27,0.0776196553204054,0.0790420570372087
111,28,0.0676870587188913,0.0689274428474949
111,29,0.0589249938297066,0.0600048106884651
111,30,0.0512145529908195,0.0521530738821936
111,31,0.0444451173456249,0.0452595864508404
111,32,0.0385146250447148,0.0392204162332932
111,33,0.0333295801323611,0.0339403539344981
111,34,0.0288048681436463,0.0293327253433554
111,35,0.0248634323535755,0.025319061649008
111,36,0.021435854167952,0.0218286721422625
112,0,0.77078529377984,0.803560526040611
112,1,0.770223124663556,0.8029744524421
112,2,0.76682164590678,0.799428336446934
112,3,0.75898186139978,0.791255189640259
112,4,0.746069256131666,0.777793516246209
112,5,0.728088876685883,0.759048577438399
112,6,0.70544829710617,0.735445278071176
112,7,0.678787373514104,0.707650682145104
112,8,0.648858385439673,0.676449057522745
112,9,0.616443865257879,0.642656211319227
112,10,0.582302330718245,0.607062914877405
112,11,0.547134420930479,0.570399599792313
112,12,0.511563722901459,0.533316369156629
112,13,0.476127967530819,0.496373819193538
112,14,0.44127735376559,0.460041292151286
112,15,0.407377593532451,0.424700050711653
112,16,0.374715910786897,0.390649532129905
112,17,0.343508717412253,0.358115350527391
112,18,0.313910059976939,0.327258102820729
112,19,0.286020210794513,0.298182325089785
112,20,0.259893985070196,0.270945163384823
112,21,0.235548519487276,0.245564483072956
112,22,0.21297035920067,0.222026257183923
112,23,0.192121779885227,0.200291157283713
112,24,0.172946327043502,0.180300328324067
112,25,0.155373592272833,0.161980368005359
112,26,0.139323270306701,0.145247556330945
112,27,0.124708554978094,0.130011395973241
112,28,0.111438939550385,0.116177531679909
112,29,0.0994224892077089,0.10365011939477
112,30,0.0885676524589383,0.0923337146860701
112,31,0.0787846749540955,0.0821347466810055
112,32,0.0699866745978813,0.072962638895093
112,33,0.0620904314941432,0.0647306327665527
112,34,0.0550169406098321,0.0573563638205704
112,35,0.048691769413592,0.0507622345153487
112,36,0.0430452573271591,0.0448756221745523
113,0,0.748549679601285,0.748549679601285
113,1,0.74849939630473,0.74849939630473
113,2,0.748169370036923,0.748169370036923
113,3,0.747335929931643,0.747335929931643
113,4,0.745828487662422,0.745828487662422
113,5,0.743521625330871,0.743521625330871
113,6,0.740328152449869,0.740328152449869
113,7,0.736193025777582,0.736193025777582
113,8,0.731088036600147,0.731088036600147
113,9,0.725007179850682,0.725007179850682
113,10,0.717962628288392,0.717962628288392
113,11,0.709981242933274,0.709981242933274
113,12,0.701101558140692,0.701101558140692
113,13,0.691371186179634,0.691371186179634
113,14,0.680844592016006,0.680844592016006
113,15,0.669581194258655,0.669581194258655
113,16,0.657643752956514,0.657643752956514
113,17,0.645097009190354,0.645097009190354
113,18,0.632006545227891,0.632006545227891
113,19,0.618437837447732,0.618437837447732
113,20,0.60445547732338,0.60445547732338
113,21,0.590122538527404,0.590122538527404
113,22,0.575500070698616,0.575500070698616
113,23,0.560646702639832,0.560646702639832
113,24,0.545618339705703,0.545618339705703
113,25,0.530467941922318,0.530467941922318
113,26,0.515245370973403,0.515245370973403
113,27,0.499997295610943,0.499997295610943
113,28,0.484767146317854,0.484767146317854
113,29,0.46959511118237,0.46959511118237
113,30,0.454518165952033,0.454518165952033
113,31,0.439570132132044,0.439570132132044
113,32,0.424781757789831,0.424781757789831
113,33,0.41018081643502,0.41018081643502
113,34,0.395792219971061,0.395792219971061
113,35,0.381638142269748,0.381638142269748
113,36,0.367738150410429,0.367738150410429
114,0,0.758455461516892,0.792524588085771
114,1,0.757982598507778,0.792030484502194
114,2,0.755099337962372,0.789017710526617
114,3,0.748396049067618,0.7820133160174
114,4,0.737256750682023,0.770373650522801
114,5,0.721605993721721,0.754019875855022
114,6,0.701720722837645,0.733241376765757
114,7,0.678092299871238,0.708551586621566
114,8,0.651327005207428,0.680584019368498
114,9,0.622075837876865,0.650018916319048
114,10,0.590986432534542,0.617533003285369
114,11,0.558671499933172,0.583766513427546
114,12,0.525689457294829,0.549302947559219
114,13,0.49253391096379,0.514658084370796
114,14,0.459629438423966,0.480275572978962
114,15,0.427331732634777,0.446527083745988
114,16,0.395930652930059,0.413715496222236
114,17,0.365655101024119,0.38207999417794
114,18,0.336678930158937,0.351802240183917
114,19,0.309127317906666,0.323013034674526
114,20,0.283083202864886,0.295799041773395
114,21,0.258593513835565,0.270209298281412
114,22,0.235675016136731,0.246261322599376
114,23,0.214319670670067,0.22394671452002
114,24,0.194499452972334,0.20323619074681
114,25,0.176170616226084,0.184084039395218
114,26,0.159277407646329,0.166432003316077
114,27,0.14375526457653,0.150212619757288
114,28,0.129533527189474,0.135352054916739
114,29,0.116537710579587,0.12177247809493
114,30,0.104691381551106,0.109394022786759
114,31,0.0939176855452039,0.0981363821968127
114,32,0.0841405676633245,0.0879200851099601
114,33,0.075285729201152,0.0786674953919506
114,34,0.0672813579291765,0.0703035750735172
114,35,0.0600586668501366,0.0627564473083103
114,36,0.0535522725519035,0.0559577917210489
115,0,0.766644459165667,0.7811778316052
115,1,0.766393433047194,0.780922046754008
115,2,0.76482017105716,0.779318960244703
115,3,0.761047708291148,0.775474982442304
115,4,0.754577132273635,0.768881742926691
115,5,0.74519106614714,0.759317744000803
115,6,0.732877153520471,0.746770395031835
115,7,0.717767851790621,0.731374664427797
115,8,0.700093474093069,0.713365231398344
115,9,0.680145950222785,0.693039559887147
115,10,0.658251220075915,0.670729768672681
115,11,0.634748543100245,0.64678154858543
115,12,0.609975315525478,0.621538691916539
115,13,0.584256243602916,0.595332060413285
115,14,0.557895934033172,0.568472035242628
115,15,0.531174139226295,0.541243672115146
115,16,0.504343040953481,0.513903933442602
115,17,0.477626076317173,0.48668049205182
115,18,0.451217909003395,0.459771701892044
115,19,0.42528523003595,0.433347413969127
115,20,0.399968138711107,0.407550383458772
115,21,0.375381908560197,0.38249806914669
115,22,0.351618987168563,0.358284671158367
115,23,0.328751114233949,0.334983289169738
115,24,0.306831470848941,0.312648112433843
115,25,0.285896795871261,0.291316576271407
115,26,0.265969423428704,0.271011438201006
115,27,0.247059209946784,0.251742741497617
115,28,0.229165330296519,0.233509645390184
115,29,0.212277931325985,0.216302109939382
115,30,0.196379637649439,0.200102430372164
115,31,0.18144690952398,0.184886620699854
115,32,0.167451256277016,0.170625650148707
115,33,0.154360311330007,0.157286538563009
115,34,0.142138776617494,0.144833318727575
115,35,0.130749245306703,0.133227874683739
115,36,0.120152912329368,0.12243066573083
116,0,0.760940198767862,0.808103437916238
116,1,0.760251249430214,0.807371787348684
116,2,0.756129782888331,0.802994871413443
116,3,0.746751349490863,0.793035160672659
116,4,0.731505713209394,0.776844596536049
116,5,0.710555511294819,0.754595896546719
116,6,0.684523212674604,0.726950110391747
116,7,0.654273320601598,0.694825323423766
116,8,0.620764654519076,0.659239782923843
116,9,0.584953649614399,0.621209204140432
116,10,0.547734318946214,0.581683011256152
116,11,0.509904139025383,0.541508108549587
116,12,0.472147886771785,0.501411715563161
116,13,0.435033563633653,0.461997038598501
116,14,0.39901614020708,0.423747247428279
116,15,0.364446058459431,0.387034504489273
116,16,0.33158032965319,0.352131750657958
116,17,0.300594735194592,0.31922566231039
116,18,0.271596129992491,0.288429717245932
116,19,0.2446342061957,0.259796687543595
116,20,0.219712332348773,0.233330150531058
116,21,0.196797264436308,0.20899480172161
116,22,0.175827650419534,0.186725486463761
116,23,0.156721333544533,0.166434955910104
116,24,0.139381513184925,0.148020409710365
116,25,0.123701853777898,0.131368921600404
116,26,0.109570648898869,0.116361861567129
116,27,0.0968741534428768,0.102878434559213
116,28,0.0854991957392872,0.0907984545012441
116,29,0.0753351757725272,0.0800044663646103
116,30,0.0662755473509594,0.0703833202015253
116,31,0.0582188723566401,0.0618272907374157
116,32,0.0510695250176866,0.0542348252942434
116,33,0.0447381140735218,0.0475109921216436
116,34,0.0391416811363069,0.0415676910528422
116,35,0.0342037247185413,0.0363236790214916
116,36,0.0298540914157272,0.0317044544998136
117,0,0.767291952919536,0.776205737860933
117,1,0.766711458275793,0.775618499494159
117,2,0.763205636240468,0.772071949619129
117,3,0.755142288091606,0.763914927933052
117,4,0.741889966374587,0.750508651329226
117,5,0.723476484268992,0.731881256098533
117,6,0.700340926527748,0.708476927929787
117,7,0.673156446700632,0.680976640532944
117,8,0.642706250523774,0.650172698302695
117,9,0.609799187740354,0.61688334755237
117,10,0.575214528800745,0.581896911673897
117,11,0.539667968654953,0.545937399989463
117,12,0.50379282090488,0.50964548343246
117,13,0.468131856624779,0.473570238557879
117,14,0.433136394575012,0.438168227186892
117,15,0.399170136018007,0.403807375772645
117,16,0.366515915604243,0.370773804712639
117,17,0.33538405555023,0.339280279578872
117,18,0.305921399721944,0.309475350152047
117,19,0.278220395767987,0.281452538063694
117,20,0.252327809535104,0.255259152448804
117,21,0.228252814227039,0.230904473078076
117,22,0.205974310882344,0.208367155879183
117,23,0.185447417457214,0.187601797404588
117,24,0.1666091194172,0.168544651067323
117,25,0.149383111688647,0.151118525342345
117,26,0.133683885034814,0.135236917614911
117,27,0.119420123178085,0.120807450767843
117,28,0.106497483156235,0.107734685837748
117,29,0.0948208326393267,0.095922385323276
117,30,0.0842960158598541,0.0852752996304348
117,31,0.074831215616126,0.0757005448986337
117,32,0.0663379733684128,0.0671086349474952
117,33,0.0587319233836786,0.0594142239502944
117,34,0.0519332906359899,0.0525366101185765
117,35,0.0458671960343645,0.0464000444758991
117,36,0.0404638067224496,0.0409338829035717
118,0,0.753778983000508,0.780007810041732
118,1,0.753508201842975,0.77972760666322
118,2,0.751817188856821,0.777977752440923
118,3,0.747778646408381,0.773798683082384
118,4,0.740880159828595,0.766660153710973
118,5,0.730914851752691,0.756348088365591
118,6,0.717895405261281,0.742875611452935
118,7,0.701987007695642,0.726413658246103
118,8,0.683455553231667,0.707237375092393
118,9,0.662628096541634,0.685685197003181
118,10,0.639863093472576,0.662128052813772
118,11,0.61552841560107,0.636946614722905
118,12,0.589985498930674,0.610514895421253
118,13,0.563578295627165,0.583188815386354
118,14,0.536625952258268,0.555298626351125
118,15,0.50941834752595,0.527144293765121
118,16,0.48221379451131,0.498993119085714
118,17,0.455238353334378,0.471079028520901
118,18,0.428686315174475,0.443603073891855
118,19,0.40272151224424,0.416734788189382
118,20,0.377479184275118,0.390614117006465
118,21,0.3530681934529,0.365353710545683
118,22,0.329573429121582,0.341041411998212
118,23,0.307058283101837,0.317742818994566
118,24,0.285567107932863,0.295503827384523
118,25,0.265127595224957,0.274353092347907
118,26,0.245753030831747,0.254304362038786
118,27,0.227444398729554,0.235358654672358
118,28,0.210192317163184,0.217506262041723
118,29,0.193978799470561,0.200728571612953
118,30,0.178778838597921,0.184999706175775
118,31,0.164561819125015,0.17028798500223
118,32,0.151292764013329,0.156557213977294
118,33,0.138933425576526,0.143767814531211
118,34,0.127443231599959,0.131877802680602
118,35,0.116780098305853,0.120843630281935
118,36,0.106901122133856,0.11062090088359
119,0,0.776066666132618,0.798531733550466
119,1,0.775521168866989,0.797970445588775
119,2,0.772214439489371,0.79456799518403
119,3,0.764577111512537,0.786709586860135
119,4,0.751971036874884,0.773738599865119
119,5,0.73437959944269,0.755637937072351
119,6,0.712180769295665,0.732796509790809
119,7,0.685983274692917,0.705840667344876
119,8,0.656510583291889,0.675514819857904
119,9,0.624520798725613,0.642599016048275
119,10,0.590753273699705,0.607854010917441
119,11,0.555894861815632,0.571986540653168
119,12,0.520560394325374,0.535629234238133
119,13,0.485283268885845,0.499330929773797
119,14,0.450513050394231,0.463554205866301
119,15,0.416617769401421,0.428677746572863
119,16,0.383889209557579,0.395001781904839
119,17,0.352549940426838,0.362755324223716
119,18,0.322761206362511,0.332104285478295
119,19,0.294631050213163,0.303159836070458
119,20,0.268222251643632,0.27598657296949
119,21,0.243559808979778,0.250610218136347
119,22,0.220637802675857,0.227024680670166
119,23,0.199425557145847,0.205198397008238
119,24,0.179873073139662,0.185079920555072
119,25,0.161915740806495,0.166602771176392
119,26,0.145478368512545,0.14968958064044
119,27,0.130478577798911,0.134255585850867
119,28,0.116829623210428,0.120211530302126
119,29,0.104442699106054,0.107466037665887
119,30,0.09322879549591,0.0959275213496275
119,31,0.0831001625791948,0.0855056914290278
119,32,0.073971439826543,0.0761127164142616
119,33,0.0657605007786605,0.067664092503307
119,34,0.0583890596653908,0.0600792677610232
119,35,0.0517830807986566,0.0532820633629288
119,36,0.045873026672388,0.0472009288769646
120,0,0.766325000768584,0.776561206151259
120,1,0.765667845207128,0.77589527261794
120,2,0.761725007740693,0.771899768601337
120,3,0.752723307315253,0.762777827737108
120,4,0.738040390548848,0.747898783542409
120,5,0.71779435970739,0.727382315837127
120,6,0.69255055539268,0.701801316774307
120,7,0.663115841718235,0.671973428175059
120,8,0.630397695773273,0.63881824877654
120,9,0.595310810307505,0.603262689359764
120,10,0.558718109789185,0.566181200928174
120,11,0.521396317539174,0.528360881903835
120,12,0.48401870297234,0.490483994914678
120,13,0.447149546904731,0.453122358171878
120,14,0.411246318540654,0.416739551536092
120,15,0.376666661721885,0.381697996085666
120,16,0.34367812004509,0.348268809137557
120,17,0.312469152986441,0.316642967520107
120,18,0.283160457003514,0.286942779896846
120,19,0.255815944723607,0.259233012609592
120,20,0.230452981297028,0.233531262764082
120,21,0.207051652647965,0.209817350281739
120,22,0.185562963320827,0.188041625248945
120,23,0.165915945435404,0.168132171830255
120,24,0.148023715280592,0.150000945763219
120,25,0.131788548165714,0.133548916997158
120,26,0.117106061261165,0.118670308406205
120,27,0.103868602762941,0.105256030224692
120,28,0.0919679471342387,0.0931964112904973
120,29,0.0812973928631994,0.0823833248236458
120,30,0.0717533529153074,0.0727118001232153
120,31,0.0632365201336738,0.0640812035344825
120,32,0.0556526811533736,0.056396063235142
120,33,0.0489132435669811,0.0495666034424677
120,34,0.0429355325182442,0.0435090449687455
120,35,0.0376429048674319,0.0381457209115869
120,36,0.0329647217131975,0.0334050488087517
121,0,0.770999644010221,0.796850813458129
121,1,0.77035244869738,0.796181918063027
121,2,0.766464942424926,0.792164065967252
121,3,0.757578166593719,0.782979321713305
121,4,0.743063630497987,0.767978121667747
121,5,0.723023217456117,0.747265765237347
121,6,0.698002500850304,0.721406118562358
121,7,0.66878896541877,0.691213070286064
121,8,0.636273267953898,0.657607140404859
121,9,0.601356843724295,0.621519988787394
121,10,0.564893182122646,0.583833721829078
121,11,0.527653204624536,0.545345109554002
121,12,0.490307576172314,0.506747303909797
121,13,0.453420622675169,0.468623552325025
121,14,0.417451934930308,0.431448855408908
121,15,0.382762809464876,0.39559662375092
121,16,0.349625485510043,0.361348224605248
121,17,0.318233744139085,0.328903936411797
121,18,0.288713887179924,0.298394295825292
121,19,0.261135446270117,0.269891165838639
121,20,0.235521214709216,0.243418103997461
121,21,0.211856368577148,0.218959789344271
121,22,0.19009656593409,0.196470393179804
121,23,0.170174996892509,0.175880865519872
121,24,0.152008412993833,0.157105166633526
121,25,0.135502199286213,0.140045509184636
121,26,0.120554572590823,0.124596697263612
121,27,0.107059999033688,0.110649658507093
121,28,0.094911926274712,0.0980942679370156
121,29,0.0840049234034143,0.0868215596058188
121,30,0.0742363159616154,0.0767254164404825
121,31,0.0655073962741736,0.0677038211549515
121,32,0.057724281125388,0.0596597426839297
121,33,0.050798480437892,0.0525017239292454
121,34,0.0446472324131268,0.0461442281373902
121,35,0.0391936528463886,0.0405077932210125
121,36,0.0343667391935874,0.0355190359620328
122,0,0.772171073920576,0.807043119445419
122,1,0.771399721695066,0.806236932154426
122,2,0.766810476948322,0.80144043236131
122,3,0.756431763095722,0.790593005040696
122,4,0.73966625628799,0.773070350579559
122,5,0.716773705646417,0.749143948638558
122,6,0.688509115375178,0.719602900193776
122,7,0.655874954326137,0.685494946628798
122,8,0.619956243340125,0.647954109449509
122,9,0.581815175757843,0.608090551748111
122,10,0.5424278866131,0.566924491827635
122,11,0.502650519306551,0.525350737411518
122,12,0.463205171346155,0.484123996679137
122,13,0.424678887236845,0.443857825673337
122,14,0.387530804406217,0.405032096943527
122,15,0.352104000413317,0.368005381786683
122,16,0.318639655160488,0.333029752039357
122,17,0.287291921883908,0.300266322657545
122,18,0.258142465700269,0.269800446839201
122,19,0.231214032385492,0.241655897583046
122,20,0.206482694072994,0.215807666415258
122,21,0.183888614045754,0.192193214330695
122,22,0.163345303513649,0.170722146615885
122,23,0.144747427117635,0.151284370857863
122,24,0.127977264297791,0.133756850114284
122,25,0.112909960584366,0.118009091358218
122,26,0.0994177136892364,0.103907520617828
122,27,0.0873730393800743,0.0913188963408069
122,28,0.0766512554095141,0.0801129055003486
122,29,0.0671323110272015,0.0701640757298628
122,30,0.0587020767719911,0.0613531233635218
122,31,0.0512531956583583,0.0535678430631324
122,32,0.0446855834193502,0.0467036306525777
122,33,0.0389066527070762,0.0406637174434328
122,34,0.033831324407917,0.035359182061181
122,35,0.0293818786681476,0.0307087947429998
122,36,0.0254876889003094,0.0266387393315848
123,0,0.773106383050271,0.805360677259402
123,1,0.772093622047185,0.804305663479631
123,2,0.766164560997668,0.798129239733766
123,3,0.75299748795967,0.784412831368895
123,4,0.732120470022936,0.762664816253113
123,5,0.704144580908165,0.733521762336637
123,6,0.670249323919747,0.698212382253173
123,7,0.631846938883319,0.658207835014422
123,8,0.590371999520617,0.615002545306879
123,9,0.547157399233991,0.569985015355806
123,10,0.503368720313938,0.524369455990989
123,11,0.459977023040133,0.479167440498647
123,12,0.417755991004752,0.435184930846552
123,13,0.377293668847869,0.393034505122235
123,14,0.339012138183213,0.353155854345905
123,15,0.303190705849808,0.315839938144813
123,16,0.26998975809016,0.281253834136892
123,17,0.239473538874408,0.249464466575305
123,18,0.211630870217217,0.220460191124889
123,19,0.186393343420815,0.194169745050819
123,20,0.16365084399949,0.170478419848892
123,21,0.143264481966964,0.149241530989441
123,22,0.125077121420053,0.130295386799258
123,23,0.108921766610604,0.113466024403659
123,24,0.0946280858265538,0.0985760057863585
123,25,0.082027353499734,0.085449566083904
123,26,0.0709560748933316,0.0739163894964848
123,27,0.0612585332894238,0.0638142627451053
123,28,0.052788471369252,0.0549908265996879
123,29,0.0454100894411163,0.0473046157534175
123,30,0.0389985151872084,0.0406255481675915
123,31,0.0334398737560268,0.034834998088318
123,32,0.0286310638739908,0.0298255628174203
123,33,0.0244793253875745,0.0255006122122631
123,34,0.0209016662479828,0.0217736917640102
123,35,0.0178242022486343,0.0185678347887024
123,36,0.0151814505798551,0.0158148265087823
124,0,0.765356828240966,0.767183127095117
124,1,0.764811180519678,0.766636177346107
124,2,0.761505882050432,0.763322991754692
124,3,0.753877945114033,0.755676852991416
124,4,0.741297655304123,0.743066544021793
124,5,0.723756659637945,0.725483691931129
124,6,0.701639784365139,0.70331404124367
124,7,0.675560632539348,0.677172659196185
124,8,0.646245418171121,0.64778749269526
124,9,0.614452976965099,0.61591918818365
124,10,0.580921639475465,0.58230783802414
124,11,0.546335810759522,0.547639480405307
124,12,0.511306791559446,0.512526874758665
124,13,0.476363696167344,0.477500397951881
124,14,0.441951348676258,0.4430059355198
124,15,0.408432834040942,0.409407438812576
124,16,0.376094992542196,0.376992432570935
124,17,0.345155615111026,0.345979227419849
124,18,0.315771453713281,0.316524949367609
124,19,0.288046430354163,0.288733768398702
124,20,0.262039629798892,0.262664910266754
124,21,0.237772810255263,0.238340185099119
124,22,0.215237275166271,0.215750875587018
124,23,0.19440002743533,0.194863905896006
124,24,0.175209182289484,0.175627267445381
124,25,0.157598652363899,0.157974715172262
124,26,0.141492142946389,0.141829772309582
124,27,0.126806510108274,0.127109096530142
124,28,0.113454542314351,0.113725268194073
124,29,0.101347229064678,0.101589064404068
124,30,0.0903955796950855,0.0906112821459238
124,31,0.0805120527895683,0.0807041711118061
124,32,0.071611652577174,0.0717825327133663
124,33,0.0636127438121785,0.0637645369063887
124,34,0.056437631408389,0.05657230320822
124,35,0.0500129458235733,0.0501322870018055
124,36,0.0442698700760692,0.0443755070940066
125,0,0.775590438857644,0.803210471763293
125,1,0.774778894285968,0.802370026773754
125,2,0.769963294765428,0.797382935947294
125,3,0.759105125954951,0.786138090142343
125,4,0.741618673905676,0.768028917186767
125,5,0.717815219235669,0.743377782906085
125,6,0.688516802971355,0.713036002540358
125,7,0.654793760060631,0.67811202740019
125,8,0.61779167319866,0.639792236237724
125,9,0.578622139154586,0.599227811585162
125,10,0.538298381938189,0.557468060001896
125,11,0.49770177442945,0.515425741485037
125,12,0.457569117526049,0.473863895606724
125,13,0.418493364306098,0.433396591465467
125,14,0.38093259125226,0.394498218390106
125,15,0.345223583023941,0.357517554487761
125,16,0.311597545418514,0.322694039169075
125,17,0.280196295787076,0.290174540130932
125,18,0.25108787992189,0.260029526386571
125,19,0.224280989313637,0.232267998944749
125,20,0.199737848284179,0.206850836874186
125,21,0.177385441337219,0.18370242447839
125,22,0.157125083117159,0.162720562056263
125,23,0.138840416084282,0.143784748387463
125,24,0.122403968884309,0.126762972656128
125,25,0.107682432112153,0.111517178093135
125,26,0.0945408155810129,0.0979075672922904
125,27,0.0828456479913455,0.0857959158246894
125,28,0.0724673701181289,0.0750480506512678
125,29,0.0632820591669073,0.0655356358859571
125,30,0.0551726067698277,0.0571373927420704
125,31,0.0480294575335727,0.0497398643811245
125,32,0.0417509999725007,0.0432378207677425
125,33,0.036243687586813,0.0375343840596116
125,34,0.0314219550648305,0.0325409418255862
125,35,0.027207983225058,0.0281769036169587
125,36,0.0235313563830504,0.0243693461326039
126,0,0.773943154378212,0.799843531831974
126,1,0.77319026263313,0.799065444204909
126,2,0.768704150207044,0.794429201883005
126,3,0.758541577011299,0.783926533319555
126,4,0.742096872900773,0.766931499328638
126,5,0.719603266560402,0.74368513370457
126,6,0.691782695773833,0.714933534223872
126,7,0.659604936128737,0.681678930477617
126,8,0.624126452470095,0.645013142411606
126,9,0.58638672826063,0.606010440299311
126,10,0.547345456271093,0.565662633488601
126,11,0.507848266743046,0.524843651641116
126,12,0.46861192915025,0.484294251263529
126,13,0.430222427384477,0.444620026478539
126,14,0.393141159865502,0.406297816624495
126,15,0.35771589898816,0.369687032465591
126,16,0.324194169594671,0.33504348238116
126,17,0.292737459763114,0.302534058724974
126,18,0.263435225444664,0.272251211134356
126,19,0.236318044352683,0.244226540620458
126,20,0.211369553076652,0.218443136163405
126,21,0.188536994484718,0.194846475088723
126,22,0.167740332753195,0.173353843135644
126,23,0.14887997795735,0.153862317555018
126,24,0.131843213962799,0.13625541011317
126,25,0.116509451999464,0.120408496479212
126,26,0.10275444492054,0.106193171516206
126,27,0.0904535989953227,0.0934806719047178
126,28,0.0794845149733936,0.0821445022449318
126,29,0.0697288808276847,0.0720623911412637
126,30,0.0610738269693143,0.0631176917701108
126,31,0.0534128421642078,0.0552003284480585
126,32,0.0466463357675445,0.0482073776817726
126,33,0.0406819198044741,0.0420433596886812
126,34,0.0354344732123093,0.036620304789063
126,35,0.0308260404064288,0.0318576485774098
126,36,0.0267856073133156,0.0276820004603039
127,0,0.768386439032719,0.779044920005684
127,1,0.768116393875829,0.778771128984707
127,2,0.766428532022354,0.777059854376222
127,3,0.76239363232381,0.772968985572187
127,4,0.755494567011895,0.765974221595351
127,5,0.745518506292556,0.755859780436222
127,6,0.732471993294649,0.742632295985035
127,7,0.71651456730743,0.726453520540535
127,8,0.697907371732151,0.707588219889575
127,9,0.676973815253353,0.686364288799655
127,10,0.654069880684808,0.663142648011421
127,11,0.629562112883376,0.638294926817357
127,12,0.603811679493344,0.612187302708708
127,13,0.577163198256211,0.585169173706082
127,14,0.5499372724473,0.557565590253224
127,15,0.522425880305524,0.529672580692416
127,16,0.494889932355866,0.501754674703957
127,17,0.467558448373231,0.474044068853478
127,18,0.440628918507986,0.446740992726745
127,19,0.4142685050665,0.420014927380392
127,20,0.388615816195277,0.394006403629283
127,21,0.36378304324812,0.368829169061622
127,22,0.339858302420522,0.344572562154743
127,23,0.316908060397008,0.32130397156922
127,24,0.294979555008593,0.29907129038387
127,25,0.274103146679301,0.277905300159767
127,26,0.254294555947367,0.257821939498677
127,27,0.235556957567546,0.238824427193173
127,28,0.217882913452827,0.220905221980675
127,29,0.201256135670792,0.204047809994769
127,30,0.18565307742564,0.188228317816146
127,31,0.171044354886118,0.173416954023059
127,32,0.157396006233913,0.159579285704301
127,33,0.144670596709448,0.146677358833356
127,34,0.132828179968627,0.134670672960372
127,35,0.121827126934115,0.123517021560643
127,36,0.111624833688561,0.113173209747199
128,0,0.763976515985907,0.791215313136552
128,1,0.763334865516074,0.790550785278968
128,2,0.75948077743898,0.786559283654289
128,3,0.750670683343003,0.77743507471193
128,4,0.736281871914142,0.762533245006265
128,5,0.716415720241892,0.741958786122679
128,6,0.691613412982501,0.716272178099887
128,7,0.662655871420518,0.68628218516789
128,8,0.63042620164703,0.652903399657436
128,9,0.595818102755607,0.617061384584366
128,10,0.559677661493958,0.579632393049427
128,11,0.522769044732058,0.54140783750662
128,12,0.48575697998796,0.503076145650175
128,13,0.449200741019874,0.465216531569103
128,14,0.413555751703157,0.428300656808764
128,15,0.379179982868207,0.392699255281448
128,16,0.346343118830511,0.358691626619617
128,17,0.315237072125974,0.326476525803318
128,18,0.285986872758474,0.296183440652662
128,19,0.258661288206231,0.267883590479596
128,20,0.233282770645002,0.241600227969118
128,21,0.209836500151101,0.217318004808402
128,22,0.188278413915309,0.194991287174071
128,23,0.168542194719024,0.174551393375283
128,24,0.150545247052707,0.155912783044531
128,25,0.134193723886262,0.138978263132355
128,26,0.119386686988025,0.123643296558226
128,27,0.106019493168242,0.109799509187056
128,28,0.0939865011332769,0.0973374931935033
128,29,0.0831831911753763,0.0861490023271044
128,30,0.0735077844441159,0.0761286289171723
128,31,0.0648624413154614,0.0671750449684774
128,32,0.0571541102901474,0.0591918813262242
128,33,0.0502950905360182,0.0520883102752611
128,34,0.0442033630554826,0.0457793885149705
128,35,0.0388027377752111,0.0401862094932974
128,36,0.0340228567775694,0.0352359067533971
129,0,0.770391049375039,0.796599356759778
129,1,0.769383137497392,0.795557156238295
129,2,0.763481992241589,0.789455257055105
129,3,0.75037573022376,0.775903126742327
129,4,0.729593207989487,0.754413593787476
129,5,0.701741347311159,0.725614227129572
129,6,0.66799320048581,0.690717985701642
129,7,0.62975389782021,0.651177801621012
129,8,0.588451207220006,0.608470014723356
129,9,0.545412032441633,0.563966669348645
129,10,0.501797004811414,0.518867880904156
129,11,0.458573315120244,0.474173743514187
129,12,0.416511796839764,0.430681314008742
129,13,0.376198546573585,0.38899662769653
129,14,0.338054459656924,0.349554898555659
129,15,0.302358275004603,0.312644348055514
129,16,0.269270294484797,0.278430731451402
129,17,0.238855041185333,0.246980766873421
129,18,0.211101876977115,0.218283454288793
129,19,0.185943108623136,0.192268797571395
129,20,0.163269444181801,0.168823786723973
129,21,0.142942869675215,0.147805712604067
129,22,0.124807137944289,0.129053012604576
129,23,0.108696124824376,0.112393911102187
129,24,0.0944403320086562,0.0976531435448332
129,25,0.081871815250308,0.0846570523087698
129,26,0.0708278007135436,0.0732373260760091
129,27,0.0611532280826797,0.0632336294586564
129,28,0.0527024310326129,0.0544953406381259
129,29,0.0453401368288005,0.0468825849709996
129,30,0.038941939019815,0.0402667237623389
129,31,0.0333943714941177,0.0345304308418321
129,32,0.0285946891483973,0.0295674657705818
129,33,0.0244504402586303,0.0252822316644498
129,34,0.0208788983317107,0.0215891877175701
129,35,0.017806406582274,0.0184121713786128
129,36,0.0151676759872349,0.0156836725254969
130,0,0.769830383403499,0.781289423789115
130,1,0.769054100958941,0.780501586264277
130,2,0.76443798787086,0.775816761642536
130,3,0.754004785567366,0.765228259562462
130,4,0.737161639621767,0.748134400870559
130,5,0.71417736013231,0.724807996943587
130,6,0.685817208279974,0.696025699989649
130,7,0.653093169760505,0.662814559262916
130,8,0.617098065791838,0.626283662788583
130,9,0.578899807406547,0.587516817614652
130,10,0.539478167563901,0.547508380767415
130,11,0.499691057023806,0.507129033136741
130,12,0.460260778279144,0.46711182879614
130,13,0.421773357375138,0.428051516876158
130,14,0.384686018258111,0.390412127169937
130,15,0.349339324990168,0.354539293086579
130,16,0.315971594776239,0.32067487921825
130,17,0.284733972569154,0.288972280333004
130,18,0.255705127741617,0.259511336808926
130,19,0.228904939856114,0.232312224118761
130,20,0.204306825833665,0.207347963490423
130,21,0.181848556672915,0.184555399634566
130,22,0.161441542401594,0.163844623903933
130,23,0.142978647291489,0.145106905838976
130,24,0.126340647107639,0.128221246534166
130,25,0.111401466377422,0.113059693864615
130,26,0.0980323437903064,0.0994915698884285
130,27,0.0861050733025896,0.0873867601957706
130,28,0.0754944612417346,0.0766182075875656
130,29,0.0660801284700125,0.0670637410646166
130,30,0.0577477734250391,0.0586073576686894
130,31,0.0503899979343527,0.0511400605894638
130,32,0.0439067839791012,0.0445603430249194
130,33,0.0382056966086924,0.0387743941164006
130,34,0.0332018763023931,0.0336960911965173
130,35,0.0288178733918724,0.0292468317470429
130,36,0.024983367746817,0.025355248912008
131,0,0.772068705080947,0.81304896383966
131,1,0.771265222196853,0.8122028332789
131,2,0.766495968885058,0.807180435093447
131,3,0.755738512801355,0.795851989237726
131,4,0.738407999349259,0.777601597902983
131,5,0.714808229095481,0.75274918693824
131,6,0.685749903177331,0.722148488291622
131,7,0.652290962073202,0.6869135963489
131,8,0.615565197520177,0.648238482826555
131,9,0.576673907305802,0.607282900761005
131,10,0.53662189476831,0.565104986957483
131,11,0.496284061706268,0.522626081700999
131,12,0.456392572502838,0.480617211571403
131,13,0.417537363774239,0.43969962614324
131,14,0.380174858557248,0.400353974709352
131,15,0.344641287516533,0.362934334558095
131,16,0.311168153290001,0.327684496143139
131,17,0.279898198860844,0.294754779032958
131,18,0.250900834076831,0.264218277246823
131,19,0.224186395154888,0.236085875632688
131,20,0.199718905094604,0.210319687584454
131,21,0.177427202361847,0.186844774419584
131,22,0.157214436602809,0.165559145111507
131,23,0.138966012703076,0.146342122007548
131,24,0.12255611251232,0.129061208717055
131,25,0.107852947584243,0.113577621658979
131,26,0.0947229040848117,0.0997506549756671
131,27,0.0830337382251569,0.0874410455745894
131,28,0.0726569712116311,0.0765134951987869
131,29,0.0634696196207942,0.0668384926475859
131,30,0.0553553822710643,0.0582935636456323
131,31,0.0482053894021578,0.0507640597876617
131,32,0.0419186051488429,0.0441435823749614
131,33,0.0364019604337136,0.0383341223618953
131,34,0.0315702807961734,0.0332459843541576
131,35,0.0273460624506862,0.028797550780528
131,36,0.0236591400466947,0.0249149320179812
132,0,0.746569734497283,0.774473139949188
132,1,0.746073533819833,0.773958393531067
132,2,0.743057310381312,0.770829437280526
132,3,0.736069245218022,0.763580189796865
132,4,0.7244980244847,0.751576489083742
132,5,0.708298732233032,0.73477174043752
132,6,0.687790625606672,0.713497133392238
132,7,0.663510053956386,0.688309063615446
132,8,0.636105397551598,0.659880144903203
132,9,0.606263775245015,0.628923177508161
132,10,0.57466154960242,0.596139803374619
132,11,0.541932460675422,0.562187448895588
132,12,0.508648641094262,0.527659630435493
132,13,0.475310882366552,0.493075856827119
132,14,0.442345397092718,0.458878270573282
132,15,0.410105004024088,0.425432877197041
132,16,0.37887319244712,0.393033761534251
132,17,0.348869931287616,0.361909113955866
132,18,0.320258402189519,0.332228215098812
132,19,0.293152075060662,0.304108775863693
132,20,0.267621725455941,0.27762421707605
132,21,0.243702128603212,0.252810613704723
132,22,0.221398265099723,0.229673132499197
132,23,0.200690946396472,0.208191867729156
132,24,0.181541820504517,0.188327033981494
132,25,0.163897754888886,0.170023512867009
132,26,0.14769461815871,0.153214776053031
132,27,0.13286049794613,0.137826223412123
132,28,0.119318401635143,0.123777984691963
132,29,0.10698849115693,0.110987237837238
132,30,0.0957899042869602,0.0993700983586072
132,31,0.0856422138038322,0.0888431330283119
132,32,0.0764665732829447,0.0793245484984395
132,33,0.0681865947798888,0.070735101788158
132,34,0.0607289996330136,0.0629987754103422
132,35,0.0540240793862509,0.0560432555216129
132,36,0.0480059996149536,0.0498002471038128
133,0,0.761219472226697,0.775428468361906
133,1,0.760820137160051,0.775021679268366
133,2,0.758365661372474,0.772521387998852
133,3,0.752607686384711,0.766655934094255
133,4,0.74295068294311,0.756818672094399
133,5,0.729255868496255,0.742868228919369
133,6,0.711692651889303,0.724977175616174
133,7,0.690627363137168,0.703518680151144
133,8,0.666541073990656,0.678982794006813
133,9,0.639969974202359,0.651915715505444
133,10,0.611463109914478,0.622876739337519
133,11,0.581553372824701,0.592408704208583
133,12,0.550738499728685,0.561018637717359
133,13,0.519469541081262,0.52916600967
133,14,0.488144816660622,0.497256574920121
133,15,0.457107822706283,0.465640241441196
133,16,0.42664790965811,0.434611760716326
133,17,0.397002830508083,0.404413323657786
133,18,0.3683624811853,0.375238370810413
133,19,0.340873328045671,0.347236102485254
133,20,0.314643152951764,0.320516312411524
133,21,0.289745851326249,0.295154275350985
133,22,0.266226099192992,0.271195501254476
133,23,0.244103766628726,0.248660231095501
133,24,0.223378001299917,0.227547596630783
133,25,0.204030940119495,0.20783940133915
133,26,0.186031032142434,0.189503505342585
133,27,0.169335973716612,0.172496815344917
133,28,0.153895269278228,0.156767893227278
133,29,0.139652439346352,0.142259205257293
133,30,0.126546902268496,0.128909038959503
133,31,0.114515558914245,0.116653117389035
133,32,0.103494110443676,0.105425941497616
133,33,0.0934181389854086,0.0951618909836586
133,34,0.0842239799251101,0.0857961128629961
133,35,0.075849412818691,0.0772652252787245
133,36,0.0682341959230185,0.0695078620095195
134,0,0.762125321276857,0.770916872062128
134,1,0.761542279886032,0.770327104955919
134,2,0.758023088367316,0.766767317553435
134,3,0.749934194932769,0.758585114114036
134,4,0.736648646841997,0.745146309639452
134,5,0.718201261063553,0.726486122731851
134,6,0.69503856163667,0.703056228340242
134,7,0.667840377088288,0.675544297201833
134,8,0.637395213377126,0.644747931141844
134,9,0.604515620304264,0.611489053187311
134,10,0.569982983080281,0.576558062273418
134,11,0.53451368047004,0.540679601003164
134,12,0.49874050415157,0.504493760667931
134,13,0.463204748242067,0.46854807952166
134,14,0.428355546991239,0.433296872834102
134,15,0.394553936821191,0.399105341788658
134,16,0.362079805211212,0.366256602526517
134,17,0.331140410088659,0.334960303813582
134,18,0.301879546275332,0.305361899227032
134,19,0.274386729207128,0.277551936814438
134,20,0.2487059834215,0.251574948961429
134,21,0.224843982076165,0.227437685804409
134,22,0.202777397989383,0.205116551069275
134,23,0.182459407244085,0.184564180698337
134,24,0.163825341698318,0.165715160565695
134,25,0.146797523292199,0.14849091655069
134,26,0.131289335827176,0.132803833287456
134,27,0.117208602726113,0.118560670889405
134,28,0.104460345051605,0.105665354782851
134,29,0.092948994938652,0.0940212146728999
134,30,0.0825801372073905,0.0835327462466717
134,31,0.0732618474571216,0.0741069647030136
134,32,0.0649056892737797,0.065654413463323
134,33,0.0574274269306515,0.058089885093677
134,34,0.0507475035608359,0.0513329049932845
134,35,0.0447913285236127,0.0453080220757904
134,36,0.0394894117657034,0.03994494468047
135,0,0.763596760469383,0.807777001971183
135,1,0.762514471285374,0.806632093614334
135,2,0.75620996245137,0.79996281801172
135,3,0.742287793286521,0.785235138886937
135,4,0.720340653632915,0.762018179898878
135,5,0.691101552273457,0.731087360310335
135,6,0.655882313058169,0.693830403578953
135,7,0.616212981955598,0.651865881193421
135,8,0.573620307969481,0.606808876921568
135,9,0.529500861324522,0.560136763858143
135,10,0.485057141465718,0.513121615755729
135,11,0.441274375717566,0.466805663298951
135,12,0.398922499812217,0.422003389222187
135,13,0.358572708114284,0.379319036098579
135,14,0.320621462453259,0.339172004277373
135,15,0.285317326528755,0.301825238876288
135,16,0.252787725413835,0.267413537538298
135,17,0.223063922712589,0.235969972719563
135,18,0.196103313610105,0.207449474572433
135,19,0.171808662271055,0.181749181382963
135,20,0.150044248594345,0.15872552054576
135,21,0.130649091630506,0.138208197062905
135,22,0.113447527849816,0.120011383850339
135,23,0.098257472520609,0.103942461103652
135,24,0.0848967033601158,0.0898086635088873
135,25,0.0731874924585525,0.0774219801608608
135,26,0.0629598856228349,0.0666026236434005
135,27,0.0540538947133038,0.0571813492104637
135,28,0.0463208328133867,0.0490008672061492
135,29,0.0396239870389282,0.0419165548014838
135,30,0.0338387911464622,0.0357966385894774
135,31,0.0288526307248136,0.0305219885054844
135,32,0.0245643880096285,0.0259856363055775
135,33,0.0208838112643729,0.0220921084611432
135,34,0.0177307750366628,0.0187566436150632
135,35,0.0150344821233897,0.0159043483740762
135,36,0.0127326454063979,0.013469331807039
136,0,0.765064148060567,0.778374911249707
136,1,0.764481659716687,0.777782288638752
136,2,0.760964939653543,0.774204383865697
136,3,0.752879483700319,0.76597825527771
136,4,0.739595805591288,0.752463464661266
136,5,0.721145727882741,0.733692388228858
136,6,0.697972980790979,0.710116476317829
136,7,0.670755150229535,0.682425103638324
136,8,0.640279196944505,0.651418922661709
136,9,0.607356840233549,0.617923775165929
136,10,0.572769290676739,0.582734463413609
136,11,0.537233309340524,0.546580218846187
136,12,0.501382512033139,0.510105681066438
136,13,0.46575934284951,0.473862731737246
136,14,0.430814304190916,0.438309711204977
136,15,0.396909924408204,0.403815455172663
136,16,0.364327627696765,0.370666284119009
136,17,0.33327619018762,0.339074606510502
136,18,0.303900857927412,0.309188195418134
136,19,0.276292495463461,0.281099496271659
136,20,0.250496350720229,0.254854544229405
136,21,0.226520180540771,0.230461231089778
136,22,0.204341595554803,0.207896777947045
136,23,0.183914563733247,0.18711435189623
136,24,0.165175067480112,0.168048821548384
136,25,0.148045945868504,0.15062168351294
136,26,0.132440976620685,0.134745215397009
136,27,0.118268265460752,0.120325924126798
136,28,0.105433016415053,0.107267364446359
136,29,0.0938397576708753,0.0954724035022735
136,30,0.0833940953481182,0.0848450051278606
136,31,0.0740040631875527,0.0752916030136193
136,32,0.0655811305835504,0.0667221262779462
136,33,0.0580409252124051,0.0590507346679121
136,34,0.0513037201658184,0.052196314168008
136,35,0.0452947292890539,0.0460827774766617
136,36,0.0399442485368924,0.0406392078215361
137,0,0.768845617375255,0.813234892676292
137,1,0.76788549210469,0.812219334606222
137,2,0.762247881125999,0.806256236351388
137,3,0.74968611848257,0.792969220773373
137,4,0.729700488589424,0.771829721225067
137,5,0.702826393575004,0.743404051258404
137,6,0.670152925527794,0.708844181656174
137,7,0.633005905258919,0.669552479448476
137,8,0.592746912094675,0.626969134697224
137,9,0.550652908433501,0.582444835181054
137,10,0.507850816368831,0.537171565801743
137,11,0.465288641830514,0.492152065578926
137,12,0.423730083547776,0.448194125361717
137,13,0.383763481633235,0.405920053058924
137,14,0.345818812560915,0.365784649821521
137,15,0.310188495815558,0.328097217963156
137,16,0.277049248149341,0.293044676971619
137,17,0.246483259077446,0.260713961570929
137,18,0.218497682195986,0.231112638369824
137,19,0.193041927954144,0.204187197031508
137,20,0.170022569235016,0.179838816427694
137,21,0.149315879260205,0.157936626418685
137,22,0.130778147041035,0.138328618866812
137,23,0.114253984477096,0.120850434345027
137,24,0.0995828697931038,0.105332283358865
137,25,0.0866041775922551,0.0916042668097582
137,26,0.0751609357900374,0.079500349835288
137,27,0.0651025306300682,0.0688612229990225
137,28,0.0562865573524042,0.0595362598070961
137,29,0.0485799888680329,0.0513847528560832
137,30,0.0418598099060315,0.0442765845926211
137,31,0.0360132407050759,0.0380924639197409
137,32,0.0309376530604997,0.0327238373969063
137,33,0.0265402627007691,0.0280725638558542
137,34,0.022737665609634,0.0240504239523227
137,35,0.019455271942567,0.0205785213996731
137,36,0.0166266794324982,0.0175866201982281
138,0,0.765091162644566,0.804639767842664
138,1,0.764374088642519,0.803885627307909
138,2,0.760092521747669,0.799382740383472
138,3,0.75037061909914,0.789158299333778
138,4,0.734601274522756,0.772573815838877
138,5,0.712979297002584,0.749834168824796
138,6,0.686171870023764,0.72164102940055
138,7,0.655090521154927,0.688953043237421
138,8,0.620737465080371,0.652824230862995
138,9,0.584105840799368,0.614299067985302
138,10,0.546118479988008,0.574348088707805
138,11,0.507593760701795,0.533831974163344
138,12,0.46923008724836,0.493485230130301
138,13,0.431602803601937,0.453912940897269
138,14,0.395169058705156,0.415595886058925
138,15,0.360277425794906,0.378900657077959
138,16,0.327180034439674,0.344092416443969
138,17,0.296045680888933,0.31134868571467
138,18,0.266972899701301,0.280773092834343
138,19,0.240002353826269,0.252408402675769
138,20,0.215128167055859,0.226248435281771
138,21,0.192308009396802,0.202248672564022
138,22,0.171471873325881,0.180335488214991
138,23,0.152529562949685,0.160414023992581
138,24,0.135376970788701,0.142374790959738
138,25,0.119901247254072,0.126099106178517
138,26,0.105984982604448,0.111463490837979
138,27,0.0935095252321529,0.0983431600670987
138,28,0.0823575571749287,0.0866147315782151
138,29,0.0724150404182324,0.076158272576353
138,30,0.0635726377237048,0.0668587940322498
138,31,0.0557267007073824,0.0586072898356778
138,32,0.048779906593761,0.0513014064641927
138,33,0.0426416140793927,0.0448458172418059
138,34,0.0372279984205565,0.0391523644095203
138,35,0.0324620164231866,0.0341400223055407
138,36,0.0282732435579789,0.029734726060638
139,0,0.767448472774567,0.777835103995332
139,1,0.766547566723952,0.776922005101491
139,2,0.761237759668075,0.771540335230455
139,3,0.749356195569474,0.759497966297399
139,4,0.730370535985835,0.74025535520291
139,5,0.704729097418822,0.714266885954603
139,6,0.673417027399242,0.6825310390489
139,7,0.6376607335362,0.646290820269265
139,8,0.598737780838669,0.606841085162186
139,9,0.557860782034928,0.565410857930677
139,10,0.516112296922705,0.523097349713621
139,11,0.474414102945277,0.480834813270504
139,12,0.433518917559865,0.439386153320516
139,13,0.394016140372132,0.399348746390981
139,14,0.356345743089986,0.361168518757496
139,15,0.32081629981168,0.325158220753561
139,16,0.287624495314997,0.291517199084535
139,17,0.256874408578774,0.26035094133193
139,18,0.228595543809964,0.231689351012003
139,19,0.202759047851179,0.205503184469354
139,20,0.179291868028784,0.181718400337024
139,21,0.15808881079661,0.160228381381639
139,22,0.139022590471715,0.140904119238545
139,23,0.121952032180441,0.123602528376364
139,24,0.106728630823909,0.108173093831383
139,25,0.0932016807429049,0.0944630702972188
139,26,0.0812221876388518,0.0823214469896439
139,27,0.0706457614345583,0.0716018796592491
139,28,0.0613346704812954,0.0621647726001167
139,29,0.0531592167967747,0.0538786725002393
139,30,0.0459985708091453,0.0466211144829239
139,31,0.0397411836261931,0.0402790399556345
139,32,0.0342848758827217,0.0347488866598311
139,33,0.0295366851293274,0.0299364339943073
139,34,0.0254125386629287,0.0257564714178159
139,35,0.0218368056593202,0.0221323445201937
139,36,0.0187417713501538,0.0189954220828658
140,0,0.769768811452504,0.773014600767985
140,1,0.769268152858388,0.772511831108454
140,2,0.766221620709805,0.769452453023078
140,3,0.759154955074017,0.762355990248882
140,4,0.74743934898469,0.750590984406664
140,5,0.731017803112049,0.734100195824596
140,6,0.71020272609175,0.713197350433342
140,7,0.685528307470964,0.688418890231327
140,8,0.657644722167757,0.660417731649093
140,9,0.627244038680671,0.629888861345163
140,10,0.595009938695518,0.597518843801687
140,11,0.561585127151006,0.563953093972109
140,12,0.527551711409702,0.5297761737194
140,13,0.493420930390678,0.4955014776408
140,14,0.459629479415034,0.461567542416769
140,15,0.426540352469372,0.428338892625934
140,16,0.394446649502318,0.396109864095367
140,17,0.363577203457529,0.365110254660407
140,18,0.334103195026657,0.335511966809239
140,19,0.306145162576323,0.307436047167765
140,20,0.27977999631781,0.28095971016075
140,21,0.255047642243303,0.256123070215722
140,22,0.231957342725335,0.232935408676389
140,23,0.21049331494236,0.211380876171726
140,24,0.190619821745182,0.1914235848641
140,25,0.172285627163087,0.173012082742395
140,26,0.155427854338537,0.156083227823971
140,27,0.139975280295161,0.140565496815309
140,28,0.125851111928444,0.126381772807868
140,29,0.112975292768856,0.113451661767868
140,30,0.101266391788113,0.10169338930684
140,31,0.0906431248535832,0.0910253285513615
140,32,0.0810255571770458,0.08136720766204
140,33,0.0723360318431953,0.0726410422772215
140,34,0.0644998656750723,0.0647718343125949
140,35,0.0574458496119841,0.0576880744489939
140,36,0.051106586662155,0.0513220815100506
141,0,0.762838416125539,0.807576998887023
141,1,0.761901089367135,0.806584700236972
141,2,0.756391883662201,0.800752393269476
141,3,0.744102502898881,0.787742270777968
141,4,0.724527817848687,0.767019578956437
141,5,0.698175883081772,0.739122168516597
141,6,0.666100079883586,0.705165198945968
141,7,0.629590151362858,0.66651405359057
141,8,0.589975555242188,0.624576159573986
141,9,0.548507058840729,0.580675638619183
141,10,0.506291838419339,0.535984600131093
141,11,0.464264287544193,0.491492237543081
141,12,0.423179872825835,0.447998323710324
141,13,0.383623148041913,0.40612169504098
141,14,0.346023790246205,0.366317228083274
141,15,0.310676512979498,0.32889692059685
141,16,0.277762138215061,0.294052199315623
141,17,0.247368118161493,0.261875645303518
141,18,0.219507501752436,0.232381072781797
141,19,0.194135821862121,0.205521406737959
141,20,0.171165700062404,0.181204144215574
141,21,0.150479172086596,0.159304402636034
141,22,0.131937862984511,0.139675691701221
141,23,0.11539121104183,0.122158619625371
141,24,0.100682971892271,0.106587778697298
141,25,0.0876562418060049,0.092797063172234
141,26,0.0761572310775652,0.0806236639595825
141,27,0.0660380011891119,0.0699109663140301
141,28,0.0571583574060073,0.0605105534271608
141,29,0.0493870646299456,0.0522834935873592
141,30,0.0426025306058556,0.0451010634551046
141,31,0.036693078130085,0.038845036235491
141,32,0.0315569074031725,0.0334076418230828
141,33,0.0271018314249696,0.0286912866786157
141,34,0.0232448514251326,0.0246081043595398
141,35,0.0199116256924168,0.0210793931974677
141,36,0.01703587365763,0.0180349854320698
142,0,0.768259827925171,0.782576456789429
142,1,0.767538149653332,0.781841329942509
142,2,0.763229632102138,0.77745252256684
142,3,0.753447917341592,0.767488524189746
142,4,0.737583853407161,0.751328831215018
142,5,0.715835179939734,0.729174868189286
142,6,0.688874626560874,0.701711901144281
142,7,0.657620331684257,0.669875178130856
142,8,0.623081207342295,0.634692412397627
142,9,0.586256596456787,0.597181569760887
142,10,0.548074732785157,0.558288181743375
142,11,0.509358466429447,0.518850432373355
142,12,0.470809730768441,0.479583335655861
142,13,0.433006512617221,0.441075649270754
142,14,0.396407812582263,0.403794927364719
142,15,0.36136337665568,0.368097433495131
142,16,0.328125944016047,0.334240616670348
142,17,0.296864468133099,0.30239657883154
142,18,0.26767728927047,0.272665492826845
142,19,0.24060461316253,0.245088313630091
142,20,0.215639919021196,0.219658398937402
142,21,0.192740107704682,0.196331846448484
142,22,0.171834328914543,0.175036485559714
142,23,0.152831510678554,0.155679547159985
142,24,0.13562666721304,0.138154089040925
142,25,0.120106091616752,0.122344285357348
142,26,0.10615155449867,0.108129703497071
142,27,0.093643633589914,0.0953886957406034
142,28,0.082464296301041,0.0840010299447649
142,29,0.0724988497122316,0.0738498758712054
142,30,0.0636373625153341,0.064823253626539
142,31,0.0557756522848682,0.0568150393312805
142,32,0.0488159200403356,0.0497256115073126
142,33,0.0426671029664157,0.043462210371072
142,34,0.0372450057492507,0.0379390716173037
142,35,0.0324722614749257,0.0330773865888799
142,36,0.028278164517697,0.028805132050876
143,0,0.766576486943273,0.79131325893496
143,1,0.76559977825243,0.790305032684422
143,2,0.759871892622473,0.784392313051289
143,3,0.74712678571394,0.771235932370371
143,4,0.726878445604184,0.75033419552717
143,5,0.699690343790968,0.722268756765984
143,6,0.666682943987361,0.688196236212019
143,7,0.629210691812794,0.64951478629418
143,8,0.588658188316178,0.607653687960944
143,9,0.54631891167902,0.563948158835867
143,10,0.503330016301434,0.519572048325489
143,11,0.46064426420594,0.475508863273383
143,12,0.419025684168636,0.432547287015173
143,13,0.37905960662273,0.39129153809988
143,14,0.341170664579803,0.352179952085627
143,15,0.305644468100305,0.315507355426873
143,16,0.27265016754014,0.281448356817807
143,17,0.242262180722233,0.250079775481278
143,18,0.214480092465788,0.221401182838959
143,19,0.189246231839202,0.195353046967278
143,20,0.16646076005221,0.171832307363026
143,21,0.145994309462836,0.150705421800323
143,22,0.127698337945863,0.131819054825766
143,23,0.111413429187112,0.115008645896149
143,24,0.0969757973234921,0.100105123917722
143,25,0.084222257296205,0.0869400379884735
143,26,0.0729939098734016,0.0753493613333336
143,27,0.0631387691511056,0.0651762035923243
143,28,0.0545135349554655,0.0562726404167239
143,29,0.0469846859168991,0.0485008418157865
143,30,0.0404290429542703,0.0417336538240737
143,31,0.0347339286215777,0.0358547629901266
143,32,0.0297970258341689,0.030758550543894
143,33,0.0255260201577915,0.0263497231427557
143,34,0.0218380931342647,0.0225427898472432
143,35,0.0186593199123189,0.0192614403139392
143,36,0.0159240125495413,0.0164378669063342
144,0,0.749809182122367,0.774550474709778
144,1,0.749607570989132,0.774342211057269
144,2,0.748334844932576,0.773027489132297
144,3,0.74525814417334,0.769849267138721
144,4,0.739936870385017,0.764352408421761
144,5,0.732152942483312,0.756311635922408
144,6,0.721854590374073,0.745673471299829
144,7,0.70911134350816,0.732509738253244
144,8,0.694078247887402,0.716980598804115
144,9,0.676967664403926,0.699305421071329
144,10,0.658027271539705,0.679740056130549
144,11,0.637523123760367,0.658559337389478
144,12,0.615726809622472,0.636043814953965
144,13,0.592905915997639,0.612469905202176
144,14,0.569317141451721,0.588102776927423
144,15,0.545201516593805,0.56319141397405
144,16,0.520781285451858,0.537965393708496
144,17,0.496258082476081,0.512633003869621
144,18,0.471812107036854,0.487380389827737
144,19,0.447602053332813,0.462371482179879
144,20,0.423765600210881,0.43774850273232
144,21,0.400420304016398,0.413632886811887
144,22,0.377664769505608,0.390126492814793
144,23,0.355580000140805,0.367312997057185
144,24,0.334230850662437,0.345259394277456
144,25,0.313667522464719,0.324017542354448
144,26,0.293927056644846,0.303625704622486
144,27,0.275034791202087,0.28411005515336
144,28,0.257005758196878,0.265486122017177
144,29,0.239846004132905,0.247760151232807
144,30,0.223553822726032,0.230930380214223
144,31,0.208120893848793,0.214988214296498
144,32,0.193533326019043,0.199919303623236
144,33,0.179772602529397,0.185704520495233
144,34,0.166816433351064,0.172320839384403
144,35,0.154639516425581,0.159742123345693
144,36,0.143214212991572,0.147939821627453
145,0,0.765119743548455,0.774353397248628
145,1,0.764572291630769,0.773799338546229
145,2,0.7612566647058,0.770443697818084
145,3,0.753606451634965,0.762701160089803
145,4,0.740992058230409,0.749934533075648
145,5,0.723407215312528,0.732137471938012
145,6,0.701239741903665,0.709702475994812
145,7,0.675106464696489,0.683253815955319
145,8,0.645736639789355,0.653529548760277
145,9,0.613891734893894,0.621300331701394
145,10,0.58031219805544,0.587315548733569
145,11,0.54568401375765,0.552269462970331
145,12,0.51061955065151,0.516781833278524
145,13,0.475648534503758,0.481388778286036
145,14,0.441216013307138,0.446540716934513
145,15,0.40768498117437,0.412605024039121
145,16,0.375341943378301,0.379871662488974
145,17,0.344404176295228,0.348560530805249
145,18,0.315027794513757,0.318829627605893
145,19,0.287316007923701,0.290783408343117
145,20,0.261327153916992,0.264480914438881
145,21,0.237082239465903,0.239943406382779
145,22,0.214571837020717,0.217161342851099
145,23,0.19376225647289,0.196100627154762
145,24,0.174600970344799,0.176708097901593
145,25,0.157021306714478,0.158916278556436
145,26,0.140946448670613,0.142647425162551
145,27,0.126292793791372,0.127816926363469
145,28,0.112972734909459,0.114336117727
145,29,0.10089692628732,0.102114575269201
145,30,0.0899760988069534,0.0910619525503463
145,31,0.0801224850188488,0.0810894229217059
145,32,0.0712509107370644,0.0721107842942632
145,33,0.063279604926382,0.0640432787997866
145,34,0.0561307743419054,0.0568081743653214
145,35,0.0497309840581311,0.050331149834578
145,36,0.0440113798704065,0.0445425200533867
146,0,0.77645101943262,0.787492651287731
146,1,0.775681011670402,0.786711693520911
146,2,0.771097881062502,0.782063387854122
146,3,0.760728190558493,0.771546233695444
146,4,0.743969304710174,0.754549025733807
146,5,0.721074835751456,0.731328982731868
146,6,0.692794287846066,0.702646267283622
146,7,0.660125972081661,0.669513387101155
146,8,0.624152325552451,0.633028172228907
146,9,0.585934483419479,0.594266847850992
146,10,0.546448848926921,0.554219702292416
146,11,0.506552894350694,0.513756401635221
146,12,0.466970827043861,0.473611451925856
146,13,0.428292319557182,0.434382911237232
146,14,0.39097942605551,0.396539404440988
146,15,0.355378240106252,0.360431946777199
146,16,0.321732908429201,0.326308156888718
146,17,0.290200391737998,0.294327227571276
146,18,0.260864926942558,0.264574593637715
146,19,0.23375154810341,0.237075645148973
146,20,0.208838307450708,0.211808122223828
146,21,0.186067033587598,0.188713026230828
146,22,0.165352595256697,0.167704015291468
146,23,0.146590723536719,0.148675337713476
146,24,0.129664496386346,0.131508408749063
146,25,0.114449616996756,0.116077164009007
146,26,0.100818628795255,0.102252334406342
146,27,0.0886442105380345,0.0899047881074517
146,28,0.077801688635487,0.0789080785842655
146,29,0.0681708934518628,0.0691403273116825
146,30,0.0596374737665227,0.0604855569213107
146,31,0.0520937702179639,0.0528345770664266
146,32,0.0454393352664272,0.046085511778784
146,33,0.0395811745733152,0.040144044280603
146,34,0.0344337730405486,0.0349234433942227
146,35,0.0299189582519661,0.0303444250415494
146,36,0.0259656447716797,0.0263348929061712
147,0,0.767130124607584,0.796961454089911
147,1,0.766358541228124,0.796159866207594
147,2,0.761769704047876,0.791392583272873
147,3,0.751396452004315,0.780615947384005
147,4,0.734647279385578,0.763215450992523
147,5,0.711787370327782,0.739466590429416
147,6,0.683575888630425,0.7101580510378
147,7,0.651017857591456,0.676333938378433
147,8,0.615199253614765,0.639122459135148
147,9,0.577181817040694,0.599626641462309
147,10,0.537940096582589,0.558858931273273
147,11,0.498327813919963,0.517706248856094
147,12,0.459064093125326,0.47691568280515
147,13,0.420732703147076,0.437093703046527
147,14,0.383789410534678,0.398713799488045
147,15,0.348573988981361,0.36212895857611
147,16,0.315324501909464,0.327586501286849
147,17,0.284192256626833,0.295243618803618
147,18,0.255256394561064,0.265182530120552
147,19,0.228537486146508,0.237424605592882
147,20,0.204009782635755,0.21194309518366
147,21,0.181611972014329,0.188674302642873
147,22,0.161256416216025,0.167527181929652
147,23,0.142836929962723,0.148391418547227
147,24,0.126235211256331,0.13114411009691
147,25,0.111326059845188,0.11565518767459
147,26,0.0979815302574686,0.101791730402833
147,27,0.0860741656346638,0.0894213250181876
147,28,0.0754794515049581,0.0784146150642585
147,29,0.0660776175833511,0.068647172758289
147,30,0.0577549026122971,0.0600008130175605
147,31,0.0504043834879276,0.0523644548277815
147,32,0.0439264563275066,0.0456346210177763
147,33,0.0382290442740745,0.039715654145011
147,34,0.0332275950237227,0.034519713926712
147,35,0.0288449204577276,0.0299666106357872
147,36,0.0250109214139671,0.02598351916945
148,0,0.765088124146883,0.806368752689345
148,1,0.764397414272263,0.805640775293684
148,2,0.760264764739426,0.801285147041303
148,3,0.75085921571309,0.791372117943926
148,4,0.735566720299439,0.775254509967768
148,5,0.714548272891867,0.753102004021595
148,6,0.688426367156769,0.725570680660686
148,7,0.658066752370993,0.693573001002237
148,8,0.624430333379504,0.658121715887405
148,9,0.588476154627634,0.620227615379123
148,10,0.55110111003287,0.580835985656476
148,11,0.513105633581399,0.540790448433985
148,12,0.475177391207062,0.500815772929517
148,13,0.437887101992301,0.461513471596502
148,14,0.401692214518077,0.423365674832743
148,15,0.366945368554036,0.386744049224379
148,16,0.333905474057099,0.351921474316175
148,17,0.302749909427042,0.31908489902874
148,18,0.273586834174502,0.28834831866135
148,19,0.246466970232953,0.259765191869209
148,20,0.221394464033643,0.233339888805883
148,21,0.198336623519512,0.209037953501603
148,22,0.177232449943908,0.186795095998521
148,23,0.157999968424495,0.166524918427509
148,24,0.140542415075027,0.148125435969048
148,25,0.12475337063119,0.131484487465853
148,26,0.110520947208489,0.116484148078927
148,27,0.0977311409354352,0.10300426281337
148,28,0.0862704622019928,0.090925218682912
148,29,0.0760279497111871,0.0801300674304657
148,30,0.0668966662634845,0.0705061020181321
148,31,0.0587747645430055,0.061945979918327
148,32,0.0515662010140473,0.0543484755288693
148,33,0.0451811659812356,0.0476189334371955
148,34,0.0395362883053662,0.0416694841817254
148,35,0.0345546644316143,0.0364190748462988
148,36,0.0301657533982031,0.0317933584039967
149,0,0.77488649146095,0.790305933307435
149,1,0.773981802743097,0.789383242217328
149,2,0.768647955092004,0.783943256500105
149,3,0.756708191432915,0.771765903860654
149,4,0.7376223193643,0.752300242625891
149,5,0.71183570698874,0.726000503264219
149,6,0.680334303145816,0.69387225398007
149,7,0.644348003190427,0.65716986377721
149,8,0.60515962841412,0.617201680767593
149,9,0.563988062256924,0.575210842914368
149,10,0.521922556965702,0.532308277460491
149,11,0.479891558864033,0.489440905853644
149,12,0.438654113133044,0.447382877491065
149,13,0.398805394602921,0.406741210568109
149,14,0.36079047164983,0.367969829862517
149,15,0.324922276573311,0.331387894703786
149,16,0.291401103428999,0.297199684792644
149,17,0.260333916502178,0.265514292893312
149,18,0.231752430231078,0.236364064528628
149,19,0.205629390358214,0.209721203109497
149,20,0.181892803353836,0.185512282509191
149,21,0.160438069220292,0.163630621298004
149,22,0.141138103191838,0.143946605854449
149,23,0.123851607848867,0.126316127086025
149,24,0.108429695789095,0.110587334884725
149,25,0.0947210765870891,0.0966059283017156
149,26,0.0825760191884192,0.0842191967890371
149,27,0.0718492884026612,0.0732790151257938
149,28,0.0624022361550287,0.0636439762835331
149,29,0.054104207614227,0.0551808255345947
149,30,0.0468334012129146,0.0477653375860911
149,31,0.0404773011756596,0.0412827577147251
149,32,0.0349327822181311,0.0356279085493862
149,33,0.0301059689787271,0.0307050467056137
149,34,0.0259119176494262,0.0264275380812303
149,35,0.0222741741892056,0.0227174072786629
149,36,0.0191242523356165,0.0195048052294869
150,0,0.757852311141258,0.767815683008975
150,1,0.757501492709178,0.767460252419031
150,2,0.755333342273344,0.765263597631174
150,3,0.750215538553932,0.760078510905756
150,4,0.741577699803179,0.751327111770821
150,5,0.72924975359731,0.738837091885676
150,6,0.713337886763748,0.722716034100207
150,7,0.694130302133254,0.703255930205022
150,8,0.672026501051629,0.680861533730826
150,9,0.647485030869041,0.655997420481753
150,10,0.620985632648289,0.629149638605158
150,11,0.593002535673549,0.600798652007241
150,12,0.563986304804037,0.571400949056557
150,13,0.534352181466363,0.541377230297127
150,14,0.504473291583897,0.511105527083466
150,15,0.474677442564615,0.480917956458894
150,16,0.445246511929119,0.451100101745944
150,17,0.416417654882422,0.421892235993917
150,18,0.38838573750679,0.393491787160542
150,19,0.361306544817046,0.366056588343114
150,20,0.335300425680835,0.339708570617982
150,21,0.310456125303527,0.314537645910559
150,22,0.286834625304025,0.290605597556043
150,23,0.264472865193804,0.267949850704184
150,24,0.243387260436489,0.246587036630272
150,25,0.223576963743997,0.226516296907054
150,26,0.20502683991242,0.20772229735034
150,27,0.18771014197741,0.190177939357413
150,28,0.171590889113794,0.173846769068529
150,29,0.156625955592916,0.158685093787479
150,30,0.142766886104975,0.144643821169694
150,31,0.129961456538622,0.131670040521185
150,32,0.118155001431121,0.119708367700488
150,33,0.107291530189367,0.108702076014481
150,34,0.0973146541725441,0.0985940354892538
150,35,0.0881683460839467,0.0893274822455467
150,36,0.0797975520459195,0.0808466386205447
151,0,0.77194380997915,0.77194380997915
151,1,0.771372330132311,0.771372330132311
151,2,0.76791712982698,0.76791712982698
151,3,0.759960304016196,0.759960304016196
151,4,0.74686635101464,0.74686635101464
151,5,0.728649481264575,0.728649481264575
151,6,0.705731362186134,0.705731362186134
151,7,0.678767483941953,0.678767483941953
151,8,0.648525208979676,0.648525208979676
151,9,0.615800411395519,0.615800411395519
151,10,0.581362631687779,0.581362631687779
151,11,0.545921037700358,0.545921037700358
151,12,0.510105329107782,0.510105329107782
151,13,0.474457159094459,0.474457159094459
151,14,0.439428759485397,0.439428759485397
151,15,0.405386313464871,0.405386313464871
151,16,0.372616278032363,0.372616278032363
151,17,0.34133336003793,0.34133336003793
151,18,0.311689229504137,0.311689229504137
151,19,0.283781339234825,0.283781339234825
151,20,0.257661431915617,0.257661431915617
151,21,0.233343471912855,0.233343471912855
151,22,0.210810852007933,0.210810852007933
151,23,0.190022805695363,0.190022805695363
151,24,0.170920011464026,0.170920011464026
151,25,0.153429412899259,0.153429412899259
151,26,0.137468302290225,0.137468302290225
151,27,0.12294772938416,0.12294772938416
151,28,0.109775303802554,0.109775303802554
151,29,0.0978574615467176,0.0978574615467176
151,30,0.087101264563903,0.087101264563903
151,31,0.077415798702282,0.077415798702282
151,32,0.0687132304204618,0.0687132304204618
151,33,0.0609095769603261,0.0609095769603261
151,34,0.0539252387832635,0.0539252387832635
151,35,0.0476853372136243,0.0476853372136243
151,36,0.0421198946308918,0.0421198946308918
152,0,0.759161829787836,0.785082547167464
152,1,0.758739847591087,0.784646156868473
152,2,0.756152973858869,0.781970957274392
152,3,0.750102301457653,0.7757136915447
152,4,0.739985057410997,0.765251005705129
152,5,0.725681272928648,0.750458834767511
152,6,0.707393166241686,0.731546301474467
152,7,0.685525661247407,0.708932155389299
152,8,0.660598823676524,0.683154219295689
152,9,0.633184899080837,0.654804277419062
152,10,0.603864168277093,0.624482423604774
152,11,0.573195065514172,0.592766159204094
152,12,0.541694989470016,0.560190548884452
152,13,0.509829023756291,0.527236556008554
152,14,0.478004409895123,0.494325326897193
152,15,0.446569112701641,0.461816707228418
152,16,0.415813210871049,0.430010680104607
152,17,0.385972154825237,0.399150735134559
152,18,0.357231176155854,0.369428428431981
152,19,0.32973032178469,0.340988588661547
152,20,0.303569732146175,0.313934775438946
152,21,0.278814895075598,0.288334712607131
152,22,0.255501692742188,0.264225507491196
152,23,0.233641123587889,0.241618534062376
152,24,0.213223629378738,0.22050390773168
152,25,0.194222992788497,0.200854516012081
152,26,0.176599796314186,0.182629595534781
152,27,0.160304451072783,0.16577786426074
152,28,0.145279815967881,0.150240230075793
152,29,0.131463435277259,0.135952104778107
152,30,0.118789427019631,0.122845356921064
152,31,0.107190056385389,0.11084993896701
152,32,0.0965970287384915,0.0998952244372162
152,33,0.0869425357342817,0.0899110897482083
152,34,0.0781600863463593,0.0808287736131012
152,35,0.0701851523522718,0.0725815445666668
152,36,0.062955655313851,0.0651052045730592
153,0,0.770844255442807,0.792327320065505
153,1,0.769882539925393,0.791338801991721
153,2,0.764235264826997,0.785534140008718
153,3,0.751651148222785,0.772599310029763
153,4,0.73162861599523,0.752018759304025
153,5,0.704703085822964,0.724342827347473
153,6,0.671964869332507,0.690692212255703
153,7,0.634741713283106,0.65243166446183
153,8,0.59439746903646,0.610963045219607
153,9,0.55221146421158,0.567601336403385
153,10,0.50931290906285,0.52350721882298
153,11,0.466651912824627,0.4796572808075
153,12,0.424994031088527,0.436838413620626
153,13,0.384929186163419,0.395656980426815
153,14,0.346888657175548,0.356556279897471
153,15,0.311165897503036,0.319837943817499
153,16,0.277938409688972,0.285684421641864
153,17,0.247288947184529,0.254180773121265
153,18,0.219225034417639,0.225334732385878
153,19,0.193696288657783,0.199094512562328
153,20,0.170609353579652,0.175364155528695
153,21,0.149840463123499,0.154016445923719
153,22,0.131245780352827,0.134903538143545
153,23,0.114669725173109,0.117865516150037
153,24,0.0999515355657251,0.102737137563191
153,25,0.0869303127134213,0.0893530193918553
153,26,0.0754487904653392,0.077551512551969
153,27,0.0653560505768592,0.0671774927788516
153,28,0.0565093815517296,0.0580842712743845
153,29,0.0487754537020461,0.0501348025153554
153,30,0.042030958146704,0.0432023410604948
153,31,0.0361628340583446,0.0371706751306881
153,32,0.0310681871877942,0.0319340428627283
153,33,0.026653983834771,0.0273968177511317
153,34,0.0228365880525153,0.0234730329548805
153,35,0.0195411958833636,0.0200857997654097
153,36,0.0167012086469924,0.0171666634286907
154,0,0.768967985495501,0.810268176902388
154,1,0.768089983795865,0.809343018963565
154,2,0.762906586788582,0.803881228976891
154,3,0.751286199668164,0.791636727171144
154,4,0.732682302069061,0.772033640338875
154,5,0.707507914999541,0.745507172267111
154,6,0.67670656211916,0.713051521947115
154,7,0.641465113465731,0.675917304540895
154,8,0.603027950405059,0.635415735391171
154,9,0.562582514134243,0.592798031495399
154,10,0.521194300304503,0.549186914781013
154,11,0.47977536008777,0.505543421408509
154,12,0.439074841855862,0.462656935457471
154,13,0.399683425648522,0.421149861563676
154,14,0.362045947200294,0.381490926964731
154,15,0.32647829561585,0.344012986725832
154,16,0.293185963773678,0.308932570459603
154,17,0.262282558682815,0.276369386848111
154,18,0.233807235453409,0.246364693967522
154,19,0.207740475123286,0.218897924519598
154,20,0.184017937348294,0.193901282530588
154,21,0.162542324359994,0.17127224450545
154,22,0.143193322728766,0.150884035149096
154,23,0.125835766616473,0.132594229055899
154,24,0.110326206718902,0.116251672460822
154,25,0.0965180848962688,0.101701935792055
154,26,0.0842657141569195,0.0887915074140682
154,27,0.0734272533084988,0.0773709280431093
154,28,0.0638668495078789,0.067297048370489
154,29,0.0554561030714767,0.0584345725458023
154,30,0.0480749892219503,0.0506570294293475
154,31,0.0416123522157224,0.0438472932585446
154,32,0.0359660692908694,0.0378977564012361
154,33,0.0310429655218573,0.0327102396373902
154,34,0.0267585461542466,0.0281957101178781
154,35,0.0230366003491376,0.0242738638265894
154,36,0.0198087194238176,0.0208726179464613
155,0,0.767533756834478,0.799514298858558
155,1,0.766712420203492,0.79865873990131
155,2,0.761845036701191,0.793588548950794
155,3,0.750886140868981,0.782173032904061
155,4,0.733263894806135,0.763816527304415
155,5,0.709311804079334,0.738866433770269
155,6,0.679875116890145,0.70820321914392
155,7,0.64604437454967,0.67296286391347
155,8,0.60898055672364,0.634354721850227
155,9,0.569805379638608,0.593547247311288
155,10,0.529537216630822,0.551601245813878
155,11,0.489058328723358,0.509435739221196
155,12,0.44910301437724,0.467815621733648
155,13,0.410259218697926,0.427353336145538
155,14,0.372978319888869,0.388519068067127
155,15,0.337589416966211,0.351655628960194
155,16,0.304315617770939,0.316995422816707
155,17,0.273290677452409,0.28467777791181
155,18,0.244574946797594,0.25476555964615
155,19,0.21817001939925,0.227260428012114
155,20,0.194031763954701,0.202116412904542
155,21,0.172081628628898,0.179251689498449
155,22,0.152216235179311,0.158558572128732
155,23,0.134315361419757,0.139911829356333
155,24,0.11824845642627,0.123175470640758
155,25,0.10387985457872,0.108208177633215
155,26,0.0910728600528787,0.0948675588556863
155,27,0.0796928684787682,0.0830134014282451
155,28,0.0696096812578283,0.0725100818160136
155,29,0.0606991533528172,0.0632282822769076
155,30,0.052844299197223,0.0550461428505626
155,31,0.045935965024437,0.0478499617011948
155,32,0.0398731602260673,0.0415345402824986
155,33,0.0345631258114903,0.0360032546496754
155,34,0.0299212049194411,0.0311679205756799
155,35,0.0258705687286523,0.0269485080414791
155,36,0.0223418410232804,0.0232727501583875
156,0,0.760216706936286,0.790434790913498
156,1,0.759739174247507,0.789938276633339
156,2,0.756828485911686,0.786911890465886
156,3,0.750064163906445,0.779878691377915
156,4,0.738828095084056,0.768195996655107
156,5,0.723047963882473,0.751788616242253
156,6,0.703006714725849,0.73095074140706
156,7,0.67920295002592,0.706200793659437
156,8,0.652250369609372,0.678176866966231
156,9,0.622806913549083,0.647563054059412
156,10,0.591526307379885,0.615039065607959
156,11,0.559026327727095,0.58124723442725
156,12,0.525869389544822,0.546772331073628
156,13,0.492552069933428,0.512130671240917
156,14,0.45950098165704,0.477765825253127
156,15,0.42707303544512,0.444048890792331
156,16,0.395558618959542,0.411281798227466
156,17,0.365186600133597,0.379702512832573
156,18,0.336130356095498,0.34949130335581
156,19,0.308514254243073,0.320777480712345
156,20,0.282420183775716,0.293646189140144
156,21,0.257893865720427,0.268144967045145
156,22,0.234950766453414,0.244289895581228
156,23,0.213581511257335,0.222071227392573
156,24,0.19375674637808,0.201458441933811
156,25,0.175431434939924,0.182404712144817
156,26,0.158548597548964,0.164850793740511
156,27,0.143042525284282,0.148728365916189
156,28,0.128841503243538,0.133962863152154
156,29,0.115870088579017,0.120475843800102
156,30,0.104050989344414,0.10818694361276
156,31,0.093306590475901,0.0970154623816383
156,32,0.0835601716146525,0.0868816301671458
156,33,0.0747368588135233,0.0777075968349509
156,34,0.0667643488818513,0.0694181851929819
156,35,0.0595734415186712,0.0619414442765659
156,36,0.0530984106874099,0.0552090354850087
157,0,0.765510406250644,0.788572035512107
157,1,0.764897878086522,0.787941054434324
157,2,0.761209303045419,0.784141358042803
157,3,0.752753269587176,0.775430579636557
157,4,0.738901956689708,0.761161984569941
157,5,0.719720994533279,0.741403180186264
157,6,0.69570258161113,0.716661192862334
157,7,0.66757630906877,0.687687593275714
157,8,0.636178001880504,0.65534338631404
157,9,0.602361470790858,0.620508104471263
157,10,0.566941645472376,0.584021227845143
157,11,0.530660340602382,0.546646918888983
157,12,0.494168061639584,0.509055280072323
157,13,0.458016920318128,0.47181505594843
157,14,0.422661007798916,0.435394017547112
157,15,0.388461550346379,0.400164273370484
157,16,0.35569491494329,0.366410516183496
157,17,0.324562092922053,0.334339792347398
157,18,0.295198709768693,0.304091813177295
157,19,0.2676849211338,0.275749149078534
157,20,0.242054784097442,0.249346883128674
157,21,0.218304858638957,0.224881471673606
157,22,0.196401912411746,0.202318681215015
157,23,0.176289684206051,0.181600555628025
157,24,0.157894717065052,0.162651425004703
157,25,0.141131307935161,0.145383004416633
157,26,0.125905642348331,0.129698653157922
157,27,0.112119194024483,0.115496876763442
157,28,0.0996714735123499,0.102674158454732
157,29,0.0884622093468336,0.0911272060065115
157,30,0.0783930413831192,0.0807546960938771
157,31,0.0693688002079097,0.0714585922468484
157,32,0.0612984397145896,0.0631451055201242
157,33,0.0540956826877894,0.0557253595264124
157,34,0.0476794320030385,0.049115814023809
157,35,0.0419739930924005,0.0432384940833945
157,36,0.0369091468336701,0.0380210651742763
158,0,0.768733214677579,0.804381173815785
158,1,0.767798326090413,0.803402932255809
158,2,0.762299997946219,0.797649633761342
158,3,0.750026194520578,0.784806665331987
158,4,0.730462132238132,0.764335371672639
158,5,0.704105221583844,0.736756229357127
158,6,0.671999790531565,0.703161994292723
158,7,0.63542923332029,0.664895574714325
158,8,0.595719601911201,0.62334451471748
158,9,0.5541209555507,0.579816841722836
158,10,0.511741981874285,0.535472655807517
158,11,0.469520249741652,0.491293003094544
158,12,0.428215523186022,0.448072879654329
158,13,0.388417295983189,0.40642911546934
158,14,0.350560431706723,0.366816739755276
158,15,0.314944768910787,0.329549495282123
158,16,0.281755967938318,0.29482165189764
158,17,0.251085880347393,0.26272932053172
158,18,0.222951423644999,0.233290203195763
158,19,0.197311425045427,0.20646121782558
158,20,0.17408121961353,0.182153773374739
158,21,0.153144995901154,0.160246687947067
158,22,0.134366009604028,0.140596876084719
158,23,0.11759485745392,0.123048006340089
158,24,0.102676037397669,0.107437365665708
158,25,0.0894530299753191,0.0936011764277738
158,26,0.0777721288571459,0.0813786045741521
158,27,0.0674852321631366,0.0706146803938767
158,28,0.0584517848979919,0.0611623310274092
158,29,0.0505400395695687,0.0528836995429119
158,30,0.0436277787576253,0.0456509010121969
158,31,0.0376026212636613,0.0393463428574507
158,32,0.032362013187454,0.0338627155139696
158,33,0.0278129871751158,0.0291027405139849
158,34,0.0238717572659981,0.0249787465456696
158,35,0.0204632031799617,0.0214121298256017
158,36,0.0175202863898661,0.018332743093168
159,0,0.770146323246828,0.777536580207722
159,1,0.769507617346518,0.776891745341288
159,2,0.765668641242674,0.773015930757511
159,3,0.756886460145613,0.764149476616452
159,4,0.742532131051096,0.749657404631646
159,5,0.722698113897345,0.729633061978819
159,6,0.697916517284098,0.704613663325434
159,7,0.668960431374574,0.675379717340501
159,8,0.636707037758873,0.642816822972169
159,9,0.602046206653722,0.607823389554167
159,10,0.565822195701877,0.571251776151973
159,11,0.528799090060098,0.533873400016881
159,12,0.491642959426831,0.496360722394082
159,13,0.454915503842686,0.459280833348796
159,14,0.419075334832069,0.423096745201627
159,15,0.384484085113253,0.388173560866876
159,16,0.351415332207379,0.354787483091722
159,17,0.320064916585655,0.323136231615458
159,18,0.29056167877788,0.29334988331037
159,19,0.262977967509684,0.265501481154152
159,20,0.237339510019518,0.239616999261592
159,21,0.213634407655387,0.215684424802266
159,22,0.191821141252553,0.193661840197153
159,23,0.171835554437228,0.173484473433497
159,24,0.153596838706396,0.155070740576934
159,25,0.137012579400771,0.138327340165165
159,26,0.121982942212864,0.123153479889391
159,27,0.108404089953264,0.109444326147587
159,28,0.0961709221535626,0.0970937699364159
159,29,0.0851792281012725,0.085996600546479
159,30,0.0753273388325614,0.0760501734074329
159,31,0.0665173567207717,0.0671556514755314
159,32,0.0586560334948491,0.0592188916774426
159,33,0.0516553594297389,0.0521510397544644
159,34,0.0454329184939315,0.0458688888180356
159,35,0.0399120566906228,0.0402950493062831
159,36,0.0350219038520145,0.0353579709874583
160,0,0.760091836664397,0.784023163356997
160,1,0.759503697099351,0.783416506345252
160,2,0.755955813936787,0.779756918850481
160,3,0.747806352690166,0.77135087358328
160,4,0.734430373161614,0.757553754239129
160,5,0.715870080547502,0.738409094835856
160,6,0.692581560420919,0.714387340701943
160,7,0.665254384531291,0.686199774603849
160,8,0.634685830651046,0.654668776431821
160,9,0.601695663348935,0.620639920864336
160,10,0.567070712187588,0.58492481062222
160,11,0.531531050091117,0.548266189969494
160,12,0.495711569632936,0.511318940934603
160,13,0.460154299941943,0.474642158316058
160,14,0.42530799819607,0.438698728314252
160,15,0.391532463777046,0.403859778516442
160,16,0.35910572072015,0.370412086484383
160,17,0.328232743038483,0.338567079793543
160,18,0.299054795644042,0.308470471051047
160,19,0.271658760682308,0.28021187786789
160,20,0.246086038495412,0.253834004067
160,21,0.222340772404269,0.229341123420854
160,22,0.200397261305083,0.206706725631973
160,23,0.180206504786934,0.185880267522123
160,24,0.161701880668776,0.166793029325331
160,25,0.144803991132808,0.149363113400716
160,26,0.129424736061986,0.133499645818148
160,27,0.115470684632768,0.119106254104862
160,28,0.102845821592509,0.106083899988798
160,29,0.0914537451591866,0.0943331464987285
160,30,0.0811993907524644,0.0837559359666124
160,31,0.0719903500006467,0.0742569505632058
160,32,0.0637378485392655,0.0657446208824214
160,33,0.0563574396442789,0.0581318414134183
160,34,0.0497694641580221,0.0513364449472227
160,35,0.0438993207596257,0.0452814813565507
160,36,0.0386775845898874,0.039895339955559
161,0,0.765028473385797,0.788497038956549
161,1,0.764742102001205,0.788201882636689
161,2,0.762956636316741,0.786361644718318
161,3,0.758700309868518,0.781974748128177
161,4,0.751443421816273,0.774495242540745
161,5,0.740980165878216,0.763711008212199
161,6,0.727336061994401,0.749648347950691
161,7,0.7106960511269,0.73249787610072
161,8,0.691349198478294,0.71255752543764
161,9,0.669646684756233,0.690189249741933
161,10,0.645970373578406,0.665786626955217
161,11,0.620709746427536,0.639751086575269
161,12,0.59424541214802,0.61247491327808
161,13,0.566937740448638,0.584329531733696
161,14,0.539119450506063,0.555657867852379
161,15,0.511091216831601,0.526769819853739
161,16,0.48311954367463,0.497940067463843
161,17,0.455436313587778,0.469407606631856
161,18,0.428239541383053,0.441376526615064
161,19,0.401694966581094,0.414017651279256
161,20,0.375938199777748,0.387470751308788
161,21,0.351077204601681,0.361847102302516
161,22,0.327194950004698,0.337232218427689
161,23,0.304352109911323,0.313688634885928
161,24,0.282589720742992,0.29125864696155
161,25,0.261931733668033,0.269966940566206
161,26,0.242387418967552,0.249823070362839
161,27,0.223953595766543,0.230823757897622
161,28,0.206616672476946,0.212954994637134
161,29,0.190354492387887,0.196193944175245
161,30,0.175137985533207,0.180510644774535
161,31,0.160932632769763,0.165869518357714
161,32,0.147699751319533,0.152230695485945
161,33,0.135397613194727,0.139551168093567
161,34,0.123982409204342,0.127785783067218
161,35,0.113409071846868,0.116888090382187
161,36,0.103631970498077,0.106811059616285
162,0,0.771577202795594,0.788108399032733
162,1,0.770653662388679,0.78716507158747
162,2,0.76521683069366,0.78161175468354
162,3,0.753067094612195,0.769201708071043
162,4,0.733679191964643,0.749398415722847
162,5,0.707530227939039,0.722689204901279
162,6,0.675642134245493,0.69011790240819
162,7,0.639278044860217,0.652974705118437
162,8,0.599747873755783,0.612597592174033
162,9,0.558290276043609,0.570251757120452
162,10,0.516007086799935,0.527062642071316
162,11,0.47383297839555,0.483984944940316
162,12,0.432528007480158,0.441795006743234
162,13,0.392684357998696,0.401097699084735
162,14,0.354741248321562,0.362341650676846
162,15,0.319003903662348,0.325838626244546
162,16,0.285663885397807,0.291784291405481
162,17,0.254819057437196,0.260278606822785
162,18,0.226492162544936,0.231344802529163
162,19,0.200647458213843,0.204946370227052
162,20,0.177205181915074,0.181001838459438
162,21,0.156053823648841,0.159397308102435
162,22,0.137060312473657,0.139996857142961
162,23,0.120078297186129,0.122650998773752
162,24,0.10495473711286,0.107203413394305
162,25,0.0915350297372325,0.0934961860980943
162,26,0.0796668966690541,0.0813737758998922
162,27,0.0692032346498049,0.0706859278243773
162,28,0.0600041182832979,0.0612897185457003
162,29,0.0519381189762091,0.0530509035865795
162,30,0.0448830821223013,0.0458447111538526
162,31,0.038726483093862,0.0395562057571021
162,32,0.0333654628266114,0.0340803245559772
162,33,0.0287066260600074,0.0293216712777571
162,34,0.0246656697467743,0.0251941366654792
162,35,0.021166895743745,0.021620400728085
162,36,0.0181426505169168,0.018531360441044
163,0,0.77334906279888,0.791950690063494
163,1,0.772435067500498,0.791014710126247
163,2,0.767050306139915,0.785500427274585
163,3,0.755006544316911,0.773166972764188
163,4,0.735770749406508,0.753468492755587
163,5,0.709803794593383,0.726876945972462
163,6,0.678109301552574,0.694420094542349
163,7,0.641933555729551,0.657374201237173
163,8,0.60257279516558,0.617066682951388
163,9,0.561255750869608,0.574755825777583
163,10,0.519078002607244,0.531563561833002
163,11,0.476971200591532,0.488443950629204
163,12,0.435695022503475,0.446174942632071
163,13,0.395843294013013,0.405364647001763
163,14,0.357858311078467,0.366465998391275
163,15,0.322049301368663,0.329795662427417
163,16,0.288612330831349,0.295554421098667
163,17,0.257649936640978,0.26384727794091
163,18,0.22918945289765,0.234702224530622
163,19,0.203199468293857,0.208087094013464
163,20,0.179604173761234,0.183924253859843
163,21,0.158295566254318,0.162103103190417
163,22,0.139143604475065,0.142490472779699
163,23,0.122004487154806,0.124939102458341
163,24,0.10672726177345,0.109294408794095
163,25,0.0931589838188347,0.0953997684485806
163,26,0.0811486428285848,0.0831005386535613
163,27,0.0705500578393974,0.0722470223054508
163,28,0.0612239258889695,0.0626965657405538
163,29,0.0530391858598593,0.0543149553839251
163,30,0.045873838191376,0.0469772571780685
163,31,0.0396153400583728,0.0405682212670987
163,32,0.0341606762570939,0.0349823545876292
163,33,0.0294161886278632,0.0301237461885082
163,34,0.0252972315244346,0.0259057144130556
163,35,0.0217277075972522,0.0222503315163604
163,36,0.0186395268835568,0.0190878697446987
164,0,0.767213045036678,0.805836518390934
164,1,0.766131082307784,0.804700086881953
164,2,0.759826437094019,0.79807804965042
164,3,0.745898890389447,0.783449354506685
164,4,0.723935070013926,0.760379819054341
164,5,0.694662720371406,0.729633824218027
164,6,0.659390096213281,0.6925854856503
164,7,0.619645576180497,0.650840124494708
164,8,0.576955977777586,0.606001422166772
164,9,0.532719337340178,0.559537795738617
164,10,0.488140628077382,0.512714879862654
164,11,0.444208185116867,0.466570764992948
164,12,0.401695363135478,0.421917738465201
164,13,0.361176827838461,0.379359396130854
164,14,0.323052371253177,0.339315656573788
164,15,0.287573612095553,0.302050805641746
164,16,0.254870671856439,0.267701515475317
164,17,0.224977109324645,0.236303034298852
164,18,0.197852202269976,0.207812589820594
164,19,0.173400196232541,0.182129607055437
164,20,0.151486478215709,0.159112696243082
164,21,0.131950836738657,0.13859358044566
164,22,0.11461808186926,0.120388250220323
164,23,0.0993063500675437,0.104305686549836
164,24,0.0858334305373702,0.0901545056790292
164,25,0.0740214374107606,0.0777478665088758
164,26,0.0637001258590675,0.0669069536492061
164,27,0.0547091171310829,0.0574633144709446
164,28,0.0468992621402122,0.0492602913397615
164,29,0.0401333384435968,0.0421537536829121
164,30,0.0342862429812338,0.0360123004313387
164,31,0.0292448136774734,0.0307170726401297
164,32,0.0249073873235389,0.0261612891137109
164,33,0.0211831790891896,0.0222495946805338
164,34,0.0179915503772106,0.018897291189481
164,35,0.0152612162420283,0.0160295050279018
164,36,0.0129294308940684,0.0135803316221691
165,0,0.767417288177088,0.7917546014798
165,1,0.766653893230848,0.790966996781882
165,2,0.762110912885808,0.786279943664846
165,3,0.751834079618251,0.775677198387167
165,4,0.735228598857853,0.758545103496446
165,5,0.712548290910892,0.735145528771409
165,6,0.684537980924739,0.706246920202019
165,7,0.652188420715944,0.672871449586805
165,8,0.61657304509227,0.636126593863711
165,9,0.578743546356774,0.597097397940005
165,10,0.53966711859156,0.556781728786924
165,11,0.50019268842988,0.516055435279069
165,12,0.461036831735407,0.47565781824548
165,13,0.422782625592556,0.436190446052831
165,14,0.385886596427291,0.398124323073868
165,15,0.350690348561505,0.361811887021307
165,16,0.317434509641462,0.327501396631443
165,17,0.286273400159723,0.295352066404615
165,18,0.25728939296405,0.26544888150112
165,19,0.230506328339533,0.237816438259499
165,20,0.205901631566043,0.21243144604138
165,21,0.183416973702936,0.189233726104549
165,22,0.162967446163341,0.168135677133016
165,23,0.14444930307508,0.149030263133521
165,24,0.127746375726122,0.131797631304059
165,25,0.112735290420061,0.116310495364613
165,26,0.0992896321066283,0.102438431230023
165,27,0.0872831965368968,0.0900512323016716
165,28,0.0765924672829304,0.0790214650415296
165,29,0.067098443513286,0.0692263547124018
165,30,0.05868793186249,0.0605491182168116
165,31,0.0512544023999994,0.0528798472115374
165,32,0.044698495472749,0.0461160310237974
165,33,0.0389282536235837,0.0401627959245723
165,34,0.0338591412040623,0.0349329253633969
165,35,0.0294139038714904,0.0303467150095829
165,36,0.0255223109432703,0.0263317069357831
166,0,0.757880309642006,0.786859121894188
166,1,0.757403928840465,0.786364525881574
166,2,0.754500353774116,0.783349927800591
166,3,0.747752803848737,0.776344374098149
166,4,0.73654500510792,0.764708026559667
166,5,0.720805158005958,0.748366340264573
166,6,0.700815811712036,0.727612668118764
166,7,0.677074575740449,0.702963646562696
166,8,0.650193795027973,0.675055034558724
166,9,0.620829866929967,0.644568327905169
166,10,0.589634912467065,0.612180582552868
166,11,0.557225130612234,0.578531558865842
166,12,0.524161445449372,0.544203628791864
166,13,0.490939068064951,0.509710938635695
166,14,0.457983391764064,0.4754951473219
166,15,0.425650264009435,0.441925708731897
166,16,0.394229166343125,0.40930317321525
166,17,0.363948212620519,0.377864376939432
166,18,0.334980168786086,0.347788691841715
166,19,0.3074489222903,0.319204742414978
166,20,0.281436000601796,0.292197173466013
166,21,0.256986867696076,0.26681318736093
166,22,0.234116824128822,0.243068669697565
166,23,0.2128164076556,0.220953796426854
166,24,0.193056243141365,0.200438069206681
166,25,0.174791327289939,0.181474763965102
166,26,0.157964759113613,0.164004804010645
166,27,0.142510943872915,0.147960086480044
166,28,0.12835830864097,0.133266301736702
166,29,0.115431573386349,0.119845291292172
166,30,0.103653623832883,0.10761699227787
166,31,0.0929470323460456,0.0965010164850792
166,32,0.0832352714728593,0.08641791030657
166,33,0.0744436620957288,0.0772901391446655
166,34,0.0665000948728536,0.069042836437129
166,35,0.0593355600373349,0.0616043537140201
166,36,0.0528845169344092,0.0549066442647966
167,0,0.766060682427206,0.785432105167016
167,1,0.765426048538476,0.784781423252815
167,2,0.761611330082469,0.780870241780836
167,3,0.75288408165921,0.77192230689965
167,4,0.738618601223486,0.757296094398639
167,5,0.718906043339664,0.737085063873145
167,6,0.694274564639652,0.711830727483723
167,7,0.665491964672781,0.682320300173276
167,8,0.633429671415739,0.649447245770364
167,9,0.598971901956684,0.614118140614055
167,10,0.562957702548369,0.577193247970364
167,11,0.526146574552364,0.539451274757658
167,12,0.489200711173989,0.501571159100831
167,13,0.452678652748061,0.464125565177878
167,14,0.417036533035414,0.42758216103159
167,15,0.382634128137268,0.392309820443184
167,16,0.349743706156526,0.358587696375525
167,17,0.318560266932958,0.326615719641107
167,18,0.289212201966497,0.296525528383476
167,19,0.261771730130231,0.268391167678726
167,20,0.236264702330079,0.242239142126193
167,21,0.212679539156043,0.218057579506641
167,22,0.19097518625426,0.19580438732228
167,23,0.171088055326589,0.175414369313834
167,24,0.152937974083922,0.15680532587068
167,25,0.136433203588123,0.139883198246612
167,26,0.121474601872939,0.124546337466489
167,27,0.107959022805427,0.110688989134875
167,28,0.0957820420334105,0.0982040883146955
167,29,0.0848400999335327,0.0869854566641417
167,30,0.075032146469751,0.076929488888808
167,31,0.0662608660544091,0.0679364085758958
167,32,0.0584335527705926,0.0599111655483711
167,33,0.0514626982899252,0.0527640386494733
167,34,0.0452663469257067,0.0464109997741031
167,35,0.0397682647692858,0.0407738872821573
167,36,0.0348979629309863,0.0357804298271497
168,0,0.768126670581406,0.814625686503078
168,1,0.767290080224866,0.813738452639681
168,2,0.762337390586701,0.80848594891725
168,3,0.75119932666161,0.796673635507504
168,4,0.733310200285031,0.777701579968239
168,5,0.709024427410662,0.75194565303881
168,6,0.6792134602891,0.720330060862663
168,7,0.644993759363832,0.684038849496345
168,8,0.607548940621554,0.644327285841325
168,9,0.568018739460567,0.602404099872533
168,10,0.527434626221956,0.559363202616488
168,11,0.486687330043465,0.516149244041891
168,12,0.446515593738964,0.47354568720887
168,13,0.407508515245311,0.432177291456748
168,14,0.370116079246338,0.392521281566309
168,15,0.334664136920099,0.35492323431517
168,16,0.30137129886862,0.31961499403132
168,17,0.270366078204355,0.286732853446762
168,18,0.241703242863488,0.25633489590806
168,19,0.215378773330236,0.228416858575593
168,20,0.19134312312823,0.202926195646865
168,21,0.169512681589771,0.179774235031473
168,22,0.14977946921287,0.1588464606225
168,23,0.132019175961692,0.140011037200363
168,24,0.116097697399933,0.123125742235016
168,25,0.101876343757294,0.108043490286429
168,26,0.0892159010532395,0.0946166399709507
168,27,0.077979717091894,0.0827002667687838
168,28,0.0680359726480591,0.0721545716976325
168,29,0.0592592823807438,0.0628465791385082
168,30,0.0515317529084466,0.0546512589622435
168,31,0.0447436083614076,0.0474521899499304
168,32,0.0387934774106697,0.0411418641974616
168,33,0.0335884207423716,0.0356217162529951
168,34,0.0290437644419949,0.0308019464150169
168,35,0.0250827928607799,0.0266011950062367
168,36,0.021636344233522,0.0229461135118623
169,0,0.763180154917472,0.78956040555832
169,1,0.76249819549129,0.78885487337481
169,2,0.758415621184374,0.784631179919574
169,3,0.749118190690473,0.775012372428165
169,4,0.733991736347965,0.75936305378646
169,5,0.713187979916071,0.737840190200889
169,6,0.687316014768244,0.711073929098466
169,7,0.657227216959992,0.679945075383953
169,8,0.623869009430199,0.645433800822876
169,9,0.588188838308202,0.608520301172822
169,10,0.551074302376906,0.570122856148597
169,11,0.513318901840035,0.531062394253945
169,12,0.475605573710784,0.492045459050873
169,13,0.438502241756778,0.453659605283046
169,14,0.40246517301783,0.416376871415662
169,15,0.367847113328483,0.380562196372233
169,16,0.334908059290103,0.346484563852998
169,17,0.303827182602047,0.314329338845105
169,18,0.274714908150841,0.284210763205642
169,19,0.247624501332786,0.256183943514141
169,20,0.222562774891764,0.230255928005268
169,21,0.199499705861183,0.206395655932058
169,22,0.178376878022496,0.184542691848295
169,23,0.159114749166304,0.164614744071329
169,24,0.141618796419159,0.146514022429585
169,25,0.125784625339406,0.130132523960509
169,26,0.111502145669929,0.115356353003298
169,27,0.0986589232488404,0.102069188972458
169,28,0.0871428170830129,0.0901550145849881
169,29,0.0768440055155306,0.0795002120647767
169,30,0.0676564975935688,0.0699951267527524
169,31,0.0594792164643757,0.0615351879517648
169,32,0.0522167317945557,0.0540216666628311
169,33,0.0457797084288996,0.0473621397524053
169,34,0.0400851291719864,0.0414707204346969
169,35,0.0350563409256126,0.036268106003897
169,36,0.0306229655741499,0.0316814856391789
170,0,0.768506627936465,0.791980428600127
170,1,0.767694462037983,0.791143455341872
170,2,0.76287793964942,0.786179813745314
170,3,0.752024707134118,0.774995072551545
170,4,0.734557776480137,0.7569946198257
170,5,0.71079676939088,0.732507840018674
170,6,0.681570200199606,0.702388554181454
170,7,0.647952446975343,0.667743956933653
170,8,0.611090690882991,0.629756269739121
170,9,0.57209596735505,0.589570464268937
170,10,0.531979202061453,0.54822834460943
170,11,0.491618192578175,0.506634520395928
170,12,0.451745325505649,0.4655437487543
170,13,0.412948684925255,0.425562076614908
170,14,0.375681340630715,0.387156412650201
170,15,0.340275180252309,0.350668781896946
170,16,0.30695680415136,0.316332706155421
170,17,0.275863840079721,0.284290016975204
170,18,0.247060635810803,0.254607027612827
170,19,0.220552713013737,0.22728942839512
170,20,0.196299660679164,0.202295573970764
170,21,0.17422634626865,0.179548036900844
170,22,0.154232453663547,0.158943436941449
170,23,0.136200438538898,0.140360639412052
170,24,0.120002038553769,0.123667464237615
170,25,0.105503498478879,0.108726070676157
170,26,0.0925696769347079,0.0953971894959198
170,27,0.0810671974750884,0.083543370307848
170,28,0.0708667963851452,0.0730314010763031
170,29,0.061845005623903,0.0637340424666387
170,30,0.0538852937968997,0.0555312036684745
170,31,0.0468787722084678,0.0483106700141296
170,32,0.0407245577627643,0.0419684769643537
170,33,0.0353298702676889,0.0364090103843638
170,34,0.0306099288219024,0.0315448997660354
170,35,0.0264877005462001,0.0272967592843528
170,36,0.0228935449629454,0.0235928213145206
171,0,0.775558719349809,0.805951917236126
171,1,0.77442792194887,0.804776805267743
171,2,0.767852898886941,0.797944115091716
171,3,0.753363313422295,0.782886700490048
171,4,0.730569981299466,0.759200125552183
171,5,0.700268280963839,0.727710938632221
171,6,0.663847230845936,0.689862592094532
171,7,0.622912216041972,0.647323384114249
171,8,0.579054965872233,0.601747421937408
171,9,0.533723244283215,0.554639205609298
171,10,0.488156530861997,0.507286788406422
171,11,0.443364033616717,0.460738927964737
171,12,0.400128657500745,0.415809210325426
171,13,0.359025783807394,0.373095565271132
171,14,0.320449440061209,0.333007461783284
171,15,0.284641064078932,0.295795799331442
171,16,0.251717891098865,0.261582407459545
171,17,0.221699242355784,0.230387364577935
171,18,0.194529831438461,0.20215321766853
171,19,0.170099751494859,0.176765752764151
171,20,0.148261149434238,0.154071322592223
171,21,0.128841796065346,0.133890948510083
171,22,0.111655869065896,0.116031526045852
171,23,0.0965123111214797,0.100294510582586
171,24,0.0832211312252325,0.0864824655981761
171,25,0.0715979987505349,0.0744038367741389
171,26,0.0614674482363311,0.0638762823725522
171,27,0.0526649750122337,0.0547288509861466
171,28,0.045038262458229,0.0468032568928173
171,29,0.0384477436925462,0.0399544637553541
171,30,0.032766665446886,0.0340507509998624
171,31,0.0278807906384321,0.0289734047319353
171,32,0.0236878489648315,0.0246161468011228
171,33,0.020096821676072,0.0208843915438945
171,34,0.0170271272601969,0.0176943995573719
171,35,0.01440775875557,0.0149723812039172
171,36,0.0121764103636361,0.0126535889969152
172,0,0.758300001387193,0.790096762852315
172,1,0.757774615037004,0.789549346191663
172,2,0.754587512447515,0.786228603168814
172,3,0.74722053957251,0.778552721051032
172,4,0.735050658283147,0.76587253669994
172,5,0.718053761195389,0.748162931869392
172,6,0.696587241285057,0.72579628560824
172,7,0.671232726351638,0.69937861432255
172,8,0.642684456838305,0.669633269094728
172,9,0.611672009127812,0.637320418640603
172,10,0.578908613992295,0.603183200667151
172,11,0.545058327427361,0.567913516125873
172,12,0.510716888162952,0.53213208404772
172,13,0.476402330747103,0.496378661018081
172,14,0.442552385898322,0.461109332521673
172,15,0.409526447432618,0.426698562346046
172,16,0.377610462778108,0.393444288163477
172,17,0.347023548049217,0.36157481398607
172,18,0.317925467671904,0.331256603423926
172,19,0.290424375534366,0.302602345434973
172,20,0.264584407749895,0.275678865464815
172,21,0.240432860730785,0.250514604509037
172,22,0.217966793720603,0.22710649850047
172,23,0.197158971131672,0.205426169818623
172,24,0.17796311397149,0.185425398917013
172,25,0.160318466770153,0.167040882749343
172,26,0.14415371098012,0.150198312264522
172,27,0.129390271089228,0.134815817150425
172,28,0.115945068190528,0.120806834865415
172,29,0.103732779416285,0.108082464814122
172,30,0.0926676619314508,0.0965533688239401
172,31,0.0826649981938509,0.0861312770073498
172,32,0.0736422157430018,0.0767301545053118
172,33,0.0655197304777134,0.0682670801248819
172,34,0.0582215576588714,0.0606628829623402
172,35,0.0516757300349418,0.0538425780613841
172,36,0.045814557744703,0.0477356372140073
173,0,0.751399341284808,0.786414496247312
173,1,0.750903381624645,0.785895424902853
173,2,0.747887602590431,0.782739110783747
173,3,0.740897904909366,0.77542369369624
173,4,0.729319462966464,0.763305697196155
173,5,0.713103680695334,0.746334260643919
173,6,0.692566585953832,0.72484013877271
173,7,0.668242065971009,0.699382097917843
173,8,0.640776922104746,0.670637080333698
173,9,0.610857566841876,0.639323485279351
173,10,0.579160443471316,0.606149278252067
173,11,0.546320035482759,0.571778509626268
173,12,0.512909742474956,0.536811299380542
173,13,0.479432008037008,0.501773504938903
173,14,0.44631495379819,0.467113198367588
173,15,0.413913451783948,0.433201788702767
173,16,0.382513093847138,0.400338176356983
173,17,0.352335923914456,0.368754752487857
173,18,0.323547111423017,0.33862438341633
173,19,0.296261982842331,0.310067769817051
173,20,0.270553008692245,0.28316075933085
173,21,0.246456478780847,0.257941332868247
173,22,0.223978698645326,0.234416089804009
173,23,0.203101613402998,0.212566133899223
173,24,0.183787817726142,0.192352316740604
173,25,0.165984947401338,0.173719833946172
173,26,0.149629472797762,0.156602195408901
173,27,0.134649930566066,0.140924607592531
173,28,0.120969639355591,0.126606815801011
173,29,0.108508950070697,0.1135654592966
173,30,0.0971870825613952,0.101715993580165
173,31,0.0869235997019469,0.0909742331617235
173,32,0.0776395673368373,0.081257565559823
173,33,0.0692584451485446,0.0724858836836806
173,34,0.0617067495517857,0.064582279618253
173,35,0.054914525550831,0.057473538470069
173,36,0.0488156603251357,0.0510904665659276
174,0,0.762604169955588,0.790399454411413
174,1,0.762150704182413,0.789929460784533
174,2,0.759379510853707,0.787057263409576
174,3,0.752920492280055,0.780362827478356
174,4,0.742159335507676,0.769209449649044
174,5,0.727000410539919,0.753498014416954
174,6,0.707689584738663,0.733483350481357
174,7,0.684683500580938,0.70963874395702
174,8,0.65855466555878,0.682557569004722
174,9,0.629923950901236,0.652883326276612
174,10,0.599413895269664,0.621261244631476
174,11,0.567617646492432,0.588306090862362
174,12,0.535079518688681,0.554582018169249
174,13,0.50228405065899,0.520591225751547
174,14,0.469651170393545,0.486768947072972
174,15,0.437535637439997,0.453482871904915
174,16,0.406229380034179,0.421035568640545
174,17,0.375965691868376,0.389668834026281
174,18,0.346924523963233,0.359569177911062
174,19,0.319238316280413,0.330873867408765
174,20,0.292997974296398,0.303677121305288
174,21,0.268258718049038,0.278036172290289
174,22,0.245045623408127,0.253977010195168
174,23,0.223358744088267,0.231499690692311
174,24,0.203177753453932,0.210583146283972
174,25,0.184466081619077,0.191189474190288
174,26,0.167174549004167,0.173267702341652
174,27,0.151244514971663,0.156757052775207
174,28,0.136610571448364,0.141589733433934
174,29,0.123202818145337,0.127693296313465
174,30,0.110948759334561,0.114992603372162
174,31,0.099774863085412,0.103411442598427
174,32,0.0896078231306572,0.0928738358689942
174,33,0.0803755616723012,0.0833050783049056
174,34,0.0720080088665667,0.0746325461670386
174,35,0.0644376917512385,0.0667863072485898
174,36,0.0576001622211512,0.0596995644493502
175,0,0.76027247501324,0.78911437923126
175,1,0.759628575668705,0.788446052745362
175,2,0.755762701297805,0.784433521508682
175,3,0.746930094091597,0.7752658381036
175,4,0.732511921982432,0.760300694280163
175,5,0.712615541793169,0.739649519578979
175,6,0.687788408101638,0.713880536964237
175,7,0.658816980590919,0.683810041468307
175,8,0.62658867394951,0.650359112985637
175,9,0.592000103189911,0.614458380760678
175,10,0.555898919503332,0.576987652711695
175,11,0.519049658045164,0.538740467608504
175,12,0.482116427784669,0.500406128239571
175,13,0.445657121624605,0.462563691885157
175,14,0.410125236190722,0.425683859142842
175,15,0.375876462498342,0.39013581461943
175,16,0.343178017741868,0.356196912733783
175,17,0.312219294799556,0.324063731224102
175,18,0.283122856689151,0.293863482692241
175,19,0.255955134803126,0.265665118690118
175,20,0.230736430800512,0.239489711046045
175,21,0.207449994632111,0.215319874276384
175,22,0.186050072393187,0.193108118743776
175,23,0.166468900660072,0.172784110332806
175,24,0.14862267872627,0.154260869250495
175,25,0.132416584366856,0.1374399760701
175,26,0.117748918225567,0.122215873340808
175,27,0.104514470998207,0.10847936050953
175,28,0.0926072095323561,0.0961203819212207
175,29,0.0819223751814823,0.0850302047767282
175,30,0.072358081997831,0.0751030779551616
175,31,0.0638164948876438,0.0662374548639302
175,32,0.056204659578619,0.0583368548920751
175,33,0.0494350477801099,0.0513104292518149
175,34,0.0434258726631138,0.0450732884266684
175,35,0.0381012220108644,0.0395466403732847
175,36,0.0333910492442888,0.0346577812064398
176,0,0.757258423194949,0.764969649910811
176,1,0.756961547661409,0.764669751268547
176,2,0.755114022774669,0.762803412879271
176,3,0.75071893406199,0.758363568605662
176,4,0.743241459600653,0.750809950388022
176,5,0.73248336396413,0.739942304151673
176,6,0.718485105060758,0.725801499791262
176,7,0.701450145057911,0.70859307134666
176,8,0.681687040221229,0.688628717138116
176,9,0.659565698276187,0.666282111692831
176,10,0.635484864050734,0.641956060291139
176,11,0.609848448358683,0.616058586804908
176,12,0.583048771171568,0.588986006233199
176,13,0.555455164708684,0.561111411736606
176,14,0.527406689039834,0.532777316062363
176,15,0.499207963747575,0.504291440760059
176,16,0.471127323820947,0.475924853296674
176,17,0.443396674325944,0.447911820247149
176,18,0.416212553243758,0.420450880955596
176,19,0.38973802077891,0.393706756082424
176,20,0.364105081061359,0.367812793966837
176,21,0.339417412352563,0.342873728634816
176,22,0.315753237806719,0.318968579793569
176,23,0.293168213173687,0.296153569940177
176,24,0.271698242737656,0.274464968975196
176,25,0.251362162060173,0.253921804264293
176,26,0.232164247213501,0.234528395423339
176,27,0.214096526361235,0.216276689438041
176,28,0.197140881758947,0.199148384069446
176,29,0.181270939317655,0.183116836658986
176,30,0.166453749455957,0.168148762096879
176,31,0.152651267597649,0.154205728395778
176,32,0.139821645783043,0.141245461454672
176,33,0.127920348802597,0.129222972558207
176,34,0.116901109310499,0.118091523216264
176,35,0.106716736756682,0.107803442333407
176,36,0.0973197948656644,0.0983108105865382
177,0,0.754215888739042,0.777353585651637
177,1,0.753908103484522,0.777036358217445
177,2,0.751995814457618,0.775065404337978
177,3,0.747455013383159,0.770385301399728
177,4,0.739744170391418,0.7624379065788
177,5,0.728671367423933,0.751025414189679
177,6,0.71429105627652,0.736203946490401
177,7,0.696824561578241,0.718201617866468
177,8,0.676599532343722,0.697356128888971
177,9,0.654004439546977,0.674067867973324
177,10,0.629454953361605,0.648765257146589
177,11,0.603369638990291,0.621879702278084
177,12,0.576152906677162,0.593828020035347
177,13,0.548183558189022,0.565000632996411
177,14,0.519807604305811,0.535754166796556
177,15,0.491334298626606,0.506407362260138
177,16,0.463034553054605,0.477239442276109
177,17,0.435141078635394,0.448490256956893
177,18,0.407849739430582,0.420361679045912
177,19,0.381321722986569,0.393019840971597
177,20,0.355686223818669,0.366597900654941
177,21,0.331043410402438,0.341199099521649
177,22,0.307467504938509,0.316899936747434
177,23,0.285009851512779,0.293753331542657
177,24,0.26370188457893,0.271791682701413
177,25,0.24355793789022,0.251029763705217
177,26,0.224577855696414,0.231467414025756
177,27,0.206749384503189,0.213092004258254
177,28,0.190050336028625,0.195880665432741
177,29,0.174450521049353,0.179802282186384
177,30,0.159913460309042,0.164819256158903
177,31,0.146397883131105,0.150889050579455
177,32,0.133859027292505,0.137965530017722
177,33,0.122249755442469,0.126000111051916
177,34,0.111521504181168,0.114942740463122
177,35,0.101625082081181,0.104742717738318
177,36,0.0925113326219096,0.0953493783421671
178,0,0.761791552370584,0.78724647900696
178,1,0.76125193948591,0.786688835197227
178,2,0.757982141268918,0.783309778123964
178,3,0.750433387040255,0.775508785622916
178,4,0.737979049340953,0.762638291756676
178,5,0.720607146575887,0.744685914570435
178,6,0.6986952130865,0.722041803548102
178,7,0.672847952689891,0.695330868416456
178,8,0.64378240858925,0.665294112059095
178,9,0.612248796580574,0.63270681839989
178,10,0.57897784131264,0.598324128927458
178,11,0.544647573179288,0.562846730120339
178,12,0.509864203700903,0.52690108978783
178,13,0.475152994240587,0.491030020668369
178,14,0.440956042113108,0.455690392562292
178,15,0.407634689978641,0.421255622234398
178,16,0.375474867089752,0.388021193136333
178,17,0.344694132904945,0.356211934379352
178,18,0.315449545352325,0.325990151912523
178,19,0.287845741867733,0.297463979585171
178,20,0.261942820433201,0.270695523526722
178,21,0.237763755352629,0.245708525717248
178,22,0.215301190346081,0.22249538406998
178,23,0.194523529077211,0.201023446471018
178,24,0.175380297764087,0.181240552579408
178,25,0.157806791757384,0.163079835668682
178,26,0.141728042316919,0.146463821951476
178,27,0.127062154683432,0.131307880191495
178,28,0.113723076539175,0.117523082670982
178,29,0.101622859067883,0.105018541803012
178,30,0.0906734725660744,0.093703286410626
178,31,0.0807882360494983,0.0834877391029553
178,32,0.071882916375139,0.0742848521238933
178,33,0.0638765476694984,0.0660109541612116
178,34,0.0566920167550762,0.058586355334807
178,35,0.0502564551054868,0.0519357522488242
178,36,0.0445014728435409,0.0459884698086792
179,0,0.772130520125295,0.792567873761311
179,1,0.771229716038067,0.79164322648798
179,2,0.765918535648575,0.786191465627938
179,3,0.754028917870464,0.773987144160756
179,4,0.735022230754713,0.754477373206316
179,5,0.709341276905954,0.728116675814415
179,6,0.677967320092019,0.695912288608656
179,7,0.642124748928849,0.659121008279104
179,8,0.603090860541801,0.619053940448993
179,9,0.562079462724348,0.57695702092445
179,10,0.520175419651031,0.533943828912261
179,11,0.478303568351026,0.490963680750381
179,12,0.437220122216574,0.448792805877715
179,13,0.397518146234867,0.408039966988717
179,14,0.359641236850124,0.369160501984738
179,15,0.323901396816727,0.332474671952735
179,16,0.290498436783858,0.298187576286203
179,17,0.259539193242857,0.266408879308174
179,18,0.231055527146519,0.237171285292024
179,19,0.205020534519117,0.210447178146586
179,20,0.181362716380681,0.186163166401046
179,21,0.159978062601512,0.164212486904364
179,22,0.140740134272854,0.144465354063995
179,23,0.123508304974546,0.126777419249863
179,24,0.108134359882597,0.110996544572261
179,25,0.0944676652796394,0.0969681092229451
179,26,0.082359118531638,0.0845390640029147
179,27,0.0716640762258851,0.0735609369646487
179,28,0.0622444402854313,0.0638919747434434
179,29,0.0539700614572398,0.0553985831941867
179,30,0.0467195985874856,0.0479562094106275
179,31,0.0403809518025859,0.0414497863721797
179,32,0.0348513688576521,0.035773842107288
179,33,0.0300373068930083,0.0308323577908104
179,34,0.0258541168141823,0.0265384437699314
179,35,0.0222256044851122,0.0228138891426889
179,36,0.0190835118041446,0.0195886290986858
180,0,0.763798253292098,0.781061334931808
180,1,0.763191218417307,0.78044058008246
180,2,0.759534431451957,0.776701143789686
180,3,0.751147936293166,0.768125100212876
180,4,0.73740492935064,0.754071478982086
180,5,0.718366122898446,0.734602364567429
180,6,0.694515878836806,0.710213066235124
180,7,0.666574987052219,0.681640664894337
180,8,0.635370711653118,0.649731122166591
180,9,0.60174922955473,0.615349739940374
180,10,0.566519099749857,0.579323351955572
180,11,0.530417135882265,0.542405425041569
180,12,0.494090174831644,0.505257415642596
180,13,0.45808787138729,0.468441401639336
180,14,0.422862908045185,0.432420296887756
180,15,0.388775972127452,0.397562940829549
180,16,0.356103585098258,0.364152104763298
180,17,0.325047422643939,0.332394022573559
180,18,0.295744179329383,0.302428478344505
180,19,0.26827534025143,0.274338798868572
180,20,0.242676448985479,0.248161331063717
180,21,0.218945625696389,0.223894152607472
180,22,0.197051206672941,0.201504884137293
180,23,0.176938458457561,0.180937555130526
180,24,0.158535375216343,0.162118532304416
180,25,0.141757603968726,0.144961556163974
180,26,0.126512564073419,0.129371953594978
180,27,0.112702838972703,0.115250106267211
180,28,0.100228922665938,0.102494259182727
180,29,0.0889914029836339,0.0910027532954699
180,30,0.0788926601453632,0.0806757624593488
180,31,0.0698381535357604,0.0714166092874697
180,32,0.0617373630075,0.063132727730089
180,33,0.0545044439427564,0.0557363329415271
180,34,0.0480586482050415,0.0491448517462015
180,35,0.0423245562762319,0.0432811600223283
180,36,0.03723215947754,0.0380736667812202
181,0,0.757221750373148,0.793985101107166
181,1,0.756560230526925,0.793291464267325
181,2,0.752595168856966,0.789133897624044
181,3,0.743552901620179,0.779652625509632
181,4,0.728820796230546,0.764205271836095
181,5,0.70853052425784,0.742929900868737
181,6,0.683261042549585,0.716433577989518
181,7,0.653830799442031,0.685574487455147
181,8,0.621155875022364,0.651313185325046
181,9,0.586156346970731,0.614614419335975
181,10,0.549697493067993,0.576385476773309
181,11,0.512555772051112,0.537440513686406
181,12,0.475402082574106,0.498483001066927
181,13,0.438796756234474,0.460100474785147
181,14,0.403192229241655,0.422767336968733
181,15,0.368940463799667,0.386852637695827
181,16,0.336303037297673,0.352630654018927
181,17,0.305462449562969,0.320292746188523
181,18,0.276533666115827,0.289959461336541
181,19,0.24957525775411,0.261692213891234
181,20,0.224599744259836,0.23550413147392
181,21,0.201582926024526,0.211369839577626
181,22,0.180472109994571,0.189234086884656
181,23,0.161193219382772,0.169019200156825
181,24,0.143656830634393,0.150631414298091
181,25,0.127763214184211,0.133966157841924
181,26,0.113406473632678,0.118912393085747
181,27,0.100477885623441,0.105356118120548
181,28,0.0888685432745554,0.0931831386015038
181,29,0.0784714019651172,0.0822812128581774
181,30,0.0691828193946994,0.0725416667243254
181,31,0.0609036733913143,0.0638605656157805
181,32,0.0535401318379043,0.0561395218371119
181,33,0.0470041399262554,0.0492862054918684
181,34,0.0412136811296477,0.0432146181255311
181,35,0.0360928600579247,0.0378451796032223
181,36,0.0315718478581492,0.0331046708595463
182,0,0.77415902271281,0.789341145747814
182,1,0.773575268653395,0.788745943619343
182,2,0.770049164347273,0.785150688469739
182,3,0.761937620055917,0.77688006773566
182,4,0.748603480946022,0.763284431265929
182,5,0.730072665670167,0.74439020600685
182,6,0.706785078331856,0.720645923072691
182,7,0.679416537173215,0.692740654256078
182,8,0.648754082311388,0.661476874409836
182,9,0.615611051403519,0.627683871650922
182,10,0.580771470514138,0.59216104767061
182,11,0.544955777273273,0.555642968685454
182,12,0.508801818234417,0.518779990132226
182,13,0.472856556798123,0.482129801974625
182,14,0.437575083521578,0.446156419603921
182,15,0.403324409776574,0.411234051894792
182,16,0.370390206271588,0.377653971877355
182,17,0.338985165664128,0.34563304334967
182,18,0.309258059530431,0.315322955464737
182,19,0.281302852866861,0.286819515977441
182,20,0.255167456522708,0.260171575322333
182,21,0.230861857122256,0.235389315972554
182,22,0.208365478901279,0.212451758650163
182,23,0.187633713196312,0.191313419865981
182,24,0.168603607419831,0.171910112461939
182,25,0.151198742674234,0.154163918880505
182,26,0.135333352658478,0.137987390847688
182,27,0.120915749994671,0.123287042893714
182,28,0.10785113242893,0.109966213586627
182,29,0.0960438427148869,0.0979273697346229
182,30,0.0853991539939642,0.087073926779636
182,31,0.0758246483459283,0.0773116543828015
182,32,0.0672312507733126,0.0685497306864716
182,33,0.0595339748340245,0.0607015025695093
182,34,0.0526524298901646,0.0536850028438237
182,35,0.0465111337996129,0.0474232690781876
182,36,0.0410396690374477,0.0418445027813716
183,0,0.760139985472191,0.776644367348952
183,1,0.759782596727469,0.776279218875188
183,2,0.757575317569622,0.774024014626139
183,3,0.752369071931111,0.768704729458325
183,4,0.743588732471133,0.759733748697765
183,5,0.731067146866123,0.746940290760714
183,6,0.71491795405366,0.73044046194663
183,7,0.695439125904971,0.710538703779232
183,8,0.673040725800666,0.687653983055284
183,9,0.648191646570633,0.662265373343055
183,10,0.621381126474632,0.634872735386612
183,11,0.593091684987603,0.605969065264983
183,12,0.563780804594422,0.576021778456669
183,13,0.533869239114183,0.545460764310851
183,14,0.503734276830241,0.514671502904535
183,15,0.473706647348204,0.483991904741339
183,16,0.444070050671458,0.453711829602166
183,17,0.415062518669943,0.424074477574596
183,18,0.386879003771989,0.39527903395115
183,19,0.359674736236612,0.367484099395668
183,20,0.333569007063438,0.34081155498888
183,21,0.308649124440917,0.315350604580179
183,22,0.284974362497581,0.291161809275328
183,23,0.262579775980813,0.268280984940647
183,24,0.241479796576147,0.24672287660665
183,25,0.221671558520974,0.22648455628845
183,26,0.203137925083584,0.207548515176604
183,27,0.185850205085816,0.189885439141692
183,28,0.169770561324972,0.173456669448594
183,29,0.154854121604591,0.158216359622586
183,30,0.141050808998524,0.144113345452637
183,31,0.12830691165208,0.131092748876546
183,32,0.116566414425271,0.119097338537208
183,33,0.105772115445334,0.108068670578055
183,34,0.0958665505025151,0.0979480331095884
183,35,0.0867927474617249,0.088677217001045
183,36,0.0784948316790129,0.0801991344418491
184,0,0.77034226702159,0.796203443570118
184,1,0.76960243874986,0.795438778507822
184,2,0.765190996184348,0.790879239310586
184,3,0.755189483385348,0.780541965513753
184,4,0.738991973149721,0.763800688319227
184,5,0.716817949355923,0.74088225990339
184,6,0.689369610206361,0.712512451979364
184,7,0.657595659943244,0.679671817759548
184,8,0.622532884835024,0.643431949486155
184,9,0.585203908402504,0.604849801195845
184,10,0.546554963387359,0.56490337162969
184,11,0.507421674537463,0.524456338311657
184,12,0.468514007230886,0.484242500882548
184,13,0.43041392926523,0.444863364393215
184,14,0.39358113389012,0.406794054465095
184,15,0.358363519217338,0.370394148504841
184,16,0.325010119569269,0.335921041171347
184,17,0.293684921053758,0.303544223753553
184,18,0.264480530738801,0.273359412233295
184,19,0.237431055566975,0.245401858558042
184,20,0.212523821444807,0.21965846315206
184,21,0.189709753697492,0.196078503853597
184,22,0.168912369314762,0.174582930039631
184,23,0.150035415809056,0.155072257928302
184,24,0.132969243627078,0.137433156918841
184,25,0.117596028306211,0.121543847061101
184,26,0.103793971937003,0.107278441565437
184,27,0.0914406161309462,0.0945103709901876
184,28,0.0804153943527666,0.0831150212583719
184,29,0.070601542860761,0.0729717087502428
184,30,0.0618874785219949,0.0639651043731487
184,31,0.0541677397603501,0.055986206098168
184,32,0.0473435747516764,0.048932946901572
184,33,0.0413232492838138,0.0427105129600228
184,34,0.0360221358052761,0.0372314356887125
184,35,0.0313626352892824,0.0324155109822897
184,36,0.027273974722238,0.028189589904823
185,0,0.757003036754681,0.788163444340922
185,1,0.756667185332971,0.78781376831524
185,2,0.754587774142811,0.785648762620066
185,3,0.749669432926934,0.78052796842911
185,4,0.741350917883446,0.77186703954224
185,5,0.729453719347216,0.759480118326544
185,6,0.714065375610685,0.743458346400659
185,7,0.695450413301291,0.724077139063701
185,8,0.67398317514001,0.701726248052461
185,9,0.650097895365695,0.676857781927573
185,10,0.624252283307266,0.649948290641514
185,11,0.5969016112029,0.621471786738397
185,12,0.568480902231106,0.591881200193524
185,13,0.539393302773034,0.561596272044799
185,14,0.510003119027782,0.530996304375214
185,15,0.480632318708713,0.500416518009009
185,16,0.451559557279029,0.470147038664308
185,17,0.423020996297627,0.440433748984435
185,18,0.395212348236575,0.411480417525916
185,19,0.368291715261844,0.383451654391539
185,20,0.342382895246994,0.356476353329
185,21,0.317578911899266,0.330651367167082
185,22,0.293945591572396,0.306045231860289
185,23,0.271525060603508,0.28270180778613
185,24,0.250339076689831,0.260643748250807
185,25,0.230392138236415,0.239875736826574
185,26,0.211674338647975,0.220387459134382
185,27,0.194163949739717,0.202156292595278
185,28,0.177829731044593,0.185149710795343
185,29,0.162632970799206,0.169327408484411
185,30,0.148529270602807,0.154643159696716
185,31,0.135470089808425,0.141046425713592
185,32,0.123404068136885,0.128483732120045
185,33,0.112278146211456,0.116899835463821
185,34,0.102038504015958,0.10623870034312
185,35,0.0926313369349791,0.0964443073908529
185,36,0.0840034882386756,0.087461311794318
186,0,0.773963993115798,0.804808270843946
186,1,0.773059167967042,0.803867386293936
186,2,0.76772494528784,0.798320582348365
186,3,0.755785425115575,0.785905244335205
186,4,0.73670171599494,0.766061004712589
186,5,0.710920442353235,0.739252286937225
186,6,0.67942852342182,0.706505341283181
186,7,0.643456450330605,0.669099696833671
186,8,0.604287265943467,0.628369528715548
186,9,0.563139748840734,0.585582186689912
186,10,0.521102788499329,0.541869955029492
186,11,0.479104283591161,0.498197711341384
186,12,0.437902615017557,0.455354059781942
186,13,0.39809223546705,0.413957143371529
186,14,0.360117480781997,0.37446900577644
186,15,0.324290576460863,0.33721431541248
186,16,0.290811161214961,0.302400667061156
186,17,0.259785612196324,0.27013867725314
186,18,0.231245134302998,0.240460794474747
186,19,0.205162044909265,0.213338232882792
186,20,0.181464002496926,0.188695767980155
186,21,0.160046135538591,0.166424348863471
186,22,0.140781158183001,0.146391617042212
186,23,0.123527635095172,0.128450500652054
186,24,0.108136596243295,0.112446092856538
186,25,0.094456715852123,0.0982210371938727
186,26,0.0823382670214581,0.0856196397962304
186,27,0.0716360509149587,0.0744909153135899
186,28,0.0622114813312969,0.0646907545599352
186,29,0.0539339848586727,0.0560833804672069
186,30,0.0466818556606542,0.0485422369363593
186,31,0.0403426835021039,0.041950433921123
186,32,0.0348134546465342,0.0362008523463563
186,33,0.0300004081365019,0.0311959946608761
186,34,0.02581871486407,0.0268476511181266
186,35,0.0221920337500623,0.0230764382681378
186,36,0.0190519881821155,0.0198112545304075
187,0,0.763857096354224,0.784058235589416
187,1,0.763165523080154,0.783348372810585
187,2,0.759028353938998,0.779101791149392
187,3,0.749614174895161,0.769438642576362
187,4,0.734310406557248,0.753730147285603
187,5,0.713280288035469,0.732143861446117
187,6,0.687148645642578,0.705321135670035
187,7,0.656783266977702,0.674152707265533
187,8,0.62314662015156,0.639626497994815
187,9,0.587198784460669,0.602727977630755
187,10,0.549837183009105,0.56437830273381
187,11,0.511862337440051,0.52539916572538
187,12,0.473961642447761,0.486496140296803
187,13,0.436705273583838,0.448254480992547
187,14,0.400549945474305,0.411142980817950
187,15,0.36584744589357,0.37552273100725
187,16,0.332855775552754,0.341658555417302
187,17,0.301751395128814,0.309731581444428
187,18,0.272641575293679,0.279851916665248
187,19,0.24557620514896,0.252070769559949
187,20,0.220558672623471,0.226391617655286
187,21,0.197555612513327,0.202780213363569
187,22,0.176505443456494,0.181173346727999
187,23,0.157325699129964,0.161486370502354
187,24,0.139919212646887,0.143619548102104
187,25,0.124179245049979,0.127463317727118
187,26,0.109993665348391,0.112902582944754
187,27,0.0972482954920019,0.0998201461261001
187,28,0.0858295325324662,0.0880993999532903
187,29,0.0756263545459042,0.0776263863912892
187,30,0.066531808530622,0.068291323934892
187,31,0.0584440687475079,0.0599896939382334
187,32,0.0512671437414115,0.0526229663342157
187,33,0.0449113001723489,0.0460990346744505
187,34,0.039293261982245,0.040332420563211
187,35,0.0343362345561198,0.0352442984575891
187,36,0.0299697955252576,0.0307623835828217
188,0,0.752306641726899,0.789102321846981
188,1,0.751951263403703,0.788729561798865
188,2,0.749756848260491,0.786427816754278
188,3,0.74458213107307,0.781000001657335
188,4,0.73585701384165,0.771848134740547
188,5,0.723417126792845,0.758799806825758
188,6,0.707377115062716,0.741975270397842
188,7,0.68803458744276,0.721686690437601
188,8,0.665798221785368,0.698362733427985
188,9,0.641134794024364,0.672493005538518
188,10,0.614530934737363,0.644587938682703
188,11,0.586466260576454,0.615150607794042
188,12,0.557395212335985,0.58465768058497
188,13,0.527735485533255,0.553547282261679
188,14,0.497861386791078,0.522212026964152
188,15,0.468100809535433,0.490995845543728
188,16,0.438734811628729,0.460193542538213
188,17,0.409999008775961,0.430052257730192
188,18,0.382086181736141,0.400774200878434
188,19,0.355149641463792,0.372520181450075
188,20,0.32930701160167,0.34541357611688
188,21,0.304644178222296,0.319544471680535
188,22,0.281219227250978,0.294973795076925
188,23,0.259066244571701,0.271737299347038
188,24,0.238198895651354,0.249849318342326
188,25,0.218613733238535,0.229306236204662
188,26,0.200293205421782,0.210089642550143
188,27,0.183208353779613,0.192169162586946
188,28,0.167321203898034,0.175504964554203
188,29,0.15258685927363,0.160049956038896
188,30,0.138955315443522,0.145751686835788
188,31,0.126373014788377,0.132553979796594
188,32,0.114784164396108,0.12039831315103
188,33,0.104131840088916,0.109224978532347
188,34,0.0943588995464581,0.0989740387617979
188,35,0.0854087266688274,0.0895861086187671
188,36,0.0772258281188744,0.0810029805602616
189,0,0.770679397044391,0.797662503676542
189,1,0.770053553021467,0.797014747538061
189,2,0.766287708411383,0.793117052787616
189,3,0.757662057887396,0.78418940009677
189,4,0.743545520234811,0.769578612770174
189,5,0.724014880595917,0.749364164359446
189,6,0.699580703915118,0.724074495761547
189,7,0.670993472721215,0.694486365477074
189,8,0.639109519193873,0.661486087676393
189,9,0.60480110130398,0.625976459916541
189,10,0.568898696791174,0.588817036709535
189,11,0.532156480578006,0.550788398228192
189,12,0.495234188718408,0.512573379273292
189,13,0.458690296204357,0.474750008220899
189,14,0.422982758633731,0.437792274657575
189,15,0.388474577194933,0.402075889206816
189,16,0.355442212326569,0.367886991768653
189,17,0.324085448611932,0.335432361804839
189,18,0.294537745040872,0.304850130985158
189,19,0.266876424453813,0.276220329385307
189,20,0.24113229012518,0.249574838767139
189,21,0.217298426563759,0.224906501513543
189,22,0.195338061625729,0.202177258010605
189,23,0.17519145025817,0.181325271405441
189,24,0.156781796087734,0.16227105652215
189,25,0.140020262895246,0.144922666798677
189,26,0.1248101492977,0.129180015133209
189,27,0.111050310876663,0.114938415828489
189,28,0.098637917688567,0.102091438648348
189,29,0.0874706339078104,0.0905331647746896
189,30,0.0774483020126094,0.0801599299602356
189,31,0.0684742076809606,0.0708716337111533
189,32,0.0604559943180699,0.0625726858340146
189,33,0.0533062885169724,0.0551726537951074
189,34,0.0469430901898086,0.0485866665110287
189,35,0.0412899738789905,0.0427356227081772
189,36,0.0362761410374428,0.0375462450334367
190,0,0.759647361134178,0.795798057853842
190,1,0.759123993017016,0.795249783282654
190,2,0.755948248335287,0.791922908762631
190,3,0.748605225851791,0.784230440743761
190,4,0.736471009766027,0.771518772029198
190,5,0.719518430092042,0.753759439646305
190,6,0.698100914092486,0.731322690032573
190,7,0.672796029396018,0.704813576559713
190,8,0.644294338823719,0.67495552509604
190,9,0.613322373214436,0.642509641201987
190,10,0.580591047810551,0.608220671714219
190,11,0.546762834023778,0.572782614255578
190,12,0.51243255954327,0.536818603643617
190,13,0.478117932545858,0.500870985159497
190,14,0.444256839894155,0.465398484170614
190,15,0.411209210517353,0.430778158187428
190,16,0.379261808360672,0.397310417903562
190,17,0.348634760067029,0.365225865521932
190,18,0.319488959381037,0.334693051525346
190,19,0.291933745780994,0.305826518725281
190,20,0.266034447015239,0.278694703738401
190,21,0.241819518265838,0.253327415894379
190,22,0.219287115808961,0.229722723728804
190,23,0.198411019119439,0.20785315891351
190,24,0.179145869302095,0.187671203978505
190,25,0.161431728934535,0.169114069152146
190,26,0.145197993083094,0.152107789497596
190,27,0.130366696663057,0.136570689666302
190,28,0.116855271963673,0.122416272650288
190,29,0.104578813966282,0.109555592904015
190,30,0.0934519115066847,0.0978991746495554
190,31,0.0833901004673517,0.0873585342244527
190,32,0.0743109918479401,0.077847361835748
190,33,0.0661351233546504,0.0692824136754407
190,34,0.0587865785048105,0.0615841604875099
190,35,0.0521934124707631,0.0546772336771947
190,36,0.0462879191986882,0.0484907051416786
191,0,0.76987354747781,0.788191309186577
191,1,0.769140899373781,0.787441229033571
191,2,0.764770043320378,0.782966376291475
191,3,0.754854856329894,0.77281527519122
191,4,0.738787702302853,0.756365832021021
191,5,0.71677908132851,0.733833555342612
191,6,0.689519259570036,0.705925134965792
191,7,0.657944699564652,0.673599314876031
191,8,0.623081129250614,0.637906228370118
191,9,0.585942031970013,0.599883472810448
191,10,0.5474666680572,0.560492656548191
191,11,0.508485811824961,0.520584320682439
191,12,0.469706488337311,0.480882312671856
191,13,0.431709343372152,0.441981093720306
191,14,0.394954050046818,0.404351274043371
191,15,0.359789481199563,0.368350027283431
191,16,0.326466362334193,0.334234044508437
191,17,0.295150846796771,0.302173432385634
191,18,0.265937985527461,0.272265503422004
191,19,0.238864446515243,0.244547798055632
191,20,0.21392011107732,0.21900995684779
191,21,0.191058363676574,0.195604255128176
191,22,0.170205020810798,0.174254744331059
191,23,0.151265928960303,0.15486503072244
191,24,0.134133314038609,0.137324775924546
191,25,0.11869099452813,0.121515034088738
191,26,0.104818584400542,0.10731255481684
191,27,0.0923948151121139,0.0945931841973929
191,28,0.0813001021470327,0.0832344924152873
191,29,0.0714184734397976,0.0731177480575059
191,30,0.0626389664466879,0.0641293484254075
191,31,0.0548565889830263,0.056161803233391
191,32,0.0479729270965816,0.0491143569455563
191,33,0.0418964717947523,0.0428933232767764
191,34,0.0365427257451611,0.0374121944320405
191,35,0.0318341413266215,0.0325915776834552
191,36,0.0276999327089626,0.0283590029788452
192,0,0.770414200439638,0.800002579022559
192,1,0.769504989706495,0.799058449318077
192,2,0.764147949897075,0.793495668075187
192,3,0.75216501516882,0.781052519076385
192,4,0.733024445978309,0.761176840892325
192,5,0.707183418650919,0.734343368073797
192,6,0.67563941785871,0.701587894496004
192,7,0.639631769137106,0.664197342990875
192,8,0.600449903540029,0.623510666251674
192,9,0.55931644094,0.580797439852975
192,10,0.517321803697382,0.53718996470514
192,11,0.475393514795802,0.493651386059879
192,12,0.434288121436131,0.450967306923347
192,13,0.39459722079451,0.409752045238262
192,14,0.356761658363868,0.370463377524181
192,15,0.321089856826388,0.333421571685088
192,16,0.287777594074152,0.298829924620875
192,17,0.256927518740083,0.266795027267981
192,18,0.228567373094548,0.237345687361037
192,19,0.202666363648918,0.210449928762653
192,20,0.179149437141962,0.186029815730582
192,21,0.157909426885677,0.163974065753755
192,22,0.138817163664655,0.144148548768892
192,23,0.121729720038205,0.126404848091697
192,24,0.10649699417041,0.110587097104207
192,25,0.0929668516501748,0.0965373185506004
192,26,0.0809890400702604,0.0840994894587825
192,27,0.0704180777066299,0.0731225407617973
192,28,0.0611152988519981,0.0634624811840597
192,29,0.0529502171839614,0.0549838129707381
192,30,0.045801346950917,0.0475603846119805
192,31,0.039556600978161,0.0410758041347584
192,32,0.0341133652638873,0.0354235165637847
192,33,0.0293783326308148,0.0305066311843974
192,34,0.0252671626674025,0.0262375684235434
192,35,0.0217040220220166,0.0225375824885722
192,36,0.0186210478969401,0.0193362042562998
193,0,0.760827012231173,0.787729586842767
193,1,0.759868595181317,0.78673728050431
193,2,0.754244028475699,0.780913831105224
193,3,0.741718896800325,0.767945815194669
193,4,0.721803873035846,0.74732660321907
193,5,0.695041424555772,0.719617844006793
193,6,0.662524070918588,0.685950688222298
193,7,0.625577737782525,0.647697945787092
193,8,0.585561401176006,0.6062666456423
193,9,0.543747422694602,0.562974139640423
193,10,0.501256815067494,0.518981079125072
193,11,0.459030971608188,0.475262144745045
193,12,0.417826770477696,0.432600977605981
193,13,0.378225903848669,0.391599838310442
193,14,0.3406521463769,0.352697486036475
193,15,0.305392342132768,0.316190907559544
193,16,0.272618362174537,0.282258051237868
193,17,0.242408322666025,0.250979795395246
193,18,0.214766073097474,0.222360125638538
193,19,0.189638453271379,0.196344002044417
193,20,0.166930141268435,0.172832732144157
193,21,0.146516120634157,0.151696878945566
193,22,0.128251918777763,0.132786861358049
193,23,0.111981835744689,0.115941473931601
193,24,0.0975454116777376,0.100994583005111
193,25,0.0847823856981048,0.087780260931666
193,26,0.0735363879958986,0.0761366087200882
193,27,0.0636575871437493,0.0659084969566207
193,28,0.0550044904836617,0.0569494298528225
193,29,0.0474450698377853,0.0491227107610751
193,30,0.0408573596441637,0.0423020614602
193,31,0.0351296510558637,0.0363718231178652
193,32,0.0301603841860125,0.0312268447254446
193,33,0.0258578218026033,0.026772145254787
193,34,0.0221395714170536,0.022922418847995
193,35,0.0189320087676685,0.0196014379154664
193,36,0.0161696439881121,0.016741396892307
194,0,0.76779850612333,0.79284444565077
194,1,0.767004089889685,0.792024115195114
194,2,0.762287082136275,0.787153236484676
194,3,0.751643475341625,0.776162430353212
194,4,0.734489778551171,0.758449172103521
194,5,0.711121725013236,0.734318841938166
194,6,0.682337504912009,0.704595667371347
194,7,0.649181245231716,0.670357835288548
194,8,0.612773493556624,0.63276244605033
194,9,0.57420388978247,0.592934684105744
194,10,0.534467621869781,0.55190220090317
194,11,0.494432120799654,0.510560723420278
194,12,0.454824115145458,0.469660686449915
194,13,0.416229916154577,0.429807526981348
194,14,0.379103856096224,0.391470397810854
194,15,0.343781322939485,0.354995627416944
194,16,0.310493951973459,0.320622407138119
194,17,0.279385348779018,0.288499027035183
194,18,0.250526303890069,0.258698586861737
194,19,0.223928875497993,0.231233538152898
194,20,0.199559006756383,0.206068713112302
194,21,0.17734754204941,0.183132700236206
194,22,0.157199637195635,0.162327561482459
194,23,0.139002640871082,0.143536970789214
194,24,0.122632572641396,0.126632903423464
194,25,0.107959347321611,0.111481030761829
194,26,0.0948509035876902,0.0979449835792951
194,27,0.0831763924081228,0.08588964448891
194,28,0.0728085719383441,0.0751836209587626
194,29,0.0636255428476418,0.0657010372460466
194,30,0.0555119435834978,0.0573227686514742
194,31,0.048359710143023,0.0499372260748033
194,32,0.0420684903748004,0.0434407838313973
194,33,0.0365457892059054,0.0377379296166171
194,34,0.0317069087733465,0.0327412026843218
194,35,0.0274747363703821,0.0283709748758976
194,36,0.0237794234210532,0.0245551191227917
195,0,0.780212035201933,0.794924854917368
195,1,0.779124974805421,0.793817295319469
195,2,0.772785708466505,0.787358486499069
195,3,0.7587694235897,0.773077890046476
195,4,0.736645837743446,0.750537109495028
195,5,0.707133891774209,0.720468643091721
195,6,0.671540270645301,0.684203816563432
195,7,0.631397567152731,0.643304123518371
195,8,0.58824100104856,0.599333734058522
195,9,0.543479698147693,0.553728346536944
195,10,0.498331121729952,0.507728382502411
195,11,0.453796468976649,0.462353919175205
195,12,0.41066155747746,0.418405592671254
195,13,0.369512578542015,0.376480648381219
195,14,0.330759571774137,0.336996858215646
195,15,0.29466294366162,0.300219539268083
195,16,0.261360083947455,0.266288672103539
195,17,0.23089032966345,0.235244335550447
195,18,0.203217337781469,0.207049501243361
195,19,0.178248463897106,0.181609777739429
195,20,0.155851087128989,0.158790043263894
195,21,0.13586602942433,0.1384281180697
195,22,0.118118333308914,0.120345745428508
195,23,0.102425716340702,0.104357205513841
195,24,0.0886050347808361,0.0902759009605316
195,25,0.0764770784588055,0.0779192421488803
195,26,0.0658699939463795,0.0671121349309633
195,27,0.0566216010433719,0.0576893407994432
195,28,0.0485808328737416,0.0494969441402284
195,29,0.04160849554312,0.042393126215214
195,30,0.0355775110818219,0.0362484126865828
195,31,0.0303727782432836,0.0309455317902533
195,32,0.025890760058084,0.0263789941122172
195,33,0.0220388849201516,0.0224544823807515
195,34,0.0187348292509908,0.0190881206035113
195,35,0.0159057341737029,0.0162056759700105
195,36,0.0134873957951037,0.0137417338645142
196,0,0.771203973538732,0.777398533869913
196,1,0.770668679098744,0.776858939771447
196,2,0.767421763544193,0.773585943938547
196,3,0.759917291731525,0.766021193775414
196,4,0.747521552432045,0.75352588787932
196,5,0.730211021377088,0.73607631302705
196,6,0.708350683473345,0.714040385802386
196,7,0.682533734304033,0.688016066527779
196,8,0.653467837257595,0.658716702773425
196,9,0.621896405285075,0.626891678824196
196,10,0.588545978003507,0.593273370098866
196,11,0.554092814761469,0.558543467880338
196,12,0.519143434342105,0.523313362707246
196,13,0.48422509219628,0.488114545117169
196,14,0.44978316869575,0.453395972921396
196,15,0.416183204735388,0.419526123157771
196,16,0.383715910371072,0.386798040959586
196,17,0.352603924996627,0.355436154032455
196,18,0.323009453268203,0.325603969912912
196,19,0.295042162970837,0.297412037273193
196,20,0.268766927840642,0.270925750936295
196,21,0.244211144680227,0.246172727764826
196,22,0.221371461507155,0.223149588852137
196,23,0.200219831054713,0.201828061646778
196,24,0.180708858830097,0.182160370968015
196,25,0.162776452691981,0.164083925930312
196,26,0.146349805861689,0.147525334947343
196,27,0.131348760774183,0.132403796602523
196,28,0.117688609778828,0.118633922845904
196,29,0.105282392380693,0.106128054687671
196,30,0.094042748961679,0.0947981308089484
196,31,0.0838833888574564,0.0845571674308176
196,32,0.0747202271246131,0.0753204042123414
196,33,0.0664722399241585,0.0670061665047874
196,34,0.0590620836144978,0.0595364894173576
196,35,0.0524165177011704,0.052837544164196
196,36,0.0464666669462554,0.0468399022791424
197,0,0.762601450863806,0.808742672512221
197,1,0.76156035916859,0.807638589535503
197,2,0.755481271963105,0.801191686992333
197,3,0.742020552901636,0.78691652675578
197,4,0.720741976836394,0.764350489863553
197,5,0.692314253458682,0.734202746305123
197,6,0.657976163803361,0.697787029595756
197,7,0.61919046071163,0.656654596477328
197,8,0.577429175942406,0.612366544030601
197,9,0.534048916771988,0.566361561092243
197,10,0.490226502201778,0.51988767012953
197,11,0.446933929716655,0.47397567936176
197,12,0.40493797029697,0.429438753268426
197,13,0.364814260576772,0.386887357393869
197,14,0.326969047424745,0.346752318584677
197,15,0.291664080256337,0.309311223411841
197,16,0.259041793327604,0.274715124119976
197,17,0.229149062913137,0.243013733233951
197,18,0.201958602785527,0.214178113572421
197,19,0.1773875793429,0.188120419684162
197,20,0.155313361172338,0.164710600339266
197,21,0.135586522372455,0.143790188618093
197,22,0.118041334898107,0.125183429095592
197,23,0.102504041526805,0.108706051363777
197,24,0.0887992184270178,0.0941720175673891
197,25,0.076754529262134,0.0813985641550552
197,26,0.0662041513627294,0.0702098353522009
197,27,0.0569911255953691,0.0604393752087287
197,28,0.0489688496924777,0.0519317112828526
197,29,0.0420019028943659,0.0445432291781133
197,30,0.0359663595578683,0.0381425051269154
197,31,0.0307497218872572,0.0326102346513228
197,32,0.0262505775948806,0.0278388695104446
197,33,0.022378067209272,0.0237320527780073
197,34,0.0190512278097599,0.0202039228696091
197,35,0.0161982649456553,0.0171783414093581
197,36,0.013755792097147,0.0145880866743275
198,0,0.765975009907076,0.782937288388367
198,1,0.765564046509541,0.782517224334147
198,2,0.763040656312985,0.779937954446116
198,3,0.757127757391019,0.773894116215623
198,4,0.747222495371175,0.763769505247527
198,5,0.733192149167562,0.749428461388747
198,6,0.715219877085501,0.731058198928339
198,7,0.693689483310976,0.709051021276674
198,8,0.669100564055021,0.683917588047575
198,9,0.6420071552601,0.656224204137223
198,10,0.612974426435756,0.626548554558258
198,11,0.582549110828737,0.595449479795219
198,12,0.551240282401783,0.563447327095498
198,13,0.519507827327557,0.531012166668091
198,14,0.487756546550227,0.498557763648239
198,15,0.456334294752815,0.46643967585278
198,16,0.425532932917233,0.434956227434345
198,17,0.395591165425026,0.404351408808804
198,18,0.366698563660588,0.374818989359926
198,19,0.339000258809155,0.346507314157929
198,20,0.312601927097636,0.319524399596917
198,21,0.287574799289625,0.2939430538236
198,22,0.263960509425878,0.269805832851624
198,23,0.241775660924354,0.247129707776476
198,24,0.221016035501331,0.225910366901855
198,25,0.201660405379776,0.206126112368202
198,26,0.18367393465677,0.187741336842358
198,27,0.16701117369432,0.170709584218227
198,28,0.151618662712211,0.154976210865378
198,29,0.137437168769268,0.140480672147566
198,30,0.12440358509955,0.127158463819138
198,31,0.11245252416728,0.114942750357663
198,32,0.101517636475672,0.103765712977374
198,33,0.0915326866179267,0.0935596495089776
198,34,0.0824324166822961,0.0842578569245575
198,35,0.0741532252122072,0.0757953253330557
198,36,0.0666336876979886,0.0681092699981289
199,0,0.759201106585249,0.759201106585249
199,1,0.758866511583592,0.758866511583592
199,2,0.756794297649187,0.756794297649187
199,3,0.751891431898207,0.751891431898207
199,4,0.74359640804509,0.74359640804509
199,5,0.731728936368367,0.731728936368367
199,6,0.716374015642941,0.716374015642941
199,7,0.697793388847649,0.697793388847649
199,8,0.676358706589703,0.676358706589703
199,9,0.65250180716991,0.65250180716991
199,10,0.626678410984059,0.626678410984059
199,11,0.599342253593624,0.599342253593624
199,12,0.570927274641556,0.570927274641556
199,13,0.541835962379383,0.541835962379383
199,14,0.51243234544893,0.51243234544893
199,15,0.483038440923346,0.483038440923346
199,16,0.453933223870362,0.453933223870362
199,17,0.425353389948146,0.425353389948146
199,18,0.39749534794272,0.39749534794272
199,19,0.370518011262239,0.370518011262239
199,20,0.344546062441185,0.344546062441185
199,21,0.319673447794108,0.319673447794108
199,22,0.295966924694925,0.295966924694925
199,23,0.273469534986111,0.273469534986111
199,24,0.252203917557298,0.252203917557298
199,25,0.232175403471962,0.232175403471962
199,26,0.213374860034227,0.213374860034227
199,27,0.195781267394099,0.195781267394099
199,28,0.179364023918737,0.179364023918737
199,29,0.164084985602736,0.164084985602736
199,30,0.149900251051021,0.149900251051021
199,31,0.136761707684503,0.136761707684503
199,32,0.124618357302515,0.124618357302515
199,33,0.113417440393661,0.113417440393661
199,34,0.103105378939074,0.103105378939074
199,35,0.0936285571514807,0.0936285571514807
199,36,0.0849339588363061,0.0849339588363061
200,0,0.768230335402112,0.786324997334377
200,1,0.767707174824608,0.785789514392928
200,2,0.764530864472206,0.782538390199716
200,3,0.757181781876445,0.775016209564273
200,4,0.745029500685718,0.76257769726587
200,5,0.728040332749953,0.745188371674072
200,6,0.706562188287649,0.723204337578062
200,7,0.68116860609803,0.69721264273421
200,8,0.652547755337933,0.667917665224814
200,9,0.621425344352308,0.636062206506822
200,10,0.58851285246341,0.602374503868447
200,11,0.554474458270654,0.567534379768328
200,12,0.519907578311488,0.532153322109987
200,13,0.485333137739569,0.496764525758537
200,14,0.451192638190435,0.461819891343761
200,15,0.417849821952954,0.427691728628949
200,16,0.385595299785198,0.394677493328924
200,17,0.354652947257909,0.363006334111026
200,18,0.325187209348078,0.332846569238846
200,19,0.297310707411341,0.304313472716924
200,20,0.271091734328216,0.277476945975362
200,21,0.246561366565523,0.252368797446555
200,22,0.223720027199327,0.228989460171575
200,23,0.202543410336799,0.207314055764038
200,24,0.182987731703812,0.187297768668441
200,25,0.164994307792636,0.168880533163694
200,26,0.148493491064476,0.151991061254212
200,27,0.133408004511223,0.136550255772916
200,28,0.119655727895167,0.12247406224718
200,29,0.107151992116687,0.109675817307352
200,30,0.0958114388629976,0.0980681521370996
200,31,0.0855495010632813,0.0875645077987336
200,32,0.0762835565364816,0.0780803160536594
200,33,0.0679338031718826,0.069533895156697
200,34,0.0604238994682501,0.0618471054822835
200,35,0.0536814095867962,0.0549458050600784
200,36,0.047638087462789,0.0487601403784522
201,0,0.767568696015065,0.787348831179371
201,1,0.766850197821326,0.786611817390271
201,2,0.762559830787768,0.782210888213846
201,3,0.75281718797033,0.772217178888893
201,4,0.73701294171542,0.756005659475614
201,5,0.715341366492067,0.733775610868227
201,6,0.688470278114231,0.706212058398402
201,7,0.65731259802535,0.674251449364185
201,8,0.622872386662624,0.638923718696179
201,9,0.586144849379875,0.60124971804738
201,10,0.548054936816922,0.562178233902882
201,11,0.509423080916389,0.522550840618754
201,12,0.470949596459266,0.483085899987409
201,13,0.433211546378712,0.444375345770996
201,14,0.396667581727857,0.406889648394476
201,15,0.361667552399175,0.370987673331854
201,16,0.328464642467833,0.336929129175589
201,17,0.297228491976275,0.304888027567677
201,18,0.268058285200884,0.274966108749073
201,19,0.240995160353117,0.24720557105704
201,20,0.216033562978989,0.221600716900111
201,21,0.1931313524109,0.198108319651729
201,22,0.172218598397834,0.176656646968342
201,23,0.153205089378684,0.157153162549857
201,24,0.135986626776776,0.139490982637232
201,25,0.120450210203504,0.123554194838056
201,26,0.106478233296714,0.1092221620911
201,27,0.0939518140661507,0.0963729388342766
201,28,0.0827533807235109,0.0848859234711664
201,29,0.0727686266811957,0.0746438637498094
201,30,0.0638879385966521,0.0655343216075427
201,31,0.0560073903377675,0.0574506927507405
201,32,0.0490293844494446,0.0502928646518911
201,33,0.0428630117052442,0.0439675853668339
201,34,0.0374241890009941,0.0383886049818664
201,35,0.032635626400512,0.0334766418102405
201,36,0.0284266656765174,0.0291592167722972
202,0,0.762747253642115,0.784995405827606
202,1,0.762286120519755,0.784520822168604
202,2,0.759470270708603,0.7816228383939
202,3,0.752912932085737,0.774874232392598
202,4,0.741997797435388,0.763640720225101
202,5,0.726635918908194,0.747830759571493
202,6,0.707084375750314,0.727708928280079
202,7,0.683812770018714,0.70375852597013
202,8,0.657406524851624,0.676582051663152
202,9,0.628498299521828,0.646830618319851
202,10,0.597720705894088,0.615155290110094
202,11,0.565675002375826,0.582174863214774
202,12,0.532911627474158,0.548455831576958
202,13,0.499919375346827,0.514501246720448
202,14,0.467120758687127,0.480745945377277
202,15,0.434871689144504,0.447556220586669
202,16,0.403464063984625,0.415232483803962
202,17,0.373130205459127,0.384013833759876
202,18,0.344048377040603,0.354083733595504
202,19,0.316348814900752,0.325576218269305
202,20,0.290119877111348,0.298582223120708
202,21,0.265414037717983,0.273155752781681
202,22,0.242253546617813,0.249319706144304
202,23,0.220635645873955,0.227071244826961
202,24,0.200537284132547,0.206386645103618
202,25,0.181919307461266,0.187225610982585
202,26,0.164730130585115,0.169535052526549
202,27,0.148908909818277,0.153252351333921
202,28,0.134388250063472,0.138308146497156
202,29,0.121096484695779,0.124628680987244
202,30,0.108959570223476,0.112137751578862
202,31,0.0979026382912659,0.100758306123126
202,32,0.0878512465997989,0.0904137309544846
202,33,0.0787323682181399,0.0810288690599025
202,34,0.0704751559806287,0.0725308067719837
202,35,0.0630115154945818,0.064849463490419
202,36,0.0562765169639696,0.0579180155179208
203,0,0.763729529631824,0.786605953855283
203,1,0.76350071931158,0.786370289849606
203,2,0.762061920062432,0.784888393429642
203,3,0.758598978968322,0.781321724894786
203,4,0.752636544744953,0.775180694493837
203,5,0.743954167459101,0.766238249031551
203,6,0.732519279651683,0.754460845537256
203,7,0.718434031404644,0.739953693852298
203,8,0.701893456230164,0.722917669438381
203,9,0.683152869197193,0.703615734961676
203,10,0.662502755600823,0.682347076788248
203,11,0.640249708082212,0.659427471102708
203,12,0.616702221240151,0.63517465301772
203,13,0.592160362943914,0.609897678505816
203,14,0.566908517140781,0.583889449828111
203,15,0.541210539370858,0.557421725939516
203,16,0.515306788057242,0.530742064855442
203,17,0.489412595833232,0.50407224918981
203,18,0.463717829006353,0.477607832423459
203,19,0.438387252540208,0.451518514818493
203,20,0.413561475026219,0.425949116695306
203,21,0.389358295017588,0.401020965094047
203,22,0.365874308494034,0.37683354938866
203,23,0.343186668539834,0.35346633367356
203,24,0.32135491374597,0.330980639932949
203,25,0.30042280239546,0.30942153716654
203,26,0.280420106003486,0.288819688652615
203,27,0.261364328968042,0.269193123108338
203,28,0.243262331534344,0.250548906267745
203,29,0.226111841481427,0.232884697848746
203,30,0.209902846314097,0.216190185446195
203,31,0.194618862630342,0.200448391921379
203,32,0.18023808301775,0.185636856652081
203,33,0.166734403547776,0.171728693803965
203,34,0.154078336878172,0.158693532783677
203,35,0.142237817301344,0.146498347401278
203,36,0.131178904921144,0.135108181139639
204,0,0.765241325523077,0.772646350665597
204,1,0.76483358218694,0.772234661711842
204,2,0.762329181788796,0.769706026935213
204,3,0.756458718617213,0.763778756942129
204,4,0.746621004965697,0.753845846501699
204,5,0.732681280094981,0.739771230832872
204,6,0.714818584002597,0.721735682452895
204,7,0.693411646795306,0.700121596333284
204,8,0.66895478450807,0.675428071866283
204,9,0.641997024050931,0.648209448740973
204,10,0.613099078521546,0.619031865917999
204,11,0.582803920972033,0.588443550647034
204,12,0.551617610411485,0.556955458927915
204,13,0.519997749806,0.525029621821975
204,14,0.488347536048649,0.493073137845253
204,15,0.457013824073572,0.461436218349562
204,16,0.426287994155695,0.430413063214818
204,17,0.396408701463039,0.400244637008001
204,18,0.367565815170813,0.371122646214941
204,19,0.339905033147051,0.343194198580978
204,20,0.313532797312346,0.31656676603524
204,21,0.288521242306736,0.291313181244394
204,22,0.264912992567566,0.267476481110481
204,23,0.242725685576676,0.245074473788293
204,24,0.221956146091519,0.224103953309355
204,25,0.202584171016503,0.204544521078398
204,26,0.184575909904473,0.186361999087009
204,27,0.167886844061568,0.169511437846443
204,28,0.152464379575659,0.153939734508072
204,29,0.138250077655181,0.139587884784575
204,30,0.125181550519244,0.12639289718605
204,31,0.113194053557942,0.114289400587204
204,32,0.102221805235265,0.103210976902599
204,33,0.0921990657396687,0.0930912501750198
204,34,0.0830610040856483,0.083864762067742
204,35,0.0747443815270251,0.0754676618910219
204,36,0.0671880769794972,0.0678382371090102
205,0,0.773140945806849,0.782622049958197
205,1,0.772754541415978,0.782230907051931
205,2,0.770374414549055,0.779821592453015
205,3,0.764777292649578,0.77415583249218
205,4,0.755366703618928,0.764629840474263
205,5,0.741987845613744,0.751086916205532
205,6,0.724786612001308,0.733674742158113
205,7,0.704103405868944,0.712737895816175
205,8,0.680394221799882,0.688737963669778
205,9,0.654172971551193,0.662195159626876
205,10,0.625970246720094,0.6336465819821
205,11,0.596304696574814,0.603617240251134
205,12,0.565663995100552,0.572600788813656
205,13,0.534493012683893,0.541047553545954
205,14,0.503187323290702,0.509357959376699
205,15,0.472090590951344,0.477879884722365
205,16,0.441494709112641,0.446908802548085
205,17,0.411641828732021,0.41668983333251
205,18,0.382727618791712,0.387421045566018
205,19,0.354905266752717,0.359257505262647
205,20,0.32828985495702,0.332315706030566
205,21,0.302962849130496,0.306678112617928
205,22,0.278976512632984,0.282397629295345
205,23,0.256358119564221,0.259501864627542
205,24,0.235113885000731,0.237997109907146
205,25,0.215232564524823,0.217871982825055
205,26,0.196688700239198,0.199100713291249
205,27,0.179445508586762,0.181646066668222
205,28,0.163457418072568,0.165461912613262
205,29,0.148672273654412,0.150495456501706
205,30,0.135033230115445,0.136689156018168
205,31,0.122480359934168,0.123982348744007
205,32,0.110952002635629,0.112312618055747
205,33,0.100385882819968,0.101616924864117
205,34,0.0907200233907608,0.0918325320414091
205,35,0.0818934792307261,0.0828977470943205
205,36,0.0738469149128853,0.0747525069596422
206,0,0.762664414531215,0.791441769895116
206,1,0.762076073186116,0.790831228867377
206,2,0.758526416775665,0.78714763448631
206,3,0.750371444306093,0.778684953231238
206,4,0.736984000212014,0.764792365290443
206,5,0.718404414453233,0.745511722380302
206,6,0.695087421713902,0.721314917533192
206,7,0.667721820147541,0.692916739087646
206,8,0.637104664474949,0.661144316757485
206,9,0.604055975807729,0.6268486132303
206,10,0.569363228505108,0.590846816365833
206,11,0.533747432232976,0.553887141440962
206,12,0.497844616463188,0.516629617009952
206,13,0.462198065473797,0.479638026910601
206,14,0.427257840380234,0.443379414260395
206,15,0.393385036988973,0.408228499970305
206,16,0.360858924666182,0.374475090981923
206,17,0.329885639681845,0.342333101634567
206,18,0.300607504286096,0.311950224375132
206,19,0.273112339744532,0.283417594198978
206,20,0.247442360976266,0.256779018906312
206,21,0.223602400519633,0.232039513379986
206,22,0.20156732450911,0.209172995386929
206,23,0.181288584233185,0.188129084343713
206,24,0.16269990221275,0.168839001945791
206,25,0.145722128188824,0.151220611384545
206,26,0.130267322995497,0.13518265531561
206,27,0.116242140875946,0.120628265798666
206,28,0.103550586297557,0.107457825134519
206,29,0.0920962219317074,0.0955712571578239
206,30,0.0817839018188912,0.0848698257991457
206,31,0.0725210990434229,0.0752575128563527
206,32,0.0642188913670706,0.0666420408188277
206,33,0.0567926618401252,0.0589355999144547
206,34,0.0501625648551976,0.0520553317488648
206,35,0.0442538017257171,0.0459236152822437
206,36,0.0389967438455022,0.0404681946360401
207,0,0.776697025300789,0.792339453073992
207,1,0.77577877525918,0.791402709772481
207,2,0.770369052999376,0.785884037449827
207,3,0.758269729172235,0.773541037140215
207,4,0.738945629068622,0.753827755888348
207,5,0.712860062209334,0.727216834119452
207,6,0.681021522236165,0.694737076212248
207,7,0.644682194785651,0.657665886418433
207,8,0.605144356718976,0.617331769035474
207,9,0.563642386029504,0.574993962031702
207,10,0.521276831495804,0.531775178883396
207,11,0.478983510290192,0.488630083819128
207,12,0.437525444675421,0.44633706612411
207,13,0.397499025228589,0.405504527489459
207,14,0.359348410907604,0.366585572091349
207,15,0.323384084543865,0.329896935785341
207,16,0.28980285758676,0.295639393739983
207,17,0.258707597756064,0.263917885397775
207,18,0.230125641599542,0.234760297855743
207,19,0.204025328972573,0.208134333344157
207,20,0.180330416688901,0.183962213163563
207,21,0.158932337649701,0.162133183708753
207,22,0.139700401951726,0.14251392302395
207,23,0.122490111583559,0.124957022954354
207,24,0.107149797708349,0.109307760101622
207,25,0.0935258017711897,0.0954093812770726
207,26,0.0814664177573570,0.0831071251557373
207,27,0.0708247992199573,0.0722511878506087
207,28,0.0614610156064565,0.0626988206529216
207,29,0.0532434209421999,0.054315726280519
207,30,0.0460494760527583,0.0469768976594912
207,31,0.0397661444739458,0.0405670218076933
207,32,0.0342899627439296,0.0349805515425155
207,33,0.0295268682770042,0.0301215298880913
207,34,0.025391852625512,0.0259032363540239
207,35,0.0218084946315843,0.0222477106849544
207,36,0.0187084166438572,0.0190851981256573
208,0,0.766802623783854,0.79515796439295
208,1,0.766199302656366,0.794532333253033
208,2,0.762562983785866,0.790761548149714
208,3,0.754218512502277,0.782108509422418
208,4,0.740536108583756,0.767920148414775
208,5,0.721569709694665,0.748252397334197
208,6,0.6977956403502,0.723599194542588
208,7,0.669926918706819,0.694699924658985
208,8,0.638784143926194,0.662405531510051
208,9,0.605208319128771,0.627588117392466
208,10,0.570004412574373,0.591082417221094
208,11,0.533907144996164,0.553650320724086
208,12,0.497562575172264,0.515961777073437
208,13,0.461520667085019,0.478587087187699
208,14,0.426235262233444,0.441996875020574
208,15,0.39206883056064,0.406567014171303
208,16,0.359300096904977,0.372586536351868
208,17,0.328133187304784,0.340267115909856
208,18,0.298707350596707,0.309753150918587
208,19,0.271106616751457,0.281131778665266
208,20,0.245368978736135,0.25444239704636
208,21,0.221494848478503,0.22968543322217
208,22,0.199454654605485,0.206830222309596
208,23,0.179195531571104,0.185821943865122
208,24,0.160647105489269,0.166587621669999
208,25,0.14372641829715,0.149041229982627
208,26,0.128342054037252,0.133087972405057
208,27,0.114397543046635,0.11862781195459
208,28,0.101794124689513,0.105558335958552
208,29,0.0904329492188178,0.0937770393377732
208,30,0.0802167960747854,0.0831831064455649
208,31,0.071051380649252,0.0736787661544221
208,32,0.0628463151479298,0.0651702882497074
208,33,0.0555157822961844,0.0575686820481712
208,34,0.0489789736898989,0.0507901509584478
208,35,0.0431603378806797,0.0447563497401218
208,36,0.0379896769865018,0.0393944846869061
209,0,0.757367162596934,0.790850094376492
209,1,0.756772835576981,0.790229492371239
209,2,0.753190234959346,0.786488506259754
209,3,0.744967766001542,0.777902524885819
209,4,0.731483278256316,0.763821892753098
209,5,0.71278824982819,0.744300363794727
209,6,0.689350590106208,0.719826533506738
209,7,0.66187181427186,0.69113293080626
209,8,0.631159868024228,0.65906322038319
209,9,0.598043211727703,0.624482488538762
209,10,0.563315157940078,0.58821911989563
209,11,0.527700093256423,0.551029525921534
209,12,0.49183526259313,0.513579123903038
209,13,0.456263377145347,0.476434618103412
209,14,0.421432526135098,0.440063907609156
209,15,0.387700806300617,0.404840920487415
209,16,0.35534379451315,0.371053416764498
209,17,0.324563527419653,0.338912365055368
209,18,0.295498056576471,0.308561920126372
209,19,0.268230948791836,0.280089343244492
209,20,0.24280032334086,0.253534438924378
209,21,0.219207179114298,0.228898250217389
209,22,0.197422880221243,0.206150875250108
209,23,0.177395749422289,0.18523835215083
209,24,0.159056773784119,0.166088616949103
209,25,0.14232446285781,0.148616576532359
209,26,0.127108921648121,0.132728361679722
209,27,0.113315212582133,0.118324837662079
209,28,0.100846085565778,0.105304454993436
209,29,0.0896041552561866,0.0935655229596931
209,30,0.0794936015235958,0.0830079852573707
209,31,0.0704214639369194,0.0735347717079236
209,32,0.0622985948547752,0.0650527934845815
209,33,0.0550403289579604,0.0574736422446161
209,34,0.0485669202481454,0.0507140464475913
209,35,0.0428037909469333,0.0446961312581614
209,36,0.0376816305405716,0.0393475219695138
210,0,0.762595099192078,0.783640708282146
210,1,0.761856315910571,0.782881536534779
210,2,0.757453245802971,0.778356953330151
210,3,0.74747618050441,0.768104547400158
210,4,0.731327327828111,0.751510029073714
210,5,0.709232421763439,0.728805362001645
210,6,0.681897551482375,0.700716121550785
210,7,0.650272958750822,0.668218773648152
210,8,0.615394884990323,0.632378157239587
210,9,0.578283722094553,0.594242824337992
210,10,0.539882215365641,0.554781537524022
210,11,0.501021659248626,0.51484853277217
210,12,0.462407211696328,0.475168428530923
210,13,0.424615861269435,0.436334136720177
210,14,0.38810239198351,0.398812992192269
210,15,0.3532100440888,0.362957707721118
210,16,0.320183572759694,0.329019793077004
210,17,0.289183144933223,0.297163835381075
210,18,0.260298051981418,0.267481590211221
210,19,0.23355960231191,0.240005230004372
210,20,0.208952831527179,0.214719377385187
210,21,0.186426857577544,0.191571746093906
210,22,0.165903836574118,0.170482343956057
210,23,0.147286558350259,0.151351278061341
210,24,0.130464772087871,0.134065254960492
210,25,0.115320360788445,0.118502897938042
210,26,0.101731496065805,0.104539016466364
210,27,0.0895759068153746,0.092047965081579
210,28,0.0787333905194262,0.0809062239941797
210,29,0.0690876869706359,0.0709943245224133
210,30,0.060527822939732,0.0621982308691981
210,31,0.052949024093541,0.0544102772066987
210,32,0.0462532781727831,0.0475297463963396
210,33,0.0403496216359283,0.041463164543274
210,34,0.035154211012096,0.0361243743184353
210,35,0.030590230268573,0.0314344397696432
210,36,0.0265876766627817,0.0273214262636522
211,0,0.762190632710254,0.791091384318756
211,1,0.76133286806192,0.790201094942386
211,2,0.756264596077848,0.784940644173363
211,3,0.744891310058078,0.773136105786897
211,4,0.726664964825924,0.754218653824118
211,5,0.70197681944753,0.728594383116135
211,6,0.671740081792439,0.697211128557111
211,7,0.637109851851833,0.661267789230603
211,8,0.599301305826281,0.622025618399826
211,9,0.559477243892649,0.580691507309735
211,10,0.518683803301577,0.538351260653116
211,11,0.477818904442401,0.49593684617311
211,12,0.437622305694344,0.454216072414146
211,13,0.398679343672015,0.413796470790115
211,14,0.361432798126146,0.375137610378517
211,15,0.326199051644881,0.338567870365461
211,16,0.293185971143341,0.30430299956572
211,17,0.262510841110429,0.272464729662554
211,18,0.234217318965713,0.243098373477978
211,19,0.208290829711054,0.216188803358936
211,20,0.184672122359234,0.191674521638717
211,21,0.163268913391076,0.169459745590793
211,22,0.143965671826445,0.149424563530233
211,23,0.126631677960444,0.131433299121136
211,24,0.111127529290021,0.115341263995021
211,25,0.0973102842276568,0.101000096503906
211,26,0.0850374352454988,0.0882618855181493
211,27,0.074169894098553,0.076982268843371
211,28,0.0645741569496062,0.0670226804425975
211,29,0.0561237994677586,0.0582519022259562
211,30,0.0487004332528704,0.0505470567408327
211,31,0.0421942365202522,0.0437941579790689
211,32,0.0365041546455211,0.0378883195260801
211,33,0.031537850358165,0.032733702865859
211,34,0.0272114692881892,0.0282432740376177
211,35,0.0234492742601688,0.0243384240629982
211,36,0.0201831911389501,0.0209484975711475
212,0,0.771183238906128,0.784696949564049
212,1,0.77063450353104,0.784138598509169
212,2,0.767310178052203,0.780756019725037
212,3,0.759637490787729,0.772948881307543
212,4,0.746981977509847,0.760071601092782
212,5,0.729334099922263,0.742114473641594
212,6,0.707079933965267,0.719470340236521
212,7,0.68083590969028,0.692766432846006
212,8,0.651332003507446,0.662745519509334
212,9,0.619331277103396,0.630184033307028
212,10,0.585576411753478,0.595837669775325
212,11,0.550756052135292,0.560407140950724
212,12,0.515485470599548,0.524518500814164
212,13,0.480297387833741,0.488713805102024
212,14,0.445639816378446,0.453448917033603
212,15,0.411878591419714,0.41909608245146
212,16,0.379302868081997,0.385949523445319
212,17,0.348132335432154,0.35423277876955
212,18,0.318525255854173,0.32410688409464
212,19,0.29058670917307,0.295678760595728
212,20,0.2643766235214,0.269009386546766
212,21,0.239917324939325,0.24412147921484
212,22,0.217200447263328,0.221006525833255
212,23,0.196193122544219,0.199631082496379
212,24,0.176843427508425,0.179942316061155
212,25,0.159085099248649,0.161872802472441
212,26,0.142841557903336,0.145344619933277
212,27,0.128029289029761,0.130272790548469
212,28,0.11456064635315,0.116568132187252
212,29,0.102346138609022,0.104139585398762
212,30,0.0912962638174932,0.0928960798289626
212,31,0.0813229516810044,0.0827480018940044
212,32,0.0723406707275779,0.0736083213243402
212,33,0.0642672519478542,0.0653934292346362
212,34,0.0570244754384278,0.058023735047062
212,35,0.0505384612760888,0.0514240642149576
212,36,0.0447399007172832,0.0455238934736805
213,0,0.767060818893155,0.789751289055096
213,1,0.766403875045602,0.789074912113838
213,2,0.76246203711421,0.785016470448084
213,3,0.753461922657471,0.775750123088419
213,4,0.73878042948916,0.760634335827041
213,5,0.718534743938126,0.739789761488327
213,6,0.693289345221067,0.713797577181121
213,7,0.663850406256593,0.683487803271465
213,8,0.631124930066841,0.649794272890013
213,9,0.596027356858564,0.613658476351819
213,10,0.559420559933014,0.575968811662847
213,11,0.522081380224823,0.537525099534056
213,12,0.484683336382839,0.499020782008147
213,13,0.447791053261446,0.461037186139767
213,14,0.411862405287476,0.424045730765482
213,15,0.377255473740081,0.388415089587336
213,16,0.344238248085894,0.354421179483776
213,17,0.31299962346457,0.322258483312436
213,18,0.283660707907434,0.292051691608278
213,19,0.256285791829737,0.263866996565019
213,20,0.230892578233329,0.237722624858024
213,21,0.207461447707042,0.213598376713196
213,22,0.185943655316045,0.191444065268985
213,23,0.166268440348974,0.171186836637361
213,24,0.148349084980696,0.152737407788219
213,25,0.13208799207272,0.135995294556507
213,26,0.117380871517814,0.120853121823338
213,27,0.104120133203978,0.107200116847428
213,28,0.0921975861496498,0.0949248882435703
213,29,0.0815065400979513,0.0839175897442678
213,30,0.0719433996391636,0.074071561478034
213,31,0.0634088330398363,0.065284533373703
213,32,0.0558085892975969,0.0574594663845851
213,33,0.0490540281335034,0.0505050981585535
213,34,0.0430624190903018,0.0443362509839441
213,35,0.037757057884009,0.0388739515829415
213,36,0.0330672408064934,0.034045404756961
214,0,0.766133132948658,0.790817603478104
214,1,0.765325578493604,0.789984029975851
214,2,0.760535684231597,0.785039807440252
214,3,0.749740625913409,0.773896937119869
214,4,0.732364304652003,0.755960758476448
214,5,0.708722421039134,0.731557143835114
214,6,0.679637268141153,0.70153488018095
214,7,0.646176289516505,0.666995803631509
214,8,0.609479969835141,0.629117144768145
214,9,0.570653408203617,0.589039608501619
214,10,0.530702594049889,0.547801596794107
214,11,0.490501449624357,0.506305189284203
214,12,0.450779500235482,0.465303416262994
214,13,0.412122876549202,0.425401293267111
214,14,0.374983469455804,0.387065270911363
214,15,0.339692622130662,0.350637368101617
214,16,0.306476890632118,0.316351440432162
214,17,0.275474237000474,0.28434989501919
214,18,0.246749616364664,0.254699779817148
214,19,0.220309342255885,0.227407611776415
214,20,0.196113907900271,0.20243261123235
214,21,0.17408914028762,0.179698215353187
214,22,0.154135694300075,0.159101878165329
214,23,0.136136975593437,0.140523248706402
214,24,0.119965627722056,0.123830867162431
214,25,0.105488741862266,0.108887542446266
214,26,0.0925719542298347,0.0955545816320002
214,27,0.0810825925582951,0.0836950378114499
214,28,0.0708920228492937,0.0731761324557548
214,29,0.0618773338662575,0.063870994182688
214,30,0.053922481477874,0.0556598399703756
214,31,0.0469189992806353,0.048430708675785
214,32,0.0407663667851346,0.0420798410838211
214,33,0.0353721123502916,0.0365117861580468
214,34,0.0306517152702769,0.0316392999728913
214,35,0.0265283600767359,0.0273830920996004
214,36,0.0229325862226958,0.0236714640031143
215,0,0.769181113160626,0.812109637219613
215,1,0.768217071144533,0.81109179135918
215,2,0.762557727205621,0.805116595563946
215,3,0.749950715815273,0.791805978244484
215,4,0.729898273406407,0.770634395308553
215,5,0.702941356750741,0.742172994695327
215,6,0.67017575888634,0.707578726401865
215,7,0.632933749531864,0.668258215031122
215,8,0.592582392106238,0.62565482074653
215,9,0.55040288507152,0.581121246572674
215,10,0.507525111682707,0.535850435321876
215,11,0.464898878744313,0.490845203166092
215,12,0.423288707515838,0.446912739819264
215,13,0.383282985402288,0.404674270989934
215,14,0.345311157989831,0.364583209916186
215,15,0.309664712053864,0.326947311449733
215,16,0.276519178927002,0.29195190344693
215,17,0.245955430336946,0.259682371141917
215,18,0.217979262718831,0.230144834472842
215,19,0.192538758614131,0.203284478432303
215,20,0.169539240156544,0.179001341117521
215,21,0.148855837917399,0.157163584051596
215,22,0.130343823878295,0.137618401846424
215,23,0.113846925793238,0.12020080059507
215,24,0.0992038703379981,0.104740506198765
215,25,0.0862534075672117,0.0910672692423949
215,26,0.0748380587477294,0.0790148219969967
215,27,0.0648068101823992,0.0684237225876838
215,28,0.0560169516693532,0.059143296058606
215,29,0.0483352327422294,0.0510328551437277
215,30,0.0416384847187327,0.0439623570323455
215,31,0.0358138330062486,0.0378126275236229
215,32,0.0307586027096142,0.0324752613662663
215,33,0.0263800016401356,0.0278522875760595
215,34,0.0225946483870807,0.023855671168703
215,35,0.0193279990879302,0.020406707937721
215,36,0.0165137147409687,0.0174353564563353
216,0,0.767412337313193,0.798379876119489
216,1,0.76638437350899,0.79731043069263
216,2,0.760374729052664,0.791058277888621
216,3,0.747049745483197,0.7771955886742
216,4,0.725956493559602,0.75525115666692
216,5,0.697736904046976,0.725892816588478
216,6,0.663602312056713,0.690380784790827
216,7,0.624992161381891,0.650212591221457
216,8,0.583361272537545,0.606901763049654
216,9,0.540055431924028,0.561848393455259
216,10,0.49624641874097,0.516271546671086
216,11,0.452905946536766,0.471182147990712
216,12,0.410804112933175,0.427381370934504
216,13,0.370522395766328,0.385474157826432
216,14,0.332474438063736,0.345890843511279
216,15,0.296930152548993,0.308912232553093
216,16,0.264040292167232,0.274695161259827
216,17,0.233859758337081,0.243296746497696
216,18,0.206368688593281,0.21469632428753
216,19,0.181490880223297,0.188814616893965
216,20,0.159109440273096,0.165530014358933
216,21,0.139079758991004,0.14469207146542
216,22,0.121240022737686,0.126132444876938
216,23,0.105419542002601,0.109673557216035
216,24,0.0914451907213594,0.09513529622869
216,25,0.0791462489176919,0.0823400528423363
216,26,0.0683579217810986,0.0711163822495416
216,27,0.0589237814650867,0.061301544240601
216,28,0.050697347711248,0.0527431476108444
216,29,0.0435429928183156,0.0453000916480848
216,30,0.0373363272963654,0.0388429673491991
216,31,0.0319641958049005,0.0332540531943007
216,32,0.0273243891696916,0.02842701554254
216,33,0.0233251575577713,0.0242664021621547
216,34,0.0198845921927434,0.0206869989960169
216,35,0.0169299281119756,0.0176131047828524
216,36,0.0143968081316445,0.0149777653209235
217,0,0.76912964304366,0.771377785752126
217,1,0.768769019443853,0.771016108060433
217,2,0.76654149741362,0.768782075050606
217,3,0.761286805169709,0.76351202350003
217,4,0.752423550295444,0.754622861599557
217,5,0.739781979069427,0.741944339442794
217,6,0.723475786176313,0.725590484040521
217,7,0.70380486343429,0.705862063785653
217,8,0.68118243981286,0.683173515503481
217,9,0.656081342495912,0.657999048437469
217,10,0.628995150468188,0.630833684288819
217,11,0.60041085984858,0.602165842651363
217,12,0.570790368562861,0.572458771564557
217,13,0.540558645568069,0.542138682156859
217,14,0.510096900368059,0.511587898195988
217,15,0.479739431522991,0.481141695386693
217,16,0.449773124354521,0.451087797607759
217,17,0.420438801339547,0.421667731252906
217,18,0.391933814668272,0.393079425366828
217,19,0.364415418066106,0.365480593322823
217,20,0.338004571579254,0.338992548729656
217,21,0.312789924604034,0.313704200103152
217,22,0.288831793903747,0.289676040510688
217,23,0.266166008702314,0.266944003903926
217,24,0.244807537423322,0.245523102458701
217,25,0.224753842896559,0.22541079158873
217,26,0.205987937019121,0.206590033535397
217,27,0.188481123660464,0.189032048290237
217,28,0.172195431429766,0.172698753473197
217,29,0.157085746894289,0.15754490378634
217,30,0.143101664840147,0.143519946682863
217,31,0.130189075911182,0.130569614646594
217,32,0.118291514009597,0.118637276531038
217,33,0.107351286636346,0.107665071203719
217,34,0.0973104112369295,0.0975948466288803
217,35,0.0881113798689205,0.0883689267701182
217,36,0.0796977733291892,0.0799307275126763
218,0,0.752516583039655,0.781413290072552
218,1,0.752086132667784,0.78096631036622
218,2,0.749450828959411,0.778229810749452
218,3,0.743296029934185,0.771838666867133
218,4,0.733020329167936,0.761168378232268
218,5,0.718514798292747,0.746105833617443
218,6,0.699997300287648,0.72687726196042
218,7,0.677889664640394,0.703920691040659
218,8,0.652728026195977,0.677792843331245
218,9,0.62509865019663,0.649102496714441
218,10,0.59559318869614,0.618464022738125
218,11,0.564778613452202,0.586466164928412
218,12,0.533178109025862,0.55365219818233
218,13,0.501260037282481,0.520508469504588
218,14,0.469432741638228,0.487459002736656
218,15,0.438043479458704,0.454864389959386
218,16,0.407380180985352,0.42302361796237
218,17,0.377675054935356,0.39217781229921
218,18,0.349109312219977,0.362515142397071
218,19,0.321818474384431,0.334176333841158
218,20,0.295897883949243,0.307260390313684
218,21,0.271408149134486,0.281830247396029
218,22,0.248380342949193,0.257918171303675
218,23,0.226820842317356,0.235530783835089
218,24,0.206715741574879,0.214653645347377
218,25,0.188034810121412,0.195255364382312
218,26,0.170734989274809,0.177291228800336
218,27,0.154763440849705,0.160706371424833
218,28,0.140060171553221,0.145438495214878
218,29,0.126560264440955,0.131420190409342
218,30,0.114195752560853,0.11858088011887
218,31,0.102897171427779,0.106848432415612
218,32,0.0925948268081936,0.0961504768009556
218,33,0.0832198129802034,0.0864154615668535
218,34,0.0747048145686159,0.0775734864214227
218,35,0.0669847225364037,0.0695569421345362
218,36,0.0599970921631619,0.0623009861026969
219,0,0.758854621351775,0.794689707364972
219,1,0.75840397609693,0.79421778147084
219,2,0.755649849910457,0.791333598293202
219,3,0.749230166568673,0.7846107608317
219,4,0.738533786358134,0.77340926976845
219,5,0.723465032626442,0.757628930351051
219,6,0.704267697084409,0.737525046768041
219,7,0.681395174978187,0.713572424766591
219,8,0.655416160032824,0.68636661326638
219,9,0.626947558874627,0.656553650826753
219,10,0.596608069825425,0.624781452311095
219,11,0.564987296625132,0.591667464079156
219,12,0.532626403090534,0.557778405108587
219,13,0.500007216339233,0.52361885564482
219,14,0.467547399800687,0.489626202269148
219,15,0.435599879956945,0.456170037568674
219,16,0.404455152699756,0.423554575405595
219,17,0.374345440695722,0.392023004603923
219,18,0.345449941864155,0.361762985274109
219,19,0.317900616824308,0.332912709558558
219,20,0.29178812268983,0.305567115635269
219,21,0.267167622093624,0.279783971059928
219,22,0.244064287992478,0.25558963752172
219,23,0.222478393156812,0.232984400671993
219,24,0.202389923494526,0.211947301301241
219,25,0.183762690615154,0.192440442109215
219,26,0.166547944574615,0.174412771052869
219,27,0.150687505123288,0.157803360460096
219,28,0.136116441028257,0.142544212876532
219,29,0.122765333729613,0.128562631617583
219,30,0.110562164943555,0.115783197509055
219,31,0.0994338687852631,0.104129394305286
219,32,0.089307588274536,0.0935249245302582
219,33,0.0801116742554233,0.0838947555687984
219,34,0.071776462219182,0.0751659331731383
219,35,0.0642348595731308,0.0672681964641264
219,36,0.0574227727687521,0.0601344252294289
220,0,0.74715647182263,0.765409451706747
220,1,0.746857410436354,0.765103084271908
220,2,0.744997851808662,0.763198096758159
220,3,0.740578329256789,0.758670605582204
220,4,0.733066586323598,0.750975351299216
220,5,0.7222697698214,0.739914769331738
220,6,0.708234936721765,0.725537066249835
220,7,0.691172290887256,0.708057581181602
220,8,0.6713965880324,0.687798759301459
220,9,0.649282991947239,0.665144929624365
220,10,0.625234361660171,0.640508792996357
220,11,0.599657522767418,0.614307113734264
220,12,0.572946547458702,0.586943591183595
220,13,0.545471454248918,0.558797283385454
220,14,0.517571054638702,0.53021527898153
220,15,0.489548932017068,0.501508577881609
220,16,0.461671748208999,0.47295035644024
220,17,0.434169243587137,0.444775967571159
220,18,0.407235434617473,0.417184167548929
220,19,0.381030623913931,0.390339175169022
220,20,0.355683927163284,0.364373260405326
220,21,0.331296092647519,0.339389632813249
220,22,0.307942445841578,0.31546545806377
220,23,0.285675836429605,0.292654876955089
220,24,0.264529500311713,0.270991937338011
220,25,0.244519776616029,0.250493377504412
220,26,0.225648640906163,0.231161221280781
220,27,0.207906031926237,0.212985161615469
220,28,0.19127196137063,0.195944721889958
220,29,0.175718405131934,0.180011193369876
220,30,0.161210980941316,0.165149353829986
220,31,0.147710421815599,0.151318976997484
220,32,0.135173857704955,0.13847614551025
220,33,0.123555919547632,0.126574381943554
220,34,0.112809680866726,0.115565613409974
220,35,0.10288745231387,0.105400985513726
220,36,0.093741444354159,0.0960315412249397
221,0,0.771732823069476,0.799351784357222
221,1,0.770896188006979,0.798485207596365
221,2,0.76594189406107,0.793353608178135
221,3,0.754796826731527,0.781809678478193
221,4,0.736890862203135,0.763262890952067
221,5,0.7125745755094,0.738076367097516
221,6,0.682716716968329,0.707149948279456
221,7,0.648432333058356,0.671638586529901
221,8,0.610904836513398,0.63276804684447
221,9,0.571274777647714,0.591719697828461
221,10,0.530575222506989,0.549563577145546
221,11,0.489699037158213,0.507224504969891
221,12,0.449387424753642,0.465470210811782
221,13,0.410232082548549,0.424913567731252
221,14,0.372685586318008,0.386023348394886
221,15,0.337076259245071,0.349139626095375
221,16,0.303624986846303,0.314491191453678
221,17,0.272462310172919,0.282213257355787
221,18,0.243644751256008,0.252364368656934
221,19,0.217169762043579,0.224941886114827
221,20,0.192988989710694,0.199895726441912
221,21,0.171019753980955,0.177140250380024
221,22,0.151154763540124,0.156564326847368
221,23,0.133270179291699,0.13803968476385
221,24,0.117232177307376,0.121427710877987
221,25,0.102902185033807,0.106584873368313
221,26,0.0901409687627656,0.0933669555969093
221,27,0.0788117444082885,0.081632278215798
221,28,0.0687824714186794,0.0712440751740207
221,29,0.0599274740848132,0.0620721730497189
221,30,0.0521285175690342,0.0539941055882146
221,31,0.0452754489812039,0.0468957777210437
221,32,0.0392664975987173,0.0406717765303181
221,33,0.0340083133529901,0.0352254111125773
221,34,0.0294158092360437,0.0304685493453819
221,35,0.0254118614060851,0.0263213072601991
221,36,0.0219269104731043,0.0227116360587128
222,0,0.765346477542406,0.78402533408197
222,1,0.76472346780464,0.783387119322876
222,2,0.760975151559502,0.77954732259999
222,3,0.752390871476871,0.770753536704158
222,4,0.738344088154314,0.756363931067493
222,5,0.718912813107829,0.736458421135732
222,6,0.694606536459149,0.711558931520306
222,7,0.666173150371264,0.682431607255068
222,8,0.63446547981401,0.649950087144805
222,9,0.600351806140933,0.615003843602689
222,10,0.564658487471967,0.578439402640224
222,11,0.528135666807915,0.541025215062464
222,12,0.491439291973458,0.503433237594209
222,13,0.45512439194982,0.466232045116507
222,14,0.419645873608851,0.429887646845634
222,15,0.385364109573296,0.394769210569292
222,16,0.352553351530105,0.361157681293167
222,17,0.321411578611665,0.329255869979308
222,18,0.292070820456188,0.29919902854857
222,19,0.264607312953787,0.271065253485315
222,20,0.239051077786583,0.244885299173401
222,21,0.215394685158058,0.220651554486536
222,22,0.19360107846469,0.198326058426914
222,23,0.173610422367475,0.177847515329069
222,24,0.155345991217695,0.159137326997105
222,25,0.138719150312432,0.142104695531502
222,26,0.123633503507869,0.126650872168038
222,27,0.109988291469073,0.11267263846441
222,28,0.0976811284128251,0.100065109835337
222,29,0.0866101639347893,0.0887239501407452
222,30,0.0766757521196492,0.0785470815317935
222,31,0.0677817038607361,0.0694359673343035
222,32,0.0598361910566513,0.0612965383129816
222,33,0.0527523637317293,0.0540398248531706
222,34,0.0464487335704177,0.0475823498556748
222,35,0.0408493701406423,0.0418463297491045
222,36,0.0358839493780484,0.0367597241574109
223,0,0.761010420535396,0.779922042970157
223,1,0.760444777592039,0.779342343417996
223,2,0.757025562827345,0.775838158859316
223,3,0.749153408467899,0.767770376152378
223,4,0.736201830434556,0.754496942665953
223,5,0.718187299214852,0.736034738190309
223,6,0.69552911556048,0.712813483383734
223,7,0.66887739975672,0.685499454459262
223,8,0.638992359829507,0.654871751125214
223,9,0.606661829033108,0.62173778482381
223,10,0.572647067112885,0.586877733118737
223,11,0.537649172160385,0.551010116862174
223,12,0.502290285653615,0.514772538167643
223,13,0.46710520063115,0.478713080041572
223,14,0.432540088168343,0.443289001211588
223,15,0.398955909140571,0.408870232674373
223,16,0.366634731322304,0.375745851778919
223,17,0.335787669547629,0.344132219705386
223,18,0.306563543283729,0.31418185418513
223,19,0.27905762866694,0.285992399030763
223,20,0.253320092191239,0.259615267407485
223,21,0.229363847611467,0.23506369398566
223,22,0.207171689379239,0.212320045647416
223,23,0.186702635333715,0.191342321797564
223,24,0.167897466405012,0.172069831732376
223,25,0.150683487936104,0.15442807428355
223,26,0.134978560653098,0.138332868960812
223,27,0.120694462964344,0.123693801806435
223,28,0.107739652926564,0.110417055998083
223,29,0.096021499983081,0.0984076990472434
223,30,0.0854480550312217,0.0875714968540002
223,31,0.0759294236818571,0.077816321092999
223,32,0.0673788025901278,0.069053211297691
223,33,0.0597132330799736,0.0611971472129403
223,34,0.0528541203920116,0.0541675809465621
223,35,0.0467275610539633,0.0478887724751263
223,36,0.0412645153027607,0.0422899663508688
224,0,0.774608456120445,0.774608456120445
224,1,0.77382488213028,0.77382488213028
224,2,0.769166248020233,0.769166248020233
224,3,0.758639073380681,0.758639073380681
224,4,0.741647747086382,0.741647747086382
224,5,0.718466111566871,0.718466111566871
224,6,0.68986845196088,0.68986845196088
224,7,0.656877305495416,0.656877305495416
224,8,0.620596041990304,0.620596041990304
224,9,0.5821022303279,0.5821022303279
224,10,0.542383955677778,0.542383955677778
224,11,0.502305923760813,0.502305923760813
224,12,0.462595721019424,0.462595721019424
224,13,0.423843257415183,0.423843257415183
224,14,0.386508406814444,0.386508406814444
224,15,0.350933337428134,0.350933337428134
224,16,0.317357114304584,0.317357114304584
224,17,0.285930952027152,0.285930952027152
224,18,0.256733071210486,0.256733071210486
224,19,0.229782522762682,0.229782522762682
224,20,0.20505163163364,0.20505163163364
224,21,0.182476909153657,0.182476909153657
224,22,0.161968414471304,0.161968414471304
224,23,0.143417629376443,0.143417629376443
224,24,0.126703960666635,0.126703960666635
224,25,0.111700010376533,0.111700010376533
224,26,0.0982757641504626,0.0982757641504626
224,27,0.0863018472786675,0.0863018472786675
224,28,0.0756519903908645,0.0756519903908645
224,29,0.0662048353173817,0.0662048353173817
224,30,0.0578451981502959,0.0578451981502959
224,31,0.0504648924013012,0.0504648924013012
224,32,0.0439632012400623,0.0439632012400623
224,33,0.0382470746580625,0.0382470746580625
224,34,0.0332311153562647,0.0332311153562647
224,35,0.0288374063550738,0.0288374063550738
224,36,0.0249952238161234,0.0249952238161234
225,0,0.757340555065247,0.805936193983936
225,1,0.756427669278135,0.804964731816901
225,2,0.751055845910404,0.799248219145306
225,3,0.739057137308761,0.786479599429309
225,4,0.719919638381958,0.766114120591179
225,5,0.694121181642387,0.738660275823077
225,6,0.662676162770491,0.705197550685922
225,7,0.626835202826652,0.667056813797245
225,8,0.587893139840242,0.625615987976889
225,9,0.547072710973922,0.582176268741889
225,10,0.505460171821245,0.537893612541302
225,11,0.463975720148851,0.493747262703376
225,12,0.42336649847917,0.450532303020815
225,13,0.384213564802144,0.408867075746344
225,14,0.346946865033774,0.369209114776494
225,15,0.311864159368865,0.331875286435822
225,16,0.279151233116772,0.297063297164472
225,17,0.248901701404321,0.264872769012934
225,18,0.221135402100526,0.235324812770195
225,19,0.195814841874122,0.208379529301716
225,20,0.172859475758388,0.183951205379159
225,21,0.152157805053889,0.161921187859161
225,22,0.133577404419625,0.142148554174457
225,23,0.116973060487486,0.124478773172018
225,24,0.102193238684126,0.108750586886082
225,25,0.0890851047073301,0.094801354223399
225,26,0.0774983212287523,0.0824710912858273
225,27,0.0672878251733758,0.0716054268571619
225,28,0.0583157707041082,0.062057670061601
225,29,0.0504528007504937,0.0536901634815788
225,30,0.0435787874799566,0.0463750711422092
225,31,0.0375831607128054,0.0399947279994209
225,32,0.0323649236176396,0.0344416566424784
225,33,0.027832437434349,0.0296183382034819
225,34,0.0239030415683071,0.025436808074462
225,35,0.0205025621429294,0.0218181329256401
225,36,0.0175647508586755,0.0186918135581653
226,0,0.778317073437518,0.79327718551153
226,1,0.777158489583203,0.792096332398452
226,2,0.770431013914359,0.785239547231699
226,3,0.755628075155252,0.770152079672673
226,4,0.732378205649451,0.746455322047129
226,5,0.701518293135587,0.715002247998515
226,6,0.664484985257071,0.677257119121538
226,7,0.622927820004844,0.634901179345573
226,8,0.578474682069428,0.58959360309928
226,9,0.53260003434498,0.542837194078909
226,10,0.486560877862762,0.495913114261108
226,11,0.441375930702764,0.449859662610278
226,12,0.39783112133966,0.405477874012688
226,13,0.356499938467504,0.363352260247235
226,14,0.317771045066455,0.323878954824973
226,15,0.281878278662087,0.287296289886471
226,16,0.248930040410659,0.2537147501777
226,17,0.218936357420311,0.223144555538872
226,18,0.191832757839349,0.195519994898236
226,19,0.167500652516195,0.170720199690003
226,20,0.145784261796868,0.14858639600353
226,21,0.126504327124582,0.128935879734976
226,22,0.109468951633696,0.11157306554942
226,23,0.094481955240383,0.0962980025655756
226,24,0.0813491311749271,0.0829127511455458
226,25,0.0698827685886215,0.0712259924312011
226,26,0.0599047707193176,0.0610562064443119
226,27,0.0512486573349498,0.0522337130192448
226,28,0.0437606984133295,0.0446018272733313
226,29,0.0373003860719225,0.038017340607656
226,30,0.0317404152118798,0.0323505009790444
226,31,0.0269663109402456,0.0274846331609146
226,32,0.0228758128019178,0.0233155111394981
226,33,0.0193781020747852,0.019750570556737
226,34,0.0163929385503963,0.0167080288989263
226,35,0.0138497569321421,0.0141159645266737
226,36,0.0116867597894497,0.0119113921946725
227,0,0.772929116654784,0.795996071369305
227,1,0.77205323393591,0.795094049193945
227,2,0.766880026144888,0.78976645447756
227,3,0.755276616803244,0.777816758119357
227,4,0.736690273989749,0.758675732711107
227,5,0.711526499310929,0.732760981469941
227,6,0.680721980626311,0.701037146353596
227,7,0.645458383342123,0.664721157868071
227,8,0.606976820908454,0.625091168704349
227,9,0.566463337150672,0.583368618455176
227,10,0.524983640615464,0.540651020201773
227,11,0.483451264364185,0.497879170082152
227,12,0.44261775425999,0.455827042761821
227,13,0.403076777034053,0.415106022099318
227,14,0.365276464453087,0.376177613707609
227,15,0.329536084796922,0.339370613967863
227,16,0.296064420307893,0.304900035927318
227,17,0.264978153184258,0.272886043996151
227,18,0.236319217065965,0.243371823263315
227,19,0.210070526867662,0.216339778763727
227,20,0.186169810744971,0.191725780239627
227,21,0.164521474013394,0.169431380121031
227,22,0.145006555839072,0.149334067359566
227,23,0.127490917604259,0.131295700163904
227,24,0.111831843280568,0.115169303351627
227,25,0.0978832487780995,0.100804433163864
227,26,0.0854996976387878,0.0880513128012167
227,27,0.0745394107124543,0.0767639319192537
227,28,0.0648664418821755,0.0668022872852625
227,29,0.0563521734454356,0.0580339227868972
227,30,0.0488762653917219,0.0503349070395941
227,31,0.0423271738285821,0.043590367284307
227,32,0.0366023359819799,0.0376946799089316
227,33,0.0316081029701252,0.0325514012158677
227,34,0.0272594871212549,0.0280730071988637
227,35,0.023479778014587,0.0241804981252662
227,36,0.0202000706076424,0.020802912580983
228,0,0.776324051474673,0.810563752144548
228,1,0.774868824156903,0.809044342160181
228,2,0.766551108665727,0.800359774594625
228,3,0.748571901158521,0.781587595799
228,4,0.72084366910423,0.752636412628045
228,5,0.684710293245654,0.714909377560741
228,6,0.642141853119751,0.670463460310271
228,7,0.595249086954023,0.621502493018935
228,8,0.546009201232304,0.570090886680126
228,9,0.496128157300902,0.518009843907947
228,10,0.446988301274445,0.46670267906488
228,11,0.399646927961958,0.417273318849963
228,12,0.354863052945636,0.37051425515762
228,13,0.313137747290261,0.326948658745717
228,14,0.274758910480004,0.286877126878614
228,15,0.239845073573266,0.25042341841611
228,16,0.208385278993997,0.217576092499272
228,17,0.180273664167582,0.188224617494397
228,18,0.155338359483573,0.162189543497728
228,19,0.133364891764892,0.139246938012494
228,20,0.114114599021078,0.119147612883166
228,21,0.0973387053646092,0.101631819984653
228,22,0.0827887413661781,0.0864401311663898
228,23,0.0702239685356968,0.0733211901893936
228,24,0.0594164059845562,0.0620369610889955
228,25,0.0501539813379934,0.0523660180579087
228,26,0.0422422482737061,0.0441053387367244
228,27,0.0355050365559035,0.0370709829176552
228,28,0.0297843308477265,0.0310979660119875
228,29,0.0249396136107249,0.0260395729682013
228,30,0.0208468554509811,0.0217663040874028
228,31,0.0173972930009911,0.0181645990037982
228,32,0.0144960990735467,0.0151354481858359
228,33,0.0120610214371999,0.0125929716749882
228,34,0.010021044141497,0.010463021368858
228,35,0.00831510789777185,0.00868184496448594
228,36,0.00689091271272206,0.00719483578218984
229,0,0.77744428518749,0.800243077103216
229,1,0.776641124371233,0.799416363349888
229,2,0.771871773394015,0.794507149693667
229,3,0.761108988674325,0.78342874301375
229,4,0.743761454089404,0.765572486660867
229,5,0.7201269145815,0.741244857038943
229,6,0.691011443747208,0.71127556609982
229,7,0.65747015690835,0.676750670745477
229,8,0.620635812708905,0.638836148114272
229,9,0.581610248660551,0.598666147440574
229,10,0.541400066459837,0.557276789324165
229,11,0.500882886870267,0.515571431026392
229,12,0.460794193745416,0.474307124690227
229,13,0.421727563658419,0.434094853703719
229,14,0.38414314955737,0.395408265141181
229,15,0.348380822370857,0.358597196750337
229,16,0.314675503451792,0.323903459024767
229,17,0.283173043054335,0.291477179322031
229,18,0.253945592250749,0.261392624566698
229,19,0.22700583629981,0.233662852016643
229,20,0.202319750987956,0.208252839687815
229,21,0.179817743612008,0.185090954049688
229,22,0.159404172502408,0.164078748711434
229,23,0.140965322387639,0.14509917366635
229,24,0.124375961707161,0.128023324900006
229,25,0.109504632729179,0.112715889642333
229,26,0.0962178337565479,0.099039451218008
229,27,0.08438325043186,0.0868578151105425
229,28,0.0738721842180928,0.0760385086588755
229,29,0.0645613133893795,0.0664545936897363
229,30,0.0563339072972807,0.0579859163926473
229,31,0.0490805996194025,0.0505199032442943
229,32,0.0426998116206421,0.0439519966820384
229,33,0.0370979026995176,0.0381858100650624
229,34,0.0321891129533316,0.0331330685552406
229,35,0.027895351313112,0.0287133910390717
229,36,0.0241458729989515,0.0248539581242977
230,0,0.759713364551378,0.797056804296701
230,1,0.759033063439932,0.796343063226517
230,2,0.754960886090974,0.792070719450905
230,3,0.745688336765371,0.782342381267052
230,4,0.730604369144416,0.766516966592172
230,5,0.709861827800338,0.744754833018984
230,6,0.684069463703629,0.717694654455034
230,7,0.654077287604614,0.686228223626216
230,8,0.62083069185784,0.651347403311416
230,9,0.585274708609646,0.61404367837541
230,10,0.54829435544676,0.575245569129064
230,11,0.510680544802147,0.535782865024181
230,12,0.473113734067625,0.496369471093223
230,13,0.436159553115004,0.457598820542812
230,14,0.40027220897608,0.419947446789557
230,15,0.365802646767335,0.383783545532097
230,16,0.333009329907723,0.349378284866654
230,17,0.302070160167891,0.316918311262022
230,18,0.273094542703576,0.286518407645389
230,19,0.246134954536991,0.258233630528294
230,20,0.221197629100868,0.232070519745637
230,21,0.198252149215974,0.207997162972576
230,22,0.177239865240882,0.185952027665457
230,23,0.158081138635826,0.165851560680468
230,24,0.140681464863004,0.147596612142922
230,25,0.124936561752449,0.131077773929947
230,26,0.110736526466827,0.116179740969395
230,27,0.0979691706751857,0.10278481035288
230,28,0.0865226429490298,0.0907756326347927
230,29,0.0762874422485365,0.0800373242907135
230,30,0.0671579184932779,0.0704590420481544
230,31,0.0590333469020096,0.0619351100351378
230,32,0.0518186529362601,0.054365780358129
230,33,0.0454248548964595,0.0476576974538202
230,34,0.0397692818867743,0.0417241267679493
230,35,0.0347756162204224,0.0364849992450328
230,36,0.0303738015056329,0.0318668148963238
231,0,0.761486769439866,0.77380974155802
231,1,0.761094318665731,0.77341093983973
231,2,0.758680240419948,0.770957795099153
231,3,0.753011974004241,0.765197800380602
231,4,0.743496722898454,0.75552856606883
231,5,0.72999047441606,0.741803748951826
231,6,0.712653037537566,0.724185744163517
231,7,0.691839239446176,0.703035120977002
231,8,0.668018381291845,0.678828775139041
231,9,0.641715643855862,0.652100386315453
231,10,0.61347042124056,0.623398077504135
231,11,0.583807600789042,0.593255230184076
231,12,0.553218645666968,0.562171260760742
231,13,0.522150010324758,0.530599848558269
231,14,0.490996959116553,0.498942654406495
231,15,0.460101289862885,0.467547007364553
231,16,0.429751807725634,0.436706386264437
231,17,0.40018666727461,0.406662799678735
231,18,0.371596915828388,0.37761038660256
231,19,0.344130740265712,0.349699731990169
231,20,0.317898051655931,0.323042525577458
231,21,0.292975144660502,0.297716296685532
231,22,0.269409247721242,0.273769038043645
231,23,0.247222840433977,0.251223593029954
231,24,0.226417660129358,0.230081727089949
231,25,0.206978353700958,0.210327838661274
231,26,0.188875755666463,0.191932290283059
231,27,0.172069791346159,0.174854358755905
231,28,0.156512016508874,0.159044815886352
231,29,0.14214781315131,0.144448159800023
231,30,0.128918266256241,0.131004522070987
231,31,0.116761749216161,0.118651278801968
231,32,0.105615246735886,0.107324394935185
231,33,0.0954154439254872,0.096959530969836
231,34,0.086099609338278,0.0874929402900947
231,35,0.0776062981835345,0.0788621837577675
231,36,0.0698759000667213,0.0710066863164765
232,0,0.77559285674415,0.798018884079598
232,1,0.774665053221059,0.797064253404877
232,2,0.769202931296851,0.79144419591626
232,3,0.756996191559501,0.778884502078512
232,4,0.737516528579333,0.75884159067402
232,5,0.711242721092168,0.731808084177523
232,6,0.679201056529168,0.698839944803526
232,7,0.642660323738846,0.661242648037288
232,8,0.602936478962839,0.620370200587766
232,9,0.561274031814262,0.577503096678246
232,10,0.518780145633924,0.533780512934769
232,11,0.476394119530461,0.490168908008897
232,12,0.434879869655874,0.447454286451664
232,13,0.394832677446321,0.406249142077661
232,14,0.356694145419503,0.36700784620467
232,15,0.320771242477937,0.33004624364599
232,16,0.287256717182808,0.29556265622778
232,17,0.256249150415649,0.263658515267242
232,18,0.227771614780674,0.234357560505797
232,19,0.201788387047047,0.207623035786452
232,20,0.178219481727137,0.183372642865959
232,21,0.156952983049663,0.161491229963163
232,22,0.13785528203988,0.141841324841176
232,23,0.120779399350559,0.12427169829045
232,24,0.105571610529091,0.108624180963418
232,25,0.0920766012908626,0.0947389677110128
232,26,0.0801413751912748,0.0824586382438054
232,27,0.069618121254026,0.0716311076768759
232,28,0.0603662290562531,0.0621116998805158
232,29,0.0522536164921669,0.0537645136357386
232,30,0.0451575129037567,0.0464632284089662
232,31,0.038964818712627,0.0400914743825082
232,32,0.0335721428283531,0.0345428709445696
232,33,0.0288856013085906,0.0297208195276787
232,34,0.024820445129333,0.0255381206160375
232,35,0.0213005714609719,0.0219164708902803
232,36,0.0182579614134073,0.018785884715158
233,0,0.749713635439152,0.792536842382777
233,1,0.749158687335879,0.791950195966514
233,2,0.745803416036957,0.788403273521882
233,3,0.738076652957098,0.780235162227543
233,4,0.72536119700472,0.766793406824425
233,5,0.707670768344221,0.748092511164741
233,6,0.685414772499451,0.72456526577782
233,7,0.659229693945044,0.696884510761407
233,8,0.629860674321801,0.665837949813575
233,9,0.598080561725551,0.63224257566402
233,10,0.564636649187971,0.596888366287885
233,11,0.530217616908205,0.560503338896863
233,12,0.49543498566295,0.523733943978853
233,13,0.460814783386492,0.487136255877895
233,14,0.426796207200461,0.451174558399841
233,15,0.393734896146835,0.416224804481964
233,16,0.361909068797235,0.382581104378928
233,17,0.331527267054996,0.350463911786334
233,18,0.302736816321544,0.320028967246874
233,19,0.275632389228295,0.291376351037626
233,20,0.250264266197845,0.26455921556969
233,21,0.226646037588296,0.239591927474521
233,22,0.204761601939045,0.216457465585446
233,23,0.184571392907601,0.195114003553498
233,24,0.166017821670282,0.175500663114871
233,25,0.149029957901565,0.15754246244509
233,26,0.133527495609697,0.141154508520845
233,27,0.119424063664999,0.12624549674375
233,28,0.106629947536642,0.112720588141138
233,29,0.0950542906149619,0.100483736426628
233,30,0.0846068420856658,0.0894395357118912
233,31,0.0751993147877674,0.079494655924639
233,32,0.0667464116703471,0.0705589278959982
233,33,0.0591665739719047,0.0625461342754332
233,34,0.0523824985097355,0.0553745563673901
233,35,0.0463214657810666,0.0489673209733798
233,36,0.0409155151382295,0.0432525855730537
234,0,0.744261957699515,0.775361254911968
234,1,0.743842908664341,0.77492469573758
234,2,0.741275531897766,0.77225004005893
234,3,0.735274448844548,0.7659981992402
234,4,0.725246946311502,0.755551693319505
234,5,0.711079760393956,0.740792525612543
234,6,0.692978770739668,0.721935178534266
234,7,0.671349935780155,0.699402573659059
234,8,0.646712187036287,0.673735326278448
234,9,0.619634924471814,0.645526628971838
234,10,0.590694301752395,0.6153767102268
234,11,0.560443731080445,0.583862106806111
234,12,0.529395029999774,0.551516022763729
234,13,0.498007424550862,0.518816873092324
234,14,0.466682253029906,0.486182766176669
234,15,0.435761713821182,0.453970199303661
234,16,0.40553039491993,0.42247565209696
234,17,0.376218632620979,0.39193908554982
234,18,0.348006989263635,0.362548606874421
234,19,0.321031328530661,0.334445756874337
234,20,0.295388112612379,0.307731028452861
234,21,0.271139657444671,0.282469341443324
234,22,0.248319167353416,0.258695287628249
234,23,0.226935434517863,0.236418026571772
234,24,0.206977136287445,0.215625762501637
234,25,0.188416698209815,0.19628976875547
234,26,0.171213715563007,0.178367952283101
234,27,0.155317943538648,0.161807968775818
234,28,0.140671877817169,0.146549911072009
234,29,0.127212954541591,0.132528601057761
234,30,0.114875402752862,0.119675519506987
234,31,0.10359178406738,0.107920410095019
234,32,0.0932942544282999,0.0971925938727181
234,33,0.083915581661568,0.087422029341516
234,34,0.0753899507063607,0.0785401513307434
234,35,0.0676535860612655,0.0704805194529854
234,36,0.0606452184093104,0.0631793042272325
235,0,0.767455195068764,0.800459306821888
235,1,0.766567041224073,0.799532958267027
235,2,0.761327917424278,0.794068527988771
235,3,0.749593220336627,0.781829184823333
235,4,0.73082372346671,0.762252513050925
235,5,0.705448982892573,0.73578654164143
235,6,0.674431614389466,0.703435283286587
235,7,0.638976367363808,0.666455297171809
235,8,0.60034241092693,0.626159902485635
235,9,0.559728187783181,0.583799080494142
235,10,0.518206418487609,0.54049168368204
235,11,0.476692997032674,0.497192993706211
235,12,0.435938105180482,0.454685453603256
235,13,0.396531268857732,0.413583941632741
235,14,0.358914577519325,0.374349559134391
235,15,0.323400110009981,0.337307805782091
235,16,0.290188928313186,0.302668390151619
235,17,0.259389942967209,0.270544906436522
235,18,0.231037618724834,0.240973301532854
235,19,0.205107950043485,0.21392853754903
235,20,0.181532448630817,0.189339180880369
235,21,0.160210090942077,0.167099863503922
235,22,0.141017302994347,0.147081697185766
235,23,0.12381613584298,0.129140800540618
235,24,0.108460824203353,0.113125139704563
235,25,0.0948029350899125,0.0988798983893156
235,26,0.0826953116788166,0.0862515913491399
235,27,0.0719950060519647,0.0750911232463932
235,28,0.0625653773600315,0.0652559770452442
235,29,0.0542775122002802,0.056611695472281
235,30,0.0470111036045278,0.0490327978050114
235,31,0.0406549052289782,0.042403253593953
235,32,0.0351068588854607,0.0366166156783027
235,33,0.0302739768594803,0.0315758974431207
235,34,0.0260720456942971,0.0271932638647599
235,35,0.0224252052958493,0.0233895925153594
235,36,0.0192654462462032,0.0200939492584559
236,0,0.772446336403554,0.79158121487609
236,1,0.771366261221639,0.790474384298527
236,2,0.765069163630577,0.784021296327997
236,3,0.751149688991521,0.769757011385536
236,4,0.729184689719089,0.747247899762614
236,5,0.699892064011377,0.717229643280771
236,6,0.664572367224272,0.681035014380123
236,7,0.624749226499644,0.640225383174217
236,8,0.581947653975475,0.596363539081545
236,9,0.537566414942931,0.550882897313398
236,10,0.492813166986138,0.505021031294033
236,11,0.448680282011816,0.459794895758698
236,12,0.405945954435017,0.416001962391113
236,13,0.365190033004117,0.374236443831114
236,14,0.326817477134398,0.334913331063596
236,15,0.291084795342795,0.298295486780624
236,16,0.258126545188459,0.264520801772953
236,17,0.227980163028441,0.233627639763212
236,18,0.200608197404251,0.205577621553244
236,19,0.175917552101229,0.180275344768505
236,20,0.153775684526736,0.157584983499077
236,21,0.134023910740882,0.137343922919826
236,22,0.116488082660107,0.119373700987431
236,23,0.100986956020273,0.103488583692891
236,24,0.0873385811695534,0.0895021141658055
236,25,0.0753650377393039,0.0772319646315123
236,26,0.064895809102858,0.0665033944612684
236,27,0.0557700602938508,0.0571515845186887
236,28,0.0478380483278981,0.0490230824176182
236,29,0.0409618595697706,0.0419765581552102
236,30,0.0350156366501868,0.0358830366498546
236,31,0.0298854283957525,0.0306257439536137
236,32,0.0254687706904487,0.0260996777308984
236,33,0.0216740841900185,0.0222109900531629
236,34,0.0184199562020386,0.0188762514898594
236,35,0.0156343585444096,0.0160216495918837
236,36,0.0132538404651581,0.0135821618185559
237,0,0.759316398285312,0.780269166317657
237,1,0.758991199756096,0.77993499417828
237,2,0.756974757447753,0.777862909652763
237,3,0.752197394249156,0.772953718690229
237,4,0.744103504303943,0.76463648390631
237,5,0.732507608896466,0.752720608438941
237,6,0.717483026213766,0.737281433635691
237,7,0.69927657869668,0.718572592818026
237,8,0.678243992586958,0.696959628227249
237,9,0.654801656427578,0.672870418336717
237,10,0.629391236093871,0.64675881646122
237,11,0.602454324623589,0.619078601068068
237,12,0.574414861669224,0.590265410107352
237,13,0.545667511452401,0.560724798264681
237,14,0.516570557649237,0.530824935786211
237,15,0.487442173621003,0.50089277578912
237,16,0.458559169225048,0.471212766491713
237,17,0.430157511371316,0.44202738613431
237,18,0.402434073033704,0.413538940253256
237,19,0.375549191611429,0.385912190638367
237,20,0.34962971816442,0.359277488709685
237,21,0.324772318898721,0.3337341681049
237,22,0.301046853285821,0.309354016015362
237,23,0.278499702593614,0.28618469356536
237,24,0.257156961033668,0.26425301501671
237,25,0.237027431355479,0.243568026024195
237,26,0.218105389310923,0.224123844383349
237,27,0.200373098410416,0.205902244179422
237,28,0.183803068965038,0.188874977166092
237,29,0.168360064502425,0.173005834546896
237,30,0.154002865022195,0.158252458886378
237,31,0.140685800833365,0.144567920272591
237,32,0.128360073383464,0.131902073593511
237,33,0.116974880939233,0.12020271528005
237,34,0.106478367523025,0.109416558427647
237,35,0.09681841339273,0.0994900450888959
237,36,0.0879432847684592,0.0903700139289476
238,0,0.758094131357286,0.785543605194419
238,1,0.757874873584614,0.785316408420183
238,2,0.756494364597153,0.78388591323211
238,3,0.753166903467289,0.780437969627246
238,4,0.747429232159434,0.774492545677685
238,5,0.739061644408289,0.765821979877306
238,6,0.728024783417176,0.754385490377689
238,7,0.714409347152473,0.740277059185219
238,8,0.698396378029345,0.723684283994718
238,9,0.68022620015664,0.70485619069766
238,10,0.66017439282449,0.684078336905071
238,11,0.638533462788341,0.661653820611929
238,12,0.615599107986927,0.637889046544552
238,13,0.59166015832938,0.613083302718401
238,14,0.566991440806644,0.587521367205672
238,15,0.541848951284189,0.561468505105723
238,16,0.516466828050046,0.53516733250973
238,17,0.491055716037504,0.508836121494295
238,18,0.465802188598417,0.482668200958016
238,19,0.440868958301482,0.45683217505246
238,20,0.416395661614811,0.431472736276934
238,21,0.392500046319325,0.406711895886378
238,22,0.369279426624517,0.382650491694725
238,23,0.346812300518059,0.359369863986361
238,24,0.325160047969882,0.336933615209679
238,25,0.304368648151798,0.315389389374696
238,26,0.284470369601168,0.294770623415066
238,27,0.265485399903468,0.275098235879053
238,28,0.247423391540348,0.256382228750473
238,29,0.230284908504859,0.238623186443738
238,30,0.214062764506483,0.221813662463317
238,31,0.19874324839451,0.205939449197891
238,32,0.184307236084906,0.190980730108464
238,33,0.170731191003615,0.176913116396239
238,34,0.157988057040844,0.163708572289468
238,35,0.146048049397294,0.151336234525066
238,36,0.134879349618599,0.139763132549218
239,0,0.769504028064982,0.799973320528377
239,1,0.769015365380777,0.799465308749563
239,2,0.766038393962715,0.796370461128799
239,3,0.759124102667913,0.789182391457336
239,4,0.747645845235477,0.777249640779999
239,5,0.731535377267037,0.76050126249225
239,6,0.711087073138847,0.73924328702234
239,7,0.686814681526762,0.714009805446016
239,8,0.659348305904948,0.685455870823588
239,9,0.629361952231052,0.65428217706221
239,10,0.597524100556525,0.621183673358977
239,11,0.564465436392708,0.586816017857728
239,12,0.53075920713696,0.551775156267937
239,13,0.49691071817132,0.516586402050754
239,14,0.463353308519871,0.481700252728435
239,15,0.430448792485343,0.447492849007999
239,16,0.398490857973619,0.414269507665836
239,17,0.367710303606777,0.382270166029554
239,18,0.33828129878305,0.35167588991136
239,19,0.310328082442675,0.32261583761834
239,20,0.283931692533436,0.295174255878013
239,21,0.259136451075071,0.269397221685443
239,22,0.235956028873011,0.245298947155469
239,23,0.214378986925346,0.222867540347295
239,24,0.194373744410079,0.202070169964249
239,25,0.175892960567754,0.182857620741487
239,26,0.158877343525355,0.165168253084145
239,27,0.143258916047992,0.148931398129771
239,28,0.128963778617315,0.134070230233632
239,29,0.115914415870345,0.120504164733334
239,30,0.104031594635696,0.108150831139706
239,31,0.0932359016037503,0.0969276716925913
239,32,0.083448966841002,0.0867532133214791
239,33,0.0745944164891077,0.0775480580676427
239,34,0.0665985945070063,0.0692356334043695
239,35,0.0593910895332673,0.061742739960958
239,36,0.0529050990890791,0.0549999301466937
240,0,0.768860576702055,0.78779969738954
240,1,0.768394350230597,0.787321986495967
240,2,0.765547802454745,0.784405320530286
240,3,0.758920034903053,0.777614293093311
240,4,0.747889470823746,0.766312016312535
240,5,0.732367698007132,0.750407900145819
240,6,0.71261592282527,0.7301695851864
240,7,0.689109887141388,0.706084532109519
240,8,0.662442065001448,0.678759809203322
240,9,0.633252331491089,0.648851053411759
240,10,0.60218019469578,0.617013525638402
240,11,0.569833195242161,0.583869731882807
240,12,0.536767281160725,0.549989314682852
240,13,0.503475919493658,0.515877896511954
240,14,0.470385459408819,0.481972328673978
240,15,0.437854854444431,0.448640406706057
240,16,0.406178316142434,0.416183589378133
240,17,0.375589833762184,0.384841629739455
240,18,0.346268775977812,0.354798314800938
240,19,0.318346007325435,0.32618773264705
240,20,0.291910118224635,0.299100655919607
240,21,0.267013493499713,0.273590759823173
240,22,0.24367803913717,0.249680489948089
240,23,0.221900457442719,0.227366467368917
240,24,0.201657012291439,0.206624371275622
240,25,0.1829077631443,0.187413277285403
240,26,0.1656002723632,0.169679456078952
240,27,0.149672807791054,0.153359654868776
240,28,0.135057073683377,0.138383895601025
240,29,0.121680509526162,0.124677830399494
240,30,0.109468199323764,0.112164697884435
240,31,0.0983444345679457,0.100766924641782
240,32,0.0882339730518372,0.0904074150450955
240,33,0.0790630335343002,0.0810105704212188
240,34,0.0707600634131075,0.0725030756333247
240,35,0.063256313340127,0.06481448785043
240,36,0.0564862493336522,0.0578776588111705
241,0,0.760866188575816,0.774074560761508
241,1,0.760660809624636,0.773865616503225
241,2,0.759364476332559,0.772546779316435
241,3,0.756231191002354,0.769359101243555
241,4,0.750812908987873,0.763846759739339
241,5,0.742888341894136,0.755784624919297
241,6,0.732405598502567,0.745119904751362
241,7,0.719436265334224,0.731925428473679
241,8,0.704138914882784,0.716362521343218
241,9,0.686730356611142,0.698651756559681
241,10,0.667463222506834,0.67905015171397
241,11,0.646608712784886,0.657833614962443
241,12,0.6244435245948,0.635283646820801
241,13,0.601240152794028,0.61167747256237
241,14,0.577259891665633,0.587280922448015
241,15,0.552747983876041,0.562343496471484
241,16,0.527930461399939,0.537095150443865
241,17,0.50301230549345,0.511744424024537
241,18,0.478176621554754,0.486477601257655
241,19,0.453584581986839,0.461458652443022
241,20,0.429375937768845,0.43682975458813
241,21,0.405669938879877,0.41271222781021
241,22,0.382566536301298,0.389207758204872
241,23,0.360147765152498,0.366399804992622
241,24,0.338479230525081,0.344355112146619
241,25,0.317611635562035,0.323125262998762
241,26,0.297582305949957,0.302748231196577
241,27,0.278416676818348,0.283249893414559
241,28,0.260129717545649,0.264645478894348
241,29,0.242727277557709,0.246940938605787
241,30,0.226207342206814,0.230134222927584
241,31,0.210561192520577,0.214216461529022
241,32,0.195774466245755,0.199173042833143
241,33,0.181828120379889,0.184984593257594
241,34,0.168699297447629,0.171627858529208
241,35,0.156362099275481,0.159076490891217
241,36,0.144788273061604,0.14730174708297
242,0,0.771326558775572,0.792065690487634
242,1,0.770858101852282,0.791584637874849
242,2,0.76799814852049,0.788647787218359
242,3,0.761339724709201,0.78181033426974
242,4,0.750259088538931,0.770431766217865
242,5,0.734668202713501,0.754421678653609
242,6,0.714830199622942,0.734050278969456
242,7,0.691223597282745,0.709808951389167
242,8,0.664444010619347,0.682309325504135
242,9,0.635134494703881,0.652211746602801
242,10,0.603937568128122,0.620176009069602
242,11,0.571463488448066,0.586828778830874
242,12,0.538270562819303,0.552743374590178
242,13,0.504854236787024,0.518428563241877
242,14,0.471642462281466,0.48432380332304
242,15,0.438995442381036,0.45079898291384
242,16,0.407208317822717,0.418157178381827
242,17,0.376515724783191,0.38663933471092
242,18,0.347097436252196,0.356430058557825
242,19,0.319084517363849,0.327663939085556
242,20,0.292565591979608,0.300431983039854
242,21,0.267592944548807,0.274787880674209
242,22,0.24418827653356,0.250753916951297
242,23,0.222348007424996,0.228326415090903
242,24,0.202048062119207,0.207480652666989
242,25,0.183248123536623,0.188175228569862
242,26,0.165895355308123,0.170355885786441
242,27,0.14992761682686,0.153958812897152
242,28,0.135276204098293,0.138913458620885
242,29,0.121868156264182,0.12514490035592
242,30,0.109628170707813,0.112575810777761
242,31,0.0984801702504403,0.101128067173752
242,32,0.0883485648727821,0.0907240470892598
242,33,0.0791592482070321,0.0812876516129767
242,34,0.070840366167708,0.0727450946744186
242,35,0.0633228918358076,0.0650254933853461
242,36,0.0565410373059868,0.0580612909605309
243,0,0.757667448235069,0.807421990367944
243,1,0.75665334919904,0.806341297428042
243,2,0.750724461514815,0.800023071264551
243,3,0.737577789962028,0.786013083457114
243,4,0.71676559108879,0.763834188115486
243,5,0.688920372614493,0.73416042850615
243,6,0.655236636063989,0.698264746737069
243,7,0.617134203442312,0.657660201752433
243,8,0.576048324305994,0.613876293145118
243,9,0.533306890377959,0.568328112695049
243,10,0.490066280168645,0.522247976031851
243,11,0.447285596489355,0.47665796837599
243,12,0.405725089330762,0.432368263850791
243,13,0.365958938480588,0.389990747509667
243,14,0.328395729520842,0.349960835952116
243,15,0.293302213323102,0.312562797058675
243,16,0.260827532729583,0.277955567590838
243,17,0.231026210010263,0.246197250189606
243,18,0.203878948305244,0.217267280807966
243,19,0.179310808396844,0.191085799116113
243,20,0.157206651609925,0.167530105506901
243,21,0.137423943738562,0.146448305831369
243,22,0.11980313243575,0.127670370251377
243,23,0.104175869475422,0.11101689544152
243,24,0.0903713697131353,0.0963058811303432
243,25,0.078221194572782,0.0833578277092868
243,26,0.0675627293214793,0.0719994418534326
243,27,0.0582415970018593,0.062066208972012
243,28,0.0501132221721036,0.0534040596361971
243,29,0.0430437274693718,0.045870325018098
243,30,0.036910317253799,0.0393341457279137
243,31,0.0316012762270084,0.0336764703417244
243,32,0.0270156874465626,0.028789754898503
243,33,0.0230629537265775,0.024577452872041
243,34,0.0196621889571299,0.0209533665194904
243,35,0.0167415311934334,0.0178409148624465
243,36,0.0142374171929643,0.0151723605843436
244,0,0.769570861480285,0.806812768020117
244,1,0.768684192963576,0.805883190880325
244,2,0.76345244811086,0.800398265764948
244,3,0.751730787153079,0.788109357496061
244,4,0.732976417427604,0.76844740600068
244,5,0.707614321586909,0.741857960152038
244,6,0.676602828305965,0.709345725104172
244,7,0.641143318758397,0.672170220569504
244,8,0.602492736410727,0.631649217384001
244,9,0.561848425725309,0.58903800319991
244,10,0.520282994246856,0.545461092347835
244,11,0.478713010567846,0.501879409000183
244,12,0.437889909410087,0.459080752121592
244,13,0.398404852281181,0.41768489134754
244,14,0.360701777454656,0.378157248493254
244,15,0.325094687799733,0.340827021994852
244,16,0.291786538062518,0.305906988204306
244,17,0.260888022874647,0.273513198607743
244,18,0.232435230210333,0.243683487587707
244,19,0.206405585542182,0.216394188165825
244,20,0.182731824635619,0.19157478098384
244,21,0.161313938945394,0.169120417774674
244,22,0.142029167547568,0.148902396834814
244,23,0.124740186072751,0.130776748245267
244,24,0.109301682787225,0.114591128189534
244,25,0.0955655268572602,0.10019023732616
244,26,0.083384732605713,0.0874199768879322
244,27,0.0726164123946264,0.076130544463578
244,28,0.0631238939550533,0.066178653791701
244,29,0.0547781584905361,0.0574290424585239
244,30,0.0474587356735539,0.0497554102059723
244,31,0.0410541719977178,0.0430409099488771
244,32,0.0354621706048712,0.0371782943687386
244,33,0.0305894840891858,0.032069803530283
244,34,0.0263516270660919,0.0276268635407164
244,35,0.0226724625017743,0.0237696528604305
244,36,0.0194837048491648,0.020426581394213
245,0,0.773434892750967,0.780422073001796
245,1,0.77256854829825,0.779547902027536
245,2,0.767448160987285,0.774381257339988
245,3,0.755954335979318,0.762783597571197
245,4,0.737528920902928,0.744191728023277
245,5,0.712563068827946,0.719000335427434
245,6,0.681976297432111,0.688137244347763
245,7,0.646933791832729,0.652778166137862
245,8,0.60866268705608,0.614161321713341
245,9,0.568338284816088,0.573472630417348
245,10,0.527018870374408,0.531779938018766
245,11,0.48561358854099,0.490000602505823
245,12,0.444872168799744,0.448891126388954
245,13,0.405388509064186,0.40905077283195
245,14,0.367612505483337,0.370933502327861
245,15,0.331866258912692,0.33486432557858
245,16,0.298362055336891,0.301057446351941
245,17,0.267220428281235,0.269634487068347
245,18,0.238487257709463,0.240641742169319
245,19,0.212149311435882,0.214065859930118
245,20,0.188147943966405,0.189847665055585
245,21,0.166390873155042,0.167894041726467
245,22,0.146762086398326,0.148087929286026
245,23,0.129130007009859,0.130296562389277
245,24,0.113354093919951,0.114378130324064
245,25,0.0992900656207841,0.100187048149128
245,26,0.0867939407825904,0.0875780338130596
245,27,0.0757250792475066,0.0764091766203685
245,28,0.0659483924244353,0.0665441675949644
245,29,0.0573358744051492,0.057853844428305
245,30,0.049767586384372,0.0502171847926872
245,31,0.0431322084873035,0.0435218631539622
245,32,0.037327255685611,0.037664468638102
245,33,0.0322590385689159,0.0325504654482978
245,34,0.0278424355462135,0.028093963008456
245,35,0.0240005306334782,0.0242173504785917
245,36,0.0206641602898937,0.0208508394971945
246,0,0.76479167625135,0.796767859930405
246,1,0.763973727187773,0.795915712155846
246,2,0.759126263041384,0.79086557398889
246,3,0.748211819932341,0.779494794535654
246,4,0.730660403333019,0.761209547615691
246,5,0.706803690197558,0.736355377702278
246,6,0.677483117923734,0.705808902958911
246,7,0.643784553472079,0.670701390789744
246,8,0.606864152489182,0.63223733607735
246,9,0.567839088692635,0.591580621928432
246,10,0.527723711759973,0.54978800830376
246,11,0.487396885506842,0.507775104595152
246,12,0.447590161235946,0.466304048498383
246,13,0.408889358739237,0.425985153117574
246,14,0.371744295041663,0.387287042470815
246,15,0.336483000009882,0.350551461458015
246,16,0.303327927807668,0.316010165122418
246,17,0.27241252065147,0.283802174942063
246,18,0.243797087956192,0.253990321887707
246,19,0.217483391820548,0.226576441731975
246,20,0.193427625922282,0.201514896596318
246,21,0.171551674774267,0.178724304960201
246,22,0.151752670589374,0.158097498101537
246,23,0.133910945618825,0.139509804924841
246,24,0.117896523530933,0.122825814746581
246,25,0.103574315055757,0.107904790171397
246,26,0.0908081886683635,0.0946049079719188
246,27,0.0794640822452207,0.0827865008445121
246,28,0.0694123104839155,0.0723144613029469
246,29,0.0605292082839686,0.0630599537694881
246,30,0.0526982342057047,0.0549015641697323
246,31,0.0458106418595899,0.0477259993929481
246,32,0.0397658114626876,0.0414284327110126
246,33,0.0344713193286039,0.0359125761737536
246,34,0.0298428099945257,0.0310905473895787
246,35,0.0258037241354025,0.026882586063662
246,36,0.0222849253665396,0.0232166651970347
247,0,0.763843312624482,0.786755330594165
247,1,0.763363595407521,0.786261223921521
247,2,0.760439564490507,0.783249484638397
247,3,0.75364416346725,0.776250250776936
247,4,0.742356348452021,0.764623849802789
247,5,0.726503371911852,0.748295352069519
247,6,0.706369387557124,0.727557434678116
247,7,0.682455216563736,0.70292594128827
247,8,0.655377329025602,0.675035833448406
247,9,0.625796661682838,0.644567873161511
247,10,0.594369938768126,0.612198483566017
247,11,0.561717788878365,0.578566909450556
247,12,0.528405239530998,0.544255126730785
247,13,0.494931189266224,0.509776998759878
247,14,0.461724258809911,0.475574003044161
247,15,0.429143051533904,0.442015499516104
247,16,0.397479344412024,0.40940201720529
247,17,0.366963112184848,0.377970429106563
247,18,0.337768582265105,0.347900188706565
247,19,0.310020744282905,0.319320034787365
247,20,0.283801910686316,0.292314748816866
247,21,0.259158055134195,0.26693168346619
247,22,0.236104752827634,0.243186881125553
247,23,0.214632618795814,0.221070675315329
247,24,0.194712192318484,0.200552721620219
247,25,0.176298252736647,0.181586442955721
247,26,0.159333577496429,0.164112900337169
247,27,0.14375217022347,0.148064117782485
247,28,0.129481997145488,0.133365900815672
247,29,0.116447275981114,0.119940194012474
247,30,0.104570363812411,0.107707025500964
247,31,0.0937732904653103,0.0965860863368031
247,32,0.0839789823014827,0.0864979910036158
247,33,0.0751122186510051,0.077365262534523
247,34,0.0671003598134617,0.0691130823501504
247,35,0.0598738819366059,0.061669841181353
247,36,0.0533667503688706,0.0549675236206962
248,0,0.766786683705421,0.804091784131085
248,1,0.765554428307119,0.802799578015901
248,2,0.758435507541346,0.795334313136787
248,3,0.742860939441326,0.779002023444303
248,4,0.718542658611214,0.753500628812367
248,5,0.686455611045756,0.719852507538628
248,6,0.648178393892082,0.679713057432456
248,7,0.605481019508542,0.634938404096193
248,8,0.560080393007526,0.58732898215441
248,9,0.513507390478446,0.538490146671534
248,10,0.467046290185556,0.489768657604106
248,11,0.421719441796236,0.442236603168469
248,12,0.378298724649113,0.396703415567503
248,13,0.337331484179035,0.353743069254072
248,14,0.299172940248939,0.31372806596747
248,15,0.264020043925733,0.276864938682436
248,16,0.231943795635444,0.243228142081677
248,17,0.202918401924313,0.212790627828681
248,18,0.176846539586908,0.185450337826257
248,19,0.153580558747122,0.161052438853079
248,20,0.132939793985641,0.139407475898472
248,21,0.114724338433803,0.120305816382611
248,22,0.0987257218610284,0.103528847745824
248,23,0.0847349564360924,0.0888574146459002
248,24,0.0725483980098509,0.0760779653993105
248,25,0.061971833347552,0.0649868380623197
248,26,0.0528231559184932,0.0553930664010505
248,27,0.0449339418119482,0.0471200324776275
248,28,0.0381501875045753,0.0400062403108638
248,29,0.0323324250845065,0.0339054367061405
248,30,0.027355389412906,0.0286862622239727
248,31,0.0231073760321053,0.0242315778495985
248,32,0.0194893983599884,0.0204375811838498
248,33,0.0164142274953311,0.0172127995338594
248,34,0.0138053772945158,0.0144770256125296
248,35,0.0115960806991003,0.0121602440631973
248,36,0.00972829002369802,0.0102015831103102
249,0,0.762280862073981,0.78663243780248
249,1,0.761396690171656,0.785720020433021
249,2,0.756181763749381,0.78033849967261
249,3,0.744503052081463,0.768286703691886
249,4,0.725826032586761,0.749013034225715
249,5,0.700580306477345,0.722960816386332
249,6,0.669725540603003,0.691120374227622
249,7,0.634461771584977,0.65473008034922
249,8,0.596042580265033,0.615083562077489
249,9,0.555660568677455,0.573411519922216
249,10,0.514382784466032,0.5308150890831
249,11,0.47311988390277,0.488234017360313
249,12,0.432617400840265,0.446437655187679
249,13,0.393460876267755,0.406030249055847
249,14,0.356089093690013,0.367464599704282
249,15,0.320811482453117,0.331060021408003
249,16,0.287827064408601,0.297021893905681
249,17,0.257243258051135,0.265461067248173
249,18,0.229093516199458,0.236412062927052
249,19,0.203353232080443,0.209849488089244
249,20,0.179953659615748,0.185702400516616
249,21,0.158793798100553,0.163866572968783
249,22,0.139750319982916,0.144214738112064
249,23,0.122685695742878,0.126604972953324
249,24,0.107454708520459,0.110887421582151
249,25,0.0939095651974445,0.0969095695295932
249,26,0.0819038087559703,0.0845202811096734
249,27,0.0712952250591242,0.073572799059059
249,28,0.0619479200126936,0.063926888055139
249,29,0.0537337233045765,0.0554502832988357
249,30,0.0465330545282531,0.0480195843069755
249,31,0.0402353677238134,0.0415207136544782
249,32,0.0347392719611205,0.0358490414096313
249,33,0.0299524089455353,0.0309092588298465
249,34,0.0257911539129545,0.026615069701589
249,35,0.0221801933086811,0.0228887545279141
249,36,0.0190520218273913,0.0196606515010374
250,0,0.765332981129751,0.780428289021693
250,1,0.764579427185139,0.779659872097061
250,2,0.760092414048538,0.775084357815883
250,3,0.749935564889491,0.764727176554277
250,4,0.733512986916327,0.747980682224446
250,5,0.7110673748486,0.725092356418596
250,6,0.683328159440033,0.696806017068427
250,7,0.651269969276392,0.664115516181336
250,8,0.615951418266105,0.628100347600733
250,9,0.578411709252475,0.589820211244094
250,10,0.539608262877466,0.550251411768224
250,11,0.500382937060947,0.510252411766792
250,12,0.461447706364821,0.470549228676489
250,13,0.423383163998973,0.431733907236766
250,14,0.386645080593062,0.394271207625823
250,15,0.3515756493425,0.358510072404081
250,16,0.318417080032444,0.324697488664576
250,17,0.28732596228887,0.292993134582551
250,18,0.258387368641361,0.263483760644842
250,19,0.231628062398583,0.236196658035425
250,20,0.207028453565482,0.21111185036925
250,21,0.184533138277422,0.188172841004531
250,22,0.164059986412296,0.167295879897489
250,23,0.145507825473296,0.148377799040833
250,24,0.128762819504978,0.131302517196554
250,25,0.113703669403085,0.115946342775856
250,26,0.100205772675762,0.102182215646844
250,27,0.0881444817695342,0.0898830297272123
250,28,0.0773975943030452,0.0789241723349699
250,29,0.0678471986856312,0.0691854062096994
250,30,0.059380986557481,0.0605522078390848
250,31,0.0518931305956827,0.0529166625786665
250,32,0.0452848133683086,0.046178003936961
250,33,0.0394644806505186,0.0402428718879324
250,34,0.0343478812777984,0.0350253535102885
250,35,0.0298579453766234,0.0304468588163861
250,36,0.0259245437463357,0.0264358753881936
251,0,0.764652304064802,0.774258469213098
251,1,0.76430341756638,0.773905199727396
251,2,0.762145871719993,0.771720549088929
251,3,0.757049552869191,0.766560206262434
251,4,0.748441839464844,0.757844355975386
251,5,0.73614805005837,0.745396122293117
251,6,0.720268810377701,0.729317395083291
251,7,0.701086739002612,0.709894343403119
251,8,0.678996303375096,0.687526390305628
251,9,0.654451886670221,0.662673627285594
251,10,0.627930077402508,0.635818630138236
251,11,0.599902985745804,0.607439440057648
251,12,0.570820035089597,0.577991126444292
251,13,0.541096200607001,0.547893877716604
251,14,0.511105090315846,0.517525995450911
251,15,0.481175606259472,0.487220513617351
251,16,0.451591198874416,0.457264443580336
251,17,0.422590948604544,0.427899869300775
251,18,0.394371885463142,0.399326296038335
251,19,0.367092097843542,0.37170379821739
251,20,0.34087429325898,0.345156624899711
251,21,0.31580956145007,0.319777010167053
251,22,0.291961159014773,0.295629005296638
251,23,0.269368188134689,0.272752203702502
251,24,0.2480490831453,0.251165271306783
251,25,0.228004850110067,0.230869226811905
251,26,0.209222028224809,0.211850440308452
251,27,0.191675359431389,0.194083336426644
251,28,0.175330165375458,0.177532801155303
251,29,0.160144439861736,0.162156300584205
251,30,0.146070671091513,0.14790572603396
251,31,0.133057411889307,0.134728984009104
251,32,0.121050618378252,0.122571351690979
251,33,0.109994778573401,0.111376619709313
251,34,0.0998338524641862,0.101088044034739
251,35,0.0905120446138746,0.091649128284255
251,36,0.0819744293179105,0.083004256733298
252,0,0.760425869726146,0.781935480247099
252,1,0.760023762859348,0.781521999277398
252,2,0.757553134907446,0.778981486479249
252,3,0.751759601396539,0.773024075522399
252,4,0.742046967806123,0.763036707767905
252,5,0.728278990526251,0.748879285782453
252,6,0.710629315135023,0.730730366929632
252,7,0.689469182654066,0.708971693254382
252,8,0.665284581117797,0.684102999579274
252,9,0.638616209419466,0.656680279151769
252,10,0.610016985675124,0.627272090078349
252,11,0.58002293305303,0.59642961762267
252,12,0.549134161247775,0.564667117716555
252,13,0.51780337181461,0.53245009715311
252,14,0.486429883424884,0.500189169838943
252,15,0.455357625767665,0.468237993950741
252,16,0.424875910378542,0.436894064567943
252,17,0.395222071137061,0.406401428859996
252,18,0.366585291215608,0.376954621285346
252,19,0.339111108823107,0.348703296785808
252,20,0.31290623086019,0.321757180602084
252,21,0.288043389444612,0.296191062172159
252,22,0.264566057529916,0.272049644137224
252,23,0.242492901653668,0.249352121041542
252,24,0.221821896340711,0.228096410116822
252,25,0.202534059165024,0.20826299199504
252,26,0.184596790592848,0.189818345023262
252,27,0.167966820605721,0.172717975235656
252,28,0.152592776417154,0.156909056701287
252,29,0.138417393682792,0.142332705281166
252,30,0.125379398511057,0.128925913873949
252,31,0.11341509013267,0.116623179853278
252,32,0.102459654925085,0.10535785626106
252,33,0.0924482421086081,0.095063257931017
252,34,0.0833168302166032,0.0856735524681028
252,35,0.075002911683048,0.0771244642004825
252,36,0.0674460208051632,0.0693538170762574
253,0,0.765377724822259,0.779782689040362
253,1,0.764648651821261,0.779039894356395
253,2,0.760299357893378,0.774608743560494
253,3,0.750433681076044,0.764557387545905
253,4,0.734447747407231,0.748270587004404
253,5,0.712551750236563,0.725962491276993
253,6,0.685433126086236,0.698333474940088
253,7,0.654024088147766,0.666333296113982
253,8,0.619345465526141,0.631001996648235
253,9,0.582405715417378,0.593367013635136
253,10,0.544139284180278,0.554380380392089
253,11,0.505372551091181,0.514884029253118
253,12,0.466808677126165,0.47559435519416
253,13,0.42902502077029,0.437099583005953
253,14,0.392478545670841,0.399865276723243
253,15,0.357515964981294,0.364244674892667
253,16,0.324386348673242,0.330491535163434
253,17,0.293254643695033,0.298773908905163
253,18,0.264215085067863,0.269187804710533
253,19,0.237303856952334,0.241770087752309
253,20,0.212510633348675,0.216510237687912
253,21,0.189788816689105,0.193360779949517
253,22,0.169064420685248,0.17224633577311
253,23,0.150243627742923,0.153071321849304
253,24,0.13321910337054,0.135726383573483
253,25,0.11787517951882,0.120093675939741
253,26,0.104092032568434,0.106051120161277
253,27,0.0917489847965422,0.0934757672729311
253,28,0.0807270543041658,0.0822463960500396
253,29,0.0709108702430608,0.0722454642812699
253,30,0.0621900596387643,0.0633605216926817
253,31,0.054460200484839,0.0554851809798972
253,32,0.0476234239758589,0.0485197313755486
253,33,0.0415887373360752,0.0423714675538135
253,34,0.0362721280453327,0.0369547958179397
253,35,0.0315965005624618,0.0321911696327241
253,36,0.0274914879867392,0.0280088977413063
254,0,0.757589848222929,0.78549904805442
254,1,0.757182340464683,0.785076527930995
254,2,0.754680458936543,0.782482478441935
254,3,0.748818725301122,0.776404801713067
254,4,0.739000488562661,0.766224866448986
254,5,0.72509528538404,0.751807403113871
254,6,0.707285727775875,0.733341751045936
254,7,0.68595315709,0.711223300005951
254,8,0.661593472446813,0.685966217769418
254,9,0.634756295881716,0.658140374149943
254,10,0.606002052026702,0.628326839519539
254,11,0.575872679805371,0.597087517538327
254,12,0.54487260889493,0.564945420799717
254,13,0.513457366780836,0.532372858175093
254,14,0.482027767620798,0.499785409598727
254,15,0.450928100060945,0.467540047124063
254,16,0.420447100637147,0.435936144184627
254,17,0.390820791217478,0.40521841756632
254,18,0.362236488369244,0.375581084477374
254,19,0.334837471971803,0.347172703150327
254,20,0.308727939903449,0.320101310056892
254,21,0.283977983347706,0.294439578501846
254,22,0.260628399765251,0.270229808902229
254,23,0.238695223159142,0.247488625945092
254,24,0.218173898179955,0.226211306464402
254,25,0.199043059285864,0.206375697823341
254,26,0.18126790131708,0.187945712658877
254,27,0.164803145635987,0.1708744042929
254,28,0.149595618146901,0.155106639724831
254,29,0.135586463404412,0.140581395306516
254,30,0.122713023717751,0.127233705071783
254,31,0.110910414498723,0.114996294119337
254,32,0.100112827733983,0.103800930104253
254,33,0.0902545948922377,0.0935795253020978
254,34,0.0812710391884146,0.0842650202700552
254,35,0.0730991452123005,0.0757920781443175
254,36,0.0656780717071656,0.0680976163091979
255,0,0.750900133218446,0.788209574117708
255,1,0.75039547583303,0.787679842179681
255,2,0.747329516673463,0.78446154688778
255,3,0.740230573065503,0.77700988311735
255,4,0.72848312985391,0.764678753049367
255,5,0.712047538837173,0.747426538510332
255,6,0.691253497366437,0.725599318289202
255,7,0.666650063323633,0.699773430916413
255,8,0.638898700209069,0.670643205558799
255,9,0.608698814271,0.638942799365471
255,10,0.576737597493951,0.605393548340378
255,11,0.54365784863365,0.570670189523882
255,12,0.510038908434766,0.535380848952221
255,13,0.4763869945371,0.500056896341057
255,14,0.44313212060632,0.46514971113925
255,15,0.410629484520373,0.4310321396891
255,16,0.379163753384542,0.398002993147905
255,17,0.348955091862168,0.366293375344055
255,18,0.320166101257761,0.336073966637442
255,19,0.292909081071716,0.307462646273873
255,20,0.267253209140804,0.280532029280094
255,21,0.243231374299133,0.255316638614327
255,22,0.220846497273696,0.23181954012365
255,23,0.200077249576076,0.210018345586208
255,24,0.180883133000438,0.189870544590615
255,25,0.163208919105074,0.171318164598858
255,26,0.146988472732661,0.154291784443084
255,27,0.132147999313235,0.138713942975011
255,28,0.118608764788084,0.124501994132748
255,29,0.1062893413308,0.111570464243385
255,30,0.0951074330252135,0.099832968412091
255,31,0.0849813343486425,0.089203741471986
255,32,0.0758310714962582,0.0795988360166759
255,33,0.0675792728553504,0.0709370361251544
255,34,0.0601518107245618,0.0631405309656844
255,35,0.0534782519784845,0.0561353878522462
255,36,0.0474921510153075,0.0498518597476656
256,0,0.768778461477663,0.7708606459318
256,1,0.768135437652837,0.770215880520445
256,2,0.764272253116998,0.76634223281064
256,3,0.755439183774919,0.757485239697816
256,4,0.741009197217768,0.743016170498281
256,5,0.721081111241259,0.723034110649063
256,6,0.696195106096996,0.698080703443435
256,7,0.667132384335273,0.668939267265948
256,8,0.634777333764127,0.636496585229187
256,9,0.600025662785889,0.601650791701097
256,10,0.563725950512284,0.565252764112517
256,11,0.526645130617646,0.528071513325756
256,12,0.489450801305281,0.490776445688688
256,13,0.452705077120759,0.453931198196105
256,14,0.416866092582239,0.417995146192512
256,15,0.382294328061507,0.383329746386396
256,16,0.349261730061492,0.350207681829393
256,17,0.317962199889601,0.318823378997482
256,18,0.288522472840447,0.289303916439248
256,19,0.261012740395252,0.261719675744791
256,20,0.235456608666822,0.236094326962478
256,21,0.211840159139473,0.212413913879264
256,22,0.190119999510809,0.190634926667641
256,23,0.170230276107989,0.170691333294548
256,24,0.152088674872343,0.152500596759255
256,25,0.135601472873119,0.135968740288796
256,26,0.120667722481369,0.120994542844395
256,27,0.107182660047265,0.107472957030968
256,28,0.0950404334224122,0.0952978440067387
256,29,0.0841362403556737,0.0843641176707605
256,30,0.0743679644267751,0.074569385027344
256,31,0.0656373880377956,0.0658151624628488
256,32,0.0578510539608365,0.058007739626797
256,33,0.050920838666467,0.05105875431314
256,34,0.0447642925521459,0.0448855336101658
256,35,0.0393047945219528,0.0394112488988995
256,36,0.0344715612983368,0.0345649251900713
257,0,0.765069637774426,0.797766522073372
257,1,0.764539874978427,0.797214118733308
257,2,0.761326129529427,0.793863027011598
257,3,0.753897326129724,0.786116737839036
257,4,0.741624887992111,0.773319810857481
257,5,0.72448417064564,0.755446548361905
257,6,0.702835267975548,0.732872433618489
257,7,0.677264458442348,0.706208800949385
257,8,0.648471658185937,0.676185478904964
257,9,0.61719249551519,0.643569534440354
257,10,0.584146188084741,0.609110922512104
257,11,0.550002426884007,0.573507954783766
257,12,0.515362060308735,0.53738715819002
257,13,0.480747615718788,0.501293391412982
257,14,0.446600666174343,0.465687099080259
257,15,0.413283803514673,0.430946369167463
257,16,0.381085561217935,0.397372066246926
257,17,0.350227077980403,0.365194779849209
257,18,0.320869634702269,0.334582683558089
257,19,0.293122456639821,0.305649670604363
257,20,0.267050367183636,0.278463334744595
257,21,0.242681024529613,0.253052516206733
257,22,0.220011578847695,0.229414243367147
257,23,0.199014664405789,0.207519980960762
257,24,0.179643695514643,0.18732115235944
257,25,0.16183747262018,0.168753942515507
257,26,0.145524129656372,0.15174341401318
257,27,0.130624469189703,0.136206984747543
257,28,0.117054740478917,0.122057324710616
257,29,0.104728919284944,0.109204733233821
257,30,0.0935605485707259,0.097559058354047
257,31,0.0834641972383466,0.0870312178930223
257,32,0.0743565905868971,0.0775343782277141
257,33,0.0661574618452068,0.0689848422151261
257,34,0.0587901693769647,0.0613026927749992
257,35,0.0521821192817115,0.0544122335515592
257,36,0.0462650283364945,0.0482422630925441
258,0,0.768074951588919,0.785467567630485
258,1,0.767551584804093,0.784932349505476
258,2,0.764374115930565,0.781682928674672
258,3,0.757022596162283,0.774164937964476
258,4,0.74486669712207,0.761733775573715
258,5,0.727873052436874,0.744355319566987
258,6,0.706389985772991,0.72238578119991
258,7,0.680991457699249,0.696412118048668
258,8,0.652366018332635,0.667138472052096
258,9,0.621239690523918,0.635307306431339
258,10,0.588324191663473,0.601646455008215
258,11,0.554283862024769,0.566835301660041
258,12,0.519716209500487,0.531484884502478
258,13,0.485142189609125,0.496127955792465
258,14,0.451003284058934,0.461215994337918
258,15,0.417663175755088,0.427120918434473
258,16,0.385412386823475,0.394139828914663
258,17,0.354474684098576,0.362501559684387
258,18,0.325014391589637,0.332374155775681
258,19,0.297144003998075,0.303872659267851
258,20,0.270931687123301,0.277066779535677
258,21,0.246408393999593,0.251988170527115
258,22,0.223574430943241,0.228637145494813
258,23,0.202405384093148,0.206988737739814
258,24,0.182857371357874,0.186998071485926
258,25,0.164871622302139,0.168605045475124
258,26,0.148378413594024,0.151738357530691
258,27,0.133300403429297,0.136318914487671
258,28,0.119555417348366,0.12226268109304
258,29,0.107058741977668,0.109483025687557
258,30,0.0957249839163009,0.097892621185811
258,31,0.0854695493481476,0.0874049581933167
258,32,0.0762097968093512,0.0779355238777431
258,33,0.067865911485049,0.0694026960635963
258,34,0.0603615448865318,0.0617283973945004
258,35,0.0536242590825087,0.0548385496238239
258,36,0.0475858100419532,0.0486633633736619
259,0,0.760605337535587,0.797915509379476
259,1,0.759681139070717,0.796945975966453
259,2,0.754245394227222,0.791243590114537
259,3,0.742110569196804,0.778513512349439
259,4,0.722766849926483,0.758220920576574
259,5,0.696705178738395,0.730880839439752
259,6,0.664957412210603,0.69757574144667
259,7,0.628792016443591,0.659636315096015
259,8,0.589519882000554,0.618437754407413
259,9,0.548376984294933,0.575276663418366
259,10,0.506459698445927,0.531303198022523
259,11,0.464695339627212,0.487490161226442
259,12,0.423835506902217,0.444626020478285
259,13,0.384463493280881,0.403322681212021
259,14,0.347009717253087,0.364031675347887
259,15,0.311771082279993,0.327064470429899
259,16,0.278931570878741,0.292614073917558
259,17,0.248582372743328,0.260776148656689
259,18,0.220740539998699,0.231568583234563
259,19,0.195365638299124,0.204948959868952
259,20,0.172374180586887,0.180829696189741
259,21,0.151651835859688,0.159090852886177
259,22,0.133063531416937,0.139590731501289
259,23,0.116461638070864,0.122174461154282
259,24,0.101692461388578,0.106680808199198
259,25,0.0886012709009931,0.0929474521329232
259,26,0.0770360924323404,0.0808149639508404
259,27,0.0668504726270316,0.0701297062827421
259,28,0.0579054037598133,0.060745852621201
259,29,0.0500705739584042,0.0525266988717044
259,30,0.0432250849640165,0.0453454163216685
259,31,0.037257757693682,0.039085372191594
259,32,0.0320671258291324,0.0336401229094593
259,33,0.0275611997715056,0.028913166486636
259,34,0.0236570676685316,0.0248175239741569
259,35,0.0202803867912411,0.0212752058897941
259,36,0.0173648071706506,0.0182166075822441
260,0,0.771236877822717,0.809591304058207
260,1,0.770020561307338,0.808314498835131
260,2,0.762984835361475,0.800928878791147
260,3,0.747570319811348,0.784747783067504
260,4,0.723466759911098,0.759445527621448
260,5,0.691616140457859,0.726010943151102
260,6,0.653564730533658,0.686067196336561
260,7,0.611056289818982,0.641444765872874
260,8,0.565789441096384,0.593926748851445
260,9,0.519284662101379,0.545109237974898
260,10,0.472822638030169,0.496336608269759
260,11,0.427427462434149,0.448683882543668
260,12,0.383876585982524,0.402967174910486
260,13,0.342725387138814,0.359769483392556
260,14,0.304338441319915,0.319473514128132
260,15,0.268922486785061,0.2822962866889
260,16,0.236558087640693,0.248322371719584
260,17,0.207228341529976,0.217534026291256
260,18,0.180843864592781,0.189837421389813
260,19,0.157263848814997,0.16508474646957
260,20,0.136313327480834,0.143092333534768
260,21,0.117796974926766,0.123655143169897
260,22,0.101509858028767,0.106558050709764
260,23,0.0872455844620671,0.0915843997208361
260,24,0.0748022813879791,0.0785222780144904
260,25,0.0639868046007381,0.0671689361191791
260,26,0.0546175334666467,0.0573337212148582
260,27,0.0465260584287808,0.0488398485590876
260,28,0.0395580199182413,0.0415252821182278
260,29,0.0335733128208439,0.0352429492024746
260,30,0.0284458305538214,0.0298604718152246
260,31,0.0240628878474516,0.0252595607290226
260,32,0.0203244315214258,0.0213351870130038
260,33,0.0171421236072766,0.0179946195580292
260,34,0.014438360641823,0.0151563955985558
260,35,0.0121452763147022,0.0127492737607747
260,36,0.0102037613543589,0.0107112052064931
261,0,0.75974020889673,0.797653468166746
261,1,0.758937055386765,0.796810234946769
261,2,0.754174067105159,0.791809559614371
261,3,0.743441684246822,0.780541599450623
261,4,0.726169607987785,0.762407596051662
261,5,0.702674166002348,0.737739662768244
261,6,0.673774860737329,0.707398197616983
261,7,0.640534248092222,0.67249878114558
261,8,0.604086800984354,0.634232499789178
261,9,0.565531181101703,0.593752841668442
261,10,0.525866999481334,0.55210930133585
261,11,0.485962179787959,0.51021311438635
261,12,0.446540825737016,0.468824519429363
261,13,0.40818432923832,0.428553921532037
261,14,0.371340565232686,0.389871545905126
261,15,0.336337577703516,0.353121806886594
261,16,0.30339930346902,0.318539816397073
261,17,0.272661709265949,0.28626832631129
261,18,0.244188312206508,0.256374023431187
261,19,0.21798447403318,0.228862537065884
261,20,0.194010151333622,0.203691825519602
261,21,0.17219098148776,0.180783815259957
261,22,0.152427713531164,0.160034302409006
261,23,0.13460407372488,0.141321210828026
261,24,0.118593201832902,0.124511349584067
261,25,0.104262816554075,0.10946583615202
261,26,0.0914792750077314,0.0960443584804592
261,27,0.0801106872554291,0.0841084449371304
261,28,0.0700292365718394,0.0735239003681455
261,29,0.0611128423796388,0.0641625520181894
261,30,0.0532462873797396,0.0559034329078477
261,31,0.04632191474004,0.0486335138141143
261,32,0.0402399860889538,0.0422480791288467
261,33,0.0349087769987511,0.0366508271070042
261,34,0.0302444739101083,0.0317537616474315
261,35,0.0261709251556025,0.0274769308916967
261,36,0.022619288892263,0.0237480575874478
262,0,0.760492062505643,0.777859962632301
262,1,0.76027500574346,0.777637948789888
262,2,0.758907698380369,0.776239415252463
262,3,0.755610278276121,0.772866689611352
262,4,0.749921263737957,0.767047750986943
262,5,0.741620008900418,0.758556914466632
262,6,0.730664512452238,0.747351219525226
262,7,0.717141869769185,0.733519750597761
262,8,0.701229102865722,0.71724357247682
262,9,0.68316247772259,0.698764346918007
262,10,0.663213734859526,0.678360020373298
262,11,0.64167192536903,0.656326245201338
262,12,0.618829768578528,0.632962425769799
262,13,0.594973635523636,0.608561473174069
262,14,0.570376420001361,0.583402513481608
262,15,0.545292690820646,0.557745929270981
262,16,0.519955628972393,0.531830226853839
262,17,0.4945753451989,0.505870315421495
262,18,0.469338249740309,0.480056862397821
262,19,0.444407209323967,0.454556454013879
262,20,0.419922278820412,0.429512343673268
262,21,0.396001838178514,0.40504561485226
262,22,0.372744000762929,0.381256621600459
262,23,0.350228188309994,0.358226599465092
262,24,0.32851679145783,0.336019363943821
262,25,0.307656854090324,0.314683033295295
262,26,0.287681735318712,0.294251728476585
262,27,0.268612715444361,0.274747215782493
262,28,0.250460522235762,0.256180467979219
262,29,0.233226761758975,0.238553127811696
262,30,0.216905244198127,0.22185886410281
262,31,0.201483199903578,0.206084615573316
262,32,0.186942384570336,0.191211721260005
262,33,0.173260075194873,0.177216939217894
262,34,0.160409960463934,0.164073357243487
262,35,0.148362930642937,0.151751200802411
262,36,0.137087772976196,0.140218544310998
263,0,0.773361583789239,0.793295834600301
263,1,0.772636164436947,0.792551716761279
263,2,0.768304964796097,0.788108875655734
263,3,0.758470866203824,0.778021292287454
263,4,0.742520369614267,0.761659653993626
263,5,0.720651161304921,0.739226742634353
263,6,0.693538648021125,0.711415374311406
263,7,0.662105241246997,0.679171736685867
263,8,0.627364914989272,0.643535940066805
263,9,0.590322303920482,0.605538514697409
263,10,0.551910789873767,0.566136901360672
263,11,0.512957991198167,0.526180051184624
263,12,0.474170093486415,0.486392352477287
263,13,0.436128754867573,0.447370456249803
263,14,0.39929605110636,0.409588348781169
263,15,0.364024225224257,0.373407352546625
263,16,0.330567974487814,0.339088729916675
263,17,0.299097722996072,0.306807297860145
263,18,0.269712851598705,0.276664998878108
263,19,0.242454235465604,0.248703761743202
263,20,0.217315709447696,0.222917262392813
263,21,0.194254270118418,0.199261388939458
263,22,0.17319895220916,0.177663346906184
263,23,0.154058402113793,0.158029427946549
263,24,0.136727224376413,0.140251519920117
263,25,0.12109120771104,0.124212467618597
263,26,0.107031551933073,0.109790408651139
263,27,0.0944282212405811,0.0968622131601554
263,28,0.083162546253636,0.0853061529311023
263,29,0.0731191897687055,0.0750039178163664
263,30,0.0641875812136868,0.0658420871649647
263,31,0.0562629136275139,0.0577131525004052
263,32,0.0492467855430468,0.0505161759488174
263,33,0.0430475590196911,0.0441571575002595
263,34,0.037580494624602,0.0385491734692118
263,35,0.032767714609633,0.0336123387223711
263,36,0.0285380369742491,0.0292736364643514
264,0,0.764716108715229,0.808145064326781
264,1,0.76381938389967,0.807197413655513
264,2,0.758533875880418,0.801611736605511
264,3,0.746705815942632,0.789111949886825
264,4,0.72780422831346,0.769136923107124
264,5,0.702274396743315,0.742157228104792
264,6,0.671096239897687,0.709208434058945
264,7,0.635490147060639,0.671580237322557
264,8,0.596727733947265,0.63061646987741
264,9,0.556016219167168,0.587592909426882
264,10,0.514433562621245,0.54364873424056
264,11,0.47289781625605,0.499754133308777
264,12,0.432158829046795,0.456701540243693
264,13,0.392803916054957,0.415111624288088
264,14,0.355271647585643,0.375447862572093
264,15,0.319869769094093,0.338035477708239
264,16,0.286794600769869,0.303081939096497
264,17,0.256150220567239,0.27069723537721
264,18,0.227966406310903,0.240912835486083
264,19,0.202214777024356,0.213698746663945
264,20,0.178822887500879,0.188978409471839
264,21,0.157686235653799,0.166641387050134
264,22,0.138678270708209,0.146553941684974
264,23,0.121658564942597,0.128567670630895
264,24,0.106479349357794,0.112526412946628
264,25,0.0929906265928394,0.098271652778329
264,26,0.0810440714073289,0.0856466413540267
264,27,0.0704959163243509,0.0744994465049686
264,28,0.0612090019046129,0.0646851193767672
264,29,0.0530541505491244,0.056067146251644
264,30,0.0459110016555779,0.0485183311341366
264,31,0.0396684256201602,0.0419212332644669
264,32,0.0342246153169174,0.0361682637931055
264,33,0.0294869366878896,0.0311615278857793
264,34,0.0253716050904587,0.0268124826902762
264,35,0.0218032410709538,0.0230414678820108
264,36,0.018714348166604,0.0197771538098538
265,0,0.765055217394685,0.780307626712337
265,1,0.764422052478696,0.779661838798367
265,2,0.760615961681177,0.775779868438924
265,3,0.751907930622941,0.766898231017342
265,4,0.737672990356583,0.752379497985941
265,5,0.718001418327442,0.732315746592895
265,6,0.693419627842872,0.707243884906002
265,7,0.66469330426388,0.677944863258354
265,8,0.632691708105087,0.645305272047263
265,9,0.598297028123677,0.610224887654592
265,10,0.562346527250086,0.573557664978402
265,11,0.525598216050237,0.53607672654929
265,12,0.4887130989181,0.498456254776812
265,13,0.452248815192622,0.461265006293482
265,14,0.416660857752239,0.424967554843623
265,15,0.382308587601732,0.389930425779128
265,16,0.349464047173336,0.356431085065636
265,17,0.318322164599685,0.324668346991446
265,18,0.289011380827281,0.294773213146847
265,19,0.261604056109538,0.26681948638466
265,20,0.23612624942006,0.240833745199334
265,21,0.212566634851689,0.216804437886449
265,22,0.190884439524677,0.194689978703817
265,23,0.17101637057464,0.174425812958298
265,24,0.152882554146479,0.155930474401583
265,25,0.13639154440998,0.139110694107294
265,26,0.121444481077835,0.123865640874741
265,27,0.107938484005254,0.110090383504458
265,28,0.0957693763711789,0.0976786682697216
265,29,0.0848338260513827,0.0865251029808107
265,30,0.0750309898308099,0.0765268339769426
265,31,0.066263738324992,0.0675847954681513
265,32,0.0584395317840981,0.0596046027996757
265,33,0.0514710089620175,0.0524971530609423
265,34,0.0452763433679756,0.0461789884395387
265,35,0.039779413751521,0.0405724701050488
265,36,0.0349098287666635,0.0356058033649043
266,0,0.767143909336472,0.779158560034788
266,1,0.766398609616148,0.778401587777283
266,2,0.761957407807013,0.773890829933396
266,3,0.751895739185672,0.763671580143181
266,4,0.735612933459758,0.747133760695846
266,5,0.713338871050541,0.724510852292778
266,6,0.685787470222889,0.696527954254283
266,7,0.653918294049084,0.664159657882675
266,8,0.618777019034318,0.628468016581666
266,9,0.581392771094055,0.590498273957608
266,10,0.542715896964954,0.551215660635237
266,11,0.503583982185883,0.511470880028119
266,12,0.464707149507448,0.471985176498722
266,13,0.426666107488173,0.433348353392615
266,14,0.389918250100498,0.396024968173653
266,15,0.354808475917785,0.36036532105606
266,16,0.321582409665873,0.326618883625759
266,17,0.290400454538209,0.294948571236322
266,18,0.261351646220953,0.265444814009367
266,19,0.234466669448326,0.238138777249137
266,20,0.209729673729388,0.213014362221681
266,21,0.187088716137653,0.190018812494586
266,22,0.166464788143139,0.169071882143062
266,23,0.147759467341038,0.150073607316427
266,24,0.130861286339589,0.132910774872533
266,25,0.11565093953775,0.117462210701566
266,26,0.102005461116523,0.103603023151129
266,27,0.0898015094804581,0.0912079389071382
266,28,0.0789178883963271,0.0801538636173917
266,29,0.0692374258968431,0.0703217902218113
266,30,0.0606483205645689,0.0615981663212184
266,31,0.0530450524093667,0.0538758193205237
266,32,0.0463289430916568,0.0470545254259412
266,33,0.0404084382965119,0.0410412964414941
266,34,0.0351991739761022,0.0357504470489183
266,35,0.0306238781354447,0.0311034950552263
266,36,0.0266121509129941,0.0270289380290217
267,0,0.776737881274373,0.804510492567385
267,1,0.775802400757807,0.803541563525409
267,2,0.770297339417783,0.797839666248286
267,3,0.758000319001567,0.785102960352174
267,4,0.738385869097625,0.764787186995313
267,5,0.711942885148901,0.737398722296467
267,6,0.679710349340104,0.704013697714318
267,7,0.642969585509587,0.665959251395702
267,8,0.603047477170055,0.624609710168396
267,9,0.561197226439835,0.581263084954497
267,10,0.518532327694094,0.537072683619933
267,11,0.475996208108876,0.49301566600253
267,12,0.434355011675281,0.449885569915388
267,13,0.394204704971642,0.408299670989124
267,14,0.355986391124191,0.368714844190074
267,15,0.3200056834532,0.331447630179835
267,16,0.286453402366572,0.296695672235572
267,17,0.255425861881699,0.264558728125566
267,18,0.226943714057067,0.235058188331913
267,19,0.20096880189795,0.208154531539431
267,20,0.17741879470472,0.183762483277401
267,21,0.156179589502137,0.161763860767532
267,22,0.137115591480846,0.142018220947251
267,23,0.12007805977908,0.12437150465857
267,24,0.104911740258277,0.108662906581576
267,25,0.0914600170383666,0.0947302109651664
267,26,0.0795688086262903,0.0824138270633986
267,27,0.0690894189438595,0.0715597421031211
267,28,0.0598805328937128,0.06202158820229
267,29,0.0518095233026665,0.0536619960436643
267,30,0.0447532131161867,0.0463533843218835
267,31,0.0385982148122321,0.0399783112932039
267,32,0.0332409488654626,0.0344294938999043
267,33,0.0285874250764453,0.0296095812808184
267,34,0.0245528547998224,0.0254307531345483
267,35,0.0210611485219344,0.021814199332749
267,36,0.0180443417199682,0.018689525250614
268,0,0.765159731546804,0.800215079582302
268,1,0.764446557981664,0.799469232385102
268,2,0.760186974756384,0.795014498831999
268,3,0.750511649626316,0.784895904308879
268,4,0.734812303646159,0.768477301924374
268,5,0.713278624507269,0.745957069801085
268,6,0.686571110671065,0.718025966753256
268,7,0.655594491583381,0.685630171880031
268,8,0.621344887406928,0.649811442009972
268,9,0.584810443486094,0.611603193791649
268,10,0.546910227908052,0.571966601882063
268,11,0.508460051557319,0.531754853066877
268,12,0.470156823256385,0.491696784640916
268,13,0.43257529511191,0.452393480644297
268,14,0.396172747122842,0.414323171093136
268,15,0.361298431984127,0.377851109491449
268,16,0.328205549387977,0.343242095728071
268,17,0.297064220548138,0.310674045021202
268,18,0.267974447470772,0.28025154091075
268,19,0.240978413488831,0.252018699334528
268,20,0.216071747040545,0.225970948450207
268,21,0.193213556664144,0.202065523377481
268,22,0.172335172368357,0.180230608049372
268,23,0.153347612636499,0.160373144312765
268,24,0.136147849217075,0.142385383736751
268,25,0.120623972481812,0.12615028961853
268,26,0.106659375164587,0.111545912397911
268,27,0.0941360766722137,0.0984488662694521
268,28,0.082937307503576,0.0867370320052661
268,29,0.0729494662528533,0.076291603617202
268,30,0.0640635520806106,0.066998586455768
268,31,0.0561761647276675,0.0587498430390534
268,32,0.0491901530191703,0.0514437712676378
268,33,0.0430149819532889,0.0449856883312433
268,34,0.0375668782619333,0.0392879829382302
268,35,0.0327688049828908,0.0342700887227714
268,36,0.0285503071956855,0.0298583229131905
269,0,0.763528360552416,0.781204287284531
269,1,0.762829479741559,0.780489227158477
269,2,0.758651099363362,0.776214115932757
269,3,0.749149557459585,0.766492610282759
269,4,0.733714447030054,0.75070017209024
269,5,0.712518624314085,0.729013659271962
269,6,0.686199508185895,0.702085247153772
269,7,0.65563772428336,0.67081594813985
269,8,0.621807278511453,0.636202316684642
269,9,0.585677728470286,0.599236355958049
269,10,0.548153661733609,0.560843595026635
269,11,0.510040504743094,0.521848106212838
269,12,0.472028525523273,0.482956137467616
269,13,0.434689053862719,0.444752245047616
269,14,0.398478577957258,0.407703484996983
269,15,0.363747607126233,0.372168481038361
269,16,0.330752109996279,0.338409127554287
269,17,0.299666019581995,0.306603384164502
269,18,0.270593797705854,0.276858131016214
269,19,0.243582415090528,0.24922142621941
269,20,0.218632364089089,0.223693773525291
269,21,0.195707504419377,0.200238195992561
269,22,0.174743668362211,0.178789040398735
269,23,0.155656035852257,0.159259523066728
269,24,0.138345343246601,0.141548082368416
269,25,0.122703020976153,0.125543635314322
269,26,0.108615371264884,0.11112985198839
269,27,0.0959669024667653,0.0981885670759008
269,28,0.0846429348707831,0.0866024459937028
269,29,0.0745315866436836,0.0762570168081753
269,30,0.0655252397716145,0.0670421701138867
269,31,0.0575215757315353,0.0588532186811316
269,32,0.0504242600704456,0.0515915978833874
269,33,0.0441433446942987,0.0451652772993461
269,34,0.0385954468496695,0.0394889438380648
269,35,0.0337037547434238,0.0344840074887323
269,36,0.0293979016014973,0.0300784724638684
270,0,0.765999414043234,0.780010383567842
270,1,0.765502791056762,0.77950467680219
270,2,0.762480349301353,0.776426951271691
270,3,0.755468345337169,0.76928669006338
270,4,0.743841292211262,0.757446965381827
270,5,0.727540944547858,0.740848466479447
270,6,0.706875769673634,0.719805302888684
270,7,0.682374624350359,0.694856004741596
270,8,0.654681843720343,0.666656692777032
270,9,0.624483727372136,0.635906219755833
270,10,0.592458615597735,0.603295333558022
270,11,0.559244499220564,0.56947369455901
270,12,0.52541948967689,0.535029988487379
270,13,0.491491565742833,0.500481485608275
270,14,0.457894868647637,0.466270268070246
270,15,0.42499048602123,0.432764028192054
270,16,0.393070185571553,0.400259870433066
270,17,0.362361962390905,0.368989960165913
270,18,0.333036574045427,0.339128178299927
270,19,0.305214474857587,0.310797182399264
270,20,0.278972740807372,0.28407545824813
270,21,0.254351711799339,0.259004083612187
270,22,0.23136117863024,0.235593028372598
270,23,0.209986015731403,0.213826890297452
270,24,0.190191213874778,0.193670019801511
270,25,0.171926304415627,0.175071025113168
270,26,0.155129192132431,0.157966675221187
270,27,0.139729430305627,0.142285234858231
270,28,0.125650981672188,0.127949275956322
270,29,0.112814514093362,0.114878015304874
270,30,0.101139281551227,0.102989229952722
270,31,0.0905446404903476,0.0922008012853417
270,32,0.0809512493315004,0.0824319364789955
270,33,0.072281995792156,0.0736041127829198
270,34,0.0644626928853154,0.0656417862487463
270,35,0.0574225804468034,0.0584729024312783
270,36,0.0510946649820893,0.0520292424514837
271,0,0.7567248946093,0.773406874180338
271,1,0.756451193137955,0.773127138967555
271,2,0.754742401276512,0.771380676836339
271,3,0.750662628629474,0.767210965713064
271,4,0.743695865835875,0.760090620824535
271,5,0.733635061600879,0.749808026435797
271,6,0.720494959452619,0.736378251095654
271,7,0.704444161548112,0.719973613791057
271,8,0.685752689792905,0.700870089053063
271,9,0.664751982405631,0.679406421646755
271,10,0.641804818723275,0.655953388369663
271,11,0.617283124938544,0.630891114517225
271,12,0.591551994109369,0.604592741613829
271,13,0.564958568242053,0.577413064401801
271,14,0.537824689502432,0.549681020048702
271,15,0.51044244087385,0.521695130499245
271,16,0.483071871593034,0.493721177768455
271,17,0.45594034593912,0.465991538374774
271,18,0.429243070856202,0.43870572259403
271,19,0.403144452995973,0.41203176141805
271,20,0.377780012866686,0.386108162900976
271,21,0.353258646031291,0.361046223205462
271,22,0.329665071346704,0.336932528813304
271,23,0.307062346269769,0.313831527281254
271,24,0.285494361094437,0.291788076463591
271,25,0.264988249138401,0.270829907831253
271,26,0.245556669615294,0.250969959669891
271,27,0.227199935242579,0.232208551590815
271,28,0.209907968395853,0.21453538380867
271,29,0.193662078527213,0.197931353742936
271,30,0.17843656019208,0.18237018927321
271,31,0.164200115845075,0.167819902900585
271,32,0.150917110953887,0.154244074530462
271,33,0.138548671251707,0.141602972913883
271,34,0.12705363335578,0.129854527222449
271,35,0.116389360725083,0.118955160993759
271,36,0.10651243717713,0.108860500936771
272,0,0.769070470640927,0.782745714313357
272,1,0.768663231918185,0.782331234266213
272,2,0.76616122803398,0.779784740944313
272,3,0.760294528586716,0.773813722650394
272,4,0.750459938411514,0.763804258491339
272,5,0.736520088840229,0.749616537174978
272,6,0.718651377469897,0.731430092916139
272,7,0.697230197314324,0.709628011569373
272,8,0.67274901386593,0.684711515413202
272,9,0.645755563122736,0.657238080025473
272,10,0.616809828885611,0.627777646571461
272,11,0.586454574316286,0.596882629368124
272,12,0.555196100728003,0.565068332536762
272,13,0.523492626759389,0.532801122540912
272,14,0.491748256969691,0.500492289534027
272,15,0.460310967911168,0.468495997621165
272,16,0.429473404289533,0.437110095176381
272,17,0.399475566199465,0.406578849861373
272,18,0.370508695514761,0.37709690412157
272,19,0.34271984743692,0.348813928023803
272,20,0.316216771797884,0.321839587356049
272,21,0.291072835942918,0.296248554046654
272,22,0.267331803333512,0.272085369738069
272,23,0.24501234460807,0.249369037061073
272,24,0.224112204905634,0.228097261059845
272,25,0.204611986154533,0.208250298735474
272,26,0.186478528442882,0.189794400542363
272,27,0.169667892666155,0.172684846071821
272,28,0.15412795909401,0.156868588825363
272,29,0.139800664663899,0.142286533290805
272,30,0.126623906756793,0.128875472570016
272,31,0.114533143774616,0.116569717417058
272,32,0.103462723669986,0.105302448391209
272,33,0.0933469711798099,0.095006822423225
272,34,0.0841210632716798,0.0856168638285071
272,35,0.0757217205197844,0.0770681679767265
272,36,0.0680877400061297,0.0692984436688421
273,0,0.760987033730437,0.78716022588405
273,1,0.760234742612158,0.786382060658695
273,2,0.755756263551073,0.781749549941582
273,3,0.74562131869435,0.771266026400277
273,4,0.729238441718607,0.754319680970922
273,5,0.70685299397533,0.731164313900167
273,6,0.679195453242096,0.702555526830239
273,7,0.647240130759933,0.669501141212195
273,8,0.612044256743283,0.633094749364333
273,9,0.574644880553806,0.594409068657111
273,10,0.535996769517347,0.554431704438015
273,11,0.49693885930667,0.51403044651739
273,12,0.45818012091348,0.473938650052732
273,13,0.420298207765263,0.434753836134821
273,14,0.383746120793618,0.39694458609269
273,15,0.34886352618029,0.360862248499307
273,16,0.315890393896071,0.326755046790868
273,17,0.284981382900203,0.294782959227049
273,18,0.256219948670316,0.265032311631697
273,19,0.229631542541789,0.237529430706866
273,20,0.205195549890909,0.212252992814784
273,21,0.182855805773747,0.189144901288895
273,22,0.16252965519463,0.168119658318884
273,23,0.14411560805266,0.149072283179445
273,24,0.127499689003326,0.131884880487406
273,25,0.112560609665611,0.116431990300395
273,26,0.099173901970284,0.102584863626447
273,27,0.0872151522349441,0.0902148077309934
273,28,0.0765624695729668,0.0791957394436309
273,29,0.0670983122188585,0.0694060742976397
273,30,0.0587107831948918,0.0607300667594437
273,31,0.0512944937678143,0.0530587033828271
273,32,0.0447510802258304,0.0462902373598103
273,33,0.0389894472027551,0.0403304402136325
273,34,0.0339257994186811,0.0350926346310989
273,35,0.0294835134653178,0.0304975618381377
273,36,0.0255928922002977,0.0264731275468074
274,0,0.761296718781199,0.814395981053232
274,1,0.760716835935012,0.813775652280277
274,2,0.757215927812949,0.810030561260826
274,3,0.74916703673783,0.801420272549736
274,4,0.735943786439324,0.787274721105872
274,5,0.717578135826813,0.767628094922847
274,6,0.694512053491288,0.742953189213589
274,7,0.667420245082516,0.713971769297724
274,8,0.637086226582787,0.681522000178892
274,9,0.604318092405014,0.646468339598673
274,10,0.569893505766645,0.609642691574614
274,11,0.534525922016474,0.571808273856625
274,12,0.498845988987937,0.533639720983825
274,13,0.463393568055487,0.495714548822019
274,14,0.428616977785101,0.458512345459999
274,15,0.394876952350918,0.422419005719584
274,16,0.362453487518198,0.387734054635253
274,17,0.331554264113321,0.354679658448068
274,18,0.302323728970061,0.323410338933835
274,19,0.274852205088696,0.294022718981645
274,20,0.249184618753846,0.266564858414605
274,21,0.225328589328016,0.241044908033908
274,22,0.203261741198893,0.217438931563077
274,23,0.18293817767486,0.195697831087627
274,24,0.164294111843189,0.17575337065686
274,25,0.14725268597415,0.157523331833915
274,26,0.131728033923012,0.140915859443994
274,27,0.117628653932762,0.125833069624821
274,28,0.10486016514311,0.112173998597872
274,29,0.0933275221273234,0.0998369716656998
274,30,0.0829367595202529,0.0887214695250574
274,31,0.073596334458991,0.0787295643407047
274,32,0.0652181289985556,0.0697669920780258
274,33,0.0577181685092821,0.0617439210075227
274,34,0.0510171057443658,0.0545754695353158
274,35,0.0450405140799026,0.0481820198962219
274,36,0.0397190275669727,0.0424893679742521
275,0,0.762158994855189,0.79048923893007
275,1,0.761845388049533,0.790163975032642
275,2,0.759897591049982,0.788143776388843
275,3,0.755274240847175,0.783348571441064
275,4,0.747426289948313,0.775208904029042
275,5,0.736161044190708,0.76352491734726
275,6,0.721536598752001,0.748356866031648
275,7,0.703780622761188,0.729940881909982
275,8,0.683228560559885,0.708624878139616
275,9,0.660277239253849,0.684820432303357
275,10,0.635350630831902,0.658967275870668
275,11,0.608875140487422,0.631507663960315
275,12,0.58126230397334,0.602868429538021
275,13,0.552897195147053,0.573448960057745
275,14,0.524131186400763,0.543613688789667
275,15,0.495277982821198,0.513687981565496
275,16,0.466612076824871,0.483956533970913
275,17,0.438368952932039,0.454663583731186
275,18,0.410746519960439,0.426014396141049
275,19,0.383907366610043,0.398177603491882
275,20,0.357981531445907,0.371288078017714
275,21,0.333069554026774,0.345450096437459
275,22,0.309245633969231,0.320740616444777
275,23,0.286560772044386,0.297212534562581
275,24,0.265045804413011,0.274897833163876
275,25,0.244714269815933,0.253810554238593
275,26,0.225565071587035,0.233949560356393
275,27,0.207584913084999,0.215301060625944
275,28,0.190750497637693,0.197840892413533
275,29,0.17503049324654,0.181536559077547
275,30,0.160387268825772,0.166349030745541
275,31,0.146778413233456,0.152234319809246
275,32,0.13415805125452,0.139144845824035
275,33,0.12247797239467,0.127030606261304
275,34,0.111688589136605,0.115840170384059
275,35,0.101739741432669,0.105521513643401
275,36,0.0925813638477545,0.0960227096198274
276,0,0.76980275875339,0.782544162740458
276,1,0.768920491396402,0.781647292519695
276,2,0.763713077421861,0.776353687940582
276,3,0.752041792616211,0.76448922565789
276,4,0.733361238803097,0.74549948032769
276,5,0.708089710672555,0.719809670051988
276,6,0.67717759382074,0.688385910750954
276,7,0.641818687274765,0.652441760637428
276,8,0.603263539003059,0.613248466146674
276,9,0.562704611581568,0.57201822692007
276,10,0.521211171318726,0.529838007246282
276,11,0.47969784626285,0.487637573655954
276,12,0.438915310932548,0.446180025470279
276,13,0.399454900682323,0.406066485541346
276,14,0.361761421942514,0.367749122520997
276,15,0.326150224642865,0.331548505858923
276,16,0.292825906612026,0.297672619788353
276,17,0.261900953386169,0.266235811651805
276,18,0.23341327671056,0.237276620691465
276,19,0.207342073591589,0.210773899592609
276,20,0.183621739563164,0.186660958035661
276,21,0.162153775649072,0.16483766673686
276,22,0.142816758672224,0.145180592781253
276,23,0.125474521515014,0.127551315278777
276,24,0.109982730137702,0.111803111242278
276,25,0.0961940595960776,0.0977862172761236
276,26,0.0839621705968025,0.0853518719495716
276,27,0.073144677428567,0.0743553328516917
276,28,0.0636052817095843,0.0646580456556183
276,29,0.0552152272485955,0.056129123059714
276,30,0.0478542113994527,0.0486462712264535
276,31,0.0414108688666126,0.0420962815956335
276,32,0.0357829257594556,0.0363751874885235
276,33,0.0308771052179908,0.0313881681715333
276,34,0.0266088513244509,0.027049268198126
276,35,0.0229019253002949,0.0232809869222684
276,36,0.0196879170921221,0.0200137820003498
277,0,0.761353086582728,0.77270542552641
277,1,0.761064742341073,0.77241278185835
277,2,0.759267813961212,0.770589059944207
277,3,0.754986405505714,0.766243812514652
277,4,0.747690670131186,0.758839292317058
277,5,0.737177093941435,0.748168950912166
277,6,0.723474818198846,0.734262364080188
277,7,0.706772956971669,0.717311465720328
277,8,0.687364774124561,0.697613892478876
277,9,0.665605335541079,0.675530004534937
277,10,0.641879875050736,0.651450779840012
277,11,0.61658062710893,0.625774301356008
277,12,0.590090303805528,0.598888987693772
277,13,0.562770743325408,0.571162072313766
277,14,0.534955544181696,0.542932127930257
277,15,0.506945734966048,0.514504671694366
277,16,0.47900772185756,0.486150082098819
277,17,0.45137291309607,0.458103217851861
277,18,0.424238547227785,0.430564258472645
277,19,0.397769355316346,0.403700391287093
277,20,0.372099770764278,0.377648054199421
277,21,0.347336467470301,0.352515511695264
277,22,0.32356106071476,0.3283855959993
277,23,0.300832847870208,0.305318488651864
277,24,0.279191499806422,0.283354452044815
277,25,0.258659640375214,0.262516447368366
277,26,0.239245272002934,0.242812596370976
277,27,0.220944021325159,0.224238460478117
277,28,0.20374119090279,0.206779123100976
277,29,0.187613612126625,0.190411070169212
277,30,0.172531301073388,0.175103870677027
277,31,0.158458923829117,0.160821663855605
277,32,0.145357081058821,0.147524462896662
277,33,0.133183423708692,0.135169287290605
277,34,0.121893612947984,0.123711137081847
277,35,0.111442138007844,0.113103822902236
277,36,0.10178300562612,0.103300665695984
278,0,0.76627813574723,0.786532226456905
278,1,0.765786465911488,0.786027560915051
278,2,0.762792665692909,0.782954629244894
278,3,0.755843182776844,0.775821459165121
278,4,0.744313125083429,0.76398664158947
278,5,0.728139317023869,0.747385331086245
278,6,0.707622543260874,0.726326262590463
278,7,0.683283053713621,0.701343437149727
278,8,0.655756803238299,0.67308961903543
278,9,0.625722610443015,0.642261569235893
278,10,0.593852576678926,0.609549153933477
278,11,0.560779817211435,0.57560222275336
278,12,0.527078910038174,0.541010540809108
278,13,0.493255535047389,0.506293154005624
278,14,0.459742614747856,0.471894427761712
278,15,0.426900924049787,0.438184672908571
278,16,0.395022647886714,0.405463797345939
278,17,0.364336761856063,0.373966828902549
278,18,0.335015416595622,0.343870468462984
278,19,0.307180740574803,0.315300072568793
278,20,0.280911653755306,0.288336647176287
278,21,0.25625041842963,0.263023571645342
278,22,0.233208753225102,0.239372874347395
278,23,0.211773409490178,0.217370956445539
278,24,0.191911162161625,0.196983714679166
278,25,0.173573204550282,0.178161052311725
278,26,0.156698962047999,0.160840793640697
278,27,0.141219356491474,0.144952034644363
278,28,0.127059563107016,0.130417972797502
278,29,0.114141307370842,0.117158264641789
278,30,0.102384751109381,0.105090961739069
278,31,0.0917100167673338,0.0941340752285347
278,32,0.0820383967691286,0.0842068171537425
278,33,0.0732932918757232,0.0752305636218549
278,34,0.0654009188241599,0.0671295811473631
278,35,0.0582908236442101,0.0598315535366013
278,36,0.0518962330967264,0.0532679426152376
279,0,0.76165776888985,0.808525366891033
279,1,0.760855828159943,0.807674079804685
279,2,0.756098924024328,0.802624465898535
279,3,0.745377436790058,0.791243246204103
279,4,0.728118254225576,0.772922042790756
279,5,0.704633983533187,0.747992698729305
279,6,0.675740553812742,0.717321350231787
279,7,0.6424976314826,0.682032868880531
279,8,0.606037694082822,0.643329417715127
279,9,0.567458316316322,0.60237610923834
279,10,0.527758836430201,0.560233774647447
279,11,0.487807573865648,0.51782416426581
279,12,0.448329535491114,0.475916897295459
279,13,0.409907368344931,0.435130473185462
279,14,0.372990416458783,0.395941885754978
279,15,0.337908291468948,0.358701028854029
279,16,0.304886504833025,0.323647290487884
279,17,0.274062535986889,0.29092660970669
279,18,0.245501304055321,0.260607900347251
279,19,0.219209430500731,0.232698191314857
279,20,0.195147971715614,0.207156142658903
279,21,0.173243498331559,0.183903806632433
279,22,0.153397527736004,0.162836640626279
279,23,0.135494397267919,0.143831864831364
279,24,0.119407712163271,0.126755306949924
279,25,0.105005525138603,0.11146690049787
279,26,0.0921544112906586,0.0978250104479435
279,27,0.0807225983671784,0.0856897561175656
279,28,0.0705823024434875,0.0749254905681762
279,29,0.061611405446213,0.0654025813531426
279,30,0.0536945957467219,0.0569986212960987
279,31,0.0467240775078948,0.0495991814864282
279,32,0.0405999394496373,0.0430982027362725
279,33,0.0352302597104818,0.0373981068946506
279,34,0.03053101080126,0.0324096959525831
279,35,0.0264258173886487,0.0280518949221701
279,36,0.0228456098210669,0.0242513840426655
280,0,0.762145903260707,0.791819189562986
280,1,0.76168328689453,0.7913385617533
280,2,0.75885891399757,0.788404225101058
280,3,0.752283126759963,0.781572417045744
280,4,0.741339668968656,0.770202888137623
280,5,0.725941313871347,0.754205015549723
280,6,0.706347669879945,0.73384851525302
280,7,0.683031109104366,0.709624150629755
280,8,0.656579710360526,0.68214289667753
280,9,0.627628468671974,0.652064471230914
280,10,0.596811909619772,0.620048104404774
280,11,0.564732750567124,0.586719979679237
280,12,0.531942446098438,0.552653021897484
280,13,0.498930402310962,0.518355691628065
280,14,0.466119392820786,0.484267222698295
280,15,0.433865298127264,0.450757351411122
280,16,0.402459751367728,0.418129065309305
280,17,0.372134633357874,0.386623273225095
280,18,0.34306763899866,0.356424588408873
280,19,0.315388352404601,0.327667640185676
280,20,0.289184432927985,0.30044350082525
280,21,0.264507639395761,0.274805944325763
280,22,0.24137951395036,0.250777351548529
280,23,0.219796616752457,0.228354148727981
280,24,0.199735253912752,0.207511719480112
280,25,0.181155677687272,0.188208768527621
280,26,0.164005763602424,0.170391141989656
280,27,0.148224186448928,0.15399512702947
280,28,0.133743128092771,0.138950265090924
280,29,0.120490556427165,0.125181719578849
280,30,0.108392117794704,0.112612241960526
280,31,0.0973726858141593,0.101163780894279
280,32,0.0873576084920724,0.0907587778959588
280,33,0.0782736933454218,0.0813211908162321
280,34,0.0700499674262158,0.0727772834558769
280,35,0.062618245930372,0.0650562163128
280,36,0.0559135397147084,0.0580904699652419
281,0,0.763513200965971,0.780321496006365
281,1,0.76303857126482,0.779836417610887
281,2,0.760144135324872,0.776878262362362
281,3,0.753413810158012,0.769999773036744
281,4,0.742227788032538,0.758567497198858
281,5,0.726508839397133,0.742502505134139
281,6,0.706533680640302,0.72208760497999
281,7,0.682794583827419,0.697825905882407
281,8,0.655899537350958,0.670338780741517
281,9,0.626501770286279,0.640293839087418
281,10,0.595251450305658,0.608355561652131
281,11,0.562763953719368,0.575152871894255
281,12,0.529600366499331,0.541259207764104
281,13,0.496256871781296,0.507181675577969
281,14,0.463160464779005,0.473356670598632
281,15,0.430669052669906,0.440149979120011
281,16,0.399074479038608,0.407859869491957
281,17,0.368607387455399,0.376722062767601
281,18,0.339443128890491,0.346915770165858
281,19,0.311708140712877,0.318570212500197
281,20,0.285486395247042,0.291771210696545
281,21,0.260825644649705,0.26656756814733
281,22,0.237743285300248,0.242977064203014
281,23,0.21623173618927,0.220991950962725
281,24,0.19626327765948,0.200583898537183
281,25,0.177794333820353,0.181708371738207
281,26,0.160769207578883,0.164308447333974
281,27,0.145123294290864,0.148318098446953
281,28,0.13078581071533,0.133664983584665
281,29,0.117682081936922,0.120272783907315
281,30,0.105735431509276,0.108063134981571
281,31,0.0948687202644335,0.0969571994659611
281,32,0.0850055777866421,0.0868769256948503
281,33,0.076071368033846,0.0777460345575178
281,34,0.0679939274303764,0.0694907738395268
281,35,0.0607041102601307,0.0620404756224139
281,36,0.0541361725836608,0.0553279486524867
282,0,0.774083949336263,0.788888551085276
282,1,0.773327087559868,0.788117214086667
282,2,0.768818605165023,0.783522505531979
282,3,0.7586086355958,0.773117267047192
282,4,0.742092671681098,0.756285430069281
282,5,0.719509088422463,0.733269928597515
282,6,0.69158653428239,0.704813346728005
282,7,0.659301596508088,0.671910949249687
282,8,0.623716834605924,0.635645617457465
282,9,0.585876716476097,0.597081795032351
282,10,0.546744685646294,0.557201351665946
282,11,0.507168928560607,0.516868695637875
282,12,0.46786770535656,0.476815824039252
282,13,0.429427595903487,0.437640535265992
282,14,0.392309881939167,0.39981293321583
282,15,0.3568616811457,0.363686774306946
282,16,0.32332948253134,0.32951326172828
282,17,0.291873491581213,0.297455664945819
282,18,0.262581745418736,0.267603704820966
282,19,0.235483354258253,0.239987048310177
282,20,0.210560505226406,0.214587541863221
282,21,0.187759058315101,0.191350010027132
282,22,0.166997694685993,0.170191578714915
282,23,0.148175662068012,0.151009568736268
282,24,0.131179213570862,0.133688057755438
282,25,0.115886864580397,0.118103237726392
282,26,0.102173604694772,0.104127707383588
282,27,0.0899142031820359,0.0916338409174924
282,28,0.0789857410250218,0.0804963684456379
282,29,0.0692694930170492,0.0705942941040021
282,30,0.060652271520215,0.0618122655051048
282,31,0.0530273307339317,0.0540414953009689
282,32,0.0462949175402612,0.0471803225635467
282,33,0.0403625427689952,0.0411344892378308
282,34,0.0351450354037149,0.0358171953846228
282,35,0.0305644320123338,0.0311489864963989
282,36,0.0265497446020885,0.0270575169124548
283,0,0.773466510954206,0.80229860618448
283,1,0.772625716536457,0.801426469925322
283,2,0.767647581425121,0.79626276754822
283,3,0.756450881689381,0.784648694456978
283,4,0.738465255284613,0.765992627527721
283,5,0.714045295328648,0.740662377855268
283,6,0.684065691874124,0.70956524084302
283,7,0.649647904591572,0.673864480210631
283,8,0.611981388014377,0.634793889148548
283,9,0.572211919690642,0.593541955738441
283,10,0.53137679480303,0.551184641857737
283,11,0.490372087887528,0.508651424531075
283,12,0.449941260878575,0.466713479323658
283,13,0.410677439606526,0.425986041698494
283,14,0.373033936944396,0.386939322428812
283,15,0.337339261456906,0.349914075716462
283,16,0.30381406246959,0.315139175913239
283,17,0.272588338237728,0.282749467149485
283,18,0.243717858952677,0.252802798531991
283,19,0.217199195693989,0.225295613322287
283,20,0.192983049307411,0.200176774668055
283,21,0.170985776606165,0.177359521460418
283,22,0.151099143014504,0.156731584521548
283,23,0.133198411478306,0.138163577041229
283,24,0.117148922461091,0.121515819851846
283,25,0.102811340362714,0.10664378341501
283,26,0.0900457459175371,0.093402332769853
283,27,0.0787147479311285,0.081648955264265
283,28,0.0686857752737992,0.0712461379858399
283,29,0.0598326942769027,0.0620630454489881
283,30,0.0520368795586421,0.0539766303373411
283,31,0.0451878491517753,0.046872292306771
283,32,0.0391835584441232,0.0406441828829605
283,33,0.03393043235981,0.0351952388422465
283,34,0.0293432016523057,0.0304370124022458
283,35,0.0253445972356502,0.0262893541588294
283,36,0.0218649461277639,0.022679993967628
284,0,0.772447722128083,0.77883701949849
284,1,0.771734167431994,0.778117562638393
284,2,0.767470205032101,0.773818330895387
284,3,0.757779550669208,0.76404752033465
284,4,0.742046377809849,0.748184210616707
284,5,0.720453909677517,0.726413140495003
284,6,0.693658045596836,0.699395634562058
284,7,0.66256100266664,0.668041372600815
284,8,0.628158366641963,0.633354175348768
284,9,0.591439441980962,0.596331530290827
284,10,0.553325790338976,0.557902621774832
284,11,0.514636680069556,0.51889349472832
284,12,0.4760730964431,0.480010932617755
284,13,0.438214187234287,0.441838873635662
284,14,0.401521700724726,0.404842885412195
284,15,0.366349237767368,0.369379493607943
284,16,0.332954083611505,0.335708111605819
284,17,0.301510084309779,0.304004023425199
284,18,0.27212054536103,0.274371389055823
284,19,0.244830502122641,0.246855616364804
284,20,0.219637977390876,0.221454711793974
284,21,0.196504028222624,0.198129410283869
284,22,0.175361512069877,0.17681201391724
284,23,0.156122587233017,0.157413954412301
284,24,0.138685016334502,0.139832148735566
284,25,0.122937372871357,0.123954248720312
284,26,0.10876326657734,0.109662901378806
284,27,0.0960447082489454,0.0968391415604527
284,28,0.0846647324887675,0.0853650363891614
284,29,0.0745093901276382,0.0751256941657958
284,30,0.0654692127876256,0.0660107410452974
284,31,0.0574402414656411,0.0579153581282172
284,32,0.0503247000605204,0.0507409605588715
284,33,0.0440313840375581,0.0443955894047142
284,34,0.0384758243037594,0.0387940768870812
284,35,0.0335802770752022,0.0338580361647404
284,36,0.0292735821633154,0.0295157184479861
285,0,0.762883237951935,0.793102526780837
285,1,0.762256542041733,0.792451006226736
285,2,0.758487859484713,0.788533038823714
285,3,0.749861605555203,0.77956508219838
285,4,0.735753961563937,0.764898606989887
285,5,0.716249402591931,0.744621434501508
285,6,0.691865143373608,0.719271267349259
285,7,0.663356568944577,0.689633412839197
285,8,0.631582945767453,0.656601174649758
285,9,0.597417571566553,0.621082443526642
285,10,0.56169030643028,0.583939951930396
285,11,0.525153363196718,0.545955709312639
285,12,0.488463503786708,0.507812493211271
285,13,0.452175534296412,0.470087086670994
285,14,0.41674332948616,0.433251343314161
285,15,0.382525636971571,0.397678221447194
285,16,0.349794683996643,0.363650731764696
285,17,0.318746191024113,0.3313723475976
285,18,0.289509830348876,0.300977877812609
285,19,0.262159488820051,0.272544136060641
285,20,0.236722928301044,0.246099983906509
285,21,0.213190606511054,0.221635501081109
285,22,0.191523540500099,0.19911016044399
285,23,0.17166017765983,0.17845997116827
285,24,0.153522294430573,0.159603611106934
285,25,0.137019978047689,0.14244760587586
285,26,0.122055767341548,0.126890633678931
285,27,0.108528038969436,0.112827045675176
285,28,0.0963337286671578,0.100149695024438
285,29,0.0853704755061148,0.0887521660826517
285,30,0.0755382724509388,0.0785304903412669
285,31,0.0667406999832874,0.0693844289172886
285,32,0.0588858120810669,0.0612183936278571
285,33,0.051886736041752,0.0539420705737365
285,34,0.0456620399355829,0.0474708021480477
285,35,0.0401359141430708,0.0417257757648278
285,36,0.0352382066373803,0.0366340605390158
286,0,0.765205891715149,0.79044761746274
286,1,0.764550565241607,0.789770673838443
286,2,0.760618422750001,0.785708822384257
286,3,0.751640421449283,0.776434665174329
286,4,0.736994960821854,0.761306097053077
286,5,0.716798908731826,0.740443840986368
286,6,0.691615331484163,0.714429537058329
286,7,0.662248402502508,0.684093885834164
286,8,0.629602885586298,0.650371496413692
286,9,0.594590971046847,0.614204649385781
286,10,0.558073415548667,0.576482495058924
286,11,0.520825160011368,0.538005537206303
286,12,0.48351808080068,0.499467815273079
286,13,0.446715430619912,0.461451161890421
286,14,0.410873975476825,0.424427410334158
286,15,0.37635093392314,0.388765562667888
286,16,0.343413653800546,0.35474178569428
286,17,0.312250582135601,0.322550742712156
286,18,0.282982544170781,0.292317244607162
286,19,0.255673685639706,0.264107553078086
286,20,0.230341677685704,0.237939922183469
286,21,0.206966959042727,0.213794145392874
286,22,0.185500912801422,0.191620002078644
286,23,0.165872958757222,0.171344583818166
286,24,0.147996597293857,0.152878537646008
286,25,0.131774474838654,0.136121298602589
286,26,0.11710256006593,0.120965403697335
286,27,0.103873528674416,0.107299988339223
286,28,0.0919794560397123,0.0950135678113337
286,29,0.0813139137884225,0.0839962030043485
286,30,0.0717735601386618,0.0741411432173645
286,31,0.063259305981368,0.0653460307045476
286,32,0.0556771300396834,0.0575137427240481
286,33,0.0489386076587714,0.0505529377709231
286,34,0.0429612092564715,0.0443783638727357
286,35,0.0376684164643297,0.0389109785617117
286,36,0.0329896966571232,0.0340779225640734
287,0,0.768158380237195,0.793360385359664
287,1,0.767364573177545,0.79254053480417
287,2,0.762650848427117,0.787672160546084
287,3,0.752013800162054,0.776686128332189
287,4,0.734869270689097,0.758979115222112
287,5,0.711511778474269,0.734855302345308
287,6,0.682738184496762,0.705137694370858
287,7,0.649591413987187,0.670903433180106
287,8,0.613191057297737,0.633308841031735
287,9,0.574626080410283,0.593478611079196
287,10,0.534891273023349,0.552440170424606
287,11,0.49485391067237,0.511089248478342
287,12,0.45524076515901,0.470176461222043
287,13,0.416638342863878,0.430307557339974
287,14,0.379501278824147,0.391952087692438
287,15,0.344165332377775,0.355456827325578
287,16,0.310862546163474,0.321061431813041
287,17,0.279736943082639,0.288914649209253
287,18,0.250859721176698,0.259090013445545
287,19,0.224243322077953,0.231600374343585
287,20,0.199854038761642,0.206410919006914
287,21,0.177623026111931,0.183450543625388
287,22,0.157455708469055,0.162621569668374
287,23,0.139239660719666,0.143807883540621
287,24,0.12285108769755,0.1268816285614
287,25,0.108160051093077,0.111708603360192
287,26,0.0950346013732169,0.0981525293581724
287,27,0.0833439699469011,0.0860783476632258
287,28,0.0729609679626491,0.0753546965681578
287,29,0.0637637255182119,0.0658557078209259
287,30,0.0556368906518678,0.0574622449528567
287,31,0.0484723925938611,0.0500626915711001
287,32,0.0421698592450343,0.0435533825340453
287,33,0.0366367652480803,0.037838756880545
287,34,0.0317883746215428,0.032831298581833
287,35,0.0275475308726051,0.0284513197682602
287,36,0.0238443378178296,0.0246266310782914
288,0,0.758718508093005,0.802596424525138
288,1,0.757634163086514,0.80144937009602
288,2,0.751321061140115,0.794771171270243
288,3,0.737388333291823,0.780032691273192
288,4,0.715438138033446,0.756813080779859
288,5,0.686213211477323,0.725898029531263
288,6,0.651033094393166,0.6886833894705
288,7,0.611432698770994,0.646792839026408
288,8,0.568940759694334,0.601843522500855
288,9,0.524953340985594,0.555312240341337
288,10,0.480670502857057,0.508468454179957
288,11,0.437073688520466,0.462350365674141
288,12,0.394928242610974,0.4177675805751
288,13,0.354800412496568,0.375319093250435
288,14,0.317081710019431,0.335419057304341
288,15,0.282016003887126,0.298325444765516
288,16,0.249726453105619,0.264168537124108
288,17,0.220240588076525,0.232977456909309
288,18,0.193512652198149,0.204703801341265
288,19,0.169442846061057,0.179241999449547
288,20,0.147893451164024,0.15644636824963
288,21,0.128702010382648,0.136145055459288
288,22,0.111691851317131,0.118151171428567
288,23,0.0966802868925298,0.102271463993992
288,24,0.0834848369004036,0.0883128998220176
288,25,0.0719277996835111,0.0760875004816277
288,26,0.0618394752406066,0.0654157519464882
288,27,0.0530603066178381,0.0561288698264682
288,28,0.0454421700843889,0.0480701641562208
288,29,0.0388490090909796,0.0410957100165305
288,30,0.0331569740345861,0.0350744953818493
288,31,0.0282542002594317,0.0298881862827279
288,32,0.0240403308456203,0.0254306219965456
288,33,0.0204258685703196,0.0216071295315618
288,34,0.0173314227676351,0.0183337269314806
288,35,0.0146869013463503,0.0155362685662721
288,36,0.0124306855831473,0.0131495722023526
289,0,0.767938630504428,0.792199603931673
289,1,0.767334564278529,0.791576453844027
289,2,0.763693708023115,0.78782057444307
289,3,0.755338704275897,0.779201616629935
289,4,0.741638828262929,0.765068929563187
289,5,0.72264792731721,0.745478061738734
289,6,0.69884278966052,0.72092086423093
289,7,0.670937231285628,0.692133704145546
289,8,0.639752825048696,0.659964109742521
289,9,0.606131612305437,0.625280724429014
289,10,0.570879588214451,0.588915006631584
289,11,0.534732439650248,0.551625885289932
289,12,0.498337100840487,0.514080732793681
289,13,0.462244304704987,0.476847681000794
289,14,0.426908549351533,0.440395586674916
289,15,0.392692850072491,0.405098933608645
289,16,0.359876371410418,0.371245705803906
289,17,0.328663581886948,0.339046831420085
289,18,0.299193985568129,0.308646221782228
289,19,0.271551791002974,0.280130745783926
289,20,0.245775103692021,0.253539712767402
289,21,0.221864392236208,0.228873606137791
289,22,0.199790095568212,0.206101930924669
289,23,0.179499320725301,0.185170123153178
289,24,0.160921636405525,0.166005526432179
289,25,0.143974003917746,0.148522478684497
289,26,0.128564909338377,0.132626574848141
289,27,0.114597772714203,0.118218183783789
289,28,0.101973715014377,0.105195302641263
289,29,0.0905937634924401,0.0934558318940785
289,30,0.0803605728446898,0.0828993508732186
289,31,0.0711797342711202,0.0734284681843702
289,32,0.062960738145476,0.0649498147909675
289,33,0.0556176491093122,0.0573747404360508
289,34,0.0490695454552213,0.0506197669066336
289,35,0.0432407679458082,0.0446068447134502
289,36,0.0380610169105188,0.0392634532553
290,0,0.7686538981431,0.774373850284879
290,1,0.768145651258419,0.773861821271644
290,2,0.765055424019686,0.770748598049992
290,3,0.757893872518607,0.7635337537315
290,4,0.74603193468103,0.751583545065005
290,5,0.729420778653079,0.734848776813491
290,6,0.70838506627357,0.713656526792829
290,7,0.683472488359655,0.688558561471473
290,8,0.655346202348327,0.6602229731847
290,9,0.624709725194874,0.62935851412218
290,10,0.592256153213192,0.596663438286796
290,11,0.558635415382694,0.562792511116432
290,12,0.524434714193003,0.528337304778855
290,13,0.490168446328116,0.49381604385046
290,14,0.456274787225998,0.459670164459807
290,15,0.423116819316977,0.426265450921815
290,16,0.390986624120402,0.39389615828584
290,17,0.360111175887862,0.362790949836546
290,18,0.3306591951428,0.333119801634259
290,19,0.302748365053727,0.305001272588956
290,20,0.276452498638297,0.27850972499922
290,21,0.251808383476413,0.25368222020041
290,22,0.228822133331712,0.230524917451846
290,23,0.207474951075075,0.209018879745227
290,24,0.187728261055192,0.189125244367823
290,25,0.169528206658008,0.170789753930594
290,26,0.152809534216024,0.153946669179673
290,27,0.137498900764319,0.138522101367112
290,28,0.123517652788121,0.124436811676562
290,29,0.110784127910106,0.111608530038613
290,30,0.0992155328332483,0.0999538470483954
290,31,0.0887294498553477,0.0893897316908592
290,32,0.0792450217067147,0.0798347249954532
290,33,0.0706838609286968,0.0712098561818075
290,34,0.0629707259438271,0.0634393237608705
290,35,0.0560340016817735,0.0564509797374451
290,36,0.0498060183387898,0.050176650741694
291,0,0.769364366336886,0.788575491262755
291,1,0.768466490660435,0.787655195517812
291,2,0.763172681905505,0.782229199692913
291,3,0.751322218689411,0.770082828920875
291,4,0.73237856022398,0.750666144922606
291,5,0.70678336229122,0.724431831680504
291,6,0.67551490103133,0.692382593012943
291,7,0.639793685886295,0.655769414636074
291,8,0.600892868787795,0.615897239245331
291,9,0.560022240772397,0.574006066511517
291,10,0.518263009754411,0.531204102246456
291,11,0.476536837160408,0.488436021878379
291,12,0.435597286490602,0.446474205482814
291,13,0.396035295005561,0.405924346097997
291,14,0.35829282029007,0.367239437045154
291,15,0.322680665225905,0.330738041993083
291,16,0.289397822118568,0.296624122110164
291,17,0.258550631584228,0.265006673351117
291,18,0.230170724303869,0.235918116219006
291,19,0.204231179218934,0.209330857433059
291,20,0.18066064667484,0.18517176572885
291,21,0.159355391583055,0.163334515739647
291,22,0.140189341164248,0.143689886632976
291,23,0.12302229733119,0.126094179557747
291,24,0.107706512160052,0.110395957305905
291,25,0.0940918384344109,0.0964413234661581
291,26,0.0820296647214384,0.0840779557595246
291,27,0.071375832084708,0.0731580955828159
291,28,0.0619927116950883,0.0635406774977393
291,29,0.0537506022335487,0.0550927615270261
291,30,0.0465285850520537,0.0476904096688017
291,31,0.0402149548213249,0.0412191272976758
291,32,0.0347073245928829,0.0355739708501968
291,33,0.0299124872334555,0.0306594057992599
291,34,0.0257461002114881,0.0263889835696969
291,35,0.0221322477314554,0.0226848927390266
291,36,0.0190029231278188,0.0194774285067245
292,0,0.779874410441576,0.798009881348621
292,1,0.779063027903555,0.79717963063873
292,2,0.774246808109239,0.792251412793457
292,3,0.763383221214311,0.781135200268758
292,4,0.745881408426768,0.763226394236688
292,5,0.722047932269673,0.738838686131893
292,6,0.692701301618338,0.708809618719881
292,7,0.658909767734334,0.674232284748769
292,8,0.621818248070468,0.636278225980201
292,9,0.582538905812751,0.596085468229907
292,10,0.542086507204489,0.554692375468512
292,11,0.501344672643418,0.513003116109949
292,12,0.461052902252293,0.471774386870144
292,13,0.421807079919342,0.43161592852861
292,14,0.384068264554102,0.392999521619194
292,15,0.348176135666685,0.356272744677532
292,16,0.314364605001819,0.321674948913459
292,17,0.282777938758039,0.289353755341887
292,18,0.253486333957551,0.259380993371004
292,19,0.226500317388814,0.23176743458287
292,20,0.201783631531875,0.206475978312547
292,21,0.179264473305221,0.18343315174468
292,22,0.158845084197628,0.162538923057608
292,23,0.140409773748054,0.143674911484053
292,24,0.123831506845804,0.126711127794651
292,25,0.108977209616236,0.111511403568577
292,26,0.0957119565612426,0.0979376757032387
292,27,0.0839021988194314,0.0858532897455529
292,28,0.0734181839711411,0.075125475967942
292,29,0.0641357046128356,0.0656271386046887
292,30,0.0559372979534173,0.0572380833440785
292,31,0.048713003281743,0.0498457924103293
292,32,0.0423607691896399,0.0433458412563125
292,33,0.0367865884403228,0.0376420365682479
292,34,0.0319044256430316,0.0326463422584614
292,35,0.0276359915615937,0.0282786485256411
292,36,0.023910407968012,0.0244664289148128
293,0,0.767839778216497,0.805384099236078
293,1,0.766950802576674,0.804451656211852
293,2,0.761706963949291,0.798951414665023
293,3,0.749962041819599,0.786632212406458
293,4,0.731176739697072,0.766928383485312
293,5,0.705781380989509,0.740291292417987
293,6,0.674739728764919,0.707731826465636
293,7,0.639257776557478,0.67051494746504
293,8,0.600595869496809,0.629962626425967
293,9,0.559953471669863,0.587332976473891
293,10,0.518404134375475,0.543752041310016
293,11,0.476864386928678,0.500181164899261
293,12,0.436084864300306,0.457407685286607
293,13,0.396655386169683,0.416050261995329
293,14,0.359018202647945,0.376572769413679
293,15,0.323485446699731,0.3393026025708
293,16,0.290258152617431,0.304450625538971
293,17,0.259445143273377,0.27213098219755
293,18,0.231080754309791,0.242379687065535
293,19,0.20514082483444,0.215171397878852
293,20,0.18155669706206,0.190434099758734
293,21,0.160227173135909,0.168061646674447
293,22,0.141028506883238,0.147924241755993
293,23,0.123822584243576,0.129877017712903
293,24,0.108463485224213,0.11376691964333
293,25,0.0948026345890427,0.0994381075711542
293,26,0.0826927467777858,0.0867360942561197
293,27,0.0719907589594381,0.0755108216619651
293,28,0.0625599289609928,0.0656188614655438
293,29,0.0542712550318731,0.0569249042421094
293,30,0.0470043539699843,0.0493026805282491
293,31,0.0406479143024089,0.0426354361613191
293,32,0.0350998227370998,0.036816064914124
293,33,0.0302670453876667,0.031746983912066
293,34,0.0260653304909183,0.0273398218147536
293,35,0.0224187864995437,0.0235149762790878
293,36,0.0192593784551582,0.0202010857069465
294,0,0.770130190817245,0.803325812502731
294,1,0.768916862426537,0.802060184915447
294,2,0.761897940032551,0.794738719529109
294,3,0.746519050253711,0.778696939484275
294,4,0.722469292669571,0.753610543337059
294,5,0.690687228691837,0.720458548164874
294,6,0.652714675268918,0.680849229253614
294,7,0.610290917982033,0.636596842191966
294,8,0.565110612105642,0.589469088521175
294,9,0.518691004172717,0.541048614030747
294,10,0.472310335427544,0.492668757159277
294,11,0.42699099374881,0.445395974699568
294,12,0.383509364033848,0.400040116772939
294,13,0.342420282359947,0.357179935060481
294,14,0.304088188907869,0.317195578539352
294,15,0.26871998789572,0.280302869808256
294,16,0.23639661954516,0.246586237928802
294,17,0.207101692989295,0.216028585523661
294,18,0.180746412134263,0.18853728904022
294,19,0.157190588007382,0.16396611681307
294,20,0.13625987128038,0.142133204376355
294,21,0.117759529051994,0.122835425079551
294,22,0.101485181318949,0.105859589342314
294,23,0.0872309403874962,0.0909909349064744
294,24,0.0747953853508644,0.0780193588368184
294,25,0.0639857703990939,0.066743807225528
294,26,0.0546208212733119,0.0569751921845669
294,27,0.046532425836424,0.0485381552865767
294,28,0.0395664769874253,0.04127194681209
294,29,0.0335830816103398,0.0350306437049859
294,30,0.0284563092809351,0.0296828874474821
294,31,0.0240736195950055,0.0251112867040277
294,32,0.0203350772547933,0.0212115985748819
294,33,0.0171524391707763,0.0178917763484192
294,34,0.0144481773535672,0.0150709502758504
294,35,0.012154484760439,0.0126783905658476
294,36,0.0102122979843693,0.0106524879476647
295,0,0.763578562908544,0.787229848840286
295,1,0.762801796091097,0.786429022240396
295,2,0.758185110265089,0.781669337957082
295,3,0.74775648569209,0.770917694386913
295,4,0.730930438011504,0.753570472220655
295,5,0.707982842330993,0.729912091595084
295,6,0.679684482316518,0.700737210634877
295,7,0.647050843343657,0.6670927686303
295,8,0.611176197784617,0.630106932237688
295,9,0.573128084965991,0.590880307031274
295,10,0.53388442754062,0.550421106100807
295,11,0.49430018658856,0.509610772318714
295,12,0.455093979908936,0.469190182143374
295,13,0.416847736253517,0.429759289142819
295,14,0.380014437983806,0.391785106474956
295,15,0.344930474745839,0.355614443208377
295,16,0.311830213988079,0.321488926151363
295,17,0.280861185017852,0.289560654223329
295,18,0.252098844370878,0.259907421170842
295,19,0.225560297088484,0.232546861851339
295,20,0.201216633395561,0.207449171030632
295,21,0.179003735394082,0.18454824480583
295,22,0.158831538025602,0.163751228419362
295,23,0.140591810975183,0.144946539201666
295,24,0.124164577036521,0.128010483740474
295,25,0.109423307862063,0.112812614565468
295,26,0.0962390474376342,0.099219981344521
295,27,0.0844836124831792,0.0871004304144934
295,28,0.0740320112048799,0.0763250984524305
295,29,0.0647642101889458,0.0667702340975893
295,30,0.0565663656709086,0.0583184673583972
295,31,0.0493316212532274,0.0508596320387741
295,32,0.0429605602433448,0.0442912320870289
295,33,0.0373613876834994,0.0385186292639115
295,34,0.0324499051511297,0.0334550171624777
295,35,0.028149330672476,0.0290212355436472
295,36,0.0243900066508364,0.0251454692177512
296,0,0.768924656354745,0.805808934183082
296,1,0.768117663725136,0.804963231206354
296,2,0.763329904670431,0.799945809812577
296,3,0.752536617922547,0.788634783668772
296,4,0.735158131900611,0.770422675130804
296,5,0.711506418355736,0.745636420813572
296,6,0.682400667533394,0.715134506412833
296,7,0.648906184576404,0.680033338321101
296,8,0.612162348706937,0.641526950243836
296,9,0.573274102342294,0.600773287194585
296,10,0.53324806680326,0.558827256760098
296,11,0.492959397370006,0.516605994238004
296,12,0.453139268175563,0.474875747197516
296,13,0.41437570760481,0.43425275095138
296,14,0.377122612474115,0.395212675133552
296,15,0.341713327951857,0.358104855030171
296,16,0.308376323619308,0.323168719599921
296,17,0.277251326877326,0.290550698778467
296,18,0.24840487159802,0.260320517977952
296,19,0.22184464238077,0.232486230417616
296,20,0.197532288486076,0.207007645724752
296,21,0.175394580895552,0.183808022183812
296,22,0.155332916881959,0.16278402722783
296,23,0.137231258358845,0.143814056579981
296,24,0.120962637539224,0.126765051979927
296,25,0.10639438671856,0.111497981832426
296,26,0.0933922561076685,0.0978721565671242
296,27,0.0818235802266085,0.0857485469200879
296,28,0.07155964347427,0.0749922629765688
296,29,0.0624773819574343,0.0654743376345091
296,30,0.0544605434623063,0.0570729422183415
296,31,0.0474004118996893,0.0496741456748216
296,32,0.0411961875034113,0.0431723130090591
296,33,0.0357551000274718,0.0374702239115794
296,34,0.0309923194529672,0.0324789791819803
296,35,0.0268307174018433,0.0281177506980244
296,36,0.0232005225735203,0.0243134203240244
297,0,0.769665516667586,0.778835876355581
297,1,0.76900377504227,0.778166250255004
297,2,0.765033976274944,0.774149152392427
297,3,0.75597214691517,0.764979353748775
297,4,0.741193533544154,0.750024657134626
297,5,0.720818858859038,0.729407223625915
297,6,0.695418797752439,0.703704527554645
297,7,0.665806726039452,0.673739635892168
297,8,0.632896823649983,0.64043762077883
297,9,0.597610078349528,0.604730443304118
297,10,0.560814970494147,0.567496931536277
297,11,0.523292889428406,0.52952778486585
297,12,0.485720847846973,0.49150808241349
297,13,0.448665987518808,0.454011723291318
297,14,0.412587838844372,0.417503713082154
297,15,0.377845410518272,0.382347337973607
297,16,0.344707024731466,0.348814117144093
297,17,0.31336144100031,0.317095059129342
297,18,0.283929277160753,0.287312218894703
297,19,0.256474077717745,0.259529898060979
297,20,0.231012627411955,0.233765081354557
297,21,0.207524284636134,0.209996881228933
297,22,0.185959232995608,0.188174887740356
297,23,0.166245633524685,0.168226405980987
297,24,0.148295715285531,0.150062619245637
297,25,0.132010876227087,0.133583750666066
297,26,0.117285885267781,0.118683315360385
297,27,0.104012285088225,0.105251563769124
297,28,0.0920810964285656,0.0931782181735685
297,29,0.0813849212478178,0.0823546009136719
297,30,0.0718195357164052,0.0726752463606807
297,31,0.0632850559673073,0.0640390805578954
297,32,0.0556867507325489,0.0563502435395077
297,33,0.0489355660624223,0.0495186203017119
297,34,0.0429484186763909,0.0434601376488068
297,35,0.037648306385032,0.0380968759307867
297,36,0.0329642765989478,0.0333570371770438
298,0,0.757245366363941,0.792151069392586
298,1,0.756424381183985,0.79129224038267
298,2,0.751562780338591,0.786206540978353
298,3,0.740626282323437,0.774765918185621
298,4,0.723055491551825,0.756385190725196
298,5,0.699194481078044,0.731424291915933
298,6,0.669895790358941,0.700775059558946
298,7,0.636253629459232,0.665582142022395
298,8,0.599429278425502,0.627060349289446
298,9,0.560541941912205,0.586380476459386
298,10,0.520605339504648,0.544602971161522
298,11,0.480495605411522,0.502644353563786
298,12,0.440940043087172,0.461265452632222
298,13,0.402519244566451,0.421073623157918
298,14,0.365677282769058,0.382533407882043
298,15,0.330736303869236,0.345981802510032
298,16,0.297913028828156,0.311645517892529
298,17,0.267335527590796,0.279658527439441
298,18,0.239059239555191,0.250078826062844
298,19,0.213081643019679,0.222903775821646
298,20,0.189355272298541,0.19808372306939
298,21,0.167798980152305,0.175533780033392
298,22,0.148307472153555,0.155143798673159
298,23,0.130759218760286,0.136786647465753
298,24,0.115022895120037,0.120324948056767
298,25,0.100962518942068,0.105616449965955
298,26,0.0884414611312054,0.0925182260937811
298,27,0.0773254980200668,0.0808898656482119
298,28,0.0674850620451065,0.0705958285670954
298,29,0.0587968324335372,0.0615071095287999
298,30,0.0511447908454459,0.05350234225482
298,31,0.0444208502338755,0.0464684573575595
298,32,0.0385251492582351,0.040300990324915
298,33,0.0333660898913587,0.0349041208608544
298,34,0.0288601826430741,0.0301905109744692
298,35,0.0249317521702765,0.0260809970199587
298,36,0.0215125459381683,0.0225041803188624
299,0,0.763770722793758,0.79255792716182
299,1,0.762993709167993,0.791751627194783
299,2,0.758375573841151,0.786959430200629
299,3,0.747943719259778,0.776134389652827
299,4,0.731112533309493,0.758668821190555
299,5,0.708158030631831,0.734849142695036
299,6,0.679851277684211,0.705475482810844
299,7,0.647208103965058,0.671601958562361
299,8,0.611323135188192,0.634364453089479
299,9,0.573264241925691,0.594871085965029
299,10,0.534009638901247,0.554136941704023
299,11,0.494414532518416,0.513049460207299
299,12,0.455197737712916,0.472354549190959
299,13,0.416941334507984,0.432656227796994
299,14,0.380098415115044,0.394424665689129
299,15,0.345005443065445,0.358009008011336
299,16,0.311896829471574,0.323652501041318
299,17,0.280920122656155,0.291508254330571
299,18,0.252150778656472,0.26165456792218
299,19,0.225605887059651,0.234109175525158
299,20,0.201256511609845,0.20884205025019
299,21,0.179038500205442,0.185786622045348
299,22,0.158861748576833,0.164849390530195
299,23,0.140617984373013,0.145918002471591
299,24,0.124187187241159,0.128867913841845
299,25,0.109442785889182,0.113567782763214
299,26,0.0962557825345512,0.0998837494109119
299,27,0.0844979539998853,0.0876827577608624
299,28,0.0740442709332874,0.0768350659926266
299,29,0.064774664989788,0.0672160802774978
299,30,0.0565752602471794,0.0587076326075057
299,31,0.0493391709622681,0.0511988086198183
299,32,0.0429669538672178,0.0445864169405394
299,33,0.0373667900997595,0.0387751779720329
299,34,0.0324544598641844,0.0336776975988647
299,35,0.0281531621800377,0.0292142801426632
299,36,0.0243932226311133,0.0253126250959118
300,0,0.763216027592587,0.80093013681622
300,1,0.762321908470788,0.799991835044949
300,2,0.757051459512546,0.794460948306993
300,3,0.745256343768083,0.782082980175513
300,4,0.726406164898098,0.762301324922583
300,5,0.700944084662574,0.735581043024165
300,6,0.669846602882233,0.702946887769941
300,7,0.63433027831551,0.665675533833414
300,8,0.595663013756306,0.62509753707488
300,9,0.555048722683868,0.582476302025679
300,10,0.513562601317542,0.538940155429393
300,11,0.47212051416393,0.495450218984281
300,12,0.431470674591333,0.452791678815603
300,13,0.392199257041921,0.411579675013702
300,14,0.354744114517538,0.372273696965586
300,15,0.31941262317995,0.335196309741163
300,16,0.286401009748773,0.30055343654921
300,17,0.255813469209315,0.268454421141455
300,18,0.227680050208305,0.238930797010208
300,19,0.201972748754502,0.211953176354735
300,20,0.178619563932229,0.187446000353994
300,21,0.157516474410633,0.165300107491797
300,22,0.138537422842168,0.145383211331583
300,23,0.121542469822224,0.127548457401709
300,24,0.106384316774299,0.111641268407198
300,25,0.0929134101435852,0.0975047006456315
300,26,0.0809818363851107,0.0849835314650636
300,27,0.0704462046203669,0.0739272843663247
300,28,0.0611696958254489,0.0641923794512295
300,29,0.0530234369459575,0.0556435754389868
300,30,0.0458873373567277,0.0481548474593551
300,31,0.0396505048341354,0.0416098235801052
300,32,0.0342113394201178,0.035901883309306
300,33,0.0294773866176091,0.0309340035364525
300,34,0.0253650164192567,0.0266184217004751
300,35,0.0217989817335213,0.0228761723955875
300,36,0.0187118987368887,0.019636542045246
301,0,0.769331151488128,0.783355737849025
301,1,0.76853108204664,0.782541083474956
301,2,0.763781897436036,0.77770532320758
301,3,0.753069218682667,0.76679735678382
301,4,0.735810034764437,0.749223545133551
301,5,0.712306287955906,0.725291334813197
301,6,0.683364824200465,0.695822280231539
301,7,0.650038860728582,0.661888798330346
301,8,0.613457318359467,0.624640389685013
301,9,0.574716911287315,0.585193761132568
301,10,0.534818385832882,0.544567902182246
301,11,0.494633221563019,0.503650179110313
301,12,0.454890818772154,0.46318328887467
301,13,0.416178979170005,0.423765748565303
301,14,0.378952561326887,0.385860708634755
301,15,0.343546728634141,0.349809442363351
301,16,0.310192335955475,0.315847013002779
301,17,0.279031822208522,0.284118456072798
301,18,0.250134566753855,0.254694415690817
301,19,0.223511086405237,0.227585600387733
301,20,0.199125741768113,0.202755721077677
301,21,0.176907820280019,0.180132776137631
301,22,0.156760994252598,0.159618681865615
301,23,0.138571234503286,0.141097330374574
301,24,0.122213308045455,0.12444120573271
301,25,0.10755601230289,0.10951671359551
301,26,0.094466306144764,0.0961883875477586
301,27,0.0828124953026488,0.084322132589384
301,28,0.0724666204477503,0.0737876567463402
301,29,0.0633061832096693,0.0644602285539731
301,30,0.0552153306699469,0.0562218831433886
301,31,0.048085603686545,0.0489621842075773
301,32,0.0418163396573376,0.0425786341071158
301,33,0.0363148065371108,0.0369768103302418
301,34,0.0314961323746573,0.0320702937454379
301,35,0.0272830834635618,0.0277804427079992
301,36,0.0236057344228646,0.0240360571264045
302,0,0.765994550099466,0.802345185993432
302,1,0.765129590615516,0.801439179445557
302,2,0.760019827336795,0.796086929918827
302,3,0.748556014894541,0.784079096801764
302,4,0.730188832702796,0.764840291238595
302,5,0.70531570522556,0.738786797660383
302,6,0.674859523130894,0.706885302951026
302,7,0.639986123045297,0.670356969068927
302,8,0.601921007257402,0.630485455097013
302,9,0.561836097224174,0.588498296582683
302,10,0.520785089939044,0.545499194211617
302,11,0.479671822461565,0.502434877061146
302,12,0.439240408880957,0.4600847715087
302,13,0.400079151181131,0.419065097688798
302,14,0.362632613960053,0.379841517223957
302,15,0.327218001948547,0.342746287946454
302,16,0.294043248620384,0.307997210912009
302,17,0.263225135639344,0.27571660971383
302,18,0.234806408872485,0.245949258744439
302,19,0.208771307106596,0.218678648834751
302,20,0.185059227072913,0.193841300759041
302,21,0.16357645236605,0.171339050755311
302,22,0.144206003749544,0.151049368281763
302,23,0.126815745966102,0.132833847539589
302,24,0.111264927549739,0.116545057635003
302,25,0.0974093469677903,0.10203195388299
302,26,0.0851053391541433,0.0891440535233552
302,27,0.0742127671620093,0.0777345693438127
302,28,0.0645971885055505,0.0676626788263814
302,29,0.0561313476985869,0.0587950875152266
302,30,0.0486961275008867,0.0510070254047961
302,31,0.0421810727222902,0.0441827956013182
302,32,0.0364845828943226,0.0382159761377374
302,33,0.0315138541355346,0.0330093590802468
302,34,0.0271846363116392,0.0284746961643444
302,35,0.0234208591678175,0.0245323071850686
302,36,0.0201541704304273,0.0211105961791043
303,0,0.767117031130875,0.781556482644703
303,1,0.766354973235753,0.780780080526234
303,2,0.761819600546901,0.77615933847211
303,3,0.751559086999534,0.765705691176094
303,4,0.734978502573817,0.748813010244668
303,5,0.712330169407211,0.725738367277397
303,6,0.684356832213897,0.697238487679611
303,7,0.652047060137729,0.664320548442001
303,8,0.61647227877308,0.628076142613569
303,9,0.57868248464592,0.589575030815347
303,10,0.539643542152696,0.54980125791893
303,11,0.50020341332526,0.509618747153938
303,12,0.461078042833,0.469756919423399
303,13,0.422850162971858,0.430809475799062
303,14,0.385976189385847,0.393241423041151
303,15,0.350797797961676,0.357400868404993
303,16,0.31755582287091,0.323533179286161
303,17,0.28640488476303,0.291795886760161
303,18,0.257427715644839,0.262273280099182
303,19,0.230648545960266,0.234990045837043
303,20,0.206045200282179,0.209923591138324
303,21,0.183559741660141,0.187014888504795
303,22,0.163107634393356,0.166177811019322
303,23,0.144585478431627,0.147307012331532
303,24,0.127877418957355,0.130284456887443
303,25,0.112860361805665,0.114984733519487
303,26,0.0994081365076469,0.101279296850764
303,27,0.0873947492166248,0.089039781451167
303,28,0.0766968614534472,0.0781405272401228
303,29,0.0671956202368565,0.0684604440655249
303,30,0.0587779526807198,0.0598843306691789
303,31,0.0513374248665349,0.0523037497258752
303,32,0.0447747516179244,0.045617547213373
303,33,0.0389980312728931,0.0397320916037784
303,34,0.0339227679987991,0.0345612965985506
303,35,0.0294717337924467,0.0300264805310208
303,36,0.0255747131111888,0.0260561061906837
304,0,0.773676059370878,0.78588426513289
304,1,0.772749415510144,0.78494299931406
304,2,0.767294524638769,0.779402033102288
304,3,0.755104962160787,0.767020125669235
304,4,0.735654374246668,0.74726261759574
304,5,0.709422044912598,0.720616355750448
304,6,0.677433733404558,0.688123285326658
304,7,0.640957009512268,0.651070977706001
304,8,0.601306193555778,0.610794492499486
304,9,0.559723953874712,0.56855610670672
304,10,0.517315564375419,0.525478534881346
304,11,0.475018498257816,0.482514043062716
304,12,0.433594984039406,0.44043688733784
304,13,0.393638799427222,0.399850214917094
304,14,0.355590250467342,0.36120127964692
304,15,0.319755223704281,0.32480079480239
304,16,0.286325594570405,0.29084366351038
304,17,0.255399267235162,0.259429334817206
304,18,0.22699881624909,0.230580739488069
304,19,0.201088178555135,0.204261245409635
304,20,0.177587165646986,0.180389398742675
304,21,0.15638377433759,0.158851428948108
304,22,0.137344403672694,0.139511626918119
304,23,0.120322159158696,0.12222078024041
304,24,0.105163461289283,0.106822886003948
304,25,0.0917131860721887,0.0931603724405629
304,26,0.0798185599586332,0.0810780553143443
304,27,0.0693320166596975,0.0704260398170964
304,28,0.0601132032221937,0.0610617582990394
304,29,0.0520303004251284,0.052851311500443
304,30,0.0449608000087298,0.0456702580449234
304,31,0.0387918596893558,0.0394039750563013
304,32,0.0334203370591278,0.033947692593155
304,33,0.0287525856787468,0.0292062865240869
304,34,0.0247040810683037,0.0250938986168634
304,35,0.0211989308532079,0.0215334389547008
304,36,0.0181693119056867,0.0184560141961507
305,0,0.761010728278197,0.786629470187029
305,1,0.760610443750498,0.786215710440618
305,2,0.758150424945527,0.783672877314491
305,3,0.75238021896527,0.777708422538158
305,4,0.742704029283871,0.767706492631427
305,5,0.728983903751621,0.753524491409511
305,6,0.711390668682505,0.735338995900655
305,7,0.690292310788614,0.713530380758739
305,8,0.666171569568446,0.688597636473427
305,9,0.639566172138482,0.661096592261083
305,10,0.611026491973932,0.63159614942509
305,11,0.581086501451811,0.600648256042422
305,12,0.550244763826426,0.568768259051059
305,13,0.51895291300245,0.536422996204991
305,14,0.487609631737589,0.504024571558489
305,15,0.456558587339406,0.471928221670019
305,16,0.426089140294274,0.44043304808655
305,17,0.396438923357303,0.409784683256226
305,18,0.367797610930445,0.380179186799199
305,19,0.340311372853559,0.351767649231556
305,20,0.31408764260855,0.324661120686772
305,21,0.289199935156206,0.298935590940692
305,22,0.265692530472665,0.274636830615034
305,23,0.243584900400561,0.251784967054508
305,24,0.222875802764308,0.230378716266804
305,25,0.203547001101159,0.210399227875052
305,26,0.185566593457775,0.191813525975338
305,27,0.16889195159402,0.174577547286154
305,28,0.153472284290548,0.158638790747421
305,29,0.139250846596589,0.143938601140623
305,30,0.126166821822294,0.13041411443673
305,31,0.114156905694332,0.117999895280971
305,32,0.103156622992788,0.106629297953124
305,33,0.0931014066665122,0.0962355818103173
305,34,0.0839274682634063,0.0867528110195676
305,35,0.0755724868013279,0.0781165666189044
305,36,0.0679761411624812,0.0702644968343388
306,0,0.763235176670115,0.781878826792713
306,1,0.762688135873812,0.781318423356007
306,2,0.759375284146639,0.777924648146272
306,3,0.751732215100997,0.770094880806965
306,4,0.739130852736829,0.75718570323961
306,5,0.721565934288943,0.739191724124732
306,6,0.699425803137306,0.71651077295919
306,7,0.673327388528131,0.689774848804332
306,8,0.643999701577814,0.659730770430873
306,9,0.612203694946268,0.627158078393499
306,10,0.578679105476303,0.592814579188125
306,11,0.544111076789717,0.557402152533573
306,12,0.509111064168435,0.521547189813627
306,13,0.474207854718739,0.485791394889589
306,14,0.439845570006645,0.450589737945753
306,15,0.40638631853837,0.416313172762379
306,16,0.374115781472012,0.383254358870314
306,17,0.343250486452638,0.351635113065047
306,18,0.313945882974264,0.321614682026659
306,19,0.28630460316419,0.293298204891471
306,20,0.260384494104,0.266744941779648
306,21,0.236206157317398,0.241975997451133
306,22,0.21375984010861,0.218981380979714
306,23,0.193011601618435,0.19772632242818
306,24,0.173908731267582,0.178156823648705
306,25,0.156384434502682,0.160204458488222
306,26,0.14036182495794,0.143790462467157
306,27,0.125757276767005,0.128829166978674
306,28,0.112483198463693,0.115230840947858
306,29,0.100450292718283,0.102904005766891
306,30,0.0895693655931388,0.091757288745616
306,31,0.0797527462068624,0.0817008774540151
306,32,0.0709153735117001,0.072647633046479
306,33,0.0629756019273036,0.064513915574894
306,34,0.0558557722732646,0.0572201688674225
306,35,0.0494825891087912,0.050691307085509
306,36,0.0437873404266743,0.0448569397843397
307,0,0.763996835688622,0.787365156852445
307,1,0.763494794850922,0.786847760124531
307,2,0.760441377722685,0.783700948326622
307,3,0.753362723220581,0.776405779482984
307,4,0.7416339998498,0.764318310418809
307,5,0.725203615186651,0.747385370656322
307,6,0.704389475820537,0.72593459057295
307,7,0.679730582465933,0.70052145726271
307,8,0.651880840816637,0.671819877390022
307,9,0.621534830538244,0.640545675683209
307,10,0.589377546746238,0.607404799158479
307,11,0.556051927075338,0.573059850941865
307,12,0.522139397321594,0.53811004086215
307,13,0.488149785758999,0.503080791277348
307,14,0.454517831955899,0.4684201391065
307,15,0.421604199622394,0.43449977965698
307,16,0.389699434380434,0.401619145450643
307,17,0.359029718179836,0.370011336649788
307,18,0.32976358785358,0.339850045112465
307,19,0.302019026357588,0.31125686253154
307,20,0.2758705177873,0.2843085512426
307,21,0.251355794196468,0.259043997407253
307,22,0.228482103784155,0.235470670924753
307,23,0.207231904245634,0.213570492925046
307,24,0.187567938370477,0.19330506661385
307,25,0.169437686318098,0.174620265729657
307,26,0.152777214319254,0.157450200965212
307,27,0.13751445588742,0.141720601541085
307,28,0.123571971336458,0.127351659128534
307,29,0.110869236308145,0.114260386376066
307,30,0.0993245115054342,0.102362543832108
307,31,0.0888563449604661,0.0915741881627983
307,32,0.0793847557340053,0.0818128920571509
307,33,0.0708321445353421,0.0729986827000352
307,34,0.0631239728014857,0.0650547416223172
307,35,0.0561892475931947,0.0579079044283736
307,36,0.0499608454722186,0.0514889945797455
308,0,0.771519428968324,0.794249655970392
308,1,0.770585713732645,0.793288431953385
308,2,0.76509265871229,0.78763354252827
308,3,0.752826529995592,0.775006033553734
308,4,0.73326800796497,0.754871285405028
308,5,0.706909465260051,0.727736176826806
308,6,0.674790919912563,0.694671366486743
308,7,0.638192720081002,0.656994923698746
308,8,0.598439256387941,0.616070257803986
308,9,0.556780201681858,0.573183859061439
308,10,0.514324910442021,0.529477765351713
308,11,0.472012411754263,0.485918671096707
308,12,0.430604468570031,0.44329078203305
308,13,0.390692885994283,0.40220333881414
308,14,0.352714963810932,0.363106524792318
308,15,0.316972955274766,0.326311498098693
308,16,0.283654806439733,0.292011741986028
308,17,0.252854452380326,0.260303959010086
308,18,0.224590647366898,0.231207455972764
308,19,0.198823786962619,0.204681461625607
308,20,0.175470502034095,0.180640150643897
308,21,0.154416013054941,0.158965361908263
308,22,0.135524361240887,0.139517131065796
308,23,0.118646705486985,0.122142231908624
308,24,0.103627908607228,0.106680956654951
308,25,0.0903116458502105,0.0929723749699563
308,26,0.0785442622335326,0.0808583049435983
308,27,0.0681775893334948,0.0701862128675467
308,28,0.0590709112209826,0.0608112370907632
308,29,0.0510922462383193,0.0525975075595999
308,30,0.0441190882147173,0.0454189088706738
308,31,0.0380387287314822,0.0391594120305313
308,32,0.032748261868295,0.0337130793417641
308,33,0.0281543548313098,0.0289838282734345
308,34,0.024172852089167,0.0248850239342868
308,35,0.0207282670793644,0.0213389558039549
308,36,0.0177532040576395,0.0182762425490794
309,0,0.755274591164763,0.782546828890062
309,1,0.754811499650678,0.782067015587626
309,2,0.751985576680258,0.779139051261724
309,3,0.745409717414236,0.772325744053923
309,4,0.734472166912714,0.76099324914291
309,5,0.719090670947543,0.74505634217962
309,6,0.699529390768284,0.724788723021796
309,7,0.676264347413287,0.700683601368801
309,8,0.649886155211402,0.673352918063801
309,9,0.621031200519641,0.643456038761955
309,10,0.590334335275439,0.611650739292433
309,11,0.558397678993486,0.578560881125416
309,12,0.525771333285884,0.544756429512154
309,13,0.492942771406876,0.510742459896388
309,14,0.460332421620073,0.476954581801212
309,15,0.428293557736334,0.443758825414393
309,16,0.397115075598559,0.411454518329344
309,17,0.367026096909647,0.380279055612881
309,18,0.338201622798775,0.35041375751633
309,19,0.310768675924333,0.321990233363878
309,20,0.284812535372521,0.295096841587359
309,21,0.260382794052806,0.26978496584841
309,22,0.237499062434102,0.246074924731084
309,23,0.216156212249236,0.223961404791421
309,24,0.196329104728313,0.203418359522769
309,25,0.177976784361811,0.18440335455162
309,26,0.161046144576582,0.166861365677642
309,27,0.14547508872916,0.150728054007407
309,28,0.131195220588493,0.135932553587865
309,29,0.118134104633231,0.122399813320789
309,30,0.106217139293568,0.110052537845568
309,31,0.0953690866969351,0.0988127725225531
309,32,0.0855153012710693,0.0886031763997937
309,33,0.0765826972758124,0.0793480246814777
309,34,0.0685004923930108,0.0709739791681467
309,35,0.0612007612082156,0.0634106617240872
309,36,0.0546188289894311,0.0565910622750499
310,0,0.761052711472161,0.769009898254683
310,1,0.760647516345597,0.768600466610389
310,2,0.758158679608789,0.766085607840563
310,3,0.752324467338644,0.76019039596282
310,4,0.74254710587031,0.750310807289626
310,5,0.728692330801241,0.736311173616952
310,6,0.710937761632838,0.718370971546929
310,7,0.689659529013543,0.696870264362073
310,8,0.665348705749628,0.672305259280484
310,9,0.638550811866724,0.645227180012534
310,10,0.609823052373235,0.616199057423707
310,11,0.579705065088667,0.585766171516842
310,12,0.548699855108526,0.554436786557329
310,13,0.517262313308206,0.5226705495322
310,14,0.485793292422464,0.490872504292066
310,15,0.454637673224224,0.459391137510842
310,16,0.424085217669065,0.428519240750293
310,17,0.394373293923828,0.398496663980181
310,18,0.365690784905513,0.36951426498288
310,19,0.338182669471304,0.341718538442048
310,20,0.311954903583291,0.315216548142357
310,21,0.28707933560925,0.290080893662209
310,22,0.263598471869513,0.266354525746775
310,23,0.241529970805707,0.244055287465522
310,24,0.220870790918072,0.22318010551829
310,25,0.20160095225438,0.203708791052456
310,26,0.183686896422878,0.185607434806496
310,27,0.167084447987355,0.168831399467915
310,28,0.151741392386606,0.153327924546152
310,29,0.137599693550405,0.139038367174838
310,30,0.124597379220273,0.125900107144533
310,31,0.112670124457031,0.113848146966642
310,32,0.1017525645757,0.102816438535708
310,33,0.0917793682923266,0.0927389674965278
310,34,0.0826861005809053,0.0835506251226653
310,35,0.074409902913445,0.0751878956687777
310,36,0.0668900164115133,0.0675893849919665
311,0,0.762970546524902,0.791247176110461
311,1,0.762250833050862,0.7905007891673
311,2,0.757955041623149,0.786045790410377
311,3,0.748204765506948,0.775934157034252
311,4,0.732395919146796,0.759539415327632
311,5,0.710728792068022,0.737069277792713
311,6,0.683876600334163,0.709221910710767
311,7,0.652756371732966,0.676948328050515
311,8,0.618374747852957,0.641292478779456
311,9,0.581728026805196,0.60328758504559
311,10,0.543740947179741,0.563892657391795
311,11,0.505232674765763,0.523957220901838
311,12,0.466901471512403,0.484205415974009
311,13,0.429321814863597,0.445233010894939
311,14,0.392949461967804,0.407512653735189
311,15,0.358131247571296,0.371404033364551
311,16,0.325117367965188,0.337166618657309
311,17,0.294074614789652,0.304973382757561
311,18,0.265099542640111,0.274924458693133
311,19,0.238230930202475,0.247060062335872
311,20,0.21346116215239,0.22137229612811
311,21,0.190746345927015,0.197815640794483
311,22,0.170015104800652,0.176316074299796
311,23,0.151176072473752,0.156778844196737
311,24,0.134124166705612,0.139094973767143
311,25,0.118745749455968,0.123146613404805
311,26,0.104922795309831,0.108811363527268
311,27,0.0925361936390148,0.095965699119542
311,28,0.081468306657918,0.084487622594583
311,29,0.0716048979022032,0.074258663743774
311,30,0.0628365355779091,0.0651653350958841
311,31,0.0550595640084513,0.0571001393670946
311,32,0.048176724941262,0.0499622137940286
311,33,0.042097499350294,0.0436576846038773
311,34,0.0367382299485965,0.0380997940674437
311,35,0.0320220751113906,0.0332088527145496
311,36,0.0278788363983997,0.0289120604641314
312,0,0.765113405999986,0.8001232034486
312,1,0.764209540314205,0.799177978986026
312,2,0.758884316570693,0.793609085476481
312,3,0.746973364604797,0.781153116245855
312,4,0.727949108308109,0.761258354538683
312,5,0.702266926327128,0.73440101606176
312,6,0.670919051467241,0.701618735869692
312,7,0.635137825692862,0.664200245008856
312,8,0.596205114779567,0.623486064430396
312,9,0.555336128779222,0.580747009351949
312,10,0.513614479489261,0.537116275108817
312,11,0.47196171774225,0.493557580541256
312,12,0.431129356812433,0.450856826410782
312,13,0.391704906212186,0.409628405289024
312,14,0.354126020509019,0.370329997791446
312,15,0.318698745332099,0.333281653478403
312,16,0.285617195993543,0.298686369924049
312,17,0.254982968442992,0.266650391870723
312,18,0.226823259801853,0.237202160916412
312,19,0.201107143363213,0.210309335220527
312,20,0.177759758268487,0.185893628466933
312,21,0.156674379983942,0.163843432657194
312,22,0.137722465985265,0.144024323462152
312,23,0.120761845112664,0.12628762430273
312,24,0.105643255971724,0.110477243932696
312,25,0.0922154518964861,0.0964350149928991
312,26,0.0803290862177784,0.0840047570603786
312,27,0.069839578149018,0.0730352736703873
312,28,0.0606091408603297,0.0633824731904323
312,29,0.0525081322138353,0.0549107813620472
312,30,0.0454158671266642,0.047493990835632
312,31,0.0392210098440323,0.0410156713930284
312,32,0.0338216452679974,0.035369244540113
312,33,0.029125111274674,0.0304578081512397
312,34,0.0250476588049078,0.02619378100646
312,35,0.0215139934183994,0.0224984233682375
312,36,0.0184567408515447,0.0193012780844659
313,0,0.763064709064242,0.776456601161489
313,1,0.76275795767283,0.776144466240364
313,2,0.760850918958213,0.774203958730259
313,3,0.756319451031577,0.769592962909338
313,4,0.748619001268786,0.761757369178939
313,5,0.737553217583838,0.750497379446562
313,6,0.723171708865164,0.735863473243548
313,7,0.705691197680999,0.718076176649441
313,8,0.685435363891076,0.697464850150667
313,9,0.662789549568459,0.674421598627429
313,10,0.638167214430583,0.649367138072885
313,11,0.611985622584988,0.622726055637874
313,12,0.584648727381334,0.594909394109697
313,13,0.556535619554019,0.566302897318026
313,14,0.52799322969127,0.537259584531311
313,15,0.499332241932589,0.508095592439046
313,16,0.470825392139081,0.479088443454746
313,17,0.442707499307927,0.450477077681751
313,18,0.415176720952035,0.422463130324966
313,19,0.388396637548602,0.395213052721783
313,20,0.362498862959168,0.368860768575373
313,21,0.337585951064402,0.343510631601319
313,22,0.313734427150008,0.319240510114764
313,23,0.290997818640547,0.296104870954037
313,24,0.269409595924652,0.274137771917761
313,25,0.248985962154875,0.253355700526076
313,26,0.229728452603012,0.233760218995013
313,27,0.211626320688332,0.215340392139848
313,28,0.194658700218022,0.198074987563176
313,29,0.178796542538832,0.181934446803828
313,30,0.164004333888471,0.166882632828031
313,31,0.150241602815459,0.152878363904684
313,32,0.137464230558811,0.139876746982394
313,33,0.125625579107472,0.127830325546505
313,34,0.114677452584299,0.116690057875507
313,35,0.104570907851779,0.106406141872992
313,36,0.0952569299994001,0.0969287024099358
314,0,0.759328331330672,0.791920108443965
314,1,0.758943508297399,0.791518768093991
314,2,0.756574581992766,0.789048163088679
314,3,0.751007658261609,0.783242296689422
314,4,0.741654484342348,0.773487667237552
314,5,0.7283667676136,0.759629617117966
314,6,0.711294986522095,0.741825083590784
314,7,0.690782213448628,0.720431864338238
314,8,0.667285343619301,0.695926465375019
314,9,0.641317646744685,0.668844186897475
314,10,0.613407792403427,0.63973638996087
314,11,0.584071498671744,0.609140928215585
314,12,0.553792759296151,0.577562569315363
314,13,0.523012253328868,0.545460907072821
314,14,0.492121061783928,0.513243808422805
314,15,0.461458232489205,0.481264873753368
314,16,0.431311066550004,0.449823735664905
314,17,0.40191726378599,0.419168296493201
314,18,0.373468273301692,0.389498222692629
314,19,0.346113359731409,0.360969185611804
314,20,0.319964024404071,0.333697472423026
314,21,0.295098520812294,0.307764695403623
314,22,0.271566281113148,0.283222408430319
314,23,0.249392129609816,0.260096501311329
314,24,0.228580204040189,0.238391289383908
314,25,0.209117539074373,0.218093250822213
314,26,0.190977291145006,0.199174389883296
314,27,0.174121601562586,0.181595222912644
314,28,0.158504107368755,0.165307396967934
314,29,0.144072117799223,0.150255959699767
314,30,0.130768479551945,0.136381304680611
314,31,0.118533157063491,0.123620819509561
314,32,0.107304555297656,0.111910265377475
314,33,0.0970206126208973,0.101184916850655
314,34,0.0876196905473004,0.091380489805309
314,35,0.0790412857636104,0.0824338840140158
314,36,0.071226588106867,0.0742837650727932
315,0,0.768013125438156,0.796150685963523
315,1,0.767192398586262,0.795299890287667
315,2,0.762328242641825,0.790257527125464
315,3,0.751375634137128,0.778903649847481
315,4,0.733761884230016,0.760644588112128
315,5,0.709819128955798,0.735824646363671
315,6,0.680391185044285,0.705318556095643
315,7,0.646567346987937,0.670255520089432
315,8,0.609507644061795,0.63183806740668
315,9,0.570333167317155,0.591228362312495
315,10,0.53006197099622,0.549481757321607
315,11,0.489576259229265,0.507512777720387
315,12,0.449610482004221,0.466082781410583
315,13,0.410752889779867,0.425801570478594
315,14,0.373455269721448,0.38713748413583
315,15,0.338047190174651,0.350432165064947
315,16,0.304752253357056,0.315917407558274
315,17,0.273704706366987,0.283732377101241
315,18,0.244965369230637,0.253940121972543
315,19,0.218536268038731,0.226542742492432
315,20,0.194373658421832,0.201494891636774
315,21,0.172399325270515,0.178715488743065
315,22,0.152510175452238,0.158097663673971
315,23,0.134586221271607,0.139517032766202
315,24,0.118497098374115,0.122838455529541
315,25,0.104107283610168,0.107921443676822
315,26,0.091280184014278,0.094624399910332
315,27,0.0798812632593476,0.0828078589194418
315,28,0.0697803608118704,0.0723368915022877
315,29,0.0608533444097412,0.0630828175851159
315,30,0.0529832203778466,0.0549243572163088
315,31,0.0460608099983016,0.0477483317166775
315,32,0.0399850844987219,0.0414500109406402
315,33,0.0346632367128943,0.0359331875623121
315,34,0.0300105543675836,0.0311100457199429
315,35,0.0259501483599483,0.0269008793382811
315,36,0.0224125793084124,0.0232337049974562
316,0,0.76363199917689,0.766231638850633
316,1,0.763361276245594,0.765959994294689
316,2,0.761669752934118,0.764262712514324
316,3,0.757627644373762,0.760206843365373
316,4,0.750718956388205,0.753274636067633
316,5,0.740732921491582,0.743254605617487
316,6,0.727678535088274,0.730155778042453
316,7,0.711717813875065,0.714140721594298
316,8,0.693114168939255,0.69547374409319
316,9,0.672192927764228,0.674481280537958
316,10,0.649311573014225,0.651522030574473
316,11,0.624837709053253,0.626964850005775
316,12,0.599133134397256,0.601172769021933
316,13,0.572542702119244,0.574491814682554
316,14,0.545386901074,0.547243566885674
316,15,0.517957297469492,0.519720584420874
316,16,0.490514146168634,0.492184008139173
316,17,0.463285620353186,0.464862787994462
316,18,0.436468222015524,0.437954094932718
316,19,0.410228028513543,0.411624571690564
316,20,0.384702505767133,0.386012152164428
316,21,0.36000267963073,0.361228240175116
316,22,0.336215506080652,0.337360087724005
316,23,0.31340632022046,0.314473252335569
316,24,0.291621275488852,0.292614044569097
316,25,0.270889709311649,0.271811901724087
316,26,0.251226390981061,0.25208164337199
316,27,0.232633622772258,0.233425579625634
316,28,0.215103177045108,0.215835454835454
316,29,0.198618061008151,0.199294218361268
316,30,0.183154107501678,0.183777620770875
316,31,0.168681395045287,0.169255638721894
316,32,0.155165503867035,0.155693735266824
316,33,0.142568616991299,0.143053964689353
316,34,0.130850476958167,0.131295932480716
316,35,0.119969209578782,0.120377621899357
316,36,0.109882026459446,0.11025609888664
317,0,0.761959235100497,0.7982778256641
317,1,0.761271382207998,0.797557186440759
317,2,0.757155816006087,0.793245452836526
317,3,0.747789120130551,0.783432295816133
317,4,0.732559751101531,0.767477022837364
317,5,0.711628004039988,0.745547569446808
317,6,0.685613772409417,0.718293376170136
317,7,0.655379208862995,0.686617689944537
317,8,0.621881237719117,0.651523046639418
317,9,0.586074939175887,0.614010050104374
317,10,0.548853506962689,0.575014467917702
317,11,0.511014079106332,0.535371433484813
317,12,0.473241495585456,0.495798429505429
317,13,0.436104135318364,0.456890926532507
317,14,0.400057576045551,0.419126217302126
317,15,0.365453020010836,0.382872244022545
317,16,0.332548326367261,0.348399156636877
317,17,0.301520158429125,0.315892039070766
317,18,0.272476245051702,0.285463755047608
317,19,0.245467113009002,0.257167239687075
317,20,0.220496904061632,0.231006832165726
317,21,0.197533071713421,0.206948434667037
317,22,0.176514877808969,0.184928413967085
317,23,0.15736069290465,0.164861249775852
317,24,0.139974157978946,0.146645990143894
317,25,0.124249297012192,0.130171607731881
317,26,0.110074686621621,0.115321368190223
317,27,0.0973367950202572,0.101976328268578
317,28,0.0859226015714132,0.0900180802307409
317,29,0.0757216026832886,0.0793308533596866
317,30,0.0666273015655757,0.0698030747230448
317,31,0.0585382697505726,0.0613284812913415
317,32,0.0513588581636679,0.053806864901475
317,33,0.0449996255151701,0.0471445210677325
317,34,0.0393775422642435,0.0412544626676132
317,35,0.034416019607199,0.0360564503118389
317,36,0.0300448049870629,0.031476882873414
318,0,0.759932925894346,0.784233014439889
318,1,0.759337703801507,0.783618759154688
318,2,0.755749358279609,0.779915670461462
318,3,0.74751280120343,0.771415736106261
318,4,0.734003692250917,0.757474651472037
318,5,0.71527240721609,0.738144403200576
318,6,0.691786622927445,0.713907622845925
318,7,0.664248287413306,0.685488704363753
318,8,0.633466262243544,0.653722373985269
318,9,0.60027025008922,0.619464865470908
318,10,0.565455002239084,0.583536343571622
318,11,0.529746435875318,0.54668593784953
318,12,0.493783336988381,0.509572860513777
318,13,0.458109907361303,0.472758715082549
318,14,0.423175632750378,0.436707360348637
318,15,0.389339883274382,0.401789657873561
318,16,0.356879368657557,0.368291165624046
318,17,0.32599710976134,0.336421396383043
318,18,0.29683199271912,0.306323677393443
318,19,0.269468273559143,0.278084958906728
318,20,0.24394462345118,0.251745148666082
318,21,0.220262466390315,0.227305716201139
318,22,0.198393476839882,0.204737430220233
318,23,0.178286185929431,0.183987176052255
318,24,0.159871700003403,0.164983857055207
318,25,0.143068571382695,0.147643421128273
318,26,0.127786883293854,0.131873076263247
318,27,0.113931622964812,0.117574771500486
318,28,0.101405421848091,0.104648024775194
318,29,0.0901107420353747,0.0929921792461485
318,30,0.0799515848215223,0.0825081664938232
318,31,0.0708347922721517,0.0730998497077046
318,32,0.0626710064220199,0.0646750135565984
318,33,0.055375344002755,0.0571460604918756
318,34,0.0488678377978869,0.0504304662155467
318,35,0.0430736891380429,0.0444510402494003
318,36,0.0379233698620244,0.0391360311564512
319,0,0.767745466496516,0.785819306701782
319,1,0.767462632555496,0.785529814440163
319,2,0.765698103335525,0.78372374564679
319,3,0.761488686828086,0.779415233378278
319,4,0.754306535087331,0.772064003383652
319,5,0.743943407711375,0.761456912980374
319,6,0.730419877838023,0.747615019627706
319,7,0.713914693588122,0.730721279436144
319,8,0.694710360986166,0.711064849031149
319,9,0.673151723113861,0.688998689600005
319,10,0.649614898125315,0.664907773662901
319,11,0.624484425569407,0.639185693386623
319,12,0.598136872877746,0.612217881145503
319,13,0.570929485880246,0.584369992853687
319,14,0.543192740555288,0.555980284372717
319,15,0.515225877765453,0.527355041128468
319,16,0.487294686733575,0.498766309407023
319,17,0.459630953393391,0.470451331718691
319,18,0.432433112287448,0.442613214042545
319,19,0.405867740212918,0.415422454634816
319,20,0.380071610363126,0.389019046527886
319,21,0.355154090636468,0.363514932298878
319,22,0.331199721878012,0.338996643006792
319,23,0.308270853402776,0.315527995759823
319,24,0.286410246147998,0.293152758149603
319,25,0.265643579807827,0.27189721440747
319,26,0.245981820634738,0.251772588947367
319,27,0.227423422333519,0.232777299072053
319,28,0.209956344519717,0.214899020948987
319,29,0.193559882298871,0.198116562260505
319,30,0.178206307246536,0.182401541814892
319,31,0.163862324922954,0.167719881373057
319,32,0.150490357439554,0.154033118408509
319,33,0.13804966183157,0.141299550808083
319,34,0.126497296343694,0.129475225905358
319,35,0.115788947414706,0.118514786933706
319,36,0.105879630321067,0.108372190164042
320,0,0.776648779721659,0.810674431579055
320,1,0.775047023278689,0.809002500806952
320,2,0.765955132025225,0.799512285968113
320,3,0.746455917962059,0.779158794544924
320,4,0.716624041391592,0.748019957771927
320,5,0.678062953583369,0.707769475499612
320,6,0.633002325524623,0.660734702521265
320,7,0.583767004497397,0.609342339680416
320,8,0.532487365853975,0.555816095908122
320,9,0.480962414652822,0.50203379222369
320,10,0.430616050755415,0.449481710767733
320,11,0.382507102951329,0.399265068530915
320,12,0.337367637038454,0.352148003744157
320,13,0.295653503398188,0.308606337986626
320,14,0.257597440869186,0.268883006585921
320,15,0.2232592444538,0.233040424214944
320,16,0.192570208174215,0.201006874827821
320,17,0.165370746524499,0.172615781340181
320,18,0.141441111474396,0.147637768371322
320,19,0.120525688323361,0.125806022520543
320,20,0.1023516321846,0.106835745331598
320,21,0.08664270587229,0.0904385974296679
320,22,0.0731291721425164,0.0763330241498969
320,23,0.0615545264494815,0.0642512832614442
320,24,0.0516797613830343,0.053943896233697
320,25,0.043285749882869,0.045182135861134
320,26,0.0361742325118726,0.0377590567899698
320,27,0.0301678007156281,0.0314894780442414
320,28,0.0251091859984647,0.0262092410600493
320,29,0.0208600951617678,0.0217739938946556
320,30,0.0172997738205124,0.0180576918094384
320,31,0.0143234333241321,0.0149509552728104
320,32,0.0118406386395703,0.0123593872150379
320,33,0.00977372530627003,0.0102019206286655
320,34,0.00805629089046512,0.00840924393212073
320,35,0.00663178921230834,0.006922333608722
320,36,0.00545224290659111,0.00569111036357484
321,0,0.776831708201203,0.802450108464732
321,1,0.776207400219709,0.80180521201911
321,2,0.772448747225605,0.797922605952754
321,3,0.763834276528265,0.789024046750719
321,4,0.749727155403631,0.774451700183146
321,5,0.730197146894002,0.754277629941911
321,6,0.70574818091098,0.729022384567909
321,7,0.677125370415562,0.69945564939975
321,8,0.645181312168705,0.666458138182875
321,9,0.610786212106377,0.630928754554107
321,10,0.574770041127035,0.593724840239411
321,11,0.537887776519651,0.555626270211738
321,12,0.500800991225435,0.517316434802389
321,13,0.464070755645725,0.479374907424313
321,14,0.428158124200188,0.442277947176056
321,15,0.39342947787978,0.406404017581737
321,16,0.360164752992554,0.372042286704899
321,17,0.328567159034523,0.339402665495875
321,18,0.298773417476306,0.308626384233718
321,19,0.270863871439719,0.279796435600288
321,20,0.244872049705352,0.252947454090207
321,21,0.220793437476219,0.228074776017257
321,22,0.198593326541681,0.205142548561455
321,23,0.178213701103779,0.184090842676557
321,24,0.159579171918366,0.164841782927633
321,25,0.142602007754875,0.147304744878603
321,26,0.127186334974836,0.131380693164696
321,27,0.113231587427052,0.116965745158458
321,28,0.100635292984839,0.103954049401583
321,29,0.0892952822420912,0.0922400671394787
321,30,0.0791114008638607,0.0817203411418417
321,31,0.0699868011109385,0.0722948298192101
321,32,0.0618288810292867,0.0638678773850381
321,33,0.0545499323491392,0.0563488831212499
321,34,0.048067550709986,0.0496527251316472
321,35,0.0423048547027362,0.0436999866076563
321,36,0.0371905535766083,0.0384170257680614
322,0,0.762474843244234,0.787373221591648
322,1,0.762120771906625,0.787007588164871
322,2,0.759932813649294,0.78474818281262
322,3,0.754769040210662,0.779415787961866
322,4,0.746054971822033,0.770417164386128
322,5,0.733620184737594,0.757576323205293
322,6,0.717572948429088,0.741005069396958
322,7,0.698205018030314,0.721004685267878
322,8,0.675920220820413,0.697992184951122
322,9,0.651181712675908,0.672445848533999
322,10,0.624473789969383,0.644865786936188
322,11,0.596274964554489,0.615746137666771
322,12,0.567039677572603,0.585556181500951
322,13,0.537186569430316,0.554728229417309
322,14,0.507091661240152,0.523650581380593
322,15,0.477085156132062,0.492664223201041
322,16,0.447450852675424,0.462062220801856
322,17,0.41842739000907,0.432091006008568
322,18,0.390210725699321,0.402952935320745
322,19,0.362957391492202,0.37480965197979
322,20,0.336788186099452,0.34778589934172
322,21,0.311792053775936,0.321973526108321
322,22,0.288029967464468,0.297435496274848
322,23,0.265538689583164,0.274209772724724
322,24,0.244334325269602,0.252312986503772
322,25,0.224415614641879,0.231743836589041
322,26,0.205766934469069,0.212486189577867
322,27,0.188360997243316,0.194511866897331
322,28,0.172161248367447,0.177783120271282
322,29,0.157123971103156,0.162254805404953
322,30,0.143200114936041,0.147876270054681
322,31,0.130336866798652,0.134592976558761
322,32,0.118478986701523,0.122347881083089
322,33,0.107569930189082,0.11108259273052
322,34,0.0975527800029718,0.100738335627366
322,35,0.0883710086648438,0.0912567364080936
322,36,0.0799690925890513,0.0825804583816717
323,0,0.767147303657024,0.784960515828399
323,1,0.766480161630449,0.784277882718937
323,2,0.76248041838406,0.780185265164394
323,3,0.753356535302668,0.770849524902014
323,4,0.738487241123859,0.755634964708734
323,5,0.718002163994482,0.734674222705723
323,6,0.692482747193195,0.708562243323815
323,7,0.662752864559274,0.678142030808444
323,8,0.62973575682686,0.644358263605914
323,9,0.594359505214382,0.60816057304319
323,10,0.557497589799435,0.570442721464224
323,11,0.519934421270442,0.532007333626571
323,12,0.482348301958381,0.493548462087118
323,13,0.445306236272748,0.45564627713602
323,14,0.409266506148443,0.418769702045641
323,15,0.374586059412885,0.383283972996042
323,16,0.341530610861055,0.349460974697681
323,17,0.310285992007025,0.31749085368493
323,18,0.280969756459384,0.287493893169103
323,19,0.253642392928893,0.259531986412907
323,20,0.228317747487127,0.233619300994635
323,21,0.204972434404878,0.209731908166868
323,22,0.183554138843299,0.18781627833667
323,23,0.163988798754976,0.167796629730887
323,24,0.146186708189068,0.149581173420442
323,25,0.130047617840155,0.133067332304282
323,26,0.115464927211952,0.118146030615398
323,27,0.102329070736363,0.104705158665809
323,28,0.090530200976334,0.0926323183535589
323,29,0.0799602681329788,0.0818169509561379
323,30,0.0705145882786445,0.0721519417780269
323,31,0.0620929843386606,0.0635347876261202
323,32,0.0546005747503322,0.0558684037814325
323,33,0.0479482755559416,0.0490616377507352
323,34,0.0420530728431023,0.0430295480329928
323,35,0.0368381141825789,0.0376934976803758
323,36,0.0322326601719218,0.032981104716735
324,0,0.767139648122427,0.797081010144814
324,1,0.765945999823585,0.795840773906045
324,2,0.759035173847312,0.788660219278754
324,3,0.743878907544928,0.772912405847529
324,4,0.720154478344925,0.748262015220307
324,5,0.688771907475756,0.715654586637309
324,6,0.651240124330301,0.676657942811984
324,7,0.609267861734161,0.633047508192842
324,8,0.564524686286528,0.586558012349192
324,9,0.518509219583559,0.53874656788578
324,10,0.472487342201554,0.490928462535351
324,11,0.427474540374648,0.444158816829446
324,12,0.384244711100471,0.399241732866201
324,13,0.343353545575952,0.356754590398653
324,14,0.30516870222704,0.317079397513934
324,15,0.269901831664767,0.280436065519266
324,16,0.237639474813453,0.24691451302014
324,17,0.208371177597501,0.216503877919727
324,18,0.182014037362375,0.189118021883526
324,19,0.158433452967909,0.164617090306143
324,20,0.137460189834571,0.142825243404121
324,21,0.118904063026996,0.123544873348477
324,22,0.102564635320055,0.106567719874905
324,23,0.088239357945573,0.0916833287627999
324,24,0.0757295735198839,0.0786852890563047
324,25,0.0648447699925744,0.0673756530441257
324,26,0.0554054323618447,0.0575678992769795
324,27,0.0472447925460559,0.0490887507364012
324,28,0.0402097316734459,0.0417791123407134
324,29,0.034161045798006,0.0354943470317577
324,30,0.0289732470719907,0.0301040691871945
324,31,0.0245340382908584,0.0254915986569998
324,32,0.0207435695428263,0.0215531884001471
324,33,0.0175135611988963,0.0181971132450469
324,34,0.0147663572543888,0.0153426862831225
324,35,0.0124339565847962,0.0129192523147031
324,36,0.0104570564929139,0.0108651940659219
325,0,0.764846717674092,0.784202582491125
325,1,0.764367768574033,0.783711512695741
325,2,0.761448012176651,0.780717866447203
325,3,0.754661479531989,0.773759588006408
325,4,0.743386582092246,0.76219935837444
325,5,0.727549178488728,0.745961159897756
325,6,0.707431696747417,0.725334567967376
325,7,0.683533227334093,0.700831303459022
325,8,0.656468697095882,0.673081855084246
325,9,0.626897786780653,0.642762598035807
325,10,0.595476289526412,0.610545921513423
325,11,0.562824225369463,0.57706753631042
325,12,0.529506309238421,0.542906448514108
325,13,0.496021383368266,0.508574124487468
325,14,0.462798223214974,0.474510190644674
325,15,0.430195752102908,0.44108265353054
325,16,0.398506188939663,0.40859112719412
325,17,0.367960033524747,0.377271944659875
325,18,0.33873208787485,0.34730433163375
325,19,0.310947937730461,0.31881705203633
325,20,0.284690490516915,0.291895111419123
325,21,0.260006296103731,0.266586237682438
325,22,0.236911473976532,0.242906958245378
325,23,0.21539714224397,0.220848166443862
325,24,0.195434296059636,0.200380123410044
325,25,0.176978120133281,0.181456879719632
325,26,0.1599717456446,0.164020127381346
325,27,0.144349478881723,0.148002510182087
325,28,0.130039539507805,0.133330431250449
325,29,0.116966352220405,0.119926402710789
325,30,0.10505243802562,0.107710984819555
325,31,0.0942199514090553,0.0966043620372227
325,32,0.0843919081127222,0.0865276018763678
325,33,0.0754931455946738,0.0774036396675081
325,34,0.0674510549824317,0.0691580290359734
325,35,0.0601961197432069,0.0617194942041743
325,36,0.0536622926063829,0.0550203164528077
326,0,0.767845354748705,0.78951714830786
326,1,0.767036129235861,0.78868508308107
326,2,0.762236277519058,0.783749759560111
326,3,0.751418661604803,0.772626825475411
326,4,0.734005838527468,0.754722540016126
326,5,0.710314028009068,0.730362047941704
326,6,0.681167128008841,0.70039250104287
326,7,0.647634737707179,0.66591368704317
326,8,0.610859690000934,0.628100694343068
326,9,0.571949394336462,0.588092188095239
326,10,0.531911972893825,0.546924743885935
326,11,0.491623226833434,0.505498881631537
326,12,0.451814273596344,0.464566353951983
326,13,0.413072544920416,0.424731172355103
326,14,0.375850955516524,0.386459034691049
326,15,0.340481619542016,0.35009142876176
326,16,0.307191641003678,0.315861868394854
326,17,0.27611933851902,0.28391257613525
326,18,0.247329863627369,0.254310542370031
326,19,0.220829595412144,0.227062326226918
326,20,0.196578988389365,0.202127266083688
326,21,0.174503750072969,0.179428972610934
326,22,0.154504355405118,0.158865111739218
326,23,0.13646398683744,0.140315568842475
326,24,0.120255035763118,0.123649133667585
326,25,0.10574432392791,0.108728869115357
326,26,0.0927972102169188,0.0954163339379247
326,27,0.0812807444895663,0.0835748255880823
326,28,0.0710660199681125,0.0730717990019959
326,29,0.0620298619244083,0.0637806029477341
326,30,0.0540559750188382,0.0555816597468919
326,31,0.0470356559400817,0.0483631980280148
326,32,0.0408681628215764,0.0420216325695324
326,33,0.0354608187830173,0.0364616707636295
326,34,0.0307289141407558,0.0315962120666167
326,35,0.0265954604660858,0.0273460951157156
326,36,0.022990839754017,0.023639736995915
327,0,0.756570327835809,0.771276427279954
327,1,0.756222522016871,0.770921860864185
327,2,0.75407235126201,0.768729895415852
327,3,0.74899529073314,0.76355414775338
327,4,0.740423283361447,0.754815519000692
327,5,0.728185066439731,0.742339417472023
327,6,0.712383537921484,0.726230741235699
327,7,0.693302518286049,0.706778827630557
327,8,0.671336727970664,0.684386069609907
327,9,0.646939998271057,0.659515119973469
327,10,0.62058771186565,0.632650601816168
327,11,0.592750266400248,0.604272056302002
327,12,0.563875002953309,0.57483551985756
327,13,0.534374567256559,0.544761659159801
327,14,0.504620097259631,0.514428826281614
327,15,0.474937974175514,0.484169746584571
327,16,0.445609150531145,0.454270833708276
327,17,0.416870290347135,0.424973351912728
327,18,0.38891613357022,0.396475826470253
327,19,0.361902637658456,0.368937246316355
327,20,0.335950560649736,0.342480716765379
327,21,0.31114923776532,0.317197309523085
327,22,0.287560372223529,0.293149927185606
327,23,0.265221714230261,0.270377053741624
327,24,0.244150543141477,0.248896304420606
327,25,0.224346899053303,0.228707720098057
327,26,0.205796533591906,0.209796775442416
327,27,0.188473567084919,0.192137087736161
327,28,0.17234285191936,0.175692826172333
327,29,0.157362050789499,0.160420830499066
327,30,0.143483444562224,0.146272454025966
327,31,0.130655488315831,0.133195149908948
327,32,0.118824136279637,0.121133821843822
327,33,0.107933957342294,0.110031961257695
327,34,0.0979290628405981,0.0998325931319926
327,35,0.0887538677489333,0.0904790519877891
327,36,0.0803537053641707,0.0819156085188599
328,0,0.773354509569048,0.79201303939743
328,1,0.772560761382007,0.791200140647431
328,2,0.767845545898598,0.786371162345475
328,3,0.757200453148223,0.775469238118525
328,4,0.740035224509233,0.75788986832356
328,5,0.71663890287476,0.733929069518928
328,6,0.687804325610319,0.70439880765794
328,7,0.654572116051443,0.670364812933729
328,8,0.618061227550995,0.632973035405394
328,9,0.579361423666449,0.59333953108179
328,10,0.539469421211824,0.552485064312929
328,11,0.499255233742209,0.51130063925222
328,12,0.459448885181169,0.470533892926901
328,13,0.420640391485058,0.430789076459973
328,14,0.383287945478117,0.392535437378756
328,15,0.347730751057337,0.356120363467387
328,16,0.314204064982314,0.321784787466157
328,17,0.282854815242863,0.289679182259552
328,18,0.253756749560972,0.259879074862308
328,19,0.226924483288233,0.232399433246931
328,20,0.202326106487261,0.207207577592998
328,21,0.179894208466493,0.18423447080814
328,22,0.159535309482479,0.163384377786636
328,23,0.141137772512244,0.144542968067124
328,24,0.124578316946685,0.127583986680239
328,25,0.109727281151136,0.112374643677652
328,26,0.0964527897152774,0.0987798819241739
328,27,0.0846239794269633,0.0866656809038374
328,28,0.0741134295479373,0.0759015456302686
328,29,0.0647989296736246,0.0663623171591857
328,30,0.0565647042906452,0.0579294266905038
328,31,0.0493021984367164,0.0504917001836564
328,32,0.0429105144889847,0.0439458056842091
328,33,0.0372965765978647,0.0381964217249534
328,34,0.0323750869488594,0.0331561925324661
328,35,0.0280683270165049,0.0287455244859579
328,36,0.0243058473044989,0.0248922683718407
329,0,0.771361696062131,0.795901174962731
329,1,0.770481923777874,0.794993414312553
329,2,0.765287736186853,0.789633983026588
329,3,0.75364230501569,0.777618073500106
329,4,0.734996912862873,0.75837951187872
329,5,0.709764466050436,0.732344340353188
329,6,0.678889729578212,0.7004873799151
329,7,0.64356162851623,0.664035379137803
329,8,0.605027017130777,0.624274858703634
329,9,0.564475946559134,0.582433729076985
329,10,0.522976467510813,0.539614019071266
329,11,0.481443007031204,0.49675924657641
329,12,0.440626836357945,0.454644583167314
329,13,0.40112046843026,0.413881391511992
329,14,0.363370271148239,0.374930239898916
329,15,0.327693372223445,0.338118344884903
329,16,0.29429622842442,0.303658731287624
329,17,0.263293161749467,0.271669358053234
329,18,0.234723822751934,0.24219113714581
329,19,0.208568998809456,0.215204244728112
329,20,0.184764496655547,0.190642445340846
329,21,0.163213034468059,0.168405362316432
329,22,0.143794209378302,0.148368762386419
329,23,0.126372683730363,0.130393002371858
329,24,0.110804774165495,0.114329827887505
329,25,0.0969436435638437,0.1000277304558
329,26,0.0846432956486149,0.0873360691921422
329,27,0.0737615617726795,0.0761081526107215
329,28,0.0641622533608554,0.06620345954286
329,29,0.0557166346261864,0.0574891587051
329,30,0.048304350492681,0.0498410661421276
329,31,0.0418139254150824,0.0431441599155936
329,32,0.0361429307645604,0.0372927528148782
329,33,0.0311979020756874,0.0321904069714291
329,34,0.0268940729145397,0.0277496592603574
329,35,0.0231549794619512,0.0238916133042215
329,36,0.0199119790408438,0.0205454426831746
330,0,0.771318439748884,0.785714708791261
330,1,0.770625251997548,0.785008583040714
330,2,0.766476751982504,0.780782653368525
330,3,0.757032501098343,0.771162130312424
330,4,0.741672701766527,0.755515648085162
330,5,0.720555679642193,0.734004487410252
330,6,0.694303689044727,0.707262516669615
330,7,0.66378406085098,0.67617325503278
330,8,0.62996056507217,0.641718460791374
330,9,0.593795939867386,0.604878841125893
330,10,0.556191230040602,0.566572258386407
330,11,0.517951185125517,0.52761848235014
330,12,0.479767729494492,0.488722351808334
330,13,0.44221562289915,0.450469354113032
330,14,0.405756027316909,0.413329258597004
330,15,0.370744900758919,0.377664667047863
330,16,0.337444041311109,0.343742263880562
330,17,0.306033275708044,0.311745232204828
330,18,0.27662278106005,0.281785805531094
330,19,0.249264888520165,0.253917291746934
330,20,0.223964976577443,0.228145169728184
330,21,0.200691244626423,0.204437045327146
330,22,0.179383283920749,0.182731382298727
330,23,0.159959447813188,0.162945010102271
330,24,0.142323077593754,0.144979465941795
330,25,0.126367672785554,0.128726261562807
330,26,0.111981111843479,0.114071182728194
330,27,0.0990490355911315,0.100897735805303
330,28,0.0874575049468076,0.0890898550970246
330,29,0.0770950391004729,0.0785339790603218
330,30,0.0678541321634823,0.0691205952634447
330,31,0.0596323367338335,0.0607453441753844
330,32,0.0523329927120229,0.0533097615847084
330,33,0.0458656696779188,0.0467217292331747
330,34,0.0401463815913494,0.0408956935235977
330,35,0.0350976237446834,0.03575270316213
330,36,0.0306482738990539,0.0312203084492442
331,0,0.756715468858661,0.787895819258286
331,1,0.756328063849264,0.787492451282045
331,2,0.75394431672885,0.785010482209606
331,3,0.74834540059268,0.779180863551593
331,4,0.738943354472531,0.769391407493938
331,5,0.725593193035385,0.75549115460415
331,6,0.708450189789267,0.737641776412476
331,7,0.687862676369756,0.716205957508679
331,8,0.66429261616587,0.691664696415764
331,9,0.638257765514281,0.664557083544655
331,10,0.610290495308109,0.635437426053385
331,11,0.580909363993425,0.604845649513077
331,12,0.550600353903017,0.57328776108758
331,13,0.519805343162733,0.541223846426393
331,14,0.488915914946067,0.509061623830497
331,15,0.458271029211217,0.477154020053672
331,16,0.428157419354399,0.445799583299858
331,17,0.398811843915122,0.415244827709612
331,18,0.370424535019338,0.385687823895858
331,19,0.343143351610293,0.35728252330801
331,20,0.317078275621322,0.330143439668905
331,21,0.292305990343659,0.304350415993595
331,22,0.26887435821842,0.279953286888095
331,23,0.246806674895572,0.256976307896226
331,24,0.22610562149712,0.235422270615234
331,25,0.206756870691688,0.215276257358146
331,26,0.188732326918123,0.196509014890313
331,27,0.171992998876,0.179079945280471
331,28,0.156491514818001,0.162939724835372
331,29,0.142174299494235,0.148032570744773
331,30,0.128983436809797,0.134298180489536
331,31,0.116858245150134,0.121673372078043
331,32,0.105736593519648,0.110093454416093
331,33,0.0955559866064001,0.0994933570815449
331,34,0.0862544459997674,0.0898085478524158
331,35,0.0777712133316053,0.0809757648208737
331,36,0.0700472992995221,0.0729335880389353
332,0,0.769629114510021,0.782699637746497
332,1,0.769252083589055,0.782316203752518
332,2,0.766927650512109,0.779952295094449
332,3,0.761456087950053,0.774387809611133
332,4,0.752247276300785,0.765022605766751
332,5,0.739141894087112,0.751694656345683
332,6,0.722274973212658,0.734541286482929
332,7,0.701972891909094,0.713894417254345
332,8,0.678676623835525,0.690202511324257
332,9,0.652885483383726,0.663973362883656
332,10,0.625116762686137,0.635733049178108
332,11,0.595877592962308,0.605997313978668
332,12,0.565646121180097,0.575252424568469
332,13,0.534859705136135,0.543943166341584
332,14,0.503908322823013,0.512466140242258
332,15,0.473131787440786,0.481166930479257
332,16,0.442819675784388,0.450340031697111
332,17,0.413213129898537,0.420230681228302
332,18,0.384507892050442,0.391037945608582
332,19,0.356858091222234,0.362918571374956
332,20,0.330380423633698,0.335991236585765
332,21,0.305158466930019,0.310340938275786
332,22,0.281246943028069,0.286023327697946
332,23,0.25867580261047,0.263068864183883
332,24,0.237454048457061,0.241486703406619
332,25,0.217573248092952,0.221268269683508
332,26,0.199010710937209,0.202390487082071
332,27,0.181732323126481,0.18481866238712
332,28,0.165695045962499,0.168509025979096
332,29,0.150849092688205,0.153410945578136
332,30,0.137139803986508,0.139468833594221
332,31,0.124509245972199,0.126623772257593
332,32,0.112897556105258,0.114814882389561
332,33,0.102244062858062,0.103980462084888
332,34,0.0924882044815476,0.0940589210812511
332,35,0.0835702711156831,0.0849895354728944
332,36,0.0754319929911504,0.0767130459016711
333,0,0.767152725225151,0.790118016667611
333,1,0.766654177123535,0.78960454415515
333,2,0.763620366793721,0.786479914440729
333,3,0.756582895495249,0.779231771167729
333,4,0.744915154898955,0.767214748017312
333,5,0.728559945117857,0.750369932781035
333,6,0.707827990111408,0.729017351172816
333,7,0.683250962349397,0.703704591676061
333,8,0.65547614141499,0.675098310673082
333,9,0.625192629507218,0.64390823915339
333,10,0.593081270401326,0.610835602460609
333,11,0.559782180605425,0.576539679469979
333,12,0.5258751938429,0.541617661661701
333,13,0.491869616618013,0.506594102011725
333,14,0.458200553204993,0.471917129966629
333,15,0.425229731040306,0.437959301544632
333,16,0.393249280874602,0.405021492649216
333,17,0.362487331205501,0.37333866097545
333,18,0.333114588342664,0.343086623054239
333,19,0.305251311844283,0.314389238503723
333,20,0.278974275878421,0.287325579784194
333,21,0.254323442933971,0.261936805691581
333,22,0.231308177259812,0.238232560800569
333,23,0.209912899382642,0.216196799254652
333,24,0.19010213630474,0.195792986145352
333,25,0.171824959435293,0.176968668296345
333,26,0.155018827817934,0.159659432540888
333,27,0.139612870788637,0.143792286648548
333,28,0.125530654164305,0.129288508321702
333,29,0.112692479222057,0.116066012996506
333,30,0.101017265461362,0.104041292966915
333,31,0.0904240674940578,0.0931309796839405
333,32,0.0808332741712429,0.0832530787793097
333,33,0.0721675348199064,0.0743279240296776
333,34,0.0643524536589226,0.0662788925604866
333,35,0.0573170894066604,0.0590329194097034
333,36,0.0509942930019299,0.0525208453586954
334,0,0.76532759233263,0.793055593894444
334,1,0.764704359728671,0.792409781424309
334,2,0.760954778010722,0.788524351464674
334,3,0.752367794182178,0.779626259159976
334,4,0.738316912537964,0.765066310716031
334,5,0.718880422808145,0.74492563231853
334,6,0.694568194055222,0.719732565707955
334,7,0.666128514379768,0.690262509641582
334,8,0.634414572618789,0.65739956419187
334,9,0.600294956330366,0.622043786051695
334,10,0.564596262018501,0.585051719513936
334,11,0.528068802820942,0.547200861740622
334,12,0.491368633776836,0.509171036801748
334,13,0.455050836515149,0.471537437066345
334,14,0.419570325566959,0.434771458727666
334,15,0.385287445869286,0.39924650210591
334,16,0.352476395089131,0.365246699115078
334,17,0.3213350800015,0.332977126739931
334,18,0.291995446365419,0.302574511165874
334,19,0.264533640276516,0.274117757279777
334,20,0.238979592163029,0.247637879896445
334,21,0.215325782928263,0.223127087500513
334,22,0.193535071124401,0.200546893000635
334,23,0.173547542754269,0.1798352117012
334,24,0.155286400790832,0.160912464200532
334,25,0.138662947015302,0.14368673872218
334,26,0.123580729813845,0.128058089187292
334,27,0.109938942308621,0.113922056460753
334,28,0.0976351587619094,0.101172503895889
334,29,0.0865674959125672,0.0897038569766574
334,30,0.0766362814985418,0.0794128322911332
334,31,0.0677453059356091,0.0701997345588643
334,32,0.0598027258535936,0.0619693929024258
334,33,0.0527216805623154,0.0546317996480754
334,34,0.0464206749557779,0.0481025071026514
334,35,0.0408237751424302,0.0423028302715657
334,36,0.0358606563816088,0.037159896531995
335,0,0.765594429474911,0.766481921293554
335,1,0.765022682274431,0.765909511312699
335,2,0.761567400512828,0.762450224121882
335,3,0.753614364323676,0.754487968619893
335,4,0.740533349988591,0.741391790520869
335,5,0.722343879123713,0.723181234070782
335,6,0.699472092488304,0.700282934019477
335,7,0.672576704308053,0.673356368186867
335,8,0.642426936201878,0.6431716498884
335,9,0.609819221361565,0.610526135556566
335,10,0.575522524786761,0.576189681590061
335,11,0.54024451659403,0.540870778450288
335,12,0.504612700706267,0.505197657474784
335,13,0.469166050852468,0.469709917181279
335,14,0.434353827721851,0.434857339050642
335,15,0.400539115356501,0.401003428018976
335,16,0.368005277096132,0.368431875906241
335,17,0.33696403575828,0.337354650963144
335,18,0.307564264189959,0.307920798612973
335,19,0.27990085845282,0.280225324922721
335,20,0.254023278431025,0.254317747111403
335,21,0.229943496642922,0.23021005157614
335,22,0.207643208852464,0.207883912862261
335,23,0.187080240136451,0.187297107156584
335,24,0.16819413546915,0.168389109352744
335,25,0.15091096090538,0.151085899799905
335,26,0.135147364904577,0.135304030334792
335,27,0.120813962939426,0.120954012813822
335,28,0.107818115087678,0.107943099924764
335,29,0.0960661679409673,0.0961775296944148
335,30,0.0854652304721305,0.0855643034145427
335,31,0.0759245496628777,0.0760125628642096
335,32,0.0673565465700557,0.0674346275770636
335,33,0.0596775677229208,0.0597467471096451
335,34,0.0528084007339582,0.0528696172499132
335,35,0.0466745970722038,0.0467287031647317
335,36,0.041206639288256,0.0412544068187318
336,0,0.761299415347271,0.78500645010833
336,1,0.760849396519422,0.78454241759312
336,2,0.758098504362676,0.781705862036838
336,3,0.751684800141767,0.775092433626146
336,4,0.740995720027216,0.764070493156351
336,5,0.725933467611216,0.748539198817544
336,6,0.706739575638671,0.728747604738548
336,7,0.683865377559542,0.705161098994313
336,8,0.657877885534738,0.678364350631771
336,9,0.629392783883687,0.648992216518327
336,10,0.599028018841887,0.617681885874025
336,11,0.56737288107932,0.585041000012649
336,12,0.534968605300722,0.551627647809187
336,13,0.502297407216491,0.517939061279551
336,14,0.46977758759296,0.484406567169876
336,15,0.437762892768269,0.451394927558714
336,16,0.406544760777744,0.41920465592726
336,17,0.376356426196348,0.38807624982752
336,18,0.347378124458772,0.358195557266098
336,19,0.319742843465144,0.329699707416196
336,20,0.293542229356377,0.302683200300136
336,21,0.268832374589509,0.277203875106666
336,22,0.245639307981859,0.253288571196323
336,23,0.223964074711006,0.230938366293747
336,24,0.203787344523115,0.21013332819666
336,25,0.185073522718504,0.190836753778438
336,26,0.167774364097933,0.172998895473502
336,27,0.151832107526066,0.15656019345179
336,28,0.137182160109569,0.141454043382764
336,29,0.123755366766339,0.127609136679533
336,30,0.111479904399248,0.114951413657596
336,31,0.100282840924142,0.103405671111318
336,32,0.0900913987593029,0.0928968651487457
336,33,0.0808339606103888,0.0833511482969056
336,34,0.0724408528929099,0.0746966773202407
336,35,0.0648449392295001,0.0668642251995166
336,36,0.0579820533645945,0.0597876275275604
337,0,0.754035629943964,0.792088362676777
337,1,0.753573634818577,0.791603052768465
337,2,0.7507543048226,0.788641444070312
337,3,0.744193531920132,0.781749578938427
337,4,0.733280639257751,0.770285962449037
337,5,0.7179332025685,0.754164010759065
337,6,0.698414449153133,0.733660235048336
337,7,0.675199045683734,0.709273256246917
337,8,0.648876069819842,0.681621880072081
337,9,0.620080348916294,0.651372970714463
337,10,0.589445256273558,0.619191864930855
337,11,0.557571574459716,0.585709664040318
337,12,0.525008241809085,0.551503008786568
337,13,0.492241753621335,0.517082945664045
337,14,0.459691743562838,0.482890285332777
337,15,0.427710863541647,0.449295476431201
337,16,0.396587544396233,0.416601505584239
337,17,0.366550581327636,0.385048714241268
337,18,0.337774768228463,0.354820717343946
337,19,0.310387020887888,0.326050835541393
337,20,0.284472594087115,0.298828626034055
337,21,0.260081122732988,0.273206228575723
337,22,0.237232311099601,0.249204341825167
337,23,0.215921163877688,0.226817718382687
337,24,0.196122703560799,0.206020120241216
337,25,0.177796155070495,0.186768714590424
337,26,0.160888603865087,0.169007916533493
337,27,0.145338150776934,0.152672703134635
337,28,0.131076597583824,0.137691434518988
337,29,0.118031703475014,0.123988224212193
337,30,0.106129055385454,0.11148490386183
337,31,0.0952935956127237,0.100102627946208
337,32,0.0854508489391547,0.0897631628237323
337,33,0.0765278892139498,0.0803899020940058
337,34,0.0684540824225172,0.0719086471664771
337,35,0.061161639988424,0.0642481884850156
337,36,0.0545860126378041,0.0573407192688564
338,0,0.764642603671745,0.792143262771596
338,1,0.764026907829438,0.791505423196535
338,2,0.760320477820063,0.787665690036543
338,3,0.751826660874416,0.778866389766847
338,4,0.737918740002707,0.764458265285185
338,5,0.718666762684648,0.744513883355246
338,6,0.694568690417425,0.719549114846927
338,7,0.666360003368225,0.690325891748507
338,8,0.634881837884411,0.657715602192738
338,9,0.600992382582251,0.622607299872547
338,10,0.565509882810196,0.585848658638382
338,11,0.529178419824172,0.548210520908654
338,12,0.492649812082372,0.510368148037792
338,13,0.456476668277657,0.47289402349833
338,14,0.421112913353847,0.436258397815579
338,15,0.386919095456431,0.400834786384815
338,16,0.354170531177128,0.36690840766262
338,17,0.323066911842809,0.334686134949614
338,18,0.293742416845534,0.304306973450208
338,19,0.26627569393681,0.275852399511898
338,20,0.240699296675715,0.249356137494768
338,21,0.217008335824336,0.224813122317625
338,22,0.195168219955743,0.202187518459847
338,23,0.175121442895856,0.181419751516154
338,24,0.156793431118856,0.162432565895796
338,25,0.140097499954605,0.145136159281841
338,26,0.12493898885906,0.129432466628143
338,27,0.111218657147079,0.115218678020959
338,28,0.0988354255775211,0.102390078866187
338,29,0.0876885483150953,0.090842299966644
338,30,0.0776792957714399,0.080473060887154
338,31,0.0687122228883217,0.0711834838520332
338,32,0.0606960904576882,0.0628790482007636
338,33,0.053544499701649,0.0554702477908822
338,34,0.0471762929878639,0.0488730061252486
338,35,0.0415157665134664,0.043008896685227
338,36,0.0364927342275325,0.0378052091521493
339,0,0.759897721810636,0.7925861350335
339,1,0.759593749538987,0.792269086829473
339,2,0.757703607211451,0.790297636515772
339,3,0.753211269883287,0.785612052945773
339,4,0.745575542792421,0.777647860858579
339,5,0.734600197751613,0.766200390946673
339,6,0.720332873066472,0.751319330765943
339,7,0.702987065446288,0.733227360983538
339,8,0.682882580581747,0.712258044326478
339,9,0.660400666812075,0.688809029240075
339,10,0.635950763784753,0.663307368179433
339,11,0.609946380509704,0.636184358013287
339,12,0.582788095886644,0.607857809287438
339,13,0.554852067330064,0.578720060526871
339,14,0.526482754307495,0.549130388763496
339,15,0.49798882577296,0.519410740920236
339,16,0.469641433895976,0.489843933281275
339,17,0.441674209713686,0.460673646957163
339,18,0.414284476485297,0.432105693433944
339,19,0.387635289513785,0.404310142141582
339,20,0.361858001921608,0.377423996601298
339,21,0.337055128384793,0.351554181348494
339,22,0.31330333650056,0.326780661979612
339,23,0.290656441059595,0.30315956822861
339,24,0.269148312299758,0.280726227324595
339,25,0.248795637112509,0.259498043976687
339,26,0.229600493699646,0.239477185784397
339,27,0.211552716599449,0.220653049999772
339,28,0.194632041350873,0.203004500448299
339,29,0.178810027183219,0.186501872926655
339,30,0.164051762690831,0.171108754250168
339,31,0.15031736403147,0.156783544898974
339,32,0.137563278220234,0.143480818375559
339,33,0.125743405937598,0.131152492312465
339,34,0.114810059217884,0.119748827357513
339,35,0.104714769662223,0.109219270153552
339,36,0.0954089626091505,0.0995131565097474
340,0,0.766374098112668,0.794608415894566
340,1,0.76557878317014,0.793783800412159
340,2,0.760857248933172,0.788888318101537
340,3,0.750205486586572,0.777844129596783
340,4,0.733042044058493,0.760048361300177
340,5,0.70966538130806,0.735810468862569
340,6,0.680876326443399,0.705960784044872
340,7,0.647721156354412,0.671584130073914
340,8,0.611321920463232,0.633843894277203
340,9,0.57276909678068,0.593870729434996
340,10,0.533058112666533,0.552696735874585
340,11,0.493056143700037,0.511221037163722
340,12,0.453489284677424,0.470196478469333
340,13,0.41494294779754,0.430230039412881
340,14,0.377870402081899,0.391791688094863
340,15,0.342605893063345,0.355227984131563
340,16,0.309379902290773,0.320777900341753
340,17,0.278334921776446,0.288589178347211
340,18,0.249540705419806,0.258734141880789
340,19,0.223008375906395,0.231224323403671
340,20,0.198703055894758,0.206023560643265
340,21,0.176554890016344,0.183059424659341
340,22,0.156468454613891,0.162232976250636
340,23,0.138330634194389,0.143426932587608
340,24,0.122017091402808,0.12651237554925
340,25,0.107397481385149,0.111354158190734
340,26,0.0943395693717095,0.09781517402433
340,27,0.082712407742043,0.0857596511319826
340,28,0.0723887197259853,0.0750556236852939
340,29,0.0632466240715326,0.0655767201526313
340,30,0.0551708204240799,0.0572033923494329
340,31,0.0480533401302938,0.0498236939027681
340,32,0.0417939525597721,0.043333701542469
340,33,0.0363003033539379,0.0376376584433106
340,34,0.0314878485562983,0.0326479059285349
340,35,0.0272796374819949,0.0282846583400046
340,36,0.0236059874698348,0.0244756658076337
341,0,0.780568271288214,0.789627289555625
341,1,0.779664596269722,0.788713126782505
341,2,0.774334036677457,0.783320702471292
341,3,0.762394847601831,0.771242951099564
341,4,0.743298772854115,0.751925253597839
341,5,0.717483214821938,0.725810088701792
341,6,0.685927847257174,0.693888499934196
341,7,0.649858592258254,0.657400637041583
341,8,0.610556633923554,0.617642553123004
341,9,0.569241278344133,0.575847705134417
341,10,0.527003844163916,0.53312007720449
341,11,0.484776036619165,0.49040218763359
341,12,0.443320926347245,0.448465963005572
341,13,0.403238110648152,0.407917959349214
341,14,0.364977176834232,0.369212981739129
341,15,0.328855442201171,0.332672030151026
341,16,0.295077286270793,0.298501856068145
341,17,0.263753349915406,0.266814384424317
341,18,0.234918552408798,0.23764493975492
341,19,0.208548346489387,0.21096868991094
341,20,0.184572949572017,0.18671504243352
341,21,0.16288949844869,0.164779940318151
341,22,0.143372206486406,0.145036137093598
341,23,0.125880679578269,0.127341609285201
341,24,0.110266586872059,0.111546304561724
341,25,0.0963788968945538,0.0974974386284111
341,26,0.0840678879565924,0.0850435521754884
341,27,0.0731881299423648,0.0740375272731215
341,28,0.063600617142478,0.064338744957437
341,29,0.0551742116846697,0.0558145454132192
341,30,0.0477865363451349,0.0483411311469098
341,31,0.0413244353636829,0.0418040331498345
341,32,0.0356841031044853,0.0360982410521452
341,33,0.0307709634140073,0.0311280810806187
341,34,0.0264993675011052,0.0268069104324508
341,35,0.022792165114826,0.0230566834762863
341,36,0.0195801926367661,0.0198074339035463
342,0,0.755353321356633,0.784497670652287
342,1,0.754903024012348,0.784029999156439
342,2,0.75215152200855,0.78117233393972
342,3,0.74573926105397,0.774512664033923
342,4,0.735057476138988,0.763418736004107
342,5,0.72001244855071,0.74779321511978
342,6,0.70084938611466,0.727890770239225
342,7,0.678022528468793,0.704183167260354
342,8,0.652100871716199,0.677261356278792
342,9,0.62370114696077,0.64776586418539
342,10,0.593441480139896,0.616338666522375
342,11,0.56191059193817,0.583591199014817
342,12,0.529648536183915,0.550084352782632
342,13,0.497135879749204,0.516317236760769
342,14,0.464788942685023,0.482722234181036
342,15,0.432959281504881,0.44966446591886
342,16,0.401936041449683,0.417444233517314
342,17,0.371950149692528,0.386301374181407
342,18,0.343179590521039,0.356420739496622
342,19,0.315755211472707,0.327938225586627
342,20,0.289766668982132,0.300946948165767
342,21,0.265268243584193,0.275503282114476
342,22,0.242284346311397,0.251632580333969
342,23,0.220814606177485,0.229334457523952
342,24,0.20083847876643,0.20858757658818
342,25,0.182319352082516,0.189353912903546
342,26,0.165208151233757,0.171582498085636
342,27,0.14944646079334,0.155212662822527
342,28,0.134969194832038,0.140176809927015
342,29,0.121706851214966,0.126402755612543
342,30,0.109587390031957,0.113815680400435
342,31,0.0985377769253714,0.10233973199505
342,32,0.0884852313141106,0.091899321668931
342,33,0.0793582176353447,0.0824201537503419
342,34,0.0710872151467652,0.0738300251273603
342,35,0.0636052988560918,0.0660594285918121
342,36,0.0568485609925332,0.0590419905726746
343,0,0.767324685568526,0.80343552188428
343,1,0.766465306753734,0.802535700101475
343,2,0.761386046324005,0.797217406123846
343,3,0.749984432356988,0.785279224230054
343,4,0.731706662007277,0.766141289225499
343,5,0.706940623227144,0.740209743340747
343,6,0.676598356020105,0.708439547819698
343,7,0.641835633059677,0.67204086680615
343,8,0.603869716843264,0.632288248021902
343,9,0.563866485181696,0.590402436302895
343,10,0.522875764602051,0.547482663746746
343,11,0.481799457043347,0.50447327642845
343,12,0.441381340721714,0.462153055287134
343,13,0.402210619279692,0.421138932300803
343,14,0.364733651880727,0.381898272607289
343,15,0.329270025939201,0.34476570362819
343,16,0.296030390581669,0.30996178778527
343,17,0.265134372324926,0.277611781302864
343,18,0.236627535709003,0.247763393020119
343,19,0.210496799530144,0.220402926122684
343,20,0.186684025737605,0.195469506542489
343,21,0.165097701898027,0.172867315207065
343,22,0.145622768432242,0.152475877752982
343,23,0.128128720134679,0.134158547308429
343,24,0.11247615366498,0.117769360114362
343,25,0.0985219503497844,0.103158462232566
343,26,0.0861232851390504,0.0901763071662605
343,27,0.0751406439234222,0.0786768151745382
343,28,0.065440016862607,0.068519669820305
343,29,0.0568944178206941,0.059571908911289
343,30,0.0493848614225683,0.0517089475374119
343,31,0.0428009109185732,0.044815151718347
343,32,0.0370408927647691,0.0387840630820734
343,33,0.0320118580417675,0.0335183584680544
343,34,0.0276293567576224,0.0289296136086643
343,35,0.0238170787623756,0.0249379271449222
343,36,0.0205064043940975,0.0214714501256202
344,0,0.78592703209768,0.801519260591373
344,1,0.784661706907048,0.800228832256702
344,2,0.777352638339476,0.792774757012266
344,3,0.761364294211556,0.776469215606868
344,4,0.736403497316985,0.751013214408754
344,5,0.703473407561057,0.717429815296077
344,6,0.664196177635183,0.677373353305912
344,7,0.620389645646259,0.632697731149081
344,8,0.573816381254439,0.585200486603332
344,9,0.526047381211055,0.536483783868512
344,10,0.478400064535756,0.487891178612504
344,11,0.431922699314597,0.440491735808164
344,12,0.387406306063703,0.39509216925118
344,13,0.345411393960108,0.35226410821855
344,14,0.306301311075111,0.312378109346643
344,15,0.27027705482959,0.275639157700969
344,16,0.237410480708169,0.242120534327421
344,17,0.207674248090231,0.211794356187081
344,18,0.180967756984726,0.184558027457248
344,19,0.157138906659551,0.16025642983641
344,20,0.136001852954461,0.138700032149509
344,21,0.11735113115651,0.119679293411092
344,22,0.100972599098623,0.102975823027116
344,23,0.0866516778695249,0.0883707849946449
344,24,0.0741793508356481,0.0756510159400486
344,25,0.0633563429173606,0.0646132873090754
344,26,0.053995852706433,0.0550670916875676
344,27,0.0459251574208468,0.0468362795974227
344,28,0.0389863593854854,0.0397598207869252
344,29,0.0330364952873488,0.0336919156535071
344,30,0.0279471871772798,0.028501639321598
344,31,0.0236039775374268,0.0240722635183037
344,32,0.0199054596459044,0.0203003696851259
344,33,0.0167622885846088,0.0170948403648814
344,34,0.014096137031291,0.0143757942774398
344,35,0.0118386428669667,0.0120735130484189
344,36,0.00993038202439055,0.0101273936797101
345,0,0.762616668324878,0.811343890719317
345,1,0.761579121703354,0.810240050287191
345,2,0.755519415492196,0.803793160495527
345,3,0.742098317024144,0.789514523926103
345,4,0.720877035453906,0.766937313290166
345,5,0.692518663780422,0.736766989766332
345,6,0.658255621052103,0.700314717543988
345,7,0.619544808784078,0.65913048653651
345,8,0.57785351016081,0.614775331661069
345,9,0.534534875482612,0.568688862455434
345,10,0.490763516761389,0.522120742504745
345,11,0.447510314254021,0.476103886243942
345,12,0.405541802733753,0.431453806015107
345,13,0.365434048329582,0.388783375564415
345,14,0.32759419452148,0.348525752713931
345,15,0.292285183902844,0.310960680715571
345,16,0.259650801789483,0.276241132015914
345,17,0.229739325989364,0.244418469122731
345,18,0.202524843165686,0.215465122972328
345,19,0.177925809057424,0.189294339051261
345,20,0.155820762970521,0.165776895961442
345,21,0.13606131166768,0.144754918912684
345,22,0.118482614155255,0.126053034432717
345,23,0.102911655742705,0.109487173095832
345,24,0.0891736176932881,0.0948713461609886
345,25,0.0770966422717452,0.0820227150811576
345,26,0.0665152720711861,0.070765250585239
345,27,0.0572728140071768,0.0609322477190219
345,28,0.0492228468444547,0.052367929694985
345,29,0.0422300594841092,0.04492833974165
345,30,0.0361705772598291,0.0384816882484551
345,31,0.0309319061600143,0.0329082934239508
345,32,0.0264126006690944,0.0281002279139138
345,33,0.0225217399219845,0.0239607614848081
345,34,0.0191782789896574,0.0204036708598933
345,35,0.0163103271341441,0.017352471858488
345,36,0.013854392495193,0.0147396158220525
346,0,0.761204876233505,0.79576239966149
346,1,0.760846393432955,0.795387642296541
346,2,0.758632515653916,0.793073257892277
346,3,0.753411126193706,0.787614825430594
346,4,0.744605972528014,0.778409931414322
346,5,0.732050043278175,0.76528398240665
346,6,0.715857908342509,0.748356749601988
346,7,0.696328917257254,0.727941172542281
346,8,0.673874715492055,0.704467584764479
346,9,0.648965816274863,0.678427860068971
346,10,0.622093007256804,0.650335067106757
346,11,0.593740218783474,0.620695105912249
346,12,0.564366168437374,0.589987519136333
346,13,0.534392653557745,0.55865325306473
346,14,0.504197813340804,0.527087613827997
346,15,0.474113044442018,0.49563704297693
346,16,0.444422544869718,0.464598640669647
346,17,0.415364693649988,0.434221607971125
346,18,0.387134659167516,0.4047099736087
346,19,0.359887776201162,0.376226124319813
346,20,0.333743347814692,0.348894779342703
346,21,0.30878861943588,0.322807144912557
346,22,0.285082743562979,0.298025058959511
346,23,0.262660608571606,0.274584993737443
346,24,0.241536447306285,0.252501828239996
346,25,0.221707173165391,0.231772335738608
346,26,0.203155415359431,0.212378356836822
346,27,0.185852242662435,0.194289646875779
346,28,0.169759577670222,0.177466399796074
346,29,0.154832312438572,0.161861459822625
346,30,0.141020142286593,0.147422238519871
346,31,0.128269138222193,0.134092358602932
346,32,0.116523080436759,0.121813047970885
346,33,0.10572457606546,0.110524308211652
346,34,0.0958159842627405,0.100165881674485
346,35,0.086740170867515,0.0906780403957996
346,36,0.0784411137356969,0.0820022189128622
347,0,0.764998626114388,0.791799577111629
347,1,0.764032938167255,0.790800057266678
347,2,0.758366431837428,0.784935030634608
347,3,0.745749739454048,0.771876325229543
347,4,0.725692119785934,0.751116007198979
347,5,0.69874209235713,0.723221812892175
347,6,0.666001757670059,0.689334453784892
347,7,0.62880768976146,0.650837329429682
347,8,0.588529123713381,0.609147644671003
347,9,0.546447504013487,0.565591738104491
347,10,0.503691398149105,0.521337715434788
347,11,0.461208145948789,0.477366105580541
347,12,0.419759044335184,0.434464876729965
347,13,0.379928843139129,0.393239264831164
347,14,0.342143217887878,0.354129858521767
347,15,0.30668996828069,0.317434540271603
347,16,0.273741176466989,0.283331420953679
347,17,0.243374605278854,0.251900987742025
347,18,0.215593341673481,0.223146435742251
347,19,0.19034318318803,0.197011663563207
347,20,0.16752759082671,0.173396750063293
347,21,0.147020238956777,0.152170943919343
347,22,0.128675317057565,0.133183326286981
347,23,0.112335805460206,0.116271376472493
347,24,0.0978399762548919,0.101267700592774
347,25,0.0850263747106987,0.088005187514153
347,26,0.0737375252995847,0.0763208447131761
347,27,0.0638225863094092,0.0660585458913025
347,28,0.0551391525455157,0.0570708968323097
347,29,0.0475543797237832,0.0492203991873146
347,30,0.0409455787440014,0.0423800655679131
347,31,0.0352004042408969,0.0364336147029015
347,32,0.0302167402605505,0.0312753531094817
347,33,0.0259023668704338,0.0268098300233196
347,34,0.0221744750201463,0.0229513352629196
347,35,0.018959082921678,0.0196232951633619
347,36,0.0161903954236749,0.0167576095068947
348,0,0.769148793055312,0.78637316525365
348,1,0.768766365507997,0.785982173596928
348,2,0.766410197895406,0.783573241801012
348,3,0.760867998547038,0.77790693005042
348,4,0.751547305379723,0.7683775086244
348,5,0.738292741908247,0.75482612152579
348,6,0.721246784429117,0.737398435675312
348,7,0.700744826980997,0.716437355949332
348,8,0.67723714099866,0.69240323719282
348,9,0.651231799229288,0.665815529969813
348,10,0.623253829079755,0.637211019187881
348,11,0.59381682915766,0.607114805017986
348,12,0.563404065639089,0.576020975932968
348,13,0.532456696257423,0.544380568983536
348,14,0.501367277155461,0.512594931242376
348,15,0.470477114590454,0.48101301220308
348,16,0.440076348421259,0.449931449136925
348,17,0.410405912927707,0.419596571822958
348,18,0.381660725494413,0.390207662639423
348,19,0.353993615398733,0.361920973333265
348,20,0.327519631832524,0.334854129516044
348,21,0.302320469248288,0.309090655111577
348,22,0.278448824752224,0.284684427328769
348,23,0.255932561112948,0.261663932897037
348,24,0.234778593692175,0.240036242041193
348,25,0.214976453201861,0.21979065102322
348,26,0.196501501041819,0.200901969484383
348,27,0.179317791992217,0.18333344724507
348,28,0.163380591762706,0.167039348232084
348,29,0.148638565558729,0.151967188055867
348,30,0.13503565938848,0.138059657447576
348,31,0.122512699069475,0.12525625707392
348,32,0.11100873340626,0.113494670794084
348,33,0.100462148272673,0.10271190469083
348,34,0.0908115777099299,0.0928452185717724
348,35,0.0819966369277991,0.0838328753854402
348,36,0.073958500485335,0.0756147323498225
349,0,0.761711433101897,0.791795828706694
349,1,0.761421391911234,0.791494332109767
349,2,0.75961427870153,0.789615845534323
349,3,0.755309648918508,0.785141200992829
349,4,0.74797616755013,0.777518077976631
349,5,0.737410847468508,0.766535472220653
349,6,0.723644600680228,0.752225516625633
349,7,0.706868997361024,0.734787347582939
349,8,0.68738004718192,0.71452866589971
349,9,0.665535579755249,0.691821433951882
349,10,0.641723431941371,0.667068806523414
349,11,0.616338171020108,0.640680934640968
349,12,0.589764512610464,0.613057728571251
349,13,0.562365946037026,0.584577033937265
349,14,0.534477370427359,0.555586976972541
349,15,0.506400782926725,0.526401482438489
349,16,0.478403255019808,0.497298170019348
349,17,0.450716591559775,0.468517999884332
349,18,0.423538195985726,0.440266172077522
349,19,0.397032769579788,0.412713892888474
349,20,0.371334556818961,0.386000708885999
349,21,0.346549916525113,0.360237179617771
349,22,0.322760052606232,0.33550771620436
349,23,0.300023781196584,0.311873457769783
349,24,0.278380244997522,0.289375092987346
349,25,0.25785151229105,0.268035561743307
349,26,0.238445018843508,0.247862593485481
349,27,0.220155826887205,0.228851055425136
349,28,0.202968687507558,0.210985096379744
349,29,0.186859901845123,0.194240081484662
349,30,0.171798983176861,0.178584319919606
349,31,0.157750126682522,0.163980592724626
349,32,0.144673496947043,0.150387491153431
349,33,0.132526345335055,0.137760578179483
349,34,0.121263970570177,0.126053387014126
349,35,0.110840536377084,0.115218271042083
349,36,0.10120976007153,0.105207119607882
350,0,0.773311130413017,0.78673914781841
350,1,0.77240248888351,0.785814728351933
350,2,0.767047392399723,0.78036664429049
350,3,0.755065248166045,0.768176438340129
350,4,0.735920118884341,0.748698867019105
350,5,0.710065005410947,0.722394797232935
350,6,0.678494089720864,0.690275674244756
350,7,0.642444595574983,0.653600205357522
350,8,0.60320507451829,0.613679316930043
350,9,0.561998345574997,0.57175706140022
350,10,0.519915891021729,0.528943873885821
350,11,0.477886917916608,0.486185096488234
350,12,0.436670058358519,0.444252534432438
350,13,0.396859201651961,0.403750389503385
350,14,0.358897535385012,0.36512954493766
350,15,0.323095753937196,0.328706090109598
350,16,0.289651750187481,0.294681354172287
350,17,0.258670074233355,0.263161702663952
350,18,0.230180123811713,0.234177043793025
350,19,0.204152501648088,0.207697469821534
350,20,0.180513292719638,0.183647782242955
350,21,0.159156222326264,0.161919860969913
350,22,0.139952785752222,0.14238296989041
350,23,0.122760515614041,0.124892167772571
350,24,0.107429590870751,0.109295032035805
350,25,0.0938080043387163,0.095436915995985
350,26,0.0817455023077978,0.0831649568903478
350,27,0.0710964967951043,0.0723310387005301
350,28,0.0617221324781091,0.0627938949765634
350,29,0.0534916694029584,0.054420515554963
350,30,0.0462833211382158,0.0470869992664375
350,31,0.0399846673885659,0.0406789737143468
350,32,0.0344927409376823,0.0350916837272727
350,33,0.029713871542875,0.0302298325430047
350,34,0.0255633542065686,0.0260072443197792
350,35,0.0219649960957216,0.0223464031882656
350,36,0.0188505851676041,0.0191779126503952
351,0,0.759457055213451,0.774806240734233
351,1,0.758941474693901,0.774280239953272
351,2,0.755810706163975,0.771086196289278
351,3,0.74856574526656,0.763694809404847
351,4,0.736583520738948,0.751470415308905
351,5,0.719829111391843,0.734377387029243
351,6,0.698643966514824,0.712764074796651
351,7,0.673592308387984,0.68720610423838
351,8,0.645351770121439,0.658394803927972
351,9,0.614637397292687,0.627059671039824
351,10,0.582150576444621,0.593916267654596
351,11,0.5485463755179,0.559632901117705
351,12,0.514414293980966,0.524810985115314
351,13,0.480268606927357,0.489975188618752
351,14,0.446545414569378,0.455570425746282
351,15,0.413604230014668,0.421963475629801
351,16,0.381732496951196,0.389447591405574
351,17,0.351151859264152,0.358248896544684
351,18,0.322025334104979,0.328533702895075
351,19,0.294464790384102,0.300416140320108
351,20,0.268538323431826,0.273965680406786
351,21,0.244277257432494,0.249214280424249
351,22,0.221682611065942,0.226162979640603
351,23,0.200730937162565,0.204787857001703
351,24,0.181379500827951,0.185045313909498
351,25,0.163570797689811,0.166876683786053
351,26,0.147236438769486,0.150212195461162
351,27,0.132300444167042,0.134974333425245
351,28,0.118681996729153,0.121080647150882
351,29,0.106297711025597,0.108446065926991
351,30,0.0950634737267589,0.0969847764317181
351,31,0.0848959099327266,0.0866117186971165
351,32,0.0757135269628391,0.0772437530155271
351,33,0.0674375831693632,0.0688005463126167
351,34,0.0599927249238422,0.0612052220076891
351,35,0.0533074303483534,0.0543848127130785
351,36,0.0473142938405214,0.0482705505096215
352,0,0.774825587525378,0.820555398444754
352,1,0.773505037055394,0.819156909759674
352,2,0.765906531067182,0.811109943824211
352,3,0.749357714820618,0.793584424884707
352,4,0.723637653430621,0.766346378591868
352,5,0.689859172336752,0.73057430877502
352,6,0.649752731912341,0.688100806695979
352,7,0.605224638427269,0.640944687848224
352,8,0.558099634609618,0.591038390344804
352,9,0.509984826184979,0.540083870471414
352,10,0.462211238708992,0.489490710233002
352,11,0.415823102713534,0.440364770114748
352,12,0.371594743551793,0.393526075757186
352,13,0.330061817355723,0.349541897443925
352,14,0.291558402867072,0.308766031073633
352,15,0.256254728008687,0.271378751334323
352,16,0.224192515110989,0.237424242987075
352,17,0.195316385162881,0.206843858579809
352,18,0.16950069674188,0.179504541397377
352,19,0.146571772323396,0.155222363556287
352,20,0.126325799350172,0.13378148358612
352,21,0.10854286747198,0.114949012139961
352,22,0.092997673780515,0.0984863490467864
352,23,0.0794674339902809,0.0841575614062195
352,24,0.067737506053559,0.0717353391063786
352,25,0.0576051814211422,0.0610050098428887
352,26,0.0488820395976896,0.0517670326388914
352,27,0.0413952009962387,0.0438383246423916
352,28,0.0349877556294825,0.0370527151186749
352,29,0.0295185931737558,0.0312607654847568
352,30,0.0248618144070019,0.0263291460107192
352,31,0.0209058651452394,0.0221397186415482
352,32,0.0175525012887609,0.0185884409608885
352,33,0.0147156668785268,0.015584178030897
352,34,0.0123203454712329,0.0130474859760532
352,35,0.0103014279533584,0.0109094129761701
352,36,0.00860262643938099,0.00911034906343544
353,0,0.763773567107572,0.790197391798779
353,1,0.763279651055418,0.789686388023593
353,2,0.760273311689431,0.786576040103513
353,3,0.753297693668954,0.779359090730887
353,4,0.741729324131994,0.767390497119971
353,5,0.725508913606004,0.750608918595222
353,6,0.704942111144863,0.729330578570992
353,7,0.680554069607883,0.70409879831106
353,8,0.652985131959167,0.675576074348279
353,9,0.622917702795306,0.644468420029533
353,10,0.591026558097587,0.611473956163693
353,11,0.55794658153991,0.577249531121553
353,12,0.524253287467084,0.542390569979072
353,13,0.490452571548685,0.507420470580636
353,14,0.456976978748562,0.472786742393693
353,15,0.424186441879229,0.438861770614486
353,16,0.39237196064514,0.405946622493017
353,17,0.361761091244539,0.374276726855425
353,18,0.332524424763706,0.344028576627426
353,19,0.304782468331878,0.315326848052498
353,20,0.27861252193114,0.288251515414724
353,21,0.254055278311585,0.262844679287327
353,22,0.231120973525859,0.239116929853644
353,23,0.20979498899144,0.217053142780654
353,24,0.190042858888331,0.196617659854668
353,25,0.171814673961941,0.177758845139978
353,26,0.155048898231935,0.160413033732147
353,27,0.139675631677467,0.144507907320438
353,28,0.125619361982603,0.129965341133754
353,29,0.112801253662759,0.116703772262637
353,30,0.101141024718332,0.104640141238385
353,31,0.0905584604143069,0.0936914581839931
353,32,0.0809746116480622,0.08377604264119
353,33,0.0723127222265226,0.0748144829280532
353,34,0.0644989256586104,0.0667303570379766
353,35,0.0574627480911155,0.059450752975318
353,36,0.0511374499961547,0.052906622264018
354,0,0.765245979890113,0.794870082665361
354,1,0.7646629222226,0.794264453745309
354,2,0.761142898516325,0.790608163339455
354,3,0.75305019276727,0.782202173818724
354,4,0.739755185887884,0.768392492363395
354,5,0.721290188425602,0.749212680322608
354,6,0.698099730192877,0.725124476089061
354,7,0.670862306254308,0.696832640539986
354,8,0.640365770020856,0.665155526365048
354,9,0.607422643919407,0.630937110253572
354,10,0.572814815207872,0.594989547781233
354,11,0.537259582179454,0.558057905199401
354,12,0.501390960591524,0.52080074220093
354,13,0.465751668397908,0.483781786366439
354,14,0.430792371716333,0.447469149941747
354,15,0.39687567031853,0.412239469613758
354,16,0.364282985415583,0.37838506093485
354,17,0.333223032543579,0.346122719209777
354,18,0.303840954604581,0.315603206093741
354,19,0.276227483484546,0.286920765873654
354,20,0.250427715867822,0.260122241010841
354,21,0.226449247699892,0.235215521504039
354,22,0.204269526123823,0.212177181433051
354,23,0.183842358458864,0.190959239912081
354,24,0.165103573297481,0.171495041338421
354,25,0.147975865551654,0.153704287999542
354,26,0.132372880259588,0.137497281971608
354,27,0.118202602973325,0.122778446755328
354,28,0.105370130471927,0.109449205248628
354,29,0.0937798965570146,0.0974102917068931
354,30,0.0833374254090312,0.086563572974937
354,31,0.0739506806104025,0.0768134497333669
354,32,0.0655310723470089,0.0680679026907093
354,33,0.057994179105832,0.0602392422193214
354,34,0.0512602338305908,0.0532446133310211
354,35,0.0452544182748078,0.0470063014251113
354,36,0.0399070033950978,0.0414518781165544
355,0,0.74935645677766,0.781891571105738
355,1,0.748888297620868,0.78140308569226
355,2,0.746034001196025,0.778424863117627
355,3,0.739398790163366,0.771501568426536
355,4,0.728373879646001,0.759997984881274
355,5,0.71288562073296,0.743837265926126
355,6,0.693209087240268,0.72330642836896
355,7,0.669831400481121,0.698913743067322
355,8,0.643353198779014,0.671285926503305
355,9,0.614419145468593,0.641095631621981
355,10,0.583670351930483,0.609011805197766
355,11,0.551713168907103,0.575667124150094
355,12,0.51910004955278,0.541638027716784
355,13,0.486319175891481,0.507433893519463
355,14,0.453790318790079,0.473492717787611
355,15,0.421865012382903,0.440181297356165
355,16,0.390829601131025,0.407798409020229
355,17,0.36091008877088,0.376579869012463
355,18,0.332278005330596,0.346704654750051
355,19,0.305056728843147,0.31830150102025
355,20,0.279327866513064,0.29145555820081
355,21,0.25513742720046,0.26621483273725
355,22,0.232501612177842,0.242596229319324
355,23,0.211412121346974,0.220591087480052
355,24,0.191840923143261,0.200170158596985
355,25,0.173744472679225,0.181288007176543
355,26,0.157067387807119,0.163886846521723
355,27,0.1417456094714,0.147899836298891
355,28,0.127709083125169,0.13325388037437
355,29,0.114884003768513,0.119871969326518
355,30,0.103194669616681,0.107675114595383
355,31,0.0925649895063636,0.09658392133664
355,32,0.0829196876459415,0.0865198454789842
355,33,0.0741852467719026,0.077406177829946
355,34,0.0662906276054198,0.0691687947694111
355,35,0.0591677990150966,0.0617367114306575
355,36,0.05275210970258,0.0550424695235937
356,0,0.769054267835227,0.776887500136383
356,1,0.768242025350228,0.776066984523808
356,2,0.76342487665664,0.771200770573939
356,3,0.75256979591019,0.760235124978308
356,4,0.735099170162153,0.742586551488929
356,5,0.711332147935079,0.7185774493281
356,6,0.682096959329366,0.689044484566276
356,7,0.648467884621646,0.655072879603833
356,8,0.611592169764081,0.617821565711412
356,9,0.572581044190724,0.578413090793897
356,10,0.53244572126376,0.537868967966695
356,11,0.492064346540377,0.497076287172885
356,12,0.452169685848913,0.456775277855788
356,13,0.413350209979636,0.417560404697905
356,14,0.376059364525358,0.379889731879855
356,15,0.340629388612623,0.344098882562788
356,16,0.307287200777703,0.310417086570599
356,17,0.276170708261925,0.278983655804209
356,18,0.247344497208564,0.24986383425158
356,19,0.22081428635883,0.223063398902385
356,20,0.196539821959881,0.198541685997607
356,21,0.17444609155114,0.176222919034322
356,22,0.154432865289536,0.156005847274476
356,23,0.136382655108817,0.137771785972524
356,24,0.120167228849587,0.121391196855401
356,25,0.105652839291406,0.106728970415125
356,26,0.0927043346251098,0.0936485782484976
356,27,0.0811883130097248,0.0820152597448808
356,28,0.070975473527445,0.0716983969869168
356,29,0.0619423019388512,0.0625732176760737
356,30,0.0539722141160597,0.0545219502122768
356,31,0.0469562642106729,0.0474345390749319
356,32,0.0407935093431404,0.0412090132268437
356,33,0.0353911083918931,0.0357515859095714
356,34,0.0306642195905801,0.0309765511976366
356,35,0.0265357502245382,0.0268060311455184
356,36,0.0229360017602731,0.0231696173025854
357,0,0.760764908275616,0.791060807379538
357,1,0.760273745768852,0.790550085335279
357,2,0.75728392878027,0.787441205029186
357,3,0.750346026862086,0.780227015424464
357,4,0.738839150816196,0.768261901686621
357,5,0.7227034707593,0.751483651330202
357,6,0.702242204168616,0.730207556845347
357,7,0.67797705020087,0.704976092985608
357,8,0.650544473948837,0.676451070758147
357,9,0.620622976011183,0.645338010653657
357,10,0.588883654655291,0.612334736048917
357,11,0.555958090046751,0.578097978491715
357,12,0.522418941614895,0.543223202396346
357,13,0.488769722649976,0.508233972435129
357,14,0.455441058821163,0.473578063059575
357,15,0.422791396318242,0.439628194842371
357,16,0.391110638450489,0.406685815896337
357,17,0.360625587060703,0.374986759981583
357,18,0.331506371302557,0.344707931295714
357,19,0.303873280603427,0.315974409545358
357,20,0.277803596493479,0.288866553838804
357,21,0.253338151769322,0.263426823054877
357,22,0.230487444981949,0.239666133827786
357,23,0.209237211259505,0.217569653216473
357,24,0.189553403127109,0.197101977875333
357,25,0.171386572092251,0.17821169012726
357,26,0.154675667106169,0.160835307690935
357,27,0.139351282539054,0.14490066099997
357,28,0.125338398310911,0.130329742453849
357,29,0.112558660069184,0.117041077398945
357,30,0.100932249155697,0.104951668563045
357,31,0.0903793915922139,0.0939785651331675
357,32,0.0808215532154462,0.084040105484356
357,33,0.0721823649903372,0.0750568793416715
357,34,0.0643883188535249,0.0669524513341871
357,35,0.0573692704971653,0.0596538838011455
357,36,0.0510587815166141,0.0530920925649677
358,0,0.760603124104652,0.790204968895322
358,1,0.759980792998119,0.789558417340253
358,2,0.756237570010259,0.785669512192548
358,3,0.747667558703269,0.776765965383897
358,4,0.733648488960677,0.762201288722955
358,5,0.714261637901645,0.742059922545799
358,6,0.690018571610291,0.716873342531107
358,7,0.661668082976632,0.687419483772245
358,8,0.630062850684058,0.65458421027783
358,9,0.596070146683563,0.619268547278156
358,10,0.56051465835265,0.58232927808483
358,11,0.524144392836393,0.544543521465935
358,12,0.487612874210624,0.506590235942219
358,13,0.451472571338241,0.469043391862718
358,14,0.416175818194865,0.432372927548494
358,15,0.382080497961305,0.396950654603781
358,16,0.349458527436726,0.363059072533271
358,17,0.318505754476285,0.330901651377235
358,18,0.289352311485463,0.300613588152578
358,19,0.262072786389575,0.27227237366539
358,20,0.236695805382232,0.245907748209544
358,21,0.213212789712436,0.221510799158404
358,22,0.191585767745407,0.199042077062538
358,23,0.171754205844716,0.17843869238235
358,24,0.153640876744353,0.159620412250788
358,25,0.137156819256383,0.142494813207418
358,26,0.122205463907747,0.126961567400521
358,27,0.10868600958777,0.112915950650032
358,28,0.0964961396447295,0.100251664251632
358,29,0.0855341644222631,0.0888630608983432
358,30,0.0757006726867278,0.0786468603796323
358,31,0.0668997680083236,0.0695034340811462
358,32,0.0590399588102784,0.0613377296736399
358,33,0.0520347631126336,0.0540598993927306
358,34,0.0458030813918885,0.047585687409834
358,35,0.0402693837293597,0.0418366242641336
358,36,0.0353637506966076,0.0367400693392232
359,0,0.76433243737339,0.792071738595536
359,1,0.76385217376896,0.791574045171125
359,2,0.760924882293687,0.78854051586526
359,3,0.754122086441863,0.78149083162553
359,4,0.742822298747704,0.769780949842376
359,5,0.726952947592073,0.753335665113366
359,6,0.706798727960145,0.732450004629355
359,7,0.682861190427748,0.70764372133705
359,8,0.655757602311011,0.67955648453787
359,9,0.626149686774405,0.648874032781851
359,10,0.59469489516069,0.616277677763539
359,11,0.562014496719471,0.58241123595677
359,12,0.528674060864179,0.547860802529943
359,13,0.495172926981512,0.513143838991729
359,14,0.461940059765525,0.47870487810615
359,15,0.42933431775466,0.444915802175402
359,16,0.397647654454724,0.41207916033861
359,17,0.367110153502214,0.380433386472283
359,18,0.337896094553975,0.350159085224408
359,19,0.310130473259387,0.321385788610744
359,20,0.283895571406507,0.294198764605975
359,21,0.259237303810546,0.268645594374701
359,22,0.236171166030408,0.244742335843659
359,23,0.214687678941083,0.222479165869592
359,24,0.194757278402591,0.201825447365013
359,25,0.176334635363327,0.182734206187574
359,26,0.159362417343271,0.165146029135759
359,27,0.143774519199865,0.148992411966342
359,28,0.129498801598296,0.134198597249762
359,29,0.116459381402918,0.120685947884882
359,30,0.104578520598034,0.108373904572845
359,31,0.093778160343914,0.0971815755473535
359,32,0.0839811451436411,0.0870290051692155
359,33,0.0751121794127352,0.0778381652119797
359,34,0.0670985554327685,0.0695337092345836
359,35,0.0598706880433251,0.062043526678459
359,36,0.0533624877062849,0.0552991294711359
360,0,0.766891964544282,0.80263082522853
360,1,0.766127638882918,0.801830880301883
360,2,0.7615796095618,0.797070902761446
360,3,0.751292602634812,0.78630449857328
360,4,0.734672748751279,0.768910122762282
360,5,0.71197565422385,0.745155293460261
360,6,0.683948139005483,0.715821634080755
360,7,0.651582788704092,0.681947986915013
360,8,0.615954526399107,0.644659368833975
360,9,0.578116120178766,0.605057609245828
360,10,0.539035431322043,0.564155673904503
360,11,0.499561688320002,0.522842367225883
360,12,0.460411465422511,0.481867657403795
360,13,0.422167601952847,0.441841545362284
360,14,0.385286215284503,0.40324140455265
360,15,0.3501083874098,0.366424212141985
360,16,0.316874159515611,0.331641195767055
360,17,0.285737241259733,0.299053228295471
360,18,0.25677940102439,0.268745888696808
360,19,0.230023903622042,0.240743525975211
360,20,0.205447643481912,0.215021957789235
360,21,0.182991815259957,0.191519638335818
360,22,0.162571093583482,0.170147265891296
360,23,0.144081376974182,0.150795887618371
360,24,0.127406201162612,0.133343611755205
360,25,0.112421953893677,0.117661065442387
360,26,0.0990020342246647,0.103615747853435
360,27,0.0870200995748348,0.0910754285640784
360,28,0.0763525372630379,0.0799107342689931
360,29,0.0668802867245429,0.0699970559179604
360,30,0.0584901259637767,0.0612158951201476
360,31,0.0510755224005682,0.0534557546416686
360,32,0.044537134982844,0.0466126639178398
360,33,0.0387830418252317,0.0405904173002466
360,34,0.033728756017394,0.0353005906017803
360,35,0.0292970817936541,0.0306623905634501
360,36,0.0254178540217956,0.0266023822027856
361,0,0.765365698527456,0.79559604671654
361,1,0.764659780846414,0.794862246759964
361,2,0.760441094828291,0.790476931446233
361,3,0.750852418377527,0.780509522282026
361,4,0.735283278314854,0.764325433671221
361,5,0.713913810396667,0.742111916356746
361,6,0.687392042905319,0.714542594386021
361,7,0.65661002007439,0.682544745878643
361,8,0.622552485746331,0.647142010004212
361,9,0.586198260722403,0.609351868943373
361,10,0.548459383453134,0.570122384762519
361,11,0.510146869177393,0.530296606110306
361,12,0.471954833725633,0.490596064944248
361,13,0.434456926120976,0.451617068226985
361,14,0.398110676371381,0.413835217447175
361,15,0.363266614548257,0.37761488788268
361,16,0.330179950366935,0.343221369500103
361,17,0.299023293663284,0.310834089863688
361,18,0.269899403288983,0.280559866585353
361,19,0.242853319791326,0.252445519220033
361,20,0.217883500304678,0.226489443962121
361,21,0.194951758855738,0.202651946572044
361,22,0.173991942038216,0.18086426072199
361,23,0.154917354172663,0.161036266434059
361,24,0.137626999319366,0.143062978639641
361,25,0.122010738654872,0.126829908261559
361,26,0.107953477335327,0.112217414449766
361,27,0.0953384999333025,0.099104171760971
361,28,0.0840500714356396,0.0873698738904731
361,29,0.0739754142332188,0.0768972887488974
361,30,0.0650061623848543,0.0675737701664824
361,31,0.0570393840084074,0.0592923206665077
361,32,0.0499782518430056,0.0519522885133224
361,33,0.0437324314346437,0.0454597712304669
361,34,0.0382182464009384,0.0397277873930412
361,35,0.0333586710490312,0.0346762689540295
361,36,0.0290831923619516,0.0302319177794134
362,0,0.765562270653389,0.799171461246152
362,1,0.764988248010847,0.798572238254615
362,2,0.761519925122075,0.79495165142929
362,3,0.753538711901981,0.786620052451488
362,4,0.74041445214238,0.772919620426667
362,5,0.722169192759376,0.753873370159546
362,6,0.699232740125772,0.729929977087998
362,7,0.672267769947093,0.701781209252612
362,8,0.642047249308983,0.670233968010739
362,9,0.609370858261763,0.636123040418697
362,10,0.57501018153871,0.600253884794384
362,11,0.539674853302168,0.563367289173222
362,12,0.50399371882303,0.526119705960591
362,13,0.468506538260903,0.489074591497026
362,14,0.433662888163759,0.452701259332265
362,15,0.399825786742808,0.417378664654453
362,16,0.367278235648414,0.383402233258623
362,17,0.336231378474549,0.350992378220231
362,18,0.306833359836876,0.320303747898416
362,19,0.27917825645221,0.291434549101597
362,20,0.253314665118333,0.264435512090895
362,21,0.22925368906305,0.239318227540421
362,22,0.2069761772675,0.216062703676394
362,23,0.186439151573904,0.194624075543384
362,24,0.167581411821267,0.174938456212833
362,25,0.150328346225233,0.156927958344919
362,26,0.134595997588577,0.140504938911033
362,27,0.120294449415525,0.125575533962975
362,28,0.107330602435101,0.112042557049321
362,29,0.0956104135515824,0.0998078364587555
362,30,0.0850406674323286,0.0887740645829347
362,31,0.0755303469982167,0.0788462285732505
362,32,0.0669916638648364,0.0699326860197526
362,33,0.0593408039156273,0.0619459432559267
362,34,0.0524984371091914,0.0548031875472179
362,35,0.0463900346316443,0.0484266181667879
362,36,0.040946030797577,0.0427436154041413
363,0,0.763614414491694,0.799337837178387
363,1,0.762739055149728,0.798421526760613
363,2,0.757572479242837,0.793013248010688
363,3,0.745992887820754,0.780891939943319
363,4,0.727459363019788,0.761491379466003
363,5,0.702387105825157,0.735246191503598
363,6,0.671719186890644,0.70314356545745
363,7,0.636640122386348,0.666423431553521
363,8,0.598390675176334,0.626384598045547
363,9,0.558153929274539,0.584265496004176
363,10,0.516990700487342,0.541176568339107
363,11,0.475808352289037,0.498067626818309
363,12,0.435351563998883,0.455718188361779
363,13,0.396206917817372,0.41474227666861
363,14,0.358815615700051,0.375601734011832
363,15,0.323490423248997,0.338623957799302
363,16,0.29043423120109,0.304021330405847
363,17,0.259758551477472,0.271910580505224
363,18,0.23150091945489,0.24233099945482
363,19,0.205640629090013,0.21526091254083
363,20,0.182112536866526,0.190632128701836
363,21,0.160818874708816,0.168342306074429
363,22,0.141639141122889,0.148265305861648
363,23,0.124438216144291,0.130259686914536
363,24,0.109072885532312,0.114175535141306
363,25,0.0953969749387313,0.0998598378628639
363,26,0.0832652940615553,0.0871606124820081
363,27,0.0725365801610681,0.0759299877031009
363,28,0.06307561403318,0.0660264184949186
363,29,0.0547546625314842,0.0573161960968
363,30,0.0474543819607382,0.0496743936746969
363,31,0.0410642973884214,0.0429853680558931
363,32,0.0354829549000649,0.0371429191071466
363,33,0.0306178274753427,0.0320501912074731
363,34,0.0263850406668936,0.0276193860936709
363,35,0.0227089716478656,0.0237713431505
363,36,0.0195217643834785,0.0204350319009929
364,0,0.766624500825329,0.781199550067549
364,1,0.766203804760563,0.780770855737852
364,2,0.763623301118924,0.778141291614053
364,3,0.75758354138059,0.771986704087796
364,4,0.747477709905954,0.761688740753015
364,5,0.733180310562255,0.747119519547053
364,6,0.714887845378754,0.728479278391712
364,7,0.693000114430164,0.706175418352502
364,8,0.668033073201704,0.680733704249712
364,9,0.640556046458069,0.652734284838759
364,10,0.611147598453378,0.622766724025458
364,11,0.580365565697741,0.591399463896177
364,12,0.548727725747645,0.559160125983658
364,13,0.516700348865972,0.52652384527143
364,14,0.484692495884126,0.493907459647012
364,15,0.453054415373898,0.461667876600836
364,16,0.422078780895584,0.430103333996909
364,17,0.392003814645558,0.3994565831071
364,18,0.363017583540532,0.369919266372478
364,19,0.335262940834124,0.341636952969777
364,20,0.308842731438876,0.314714443096901
364,21,0.283824990848139,0.289221065736603
364,22,0.260247952869534,0.265195781596866
364,23,0.238124745886942,0.242651968658139
364,24,0.217447705546798,0.22158181685232
364,25,0.198192267205248,0.201960294513055
364,26,0.180320427037377,0.18374867528749
364,27,0.163783778672494,0.166897632504009
364,28,0.148526144381395,0.151349920383578
364,29,0.134485827622232,0.137042669410962
364,30,0.121597518265081,0.123909327781392
364,31,0.109793883930703,0.111881282993819
364,32,0.0990068812702149,0.10088919806061
364,33,0.0891688201981357,0.090864095973772
364,34,0.0802132124671886,0.0817382244128377
364,35,0.0720754338380808,0.0734457305038063
364,36,0.0646932266737831,0.0659231729687338
365,0,0.778463793799552,0.810654732518154
365,1,0.777462160007981,0.809611679289662
365,2,0.771591675029233,0.803498438740642
365,3,0.758538227438502,0.789905206596273
365,4,0.737814593280909,0.768324611276828
365,5,0.710008015112761,0.739368178920324
365,6,0.676273772787507,0.704238962370115
365,7,0.638003656096783,0.66438630453752
365,8,0.596617259199182,0.621288502463563
365,9,0.553438208596534,0.576323917089807
365,10,0.509627984266496,0.530702057770589
365,11,0.46615779385984,0.485434293415585
365,12,0.423804695550107,0.441329815012018
365,13,0.383162355186864,0.399006837606391
365,14,0.344659861228396,0.358912193269958
365,15,0.308584203804672,0.321344739713118
365,16,0.275103576141089,0.286479625266768
365,17,0.244289745571471,0.254391584978659
365,18,0.216138493185797,0.225076225478927
365,19,0.190587629370495,0.198468785496774
365,20,0.167532426423077,0.174460206642683
365,21,0.146838520116293,0.152910568476465
365,22,0.128352456914928,0.133660071871256
365,23,0.11191012965062,0.116537823519324
365,24,0.0973433713746834,0.101368702453076
365,25,0.0844849787522649,0.0879785911659938
365,26,0.0731724225172995,0.0761982395018625
365,27,0.0632504799433898,0.0658660059832612
365,28,0.0545729975829019,0.0568296934432285
365,29,0.0470039646997042,0.0489476668464596
365,30,0.0404180507734102,0.0420894130203578
365,31,0.0347007353113023,0.0361356758349257
365,32,0.029748135561897,0.030978276791962
365,33,0.0254666178179083,0.0265197102546741
365,34,0.0217722608314298,0.0226725846740702
365,35,0.0185902253031753,0.0193589660053968
365,36,0.015854071232402,0.0165096668292012
366,0,0.757059588184975,0.774183492258382
366,1,0.75656001781349,0.773672622122317
366,2,0.753522245999798,0.770566139055315
366,3,0.746481478565368,0.763366116751082
366,4,0.734818275073487,0.751439103671553
366,5,0.718483550732664,0.734734904778075
366,6,0.697795522011495,0.713578934266302
366,7,0.67329188254344,0.688521047842988
366,8,0.645624096251919,0.66022744487102
366,9,0.615483559027978,0.629405159900668
366,10,0.583551653481103,0.596750987710587
366,11,0.550467520362323,0.562918525753867
366,12,0.516808789851155,0.528498469606644
366,13,0.48308163235858,0.49400843873054
366,14,0.449717363348895,0.459889504499098
366,15,0.417073519417574,0.42650729061541
366,16,0.385437853230477,0.394156058412717
366,17,0.355034104800069,0.36306460867092
366,18,0.326028721446132,0.333403153575846
366,19,0.298537939023192,0.305290558116706
366,20,0.27263481881633,0.278801536149208
366,21,0.248355970803354,0.253973525730953
366,22,0.225707794973284,0.230813071612087
366,23,0.204672146154481,0.209301618195975
366,24,0.185211380702215,0.189400670377618
366,25,0.167272780418492,0.171056317527962
366,26,0.150792374130155,0.154203141512148
366,27,0.135698193472939,0.138767546116019
366,28,0.121913008971511,0.124670555013473
366,29,0.109356597279587,0.111830130289187
366,30,0.0979475918342905,0.100163064952877
366,31,0.0876049682353863,0.0895865019162596
366,32,0.0782492131718413,0.0800191293595309
366,33,0.0698032222715494,0.071382098889516
366,34,0.0621929682742702,0.0635997088259913
366,35,0.0553479767315253,0.0565998906614183
366,36,0.0492016422371218,0.0503145324442751
367,0,0.755160214172048,0.786545638020722
367,1,0.754728431926771,0.786095910353369
367,2,0.752084923107947,0.783342533928745
367,3,0.745910826594519,0.776911834071655
367,4,0.735602678115875,0.766175265764973
367,5,0.72105101592138,0.751018817887777
367,6,0.70247420843327,0.731669934533078
367,7,0.680295263118412,0.708569203898814
367,8,0.655051892756983,0.682276686795683
367,9,0.627332141037302,0.653404866759405
367,10,0.597729496203743,0.622571898164468
367,11,0.566812724750607,0.59037018616775
367,12,0.535106698489604,0.557346416924419
367,13,0.503081317972939,0.523990020654318
367,14,0.471146294166914,0.490727736435259
367,15,0.439650071749504,0.457922490751459
367,16,0.408881588507659,0.425875230013656
367,17,0.379073887983465,0.394828683351452
367,18,0.350408854534634,0.364972294468974
367,19,0.323022535699488,0.336447765214151
367,20,0.297010667778468,0.309354810810454
367,21,0.272434136193288,0.283756847155555
367,22,0.249324189955057,0.259686422009411
367,23,0.227687295468927,0.23715027052924
367,24,0.207509563723298,0.216133926458363
367,25,0.188760720479518,0.19660585732207
367,26,0.171397614429463,0.17852111838871
367,27,0.155367275825589,0.161824538420317
367,28,0.140609549704457,0.146453462336274
367,29,0.127059335005328,0.132340083392536
367,30,0.114648464789411,0.119413401545197
367,31,0.103307264291883,0.107600846257139
367,32,0.0929658233806244,0.096829601841783
367,33,0.0835550186822353,0.0870276720699684
367,34,0.07500731856799,0.0781247186121514
367,35,0.0672574016696554,0.0700527052605325
367,36,0.0602426168385079,0.062746377004558
368,0,0.752477502315265,0.808756976356623
368,1,0.751912064992162,0.808149248712481
368,2,0.748495994361956,0.804477682525578
368,3,0.740636003260685,0.796029825124267
368,4,0.727712732331516,0.782139993881268
368,5,0.709749201729945,0.762832930680953
368,6,0.687169837130594,0.738564804942658
368,7,0.66062811468506,0.710037967759752
368,8,0.630885802756736,0.678071161853935
368,9,0.598730659834243,0.643511063931679
368,10,0.564922493650164,0.607174309443911
368,11,0.530159868928842,0.569811710331869
368,12,0.495061608497747,0.532088372565237
368,13,0.460158675036023,0.494574970708535
368,14,0.42589313645019,0.457746635914947
368,15,0.392621776755032,0.421986836873067
368,16,0.360622571998099,0.387594340080265
368,17,0.330102751275694,0.354791873760073
368,18,0.301207541111527,0.323735526252464
368,19,0.274028974918674,0.294524214355153
368,20,0.248614359595014,0.267208783154636
368,21,0.22497414550654,0.241800464623131
368,22,0.203089057487928,0.218278541962624
368,23,0.182916423402096,0.196597151491536
368,24,0.164395691301436,0.176691212446777
368,25,0.147453162549223,0.158481514105876
368,26,0.132005991181777,0.141879014270388
368,27,0.117965512987029,0.126788417333673
368,28,0.105239974031277,0.113111106880276
368,29,0.0937367297875878,0.100747509292052
368,30,0.0833639841804733,0.0895989628598804
368,31,0.0740321339275276,0.0795691626716176
368,32,0.0656547783807557,0.0705652459817163
368,33,0.0581494492602155,0.0624985765232767
368,34,0.0514381086605855,0.0552852797616387
368,35,0.0454474577913963,0.0488465747259847
368,36,0.0401090932764849,0.0431089419987801
369,0,0.771494681885839,0.792663253954767
369,1,0.770774056094096,0.791922855351409
369,2,0.766470474112839,0.787501190008771
369,3,0.756696516920888,0.77745905116622
369,4,0.740839302947196,0.761166740769059
369,5,0.719092094132308,0.738822823554352
369,6,0.692123489333329,0.711114243655493
369,7,0.660848394338563,0.678981010402741
369,8,0.626273591788025,0.643457530930969
369,9,0.589397394106898,0.605569509751159
369,10,0.551147982317191,0.566270595678319
369,11,0.51234895479492,0.52640698530202
369,12,0.473703600829608,0.486701265037689
369,13,0.435791684377853,0.447749106631552
369,14,0.399074238067572,0.410024192704636
369,15,0.363903154609267,0.373888071336919
369,16,0.330533322217073,0.339602624464797
369,17,0.299135760040896,0.307343563728331
369,18,0.269810729074724,0.277213901121779
369,19,0.242600169958178,0.249256728068392
369,20,0.217499087259317,0.22346691206962
369,21,0.194465687616795,0.199801513021563
369,22,0.1734302074531,0.178188853146452
369,23,0.154302450753574,0.158536261596191
369,24,0.136978110664855,0.14073656950528
369,25,0.1213439794405,0.124673462888964
369,26,0.107282166297137,0.110225816230563
369,27,0.0946734470354872,0.0972711340107048
369,28,0.0833998664877542,0.085688224561681
369,29,0.0733467076279369,0.0753592232069754
369,30,0.0644039314173276,0.0661710716138063
369,31,0.0564671804794252,0.0580165490072627
369,32,0.0494384284121329,0.0507949392985834
369,33,0.0432263455474146,0.0444124068806699
369,34,0.0377464416328816,0.0387821432246257
369,35,0.0329210364495203,0.0338243366912822
369,36,0.028679100896272,0.0294660092553948
370,0,0.755854413202275,0.773671808549329
370,1,0.755760942163054,0.77357613416191
370,2,0.755156498838668,0.772957442583512
370,3,0.753655261918688,0.77142081772209
370,4,0.750985895140309,0.768688527234613
370,5,0.746970573138686,0.764578553963779
370,6,0.741507153172913,0.758986347406598
370,7,0.7345540709811,0.751869363526671
370,8,0.726117591610879,0.743234015054608
370,9,0.71624109243031,0.733124701872466
370,10,0.7049960963604,0.72161463287693
370,11,0.692474809316976,0.708798187509881
370,12,0.678783947469062,0.694784597509659
370,13,0.66403966771263,0.67969275788331
370,14,0.64836343916672,0.663647001083448
370,15,0.631878714917118,0.646773690296528
370,16,0.614708282010864,0.629198506970052
370,17,0.596972184152928,0.611044324541954
370,18,0.5787861259493,0.592429575067681
370,19,0.560260280122371,0.573467028318627
370,20,0.541498430110584,0.554262914170701
370,21,0.522597390046128,0.534916328909423
370,22,0.503646652451074,0.515518874621376
370,23,0.484728221253492,0.496154488274091
370,24,0.465916594032973,0.476899423543048
370,25,0.447278862876538,0.457822354045015
370,26,0.42887490796436,0.438984571487073
370,27,0.410757662101135,0.420440256433662
370,28,0.392973427943677,0.402236803012027
370,29,0.37556223271916,0.384415181992064
370,30,0.358558207843791,0.367010329353564
370,31,0.34198998309345,0.350051549748453
370,32,0.325881086894258,0.33356292622721
370,33,0.310250345934543,0.317563729270702
370,34,0.295112278687542,0.302068819589208
370,35,0.280477478609111,0.28708904035306
370,36,0.266352983765242,0.272631595533224
371,0,0.759108116330161,0.783578472106144
371,1,0.758625197400109,0.783079985962707
371,2,0.755683469011872,0.780043429000373
371,3,0.748851690502764,0.772991423560339
371,4,0.737511528984832,0.761285704382133
371,5,0.721596470097067,0.744857612970013
371,6,0.701398206349762,0.72400824473664
371,7,0.677425013854,0.699262260412102
371,8,0.650299925450452,0.671262776715694
371,9,0.620689139411749,0.640697467265128
371,10,0.58925319744734,0.608248166771843
371,11,0.55661512871825,0.574557988156873
371,12,0.523341073076665,0.540211321167651
371,13,0.489929935650123,0.505723153470823
371,14,0.456809441842905,0.471534998483986
371,15,0.424336601729668,0.438015374739361
371,16,0.392801091838777,0.405463296681162
371,17,0.36243044955181,0.374113636510023
371,18,0.333396274127929,0.34414352510153
371,19,0.305820857399277,0.315679196446494
371,20,0.279783841424929,0.288802859918813
371,21,0.255328631757133,0.263559320277626
371,22,0.232468392946389,0.239962166441488
371,23,0.211191525012023,0.217999424496619
371,24,0.191466571779137,0.197638624257371
371,25,0.173246548917478,0.178831266822309
371,26,0.156472704891711,0.161516706761222
371,27,0.141077744721705,0.145625479795469
371,28,0.126988556692965,0.131082117405737
371,29,0.114128487682281,0.117807495504331
371,30,0.102419214902754,0.105720766517145
371,31,0.091782261641408,0.0947409239820867
371,32,0.0821402027298847,0.0847880468789221
371,33,0.0734176026297478,0.0757842679543855
371,34,0.0655417255538641,0.0676545067347958
371,35,0.0584430532935712,0.0603270040457279
371,36,0.0520556425981652,0.0537336909118662
372,0,0.758059029963836,0.785560058657084
372,1,0.757344407835764,0.784819511313597
372,2,0.753078853711076,0.780399210498033
372,3,0.743396820260338,0.770365930153302
372,4,0.727697976563774,0.754097560425276
372,5,0.706180725382807,0.731799701773468
372,6,0.679513167884919,0.704164692883354
372,7,0.648605633713231,0.672135888532834
372,8,0.614457571341018,0.636748995402069
372,9,0.578058280757263,0.599029203518032
372,10,0.540326106611132,0.559928173434784
372,11,0.502074639958733,0.520289011839925
372,12,0.463997471345723,0.480830471506254
372,13,0.426665309063737,0.442143965003678
372,14,0.390530989675061,0.404698756996781
372,15,0.35593919247997,0.368852031135701
372,16,0.323138626002263,0.334861518645609
372,17,0.292295160780335,0.302899107552001
372,18,0.263504899127648,0.273064386588758
372,19,0.236806545631689,0.245397464476725
372,20,0.212192707797806,0.219890680534736
372,21,0.189619941840652,0.196499014914448
372,22,0.169017485103528,0.175149137816266
372,23,0.150294699829965,0.155747123307678
372,24,0.133347305019262,0.13818490725939
372,25,0.11806250287277,0.122345599769928
372,26,0.104323120591564,0.108107777220342
372,27,0.0920108919785009,0.0953488829269272
372,28,0.0810090000578964,0.0839478620026051
372,29,0.0712039943777992,0.0737871482155039
372,30,0.0624871866713069,0.0647541102823744
372,31,0.0547556174291585,0.0567420535067126
372,32,0.047912674563708,0.0496508608867568
372,33,0.0418684343066581,0.0433873463803837
372,34,0.0365397841410149,0.0378653822968143
372,35,0.0318503781254116,0.0330058530001842
372,36,0.0277304665199602,0.0287364783545254
373,0,0.763290990551542,0.77736971422736
373,1,0.762743481781927,0.776812106786631
373,2,0.75942792626628,0.77343539662549
373,3,0.751778957502202,0.765645344422766
373,4,0.739168439329894,0.752802228194206
373,5,0.721591561578027,0.734901149045997
373,6,0.699437371890543,0.712338330514818
373,7,0.673323585223187,0.6857428811642
373,8,0.64397997415628,0.655858034058907
373,9,0.612168167906242,0.623459466488
373,10,0.578628465012158,0.589301131623855
373,11,0.544046446285455,0.554081255655507
373,12,0.50903388289129,0.518422893724075
373,13,0.474119767295013,0.48286479543712
373,14,0.439748330620971,0.447859385658109
373,15,0.406281711346814,0.413775482424155
373,16,0.374005557130567,0.380904002097482
373,17,0.343136313689567,0.349465382686023
373,18,0.313829313593796,0.319617821832661
373,19,0.286187048624563,0.29146570175562
373,20,0.260267211765536,0.265067779572153
373,21,0.236090244534401,0.240444873838952
373,22,0.213646234491265,0.217586889283493
373,23,0.192901085981922,0.196459101365206
373,24,0.17380194199084,0.177007678133279
373,25,0.156281872222797,0.159164454778861
373,26,0.140263866717861,0.14285100091133
373,27,0.12566418890849,0.127982035461755
373,28,0.112395149711344,0.114468251942178
373,29,0.100367367033366,0.102218619627755
373,30,0.0894915744882822,0.0911422256346084
373,31,0.079680040305926,0.0811497200006052
373,32,0.0708476532150566,0.0721544215970261
373,33,0.0629127271033588,0.0640731376303326
373,34,0.0557975709444309,0.0568267440813244
373,35,0.0494288651362362,0.0503405689850652
373,36,0.0437378802248585,0.0445446151889472
374,0,0.776372087552452,0.808743498455149
374,1,0.775248092372429,0.807572637461158
374,2,0.768709613013792,0.800761531348687
374,3,0.754293081892025,0.785743892252771
374,4,0.731602609136664,0.76210732338072
374,5,0.701421472961612,0.730667762313406
374,6,0.665125803871991,0.692858718339595
374,7,0.624309700772431,0.650340757501887
374,8,0.580556228922387,0.604762952141679
374,9,0.535307325411827,0.55762736198702
374,10,0.489799256525475,0.510221800363709
374,11,0.445040199931478,0.463596481656672
374,12,0.401813716569233,0.418567637960725
374,13,0.360697048089816,0.375736579446379
374,14,0.322086861282605,0.335516512219451
374,15,0.286227660572747,0.298162135498717
374,16,0.253239900278742,0.263798926034968
374,17,0.22314606963187,0.232450310764685
374,18,0.195893857510395,0.204061797415055
374,19,0.171376049148782,0.178521700821249
374,20,0.149447150277753,0.155678460222356
374,21,0.129936937888732,0.135354755035012
374,22,0.112661246109362,0.117358740454005
374,23,0.0974303425693308,0.101492773076905
374,24,0.0840552576888423,0.0875600040969153
374,25,0.0723524122060983,0.0753691997785479
374,26,0.062146857675269,0.0647381170705672
374,27,0.0532744077577278,0.0554957237629953
374,28,0.0455828995252755,0.0474835123813107
374,29,0.0389327865635772,0.0405561180197734
374,30,0.0331972310646547,0.0345814142737827
374,31,0.0282618311692039,0.0294402292135297
374,32,0.0240240928659437,0.0250257952637974
374,33,0.0203927327396963,0.0212430228796042
374,34,0.0172868785431933,0.0180076677852575
374,35,0.0146352186010255,0.0152454449120694
374,36,0.0123751380416841,0.0128911286149514
375,0,0.757082553039144,0.783277904137387
375,1,0.756646097558912,0.782826347127609
375,2,0.753974996431316,0.78006282486103
375,3,0.747739131922413,0.773611197012243
375,4,0.73733243167308,0.76284442088253
375,5,0.722648156700164,0.747652064278365
375,6,0.703910392469635,0.728265966110084
375,7,0.681549251215278,0.705131120662223
375,8,0.656109869114453,0.678811526036122
375,9,0.628187353424525,0.649922880431949
375,10,0.598381497114003,0.619085729888448
375,11,0.567266409431344,0.586894048057597
375,12,0.535371273534271,0.55389532804041
375,13,0.503169288353093,0.520579141634417
375,14,0.47107252329494,0.487371816008675
375,15,0.43943094537079,0.454635427168992
375,16,0.408534296575733,0.422669742296303
375,17,0.378615827354892,0.391716082391941
375,18,0.349857147933293,0.361962341465429
375,19,0.322393657871954,0.333548603955312
375,20,0.296320167280082,0.306572960437488
375,21,0.271696440194658,0.281097242807889
375,22,0.248552479382721,0.257152491940972
375,23,0.226893438352732,0.234744039658597
375,24,0.20670409556951,0.213856137754542
375,25,0.187952861645341,0.194456103835977
375,26,0.170595315716822,0.176497980060332
375,27,0.154577284754882,0.159925718990637
375,28,0.139837491116649,0.144675922753719
375,29,0.126309800739252,0.130680169022383
375,30,0.113925108171726,0.117866961270155
375,31,0.102612896052082,0.106163342206866
375,32,0.092302506362613,0.0954962090198864
375,33,0.0829241593720553,0.0857933675720828
375,34,0.0744097540019989,0.0769843604612175
375,35,0.0666934807385504,0.069001101138594
375,36,0.0597122753701903,0.061778343346421
376,0,0.774042066890264,0.799117718840147
376,1,0.772955398504564,0.797995847047048
376,2,0.766621494406798,0.791456751550218
376,3,0.75262473051743,0.77700655238294
376,4,0.730544347863297,0.754210859781146
376,5,0.701106692028076,0.72381954981843
376,6,0.665622828198349,0.68718616058525
376,7,0.625626678072128,0.64589430628118
376,8,0.582652162794045,0.601527600534487
376,9,0.538105091353278,0.555537394532154
376,10,0.493198230551781,0.509175743532827
376,11,0.448927284253067,0.463470607946006
376,12,0.406072267136718,0.419227271590325
376,13,0.365213637509617,0.377044997138861
376,14,0.326756047363034,0.337341545576475
376,15,0.290955044451264,0.300380743311577
376,16,0.257943795660115,0.266300071267448
376,17,0.227758097619968,0.235136485732168
376,18,0.20035875052154,0.206849516990314
376,19,0.175650905660869,0.181341243645637
376,20,0.15350033781336,0.158473092150423
376,21,0.13374679935482,0.138079623542924
376,22,0.116214726883478,0.119979586918138
376,23,0.100721623567202,0.103984573327213
376,24,0.087084453231624,0.0899056170066823
376,25,0.0751243704860385,0.0775580787402037
376,26,0.0646700853966123,0.0667651195327926
376,27,0.0555601284029194,0.057360038900962
376,28,0.0476442459547874,0.0491877157222338
376,29,0.0407841226373089,0.0421053537539111
376,30,0.0348535930843564,0.0359827004116848
376,31,0.029738477680065,0.0307018771485468
376,32,0.025336150301722,0.026156933194399
376,33,0.0215549242091496,0.022253211550878
376,34,0.0183133234662523,0.0189065968100775
376,35,0.0155392917018419,0.016042698282609
376,36,0.0131693772338223,0.0135960087232951
377,0,0.761999859583914,0.789841835570817
377,1,0.761361585685619,0.789180240399787
377,2,0.757527231705485,0.785205786667537
377,3,0.7487608388907,0.776119087103122
377,4,0.734441042919942,0.76127607395517
377,5,0.714666894671764,0.740779417226493
377,6,0.689975334674602,0.71518567619626
377,7,0.661142277619802,0.685299115952381
377,8,0.629045790226556,0.65202988604478
377,9,0.594574931725584,0.616299530179654
377,10,0.558571777265775,0.578980891275438
377,11,0.521797203564153,0.540862646987724
377,12,0.484913375659847,0.502631156563667
377,13,0.448477686058484,0.464864178534638
377,14,0.412944283210552,0.428032455042178
377,15,0.378670380029682,0.392506250857132
377,16,0.345925329661245,0.358564760758974
377,17,0.314901053541703,0.326406918615938
377,18,0.285722851814973,0.29616260279273
377,19,0.258459954213174,0.267903572539703
377,20,0.233135408454395,0.24165371769323
377,21,0.209735074703569,0.217398381776482
377,22,0.188215615421258,0.195092643781579
377,23,0.168511452880444,0.17466852990035
377,24,0.150540721647507,0.156041183497263
377,25,0.134210277941093,0.139114057500412
377,26,0.119419847720437,0.123783214052823
377,27,0.106065404921537,0.109940826182742
377,28,0.0940418736759762,0.0974779787562049
377,29,0.0832452459979298,0.0862868635401742
377,30,0.0735742010565645,0.0762624576399594
377,31,0.0649313050243627,0.0673037671876415
377,32,0.0572238625017243,0.0593147098760543
377,33,0.0503644822843575,0.052204701398203
377,34,0.0442714121786385,0.0458890024961184
377,35,0.0388686899475576,0.040288875422071
377,36,0.0340861504437597,0.0353315913322387
378,0,0.769374271327351,0.808020915150411
378,1,0.768618784077313,0.807227478819213
378,2,0.764119573979944,0.802502267701796
378,3,0.753933368354988,0.791804396070624
378,4,0.737460428695375,0.774503999794031
378,5,0.714941993476851,0.750854435061855
378,6,0.687107827929073,0.721622124135259
378,7,0.654934167717708,0.687832340233499
378,8,0.619482074568899,0.650599443556727
378,9,0.581793691785011,0.611017925584938
378,10,0.542829601665239,0.570096619882493
378,11,0.503434840772043,0.528723010268366
378,12,0.464324432108207,0.487648036256123
378,13,0.42608178693116,0.447484414589364
378,14,0.389165201034512,0.408713461839702
378,15,0.353919066840037,0.371696869696323
378,16,0.320587456682689,0.336690970556609
378,17,0.289328491661403,0.303861828142503
378,18,0.260228461741309,0.273300066873345
378,19,0.233315058181488,0.245034768975223
378,20,0.208569358440484,0.219046061403461
378,21,0.185936396682846,0.195276217319098
378,22,0.165334282800458,0.1736392331702
378,23,0.14666191678864,0.154028930570839
378,24,0.129805396383779,0.136325685802478
378,25,0.11464324377936,0.120401919074567
378,26,0.10105058917501,0.106126488218553
378,27,0.088902450149962,0.0933681327884201
378,28,0.0780762402143025,0.0819981086196498
378,29,0.0684536301186072,0.0718921426347915
378,30,0.0599218735245223,0.0629318251041577
378,31,0.0523746957846021,0.0550055430701977
378,32,0.045712831737536,0.0480090451568594
378,33,0.0398442861631204,0.041845715107545
378,34,0.0346843791990789,0.0364266194832753
378,35,0.030155628776851,0.0316703841930788
378,36,0.0261875130523748,0.0275029449913722
379,0,0.76236303771634,0.793300397985409
379,1,0.7616331442831,0.792540884836909
379,2,0.757280186299433,0.788011280002969
379,3,0.747409340426065,0.777739866552427
379,4,0.73142024634899,0.761101921023529
379,5,0.709527121492015,0.738320353970898
379,6,0.682421004855082,0.710114247362777
379,7,0.651036837394251,0.677456482878684
379,8,0.616397149799318,0.641411086400038
379,9,0.57951110302335,0.603028171515894
379,10,0.541312975524629,0.56327993052325
379,11,0.5026282773255,0.523025373364706
379,12,0.464158779415965,0.482994749512126
379,13,0.426480100401318,0.443787036678328
379,14,0.39004726438741,0.4058757242462
379,15,0.355204970233026,0.369619499256339
379,16,0.322200297599164,0.335275468078948
379,17,0.291196301143138,0.303013302272247
379,18,0.262285473676242,0.272929248086885
379,19,0.235502440602747,0.245059336056385
379,20,0.210835518695108,0.219391408837586
379,21,0.188236960689336,0.195875781540678
379,22,0.167631834970635,0.174434481760263
379,23,0.148925573179753,0.154969103470179
379,24,0.132010270277475,0.137367362750145
379,25,0.116769850723953,0.121508473613166
379,26,0.103084227849752,0.107267476167508
379,27,0.0908325862940575,0.0945186522591236
379,28,0.0798959132666125,0.0831381594544126
379,29,0.0701588960219435,0.073006005515621
379,30,0.0615112922097078,0.0640074743612037
379,31,0.0538488679981236,0.0560341022591258
379,32,0.047073986947371,0.048984290597263
379,33,0.0410959211143133,0.0427636296130244
379,34,0.0358309451525435,0.037284996312062
379,35,0.0312022644271264,0.0324684796658457
379,36,0.0271398194753963,0.0282411771373089
380,0,0.771062035431989,0.808838597387448
380,1,0.770356907044912,0.808098922718779
380,2,0.766140961923348,0.803676426237185
380,3,0.75655345434076,0.793619198894644
380,4,0.740977787934996,0.777280435487684
380,5,0.719587696035328,0.754842381044473
380,6,0.693025789367002,0.726979129650558
380,7,0.662180256756042,0.694622385074565
380,8,0.628033697233227,0.6588028867192
380,9,0.591564394120958,0.620546846839738
380,10,0.553685219685926,0.580811861958709
380,11,0.515209103001427,0.540450688898787
380,12,0.476832855713565,0.500194278126445
380,13,0.439133328269014,0.460647741662182
380,14,0.402571517874533,0.42229466230087
380,15,0.367501490267812,0.385506452485991
380,16,0.334181904893016,0.350554444136907
380,17,0.302788620930741,0.317623112284721
380,18,0.273427366993322,0.286823365492657
380,19,0.246145824404203,0.25820522113027
380,20,0.220944736964552,0.2317694594397
380,21,0.197787845206579,0.207478044496831
380,22,0.176610570426234,0.185263233699893
380,23,0.157327458585984,0.165035386370599
380,24,0.139838448088433,0.146689538604138
380,25,0.124034057193698,0.130110844833152
380,26,0.109799603039659,0.115179003550007
380,27,0.0970185696918069,0.101771790367157
380,28,0.0855752409807437,0.0897678198449738
380,29,0.075356707687285,0.0790486510146636
380,30,0.066254349778174,0.0695003422329984
380,31,0.0581648841984024,0.0610145503090183
380,32,0.0509910580971089,0.0534892576930735
380,33,0.0446420569085583,0.0468292005508729
380,34,0.0390336868127053,0.0409460601633191
380,35,0.034088381987701,0.0357584705343356
380,36,0.0297350788537449,0.0311918864735619
381,0,0.769108973807928,0.790097425333233
381,1,0.768571158488039,0.789544933405535
381,2,0.765310154983942,0.786194939373047
381,3,0.75777625006034,0.778455439398977
381,4,0.745337184820551,0.765676920678996
381,5,0.727973597282823,0.747839492856274
381,6,0.706055695184552,0.725323466381104
381,7,0.68018192676635,0.698743620732346
381,8,0.651064638926364,0.668831742261917
381,9,0.619451054511968,0.636355445011474
381,10,0.586070539811851,0.602063999170866
381,11,0.551601211438524,0.566654026685572
381,12,0.516650562902484,0.530749599143489
381,13,0.48174606696697,0.494892583674455
381,14,0.447332703873327,0.459540103722589
381,15,0.413775136621249,0.425066773688431
381,16,0.3813628497366,0.391769977930176
381,17,0.350317024905036,0.359876934028583
381,18,0.320798275381705,0.329552638263358
381,19,0.292914624948683,0.300908062310816
381,20,0.266729315198157,0.27400817358242
381,21,0.242268171942214,0.248879502658794
381,22,0.219526369310206,0.225517091974617
381,23,0.198474507800181,0.203890739735882
381,24,0.179063977411132,0.183950509408301
381,25,0.161231614619612,0.165631513779592
381,26,0.144903686743171,0.148858008053439
381,27,0.129999252526524,0.133546842143728
381,28,0.116432956185677,0.1196103309662
381,29,0.104117315628181,0.106958605102658
381,30,0.0929645656324032,0.0955015042793238
381,31,0.0828881145400042,0.0851500738114367
381,32,0.0738036693287535,0.0758177203785376
381,33,0.0656300793995667,0.0674210788378645
381,34,0.0582899444728728,0.0598806367097926
381,35,0.0517100269559293,0.053121157798368
381,36,0.0458215042267525,0.0470719413598914
382,0,0.760909551685212,0.806522385966863
382,1,0.760176074328027,0.805744940202305
382,2,0.755803404792522,0.801110150352434
382,3,0.745892104870305,0.790604716107857
382,4,0.729844523295079,0.773595159909773
382,5,0.707881032174433,0.750315064103966
382,6,0.680699867119912,0.721504520137762
382,7,0.649242807655431,0.688161762646276
382,8,0.614538132595037,0.651376710767347
382,9,0.577599358561527,0.612223636525847
382,10,0.539363690657507,0.57169592592123
382,11,0.500658252725892,0.530670284856059
382,12,0.462185310536724,0.489891076524593
382,13,0.424520081165939,0.449967999474455
382,14,0.388116512484367,0.411382213547935
382,15,0.353317755555944,0.374497440049647
382,16,0.320369046602834,0.339573615922935
382,17,0.289431446689591,0.306781457061405
382,18,0.260595420229531,0.276216850780852
382,19,0.233893616946329,0.247914403997406
382,20,0.209312493710509,0.221859761736717
382,21,0.186802601503109,0.198000510751156
382,22,0.166287490539718,0.176255618462809
382,23,0.147671269899842,0.15652344575594
382,24,0.130844909334499,0.138688426547359
382,25,0.115691399610021,0.122626537467782
382,26,0.102089900725363,0.108209694744643
382,27,0.0899190097207636,0.095309217900014
382,28,0.079059275297994,0.0837984951101363
382,29,0.0693950777728476,0.0735549758519358
382,30,0.0608159818731392,0.0644616047946963
382,31,0.0532176578934299,0.0564077981735388
382,32,0.046502454606021,0.0492900510436485
382,33,0.0405796956794796,0.0430122514676525
382,34,0.0353657605194928,0.0374857662024909
382,35,0.030784000611571,0.0326293520272708
382,36,0.0267645336901176,0.0283689375737714
383,0,0.758098628974163,0.786426700338731
383,1,0.757408129684658,0.785710398980204
383,2,0.753278744139624,0.781426709596671
383,3,0.743885757613358,0.771682732866133
383,4,0.728622235616327,0.755848854817948
383,5,0.707655450850531,0.73409859867728
383,6,0.68161251587972,0.707082510488405
383,7,0.651361868116662,0.675701478793884
383,8,0.61786522997872,0.640953162946238
383,9,0.582080834231962,0.603831602247969
383,10,0.544903457278807,0.565265008447263
383,11,0.507130452532925,0.526080529873044
383,12,0.469445766875932,0.486987670630396
383,13,0.432416047805184,0.448574252283123
383,14,0.396494558024197,0.4113104747217
383,15,0.362029825847029,0.375557889809595
383,16,0.329276865955037,0.341581041429009
383,17,0.298409477449463,0.309560223078024
383,18,0.269532620459334,0.279604316958486
383,19,0.242694231898126,0.251763051255157
383,20,0.217896098583556,0.226038279554241
383,21,0.195103587427521,0.202394074623902
383,22,0.174254157363891,0.1807655584095
383,23,0.155264661053414,0.161066476583233
383,24,0.138037497523722,0.143195581091462
383,25,0.122465708319027,0.127041916733581
383,26,0.108437125855093,0.112489124529656
383,27,0.0958376882629537,0.0994188804307879
383,28,0.0845540335675052,0.0877135864350569
383,29,0.0744754801391304,0.0772584250432079
383,30,0.065495491813138,0.0679428791255919
383,31,0.0575127161880919,0.0596618090188638
383,32,0.0504316742834322,0.0523161679542213
383,33,0.0441631695559174,0.0458134263576721
383,34,0.0386244746238946,0.0400677655516796
383,35,0.0337393451531059,0.0350000921598434
383,36,0.0294379023324179,0.0305379161910689
384,0,0.768320970535395,0.774778336250249
384,1,0.767711417834939,0.774163660554508
384,2,0.764039125724461,0.770460504607068
384,3,0.755616198877321,0.761966787138394
384,4,0.741812026672726,0.748046597550786
384,5,0.722686439268338,0.728760268845408
384,6,0.698724910065765,0.70459735459273
384,7,0.670650625158546,0.676287118915219
384,8,0.639293998410486,0.644666954903098
384,9,0.605504719742299,0.610593693709418
384,10,0.570094944675549,0.574886316629635
384,11,0.53380497306287,0.538291345378171
384,12,0.497284889735627,0.501464328434607
384,13,0.461087281101271,0.464962496427574
384,14,0.425667403941895,0.429244932351968
384,15,0.391388148516493,0.394677576383689
384,16,0.358527872942906,0.361541126105771
384,17,0.327289741315631,0.330040453108545
384,18,0.297811614701469,0.300314577114325
384,19,0.270175853918421,0.272446551143903
384,20,0.244418620796097,0.246472840949558
384,21,0.220538429913546,0.222391948626096
384,22,0.198503820762353,0.200172149254761
384,23,0.178260102630216,0.179758292474298
384,24,0.15973518030478,0.161077677147001
384,25,0.14284450492014,0.144045043814691
384,26,0.127495216228262,0.128566751783912
384,27,0.113589554314055,0.114544219514827
384,28,0.101027623332233,0.10187671158594
384,29,0.0897095895044602,0.0904635551643537
384,30,0.0795373920634211,0.0802058653294851
384,31,0.0704160403001748,0.0710078530214823
384,32,0.0622545632516156,0.0627777827103452
384,33,0.0549666714841504,0.0554286397415755
384,34,0.0484711833204342,0.0488785601451402
384,35,0.0426922610051568,0.0430510687861187
384,36,0.0375594958936047,0.0378751652692324
385,0,0.771185560324081,0.78504899799693
385,1,0.770409773287065,0.78425926480248
385,2,0.765795977807436,0.779562528109532
385,3,0.755366413749996,0.768945474012465
385,4,0.738526494337239,0.7518028269746
385,5,0.715542974760758,0.728406137588485
385,6,0.687179247434144,0.699532521609655
385,7,0.654445864050495,0.66621069720259
385,8,0.618434732115121,0.629552200859997
385,9,0.580213357964255,0.590643729250916
385,10,0.540761555180669,0.550482709857073
385,11,0.500937633224252,0.509942881783717
385,12,0.461464558637436,0.469760208187993
385,13,0.422929199299739,0.430532106947615
385,14,0.385789722037539,0.392724981255885
385,15,0.350387671336234,0.356686515470275
385,16,0.31696233247021,0.322660296445307
385,17,0.28566576897867,0.290801121333864
385,18,0.25657749349606,0.261189932151996
385,19,0.229718137216259,0.233847730976134
385,20,0.205061768502466,0.208748120001998
385,21,0.182546707108377,0.185828310170703
385,22,0.162084811185752,0.164998575126878
385,23,0.143569297814998,0.146150212337251
385,24,0.126881207753251,0.129162124054126
385,25,0.11189465151734,0.11390615770605
385,26,0.098480984232138,0.100251355796524
385,27,0.0865120563024092,0.0880672650124821
385,28,0.0758626798253834,0.0772264469750335
385,29,0.066412439540874,0.0676063217446458
385,30,0.0580469639658591,0.059090461806639
385,31,0.0506587585124464,0.0515694401659334
385,32,0.0441476887215548,0.0449413222677203
385,33,0.0384211888126774,0.0391118782962791
385,34,0.0333942588737512,0.0339945803143299
385,35,0.0289893033532873,0.0295104378517713
385,36,0.0251358541177249,0.025587715984496
386,0,0.766955271949433,0.799988451287573
386,1,0.766079669369639,0.799075136029993
386,2,0.760910400412374,0.793683223856418
386,3,0.749321596633188,0.781595284016039
386,4,0.730768116051285,0.762242694967419
386,5,0.705661751617241,0.736054985806751
386,6,0.674943379409941,0.7040135566557
386,7,0.639796590865934,0.667352976875624
386,8,0.601462363302613,0.627367673349725
386,9,0.561124915901033,0.585292870221164
386,10,0.519846875564184,0.542236962309706
386,11,0.478537857669692,0.499148742620404
386,12,0.437945027844059,0.456807557608341
386,13,0.398657519493869,0.415827914975298
386,14,0.361119019534586,0.376672611472717
386,15,0.325644617069655,0.339670307262539
386,16,0.29243930115715,0.305034820392699
386,17,0.261616419379764,0.272884380387722
386,18,0.233215063569287,0.243259762785785
386,19,0.207215804377304,0.216140701405906
386,20,0.183554506314405,0.191460298408376
386,21,0.162134159732279,0.169117365886742
386,22,0.142834796020021,0.14898676811699
386,23,0.125521629238555,0.130927913856579
386,24,0.110051607837889,0.11479159024771
386,25,0.0962785758702581,0.100425346326714
386,26,0.0840572427911344,0.0876776338065471
386,27,0.0732461506266047,0.0764009020416737
386,28,0.0637098112538131,0.0664538273623365
386,29,0.0553201677285822,0.0577028373423517
386,30,0.0479575139666356,0.0500230700914987
386,31,0.0415109879088286,0.0432988886616461
386,32,0.0358787353471379,0.0374240519288144
386,33,0.0309678252810918,0.0323016263039629
386,34,0.0266939832013733,0.0278437075289719
386,35,0.0229811960888346,0.0239710086627515
386,36,0.0197612321034943,0.0206123590829831
387,0,0.773399988200589,0.790908413109743
387,1,0.772610674275857,0.790101230496375
387,2,0.767920283212457,0.785304657171556
387,3,0.757327374507591,0.774471943515231
387,4,0.740239913232782,0.756997651962193
387,5,0.716940817320933,0.733171105213199
387,6,0.688215208689117,0.703795198974229
387,7,0.655096044103105,0.669926274348064
387,8,0.618695550953964,0.632701737611283
387,9,0.580098113427987,0.593230521514165
387,10,0.540296518098981,0.552527887584546
387,11,0.500158221304777,0.511480929856641
387,12,0.460411891635906,0.470834812705175
387,13,0.421647179887375,0.431192535589268
387,14,0.384322685683862,0.393023080028108
387,15,0.348778587040892,0.356674325073335
387,16,0.315251501704983,0.322388245083971
387,17,0.283889953713109,0.290316726421774
387,18,0.254769399282073,0.260536933500503
387,19,0.227906179530489,0.233065577373157
387,20,0.203270056822813,0.207871735876936
387,21,0.180795189472892,0.184888076784912
387,22,0.160389530907015,0.164020469749714
387,23,0.141942722764455,0.145156058090079
387,24,0.125332600700796,0.128169911874209
387,25,0.110430457161442,0.112930409833271
387,26,0.0971052146908404,0.0993035071470602
387,27,0.0852266619606001,0.087156044730138
387,28,0.0746678966128398,0.0763582473768889
387,29,0.0653071070449069,0.0667855458827328
387,30,0.0570288113715882,0.0583198440542766
387,31,0.0497246573245982,0.0508503367171293
387,32,0.0432938726606171,0.0442739703203915
387,33,0.0376434422923518,0.0384956240776543
387,34,0.0326880761417006,0.033428077092416
387,35,0.0283500207870632,0.0289918157414155
387,36,0.0245587583748147,0.0251147257699887
388,0,0.762955997205053,0.776601379562734
388,1,0.762318669384284,0.77595265320544
388,2,0.758489442232375,0.772054940755802
388,3,0.749733337627556,0.763142234203119
388,4,0.735427948340135,0.74858099463427
388,5,0.71567035308789,0.728470037009001
388,6,0.690995273719781,0.703353646616511
388,7,0.662176559277948,0.674019512702184
388,8,0.630090572958986,0.641359672120002
388,9,0.595625117468251,0.606277805827038
388,10,0.559621465718173,0.569630232807316
388,11,0.522840108485653,0.532191045129907
388,12,0.485943179759606,0.494634218975784
388,13,0.449488325445048,0.45752737368437
388,14,0.413930161434821,0.421333255902714
388,15,0.379626517114868,0.386416094755156
388,16,0.346847454338418,0.353050782120851
388,17,0.315785648047782,0.321433438911823
388,18,0.286567158667875,0.291692380129534
388,19,0.25926195378329,0.263898824720975
388,20,0.233893775197899,0.238076939109512
388,21,0.210449118810424,0.214212977674533
388,22,0.188885215489298,0.192263406363354
388,23,0.169136984137296,0.172161980110633
388,24,0.151122983250902,0.153825800840706
388,25,0.134750422018037,0.137160418188236
388,26,0.119919312064018,0.122064055497687
388,27,0.106525850647933,0.108431053527776
388,28,0.0944651286445098,0.0961546268653036
388,29,0.0836332544018498,0.0851290257678408
388,30,0.0739289792878532,0.0752511907828691
388,31,0.0652549036888873,0.0664219803156003
388,32,0.0575183342983459,0.0585470432500456
388,33,0.0506318553514052,0.0515374004002411
388,34,0.0445136684428883,0.0453097904057163
388,35,0.0390877479754042,0.0397868279598055
388,36,0.034283852283876,0.0348970151331379
389,0,0.764823185901479,0.786951642554301
389,1,0.764414705165995,0.786531343337872
389,2,0.76190604228132,0.783950097876042
389,3,0.75602629071891,0.777900228788463
389,4,0.746174218609859,0.767763108900233
389,5,0.732215872680908,0.753400909298267
389,6,0.71433153302812,0.734999126081964
389,7,0.692901320986086,0.712948878550717
389,8,0.668420913798261,0.68776018526581
389,9,0.641440560544021,0.65999921553907
389,10,0.612521999273339,0.630243960060713
389,11,0.582209007528474,0.599053929365919
389,12,0.551008228270808,0.56695042500255
389,13,0.519377642389407,0.534404678517388
389,14,0.487720641598025,0.501831752865615
389,15,0.456384119557118,0.469588578303687
389,16,0.425659367293408,0.437974873715873
389,17,0.39578485002877,0.4072360037845
389,18,0.366950171513509,0.377567058022397
389,19,0.339300711192664,0.349117622105281
389,20,0.31294255900214,0.321996855445232
389,21,0.287947480379018,0.296278599852529
389,22,0.264357726710302,0.272006329164021
389,23,0.242190569203609,0.24919781429128
389,24,0.221442481277729,0.227849426619314
389,25,0.202092929437963,0.207940038562458
389,26,0.184107757937488,0.189434506153373
389,27,0.167442170497008,0.172286737032122
389,28,0.152043324680335,0.156442359884235
389,29,0.13785256256334,0.141841019649101
389,30,0.12480730615862,0.128418327784528
389,31,0.112842648506816,0.116107499392749
389,32,0.101892672070576,0.104840709759178
389,33,0.0918915255732943,0.0945502023470816
389,34,0.082774289098872,0.0851691789270793
389,35,0.0744776554046132,0.0766325006023072
389,36,0.0669404532172685,0.0688772262448704
390,0,0.777852538480435,0.799054703061767
390,1,0.776996259277214,0.798175083994373
390,2,0.771930179730356,0.792970916767626
390,3,0.760545140957924,0.781275552510766
390,4,0.742272542646284,0.762504892397478
390,5,0.717484237594367,0.737040924932182
390,6,0.687078644482482,0.705806557267975
390,7,0.652201937288928,0.669979204997891
390,8,0.614066173096526,0.630803962615418
390,9,0.57383608872184,0.589477314524814
390,10,0.532563757300977,0.547080010541477
390,11,0.491155911851808,0.504543498782512
390,12,0.45036294952386,0.462638630202093
390,13,0.410781763982059,0.421978568178355
390,14,0.372866873079656,0.38303021949671
390,15,0.336946013557028,0.346130254118119
390,16,0.303237616323683,0.311503056790208
390,17,0.271868471313081,0.279278873398438
390,18,0.242890528532238,0.249511069967055
390,19,0.216296228952521,0.222191881428672
390,20,0.192032066061044,0.197266342827015
390,21,0.170010284379853,0.174644306706222
390,22,0.150118753613892,0.154210586401484
390,23,0.132229137541256,0.135833347591241
390,24,0.116203520993119,0.11937091591072
390,25,0.101899677777581,0.104677188465205
390,26,0.0891751655226227,0.0916058402873689
390,27,0.0778904261337865,0.0800135093050837
390,28,0.0679110571169783,0.0697621295743611
390,29,0.059109402348705,0.0607205654097007
390,30,0.0513655929822472,0.052765680662561
390,31,0.0445681513705464,0.0457829591055575
390,32,0.0386142539858418,0.03966677451858
390,33,0.0334097337968954,0.034320393130815
390,34,0.0288688886617877,0.029655776790845
390,35,0.0249141500806428,0.0255932426904654
390,36,0.0214756560957473,0.022061024623211
391,0,0.768472989268304,0.776738062515976
391,1,0.767955961384691,0.77621547389908
391,2,0.764815014557123,0.773040745590627
391,3,0.757542879549732,0.765690397387272
391,4,0.745509574942447,0.753527672298877
391,5,0.728675083244474,0.736512122438921
391,6,0.70737768212495,0.714985663717248
391,7,0.682180243275072,0.689517221617215
391,8,0.653760645647085,0.660791965808205
391,9,0.622835495364801,0.62953420964927
391,10,0.590108757546811,0.596455489537822
391,11,0.556238811721353,0.562221265999222
391,12,0.521818944176972,0.527431206228957
391,13,0.487367469454108,0.492609199338988
391,14,0.453324595183291,0.458200187476689
391,15,0.42005386258319,0.424571621815721
391,16,0.387846551618603,0.392017915092337
391,17,0.356927869079185,0.360766696238073
391,18,0.327464066829976,0.330986005188418
391,19,0.299569887850964,0.302791819005946
391,20,0.273315926640363,0.276255491446133
391,21,0.248735631761986,0.251410830818463
391,22,0.225831782575441,0.228260646375086
391,23,0.204582348020994,0.206782670108026
391,24,0.184945689438439,0.186934815525363
391,25,0.166865107028523,0.168659773010713
391,26,0.150272754809495,0.151888966885878
391,27,0.135092964958101,0.136545915505767
391,28,0.121245031708065,0.122549045098227
391,29,0.108645509393877,0.109814012523735
391,30,0.0972100802096534,0.0982555931223582
391,31,0.0868550458876257,0.0877891884355305
391,32,0.0774984946010806,0.0783320056592534
391,33,0.0690611905633513,0.069803956810895
391,34,0.0614672294655422,0.0621283212162723
391,35,0.0546444983838963,0.0552322103634094
391,36,0.0485249743108823,0.0490468696443835
392,0,0.757346249254911,0.784752642011696
392,1,0.756955887134714,0.784348153700745
392,2,0.754554669227093,0.781860041956738
392,3,0.74891663175306,0.776017978557253
392,4,0.739452182037468,0.766211035000321
392,5,0.726018123420279,0.752290832710879
392,6,0.708773457887235,0.734422127543357
392,7,0.688071158090384,0.712970665312865
392,8,0.664378050336686,0.688420165557337
392,9,0.638216532065836,0.661311929922335
392,10,0.610123128137984,0.63220189870851
392,11,0.580619924948103,0.6016310512608
392,12,0.550195755263903,0.570105909934523
392,13,0.519294676969735,0.538086601914952
392,14,0.488309826145575,0.505980489855218
392,15,0.457581154170125,0.474139827091034
392,16,0.427395900322816,0.442862247344949
392,17,0.397990922442969,0.412393179726
392,18,0.369556222277781,0.382929501650885
392,19,0.342239170374623,0.354623916624137
392,20,0.316149066828005,0.327589680026662
392,21,0.291361776252317,0.301905401816108
392,22,0.267924253995551,0.277619736532494
392,23,0.245858840670642,0.254755833237486
392,24,0.225167247460361,0.233315465037109
392,25,0.205834188487389,0.213282792897868
392,26,0.187830641352286,0.194627744175102
392,27,0.171116734743207,0.177309004717798
392,28,0.15564427441888,0.16127663626033
392,29,0.141358927135987,0.14647433938049
392,30,0.128202087242342,0.132841387639828
392,31,0.116112453481706,0.120314261448939
392,32,0.105027344675575,0.108828011360348
392,33,0.0948837828445477,0.0983173803852307
392,34,0.0856193713792525,0.0887177139430632
392,35,0.0771729943530427,0.0799656844806262
392,36,0.0694853612010305,0.0719998558615587
393,0,0.756170403639271,0.789738086713623
393,1,0.755692224285563,0.789238680169693
393,2,0.752778529231507,0.786195641264464
393,3,0.746009663664474,0.779126294307214
393,4,0.734770205233479,0.767387897307976
393,5,0.718991199392262,0.750908434711565
393,6,0.698958880491966,0.729986847296061
393,7,0.675174646961648,0.705146791414762
393,8,0.648254295016326,0.677031399518126
393,9,0.618857098982859,0.646329212235362
393,10,0.587637384099519,0.613723601408685
393,11,0.555212872256581,0.579859710647786
393,12,0.52214537588283,0.545324292185318
393,13,0.488930437469521,0.510634886481797
393,14,0.455993316566806,0.476235631078019
393,15,0.42368935648872,0.442497643578695
393,16,0.392307254883049,0.409722437408449
393,17,0.362074144292772,0.378147227907977
393,18,0.333161683768288,0.347951294363239
393,19,0.305692588847722,0.319262799862638
393,20,0.279747199492213,0.292165650794059
393,21,0.255369815561876,0.266706113563333
393,22,0.232574626471564,0.242899007477433
393,23,0.21135113317463,0.220733367419274
393,24,0.191669012443453,0.200177524061881
393,25,0.173482410164938,0.181183587750525
393,26,0.156733675674822,0.163691348610459
393,27,0.14135656585412,0.147631622878613
393,28,0.127278958013278,0.132929086217266
393,29,0.114425116205395,0.11950464063275
393,30,0.102717557855455,0.107277363967502
393,31,0.09207856747338,0.0961660908094047
393,32,0.0824314024967247,0.086090671863877
393,33,0.073701233554716,0.0769729559578236
393,34,0.0658158580819466,0.0687375353318476
393,35,0.0587062225451976,0.0613122910496053
393,36,0.0523067848004749,0.054628771440484
394,0,0.770234264182015,0.778532698682617
394,1,0.769621603274333,0.777913437021566
394,2,0.765931085558523,0.774183158000707
394,3,0.757467646649492,0.765628534764125
394,4,0.743599247425258,0.751610718657337
394,5,0.724387701600718,0.73219218937063
394,6,0.70032228643456,0.707867495591752
394,7,0.672130753803249,0.679372229930256
394,8,0.640648168330114,0.647550453920413
394,9,0.606728547377041,0.61326538603015
394,10,0.571187827927484,0.577341754074396
394,11,0.534769447742783,0.540531005545888
394,12,0.498125969858001,0.503492734134978
394,13,0.461811833386434,0.466787352431968
394,14,0.426283585159688,0.430876326062855
394,15,0.391904919443013,0.396127267702104
394,16,0.358954592830559,0.362821937242272
394,17,0.327635840492844,0.331165759491276
394,18,0.298086339174615,0.301297894510694
394,19,0.270388073869577,0.27330121059316
394,20,0.244576694087522,0.24721174133307
394,21,0.220650111710307,0.223027376115083
394,22,0.198576210872544,0.200715653060375
394,23,0.178299622929115,0.180220606987038
394,24,0.159747575510884,0.161468681482994
394,25,0.142834860930548,0.144373750841001
394,26,0.127467991135721,0.128841319776828
394,27,0.113548618080055,0.114771980651144
394,28,0.100976302858961,0.102064212439663
394,29,0.0896507165241738,0.0906166052590744
394,30,0.0794733518456643,0.0803295905713394
394,31,0.0703488196692232,0.071106751508103
394,32,0.0621857968153633,0.0628557809821779
394,33,0.0548976853099196,0.055489148020635
394,34,0.0484030355618928,0.0489245255019271
394,35,0.0426257791967312,0.043085025497695
394,36,0.0374953107930088,0.0378992818900697
395,0,0.768869698127661,0.778474267780952
395,1,0.768109004331079,0.777704071546477
395,2,0.763580708168088,0.773119208794877
395,3,0.753333548259921,0.762744043372478
395,4,0.73677014422176,0.745973732535717
395,5,0.714139218307012,0.723060105527667
395,6,0.686179865014443,0.694751489470793
395,7,0.653877543033854,0.662045653211801
395,8,0.61830136917657,0.626025068759794
395,9,0.580499891988518,0.58775138292373
395,10,0.541438330425023,0.548201871985046
395,11,0.501964684758695,0.508235129269641
395,12,0.462795478765288,0.468576629227914
395,13,0.424514420536876,0.42981737151908
395,14,0.387579165673778,0.392420728687567
395,15,0.352332779891151,0.356734051958242
395,16,0.319017543456151,0.323002648115898
395,17,0.287789506324684,0.291384516461918
395,18,0.258732758888063,0.261964797828315
395,19,0.231872781457411,0.234769290821265
395,20,0.207188516226909,0.209776674584962
395,21,0.184622999103815,0.18692927344238
395,22,0.164092518708436,0.166142330307667
395,23,0.1454943535628,0.14731184052627
395,24,0.128713189155726,0.130321049100725
395,25,0.113626343996523,0.115045742027191
395,26,0.100107945198648,0.101358474039685
395,27,0.0880321948799823,0.0891318758135863
395,28,0.077275862577183,0.078241177514744
395,29,0.0677201286996201,0.0685660752814781
395,30,0.0592518917272149,0.0599920547516768
395,31,0.0517646387142901,0.0524112724408105
395,32,0.0451589655829428,0.0457230825347074
395,33,0.0393428212375395,0.0398342840534797
395,34,0.0342315380399463,0.0346591517074436
395,35,0.0297477008248368,0.0301193032761926
395,36,0.0258208974668232,0.0261434470598615
396,0,0.773441022033856,0.804509634904423
396,1,0.772645886939754,0.803682559760963
396,2,0.767922874202815,0.798769826734919
396,3,0.757261301330603,0.787679985551715
396,4,0.740071353734573,0.769799529161981
396,5,0.716643889729025,0.745430999465588
396,6,0.687774085479526,0.715401514327277
396,7,0.654504918712103,0.680795947196571
396,8,0.617957433047516,0.642780373272946
396,9,0.579223087284228,0.602490094530891
396,10,0.539299861060271,0.560963178788586
396,11,0.499058616511344,0.519105470136122
396,12,0.459229860120712,0.47767681901769
396,13,0.420403785962456,0.43729112721188
396,14,0.383038524958505,0.398424928455898
396,15,0.347473040094693,0.361430801653904
396,16,0.313942222435625,0.326553073288776
396,17,0.282592555449554,0.293944110972533
396,18,0.25349730091945,0.263680119365373
396,19,0.226670576141825,0.235775782846248
396,20,0.202079983036446,0.21019740192553
396,21,0.179657648448419,0.186874377028709
396,22,0.159309666407468,0.165709030044966
396,23,0.140924016251763,0.146584840516783
396,24,0.124377079378739,0.129373224164322
396,25,0.109538902364832,0.113939007421182
396,26,0.0962773629501468,0.100144760763921
396,27,0.0844613934783453,0.0878541516353757
396,28,0.0739634078168612,0.0769344688526558
396,29,0.0646610653906623,0.0672584575009724
396,30,0.0564384917116504,0.0587055884908941
396,31,0.0491870600075083,0.0511628715847067
396,32,0.0428058241183019,0.0445253056821837
396,33,0.037201679274445,0.0386960460568965
396,34,0.0322893149990133,0.0335863553666449
396,35,0.0279910133313136,0.029115393771801
396,36,0.0242363358776803,0.025209893415144
397,0,0.764025054474716,0.774175178654657
397,1,0.763302818007523,0.773443347227474
397,2,0.758992474181615,0.769075740194247
397,3,0.749210463332903,0.759163774674203
397,4,0.733352314600924,0.743094949370884
397,5,0.711620588354092,0.721074515680811
397,6,0.68469203684066,0.693788216551321
397,7,0.653487605878625,0.662169232627476
397,8,0.619017705027776,0.627241396827954
397,9,0.58228195732084,0.590017612244629
397,10,0.544207848431269,0.55143768626044
397,11,0.505616679689502,0.51233383124918
397,12,0.467208264601839,0.473415157786597
397,13,0.429558109755608,0.435264818103697
397,14,0.393122556416298,0.398345215990341
397,15,0.358248659876347,0.363008017391844
397,16,0.325186551702873,0.329506676889999
397,17,0.29410274458797,0.298009919309199
397,18,0.265093361753542,0.268615144874812
397,19,0.238196650023879,0.241361108522757
397,20,0.213404404050823,0.216239495896275
397,21,0.19067211655513,0.193205208433926
397,22,0.169927797030735,0.172185299230936
397,23,0.151079485234679,0.153086586346341
397,24,0.134021538100078,0.135802023238014
397,25,0.11863979857545,0.120215936270374
397,26,0.104815769099622,0.106208253634188
397,27,0.0924299159820894,0.0936578536258421
397,28,0.0813642275417439,0.0824451567711152
397,29,0.0715041411120437,0.0724540784307436
397,30,0.0627399438333165,0.0635734482023434
397,31,0.0549677408384285,0.0556979909684906
397,32,0.0480900728905984,0.0487289527398954
397,33,0.0420162543372779,0.0425744430990228
397,34,0.0366624917642802,0.0371495554305488
397,35,0.031951834173325,0.0323763164370108
397,36,0.027813996956501,0.0281835077747596
398,0,0.763401858532212,0.784856338850271
398,1,0.762798632530837,0.784236159916139
398,2,0.759163697184618,0.780499069135045
398,3,0.75082449337164,0.771925502146141
398,4,0.737154241211333,0.757871064182985
398,5,0.718209598640787,0.738394005485048
398,6,0.694468979247261,0.713986184871321
398,7,0.666646724774382,0.685382019790915
398,8,0.635563992692405,0.653425745345592
398,9,0.602061656849807,0.618981867120158
398,10,0.566943985297949,0.582877256140914
398,11,0.530944557949088,0.545866108690922
398,12,0.494707980315199,0.50861114613571
398,13,0.458782567425076,0.471676093230757
398,14,0.423620416733312,0.435525753079502
398,15,0.389582241720972,0.400530976576475
398,16,0.356945063242764,0.366976569910424
398,17,0.325911404241261,0.33507074768479
398,18,0.296619045175738,0.304955162511003
398,19,0.26915070377683,0.276714856800867
398,20,0.243543228111352,0.250387714191276
398,21,0.219796055611425,0.225973156304065
398,22,0.197878807620769,0.203439950727787
398,23,0.177737970716178,0.182733080109589
398,24,0.159302671513723,0.163779679255329
398,25,0.142489587737945,0.146494084218383
398,26,0.127207060271025,0.130782059912957
398,27,0.113358482699409,0.116544284919796
398,28,0.100845049549546,0.103679176957743
398,29,0.0895679442063366,0.0920851422909713
398,30,0.0794300441079216,0.0816623288462015
398,31,0.0703372154314959,0.0723139572840813
398,32,0.0621992630090022,0.0639472976111056
398,33,0.0549305942630187,0.0564743517746143
398,34,0.0484506489623269,0.0498122954961172
398,35,0.042684139849886,0.0438837256618244
398,36,0.0375611428735725,0.0386167530892121
399,0,0.763022318967674,0.784520679757462
399,1,0.762453027673956,0.783935348527136
399,2,0.759012423151382,0.78039780403895
399,3,0.751092742806601,0.772254984552418
399,4,0.738065872273151,0.758861078408438
399,5,0.719950681026921,0.740235486735502
399,6,0.697171021741296,0.716814004371028
399,7,0.670382467506843,0.689270675355217
399,8,0.640350776226437,0.658392833027557
399,9,0.60786894132305,0.624995813615789
399,10,0.573702726243269,0.589866956159308
399,11,0.53855695850708,0.553730946884642
399,12,0.503056714407479,0.517230473778882
399,13,0.467738967500654,0.480917639773802
399,14,0.433051390178335,0.445252730552191
399,15,0.39935585750226,0.410607817103801
399,16,0.366934861446645,0.377273350690843
399,17,0.335999545636363,0.345466423967089
399,18,0.306698450332311,0.315339762355573
399,19,0.279126342238095,0.286990802637481
399,20,0.253332715293263,0.260470433257529
399,21,0.229329703949582,0.235791130558956
399,22,0.207099262786497,0.212934340686586
399,23,0.186599546078087,0.191857038899824
399,24,0.167770476135847,0.172497454804993
399,25,0.150538526157002,0.15477998996171
399,26,0.134820766711451,0.138619378380688
399,27,0.120528238582048,0.123924154394707
399,28,0.107568721234401,0.110599499130809
399,29,0.0958489678504112,0.0985495385165023
399,30,0.0852764761999282,0.0876791640462132
399,31,0.0757608608226904,0.0778954436248222
399,32,0.0672148869080804,0.0691086845772623
399,33,0.0595552205127638,0.061233205003743
399,34,0.0527029437827243,0.0541878635183067
399,35,0.0465838779460693,0.0478963913420431
399,36,0.0411287512133528,0.0422875649340502
400,0,0.757511088294106,0.782391899454833
400,1,0.757058330143377,0.781924270247793
400,2,0.754292129499008,0.779067212430601
400,3,0.747846499856074,0.772409873023366
400,4,0.737110639828551,0.761321388578695
400,5,0.721991595530315,0.745705752095965
400,6,0.702737001404392,0.725818731688992
400,7,0.679804387525559,0.702132885224975
400,8,0.653766360034196,0.675239626364697
400,9,0.62524322197964,0.645779632305505
400,10,0.594856410754186,0.614394751845738
400,11,0.56319757212239,0.581696063635846
400,12,0.530809240125454,0.548243921505066
400,13,0.498174004213976,0.514536765783505
400,14,0.465709766397775,0.481006224670806
400,15,0.433769259753368,0.448016616928767
400,16,0.402642445862942,0.41586742806534
400,17,0.372560757377817,0.3847976922471
400,18,0.343702422836928,0.354991492013919
400,19,0.316198320179159,0.326584004052689
400,20,0.290137965968602,0.299667685141531
400,21,0.265575369549959,0.274298318587699
400,22,0.242534573444391,0.250500736600375
400,23,0.221014769888872,0.228274104885169
400,24,0.200994933769619,0.207596707748461
400,25,0.182437948470966,0.188430209461731
400,26,0.165294226649764,0.170723393962011
400,27,0.149504845246447,0.154415402833885
400,28,0.135004225191016,0.139438503031678
400,29,0.121722392841965,0.125720422596425
400,30,0.109586863439485,0.113186295971984
400,31,0.098524187709579,0.101760261408099
400,32,0.0884612019487778,0.0913667521047432
400,33,0.0793260199998537,0.081931520769741
400,34,0.0710488029098446,0.0733824345565792
400,35,0.0635623390479896,0.0656500742365907
400,36,0.0568024642748671,0.0586681681687463
401,0,0.765424306988477,0.779792995624421
401,1,0.76489312845151,0.779251845704342
401,2,0.76167114719521,0.775969380811659
401,3,0.7542242234387,0.768382662005821
401,4,0.741923402735639,0.755850927989666
401,5,0.724745230039187,0.738350283413819
401,6,0.70305179222077,0.716249612312359
401,7,0.677431659334969,0.690148533487309
401,8,0.648587018000596,0.660762415136379
401,9,0.617255556720976,0.628842793789818
401,10,0.584158244019322,0.595124172127168
401,11,0.549966173918978,0.560290242074632
401,12,0.515281250627026,0.524954206897947
401,13,0.480626734556307,0.489649149752555
401,14,0.446444646686258,0.454825389318612
401,15,0.41309778511502,0.420852534208199
401,16,0.38087469239991,0.388024543553627
401,17,0.349996361566148,0.356566558902634
401,18,0.320623811679261,0.326642622000839
401,19,0.292865923831559,0.298363657876837
401,20,0.266787123691572,0.27179530160989
401,21,0.242414641963991,0.246965295084583
401,22,0.219745190687847,0.223870288617729
401,23,0.19875097028974,0.202481960777122
401,24,0.179384976780125,0.18275242520551
401,25,0.161585615954921,0.164618931440861
401,26,0.14528065623266,0.148007891956916
401,27,0.13039056713735,0.132838283316671
401,28,0.11683129898115,0.119024478035782
401,29,0.104516562959121,0.106478567479682
401,30,0.0933596711197114,0.0951122363743362
401,31,0.0832749936312953,0.0848382474288603
401,32,0.07417908725406,0.0755715909912952
401,33,0.0659915445549446,0.0672303502051672
401,34,0.0586356086096054,0.0597363272507541
401,35,0.052038593029296,0.0530154712567885
401,36,0.04613214234468,0.0469981435722445
402,0,0.761264834441291,0.802558842476354
402,1,0.760324399240019,0.80156739435947
402,2,0.754798740219032,0.795742001792826
402,3,0.742477223298738,0.782752117182746
402,4,0.722858801369562,0.762069514647653
402,5,0.69645809691863,0.734236731828713
402,6,0.664335279467446,0.70037144602496
402,7,0.62778591695993,0.661839501896989
402,8,0.588143823423543,0.620047064807403
402,9,0.54666255494179,0.576315688667325
402,10,0.504450635660736,0.531814028345958
402,11,0.462442602112006,0.487527313323425
402,12,0.421393131852746,0.444251157844999
402,13,0.38188532481384,0.402600291482318
402,14,0.344346978013995,0.363025716652167
402,15,0.309070698462631,0.325835912522578
402,16,0.276235133415616,0.291219216881395
402,17,0.245925611196467,0.259265586597049
402,18,0.218153191899527,0.229986681707033
402,19,0.19287160950861,0.203333726543912
402,20,0.169991907890891,0.179212939643256
402,21,0.149394779127615,0.157498541354094
402,22,0.130940737856077,0.138043480077336
402,23,0.114478334675601,0.120688091199301
402,24,0.0998506433060961,0.105266936139344
402,25,0.0869002630697071,0.0916140761858525
402,26,0.07547306960779,0.0795670266669024
402,27,0.0654209289866163,0.0689696182797679
402,28,0.0566035679022004,0.0596739687430355
402,29,0.0488897685207345,0.0515417424498984
402,30,0.0421580324930657,0.0444448505013989
402,31,0.0362968360269914,0.0382657196148508
402,32,0.0312045772438633,0.0328972366248585
402,33,0.0267892986905958,0.0282424559432818
402,34,0.0229682518981492,0.0242141404976529
402,35,0.0196673571997238,0.0207341922477789
402,36,0.0168206004857438,0.0177330162183353
403,0,0.747383602040803,0.782559568275096
403,1,0.746933964164188,0.782088767977038
403,2,0.744187674007299,0.77921322236209
403,3,0.737790657541305,0.772515127260448
403,4,0.727139552999725,0.761362723395884
403,5,0.71214524115852,0.745662697105509
403,6,0.69305636488344,0.72567539375032
403,7,0.670329317089233,0.701878686595604
403,8,0.644534002742771,0.674869303457725
403,9,0.616286946276442,0.64529278578598
403,10,0.586205127802313,0.613795152156123
403,11,0.554875377037023,0.580990851705718
403,12,0.522835303821322,0.547442797139474
403,13,0.490562656212429,0.513651221955127
403,14,0.458470718141661,0.480048861489638
403,15,0.426907926490644,0.447000551972902
403,16,0.396160332835161,0.414805808134758
403,17,0.366455882827629,0.383703303998637
403,18,0.337969756228845,0.353876464244455
403,19,0.31083021904832,0.325459591782731
403,20,0.28512459903519,0.298544124484827
403,21,0.260905117237412,0.273184741207268
403,22,0.238194399798398,0.249405133003712
403,23,0.216990562192271,0.227203326652173
403,24,0.19727180796378,0.206556499836821
403,25,0.179000519899454,0.187425264872064
403,26,0.162126846701365,0.169757424184825
403,27,0.146591805250964,0.153491218587906
403,28,0.132329929464637,0.138558100805196
403,29,0.119271503134629,0.124885073402322
403,30,0.107344417243061,0.112396633516032
403,31,0.0964756929757437,0.101016367549387
403,32,0.086592710766511,0.0906682380616528
403,33,0.0776241837172875,0.0812776030028431
403,34,0.0695009110723761,0.0727720046506388
403,35,0.0621563443791605,0.0650817624177129
403,36,0.0555269957605479,0.0581404003397109
404,0,0.76455769164519,0.78736170028865
404,1,0.764137440120693,0.786928914171274
404,2,0.76155985647223,0.784274450464654
404,3,0.75552743981156,0.778062108491383
404,4,0.74543476689599,0.767668407408916
404,5,0.731157227746499,0.752965020570323
404,6,0.712891769650728,0.73415476949314
404,7,0.691038269053516,0.711649457499673
404,8,0.666112461091811,0.685980202252805
404,9,0.638683221647296,0.657732847157619
404,10,0.609328499301216,0.627502578924785
404,11,0.578605402157521,0.595863122191127
404,12,0.547030912584011,0.563346879050796
404,13,0.515070476855969,0.53043317836897
404,14,0.483132333526675,0.497542434988044
404,15,0.45156593433065,0.465034523532087
404,16,0.420663199186226,0.433210070841635
404,17,0.390661652450115,0.402313685771461
404,18,0.361748727271608,0.37253839192819
404,19,0.334066711902341,0.344030721510721
404,20,0.3077179568271,0.31689607775102
404,21,0.282770073225291,0.291204088427029
404,22,0.259260938510537,0.266993760699513
404,23,0.237203389123282,0.244278313873808
404,24,0.216589528856839,0.223049616227755
404,25,0.19739461637106,0.203282188475935
404,26,0.179580521052312,0.184936762705525
404,27,0.163098754288425,0.167963404063287
404,28,0.14789309534353,0.152304214950822
404,29,0.133901838759465,0.137895649457877
404,30,0.121059694691247,0.124670470378001
404,31,0.10929937567244,0.112559383301421
404,32,0.0985529036754495,0.101492382660243
404,33,0.0887526704998024,0.0913998437443126
404,34,0.0798322828835265,0.0822133930192256
404,35,0.0717272215868044,0.0738665868680786
404,36,0.0643753412653878,0.0662954263743123
405,0,0.769382212968394,0.781764246367018
405,1,0.768912528542616,0.781287003086683
405,2,0.766045779337085,0.778374117924523
405,3,0.759373361902393,0.771594318106754
405,4,0.748272554413346,0.760314860050064
405,5,0.732657706902232,0.744448715381128
405,6,0.712794858935345,0.724266205167347
405,7,0.689165420415233,0.700256486869493
405,8,0.662367568284548,0.673027364175881
405,9,0.633046427598194,0.643234344445347
405,10,0.601846035063511,0.611531829173872
405,11,0.56937762059169,0.578540885085933
405,12,0.53619996395467,0.544829284661751
405,13,0.502808551236482,0.510900488078255
405,14,0.469631019614831,0.477189014681373
405,15,0.437026979750813,0.44406026251738
405,16,0.405290775550073,0.411813312508204
405,17,0.374656107792244,0.380685626491129
405,18,0.34530173245468,0.350858837248357
405,19,0.317357663642651,0.322465051263911
405,20,0.290911478648507,0.295593255253104
405,21,0.266014449816375,0.270295546710252
405,22,0.242687323385751,0.246593005753935
405,23,0.220925636333642,0.224481097535613
405,24,0.200704513994559,0.203934547069989
405,25,0.181982928313835,0.184911666018425
405,26,0.164707422455279,0.167358137238474
405,27,0.148815324866647,0.151210280574834
405,28,0.13423748693878,0.136397834576933
405,29,0.120900584735983,0.122846295272153
405,30,0.108729028209559,0.110478856105238
405,31,0.0976465218195461,0.099217993675861
405,32,0.0875773193328993,0.0889867427308723
405,33,0.0784472133071148,0.0797097015721477
405,34,0.0701842968299388,0.0713138060553399
405,35,0.0627195317800297,0.0637289069958281
405,36,0.055987154425322,0.0568881822945701
406,0,0.761877590207835,0.789066240671527
406,1,0.761247108140037,0.788413258983337
406,2,0.757457127660832,0.784488027834158
406,3,0.748785912286662,0.7755073682042
406,4,0.734611081540353,0.760826689112308
406,5,0.715022474780224,0.740539035957959
406,6,0.690544231344375,0.715187252712964
406,7,0.661938764108532,0.685560960005915
406,8,0.630071637793613,0.652556611426166
406,9,0.595821304656498,0.617084008008498
406,10,0.560021493203022,0.580006631008032
406,11,0.523427024427061,0.54210623824475
406,12,0.486696130589843,0.504064551904124
406,13,0.4503841208745,0.466456698141819
406,14,0.414944592747298,0.429752461674021
406,15,0.380735419363958,0.394322486852595
406,16,0.348027524202495,0.36044736543277
406,17,0.317015041117218,0.328328159202654
406,18,0.287825895743879,0.298097359000391
406,19,0.260532167475333,0.269829616471179
406,20,0.235159827224108,0.243551829335306
406,21,0.211697615993295,0.219252336803062
406,22,0.190104949229032,0.19688910600492
406,23,0.1703188146284,0.176396875957201
406,24,0.152259686202932,0.157693282677076
406,25,0.135836512343931,0.140684025253871
406,26,0.120950856018881,0.125267153794071
406,27,0.107500275288032,0.111336570576307
406,28,0.0953810352424291,0.0987848387686151
406,29,0.08449024058589,0.0875053911145416
406,30,0.074727473144145,0.077394225879052
406,31,0.0659960118375418,0.0683511703576383
406,32,0.0582037049916695,0.0602807843165499
406,33,0.0512635569041904,0.053092967492069
406,34,0.0450940827555253,0.0467033271666732
406,35,0.0396194785166764,0.0410333541402524
406,36,0.0347696456321323,0.0360104482938572
407,0,0.753028726964485,0.784899074879358
407,1,0.752428703184665,0.784273656362345
407,2,0.748814638150458,0.780506633670743
407,3,0.740527378955261,0.771868633760944
407,4,0.726949101255276,0.75771568418074
407,5,0.708141449630477,0.738112038486551
407,6,0.684584483845812,0.71355807395736
407,7,0.656991522288044,0.684797298671698
407,8,0.626180678044877,0.652682450623073
407,9,0.592988348105246,0.618085325533666
407,10,0.558213400947462,0.581838602300211
407,11,0.522583518773058,0.544700760734083
407,12,0.486737252145748,0.507337376700818
407,13,0.451216967377192,0.470313771018899
407,14,0.416469114245766,0.434095288509152
407,15,0.382849195560684,0.399052477885163
407,16,0.350629545507774,0.365469199301079
407,17,0.320008571746037,0.33355225760036
407,18,0.291120527075764,0.30344158754907
407,19,0.264045181722752,0.275220335479067
407,20,0.238816991570927,0.248924415546677
407,21,0.215433520290929,0.224551288310052
407,22,0.193862989232831,0.202067830155134
407,23,0.174050909779688,0.181417246349529
407,24,0.155925807544855,0.162525037504374
407,25,0.139404083211634,0.145304066138737
407,26,0.124394076206209,0.129658792338915
407,27,0.110799408746827,0.115488759337419
407,28,0.0985216921250612,0.102691414331869
407,29,0.0874626765916221,0.0911643493601731
407,30,0.0775259225987219,0.0808070432746922
407,31,0.0686180656060412,0.0715221800784407
407,32,0.0606497400604776,0.0632166120103245
407,33,0.0535362211268287,0.0558020284357178
407,34,0.0471978357004835,0.0491953842543973
407,35,0.0415601874541366,0.0433191344718819
407,36,0.0365542343335597,0.0381013149750493
408,0,0.766269557303843,0.780914833383009
408,1,0.765416764650435,0.780045741786588
408,2,0.760374552410621,0.774907160599843
408,3,0.74905134844499,0.763367542649608
408,4,0.730891464478894,0.744860579105949
408,5,0.706274481272096,0.719773105440716
408,6,0.676101691811856,0.6890236405436
408,7,0.64151804663054,0.653779017738056
408,8,0.603731200384518,0.61526997289996
408,9,0.563899231513525,0.574676718166398
408,10,0.523066137415172,0.533063204265983
408,11,0.482129869288286,0.49134454443026
408,12,0.441831906515322,0.45027638951719
408,13,0.402760521660621,0.410458255411473
408,14,0.365362216551188,0.372345177676664
408,15,0.329957519045989,0.336263810239166
408,16,0.296758573224161,0.302430351767758
408,17,0.265886850494241,0.270968595285212
408,18,0.237389945007397,0.241927044582753
408,19,0.211256861517387,0.215294494268225
408,20,0.187431508593973,0.191013780867651
408,21,0.165824313255843,0.168993619442057
408,22,0.146322003321254,0.149118572902638
408,23,0.128795682372832,0.131257281307796
408,24,0.113107364898749,0.115269121906763
408,25,0.099115157389611,0.101009489259858
408,26,0.086677273257685,0.0883338868925977
408,27,0.075655061358092,0.0771010136992942
408,28,0.0659152138325883,0.0671750139841069
408,29,0.0573313018764835,0.0584270425802032
408,30,0.0497847698153982,0.0507362779257421
408,31,0.0431654998562136,0.0439904976085892
408,32,0.0373720428435674,0.0380863135331303
408,33,0.0323115947646821,0.0329291479760506
408,34,0.0278997848198307,0.0284330176063105
408,35,0.0240603286731375,0.0245201801087256
408,36,0.020724589975717,0.0211206873267456
409,0,0.769219783073649,0.797972882275528
409,1,0.768525587610242,0.797252738089189
409,2,0.764372003311792,0.792943894625537
409,3,0.754918603996629,0.783137131376833
409,4,0.739547967888576,0.767191947610834
409,5,0.718421649242409,0.74527593640973
409,6,0.69216509082493,0.718037919317514
409,7,0.661648292459483,0.686380416370575
409,8,0.627836963100855,0.651305234302243
409,9,0.591695006923936,0.613812307604061
409,10,0.554123916847426,0.574836826605913
409,11,0.515928278783544,0.535213452289667
409,12,0.477799368499772,0.49565930000878
409,13,0.440310940388829,0.456769570844333
409,14,0.403922912821996,0.41902137471526
409,15,0.368989864899051,0.382782544733073
409,16,0.335772165549285,0.348323182303809
409,17,0.304448229194144,0.315828370901988
409,18,0.275126887827052,0.285411010613372
409,19,0.247859230238917,0.257124099905534
409,20,0.222649518313677,0.230972059969773
409,21,0.199464973313925,0.206920886813807
409,22,0.178244351407012,0.184907047337298
409,23,0.158905312259893,0.164845123361549
409,24,0.14135063868345,0.146634263761415
409,25,0.125473397588962,0.130163538336067
409,26,0.111161149349237,0.115316304514205
409,27,0.0982993188135091,0.101973704376018
409,28,0.0867738402341654,0.0900174084461156
409,29,0.0764731827975345,0.0793317169377705
409,30,0.067289855162498,0.0698051205305263
409,31,0.0591214777104283,0.0613314127003698
409,32,0.0518715010050297,0.0538104350352861
409,33,0.0454496388599311,0.0471485264907294
409,34,0.0397720748060802,0.0412587375746771
409,35,0.0347614918735435,0.0360608612426613
409,36,0.0303469675750127,0.031481323955804
410,0,0.765633282409141,0.781532939651295
410,1,0.764668205392327,0.780547821194105
410,2,0.759004773162955,0.77476677831048
410,3,0.746393643434137,0.761893757354189
410,4,0.726342778535733,0.741426502668902
410,5,0.699398996828415,0.713923188214254
410,6,0.666662797905904,0.680507167300931
410,7,0.629469498360432,0.642541486606332
410,8,0.589187502725532,0.601422967875662
410,9,0.54709784340747,0.558459246298328
410,10,0.504329038149067,0.514802275177901
410,11,0.461828663343108,0.471419308917778
410,12,0.420358459575622,0.429087906922871
410,13,0.380503754395456,0.388405552048771
410,14,0.342690872793551,0.349807422638781
410,15,0.307208285686873,0.313587980191534
410,16,0.274228730327126,0.27992354913703
410,17,0.243830581619449,0.248894131966562
410,18,0.216017477990256,0.220503442664561
410,19,0.190735697865254,0.194696644038281
410,20,0.167889108503503,0.171375606989432
410,21,0.147351716261043,0.150411721405048
410,22,0.128977971841972,0.131656415414361
410,23,0.112611051615656,0.114949608681427
410,24,0.0980893653343126,0.100126355266371
410,25,0.0852515449476521,0.0870219360411096
410,26,0.0739401581249338,0.0754756493289184
410,27,0.0640043701271145,0.0653335280548092
410,28,0.0553017532988104,0.0564501868146242
410,29,0.0476994176415067,0.0486899759264912
410,30,0.0410746105829466,0.0419275936554285
410,31,0.0353149103161743,0.0360482835673968
410,32,0.0303181155678948,0.0309477220085144
410,33,0.0259919156406525,0.0265316812951092
410,34,0.0222534080976025,0.0227155373824062
410,35,0.0190285174190206,0.0194236764484671
410,36,0.0162513561689219,0.0165888427943634
411,0,0.772274680796262,0.785733149303023
411,1,0.771776837854805,0.785226630428358
411,2,0.768746134808157,0.782143111171984
411,3,0.76171277988043,0.774987185625092
411,4,0.750046610328532,0.763117709167745
411,5,0.733686173317706,0.746472158023642
411,6,0.712938134200331,0.725362541817205
411,7,0.688330798716234,0.700326373098143
411,8,0.660509001900436,0.672019724473062
411,9,0.630160379539327,0.641142215190723
411,10,0.597965235119709,0.608386004419952
411,11,0.564563957618337,0.574402641227418
411,12,0.530537323238473,0.539783023031588
411,13,0.496396100115013,0.505046819148542
411,14,0.462577227847744,0.47063858374577
411,15,0.429444510849241,0.436928461273081
411,16,0.397292284024275,0.404215916023976
411,17,0.366350911847692,0.372735327046235
411,18,0.336793292024536,0.342662605141635
411,19,0.30874177224037,0.314122230154819
411,20,0.282275068722267,0.287194290104386
411,21,0.257434910920886,0.261921241662167
411,22,0.234232237512989,0.238314214133777
411,23,0.212652842970921,0.216358754431137
411,24,0.192662427356919,0.196019964869797
411,25,0.174211039659366,0.177247023939426
411,26,0.157236930723276,0.159977106379503
411,27,0.141669848626223,0.144138735983928
411,28,0.127433819533933,0.129654614918712
411,29,0.1144494624289,0.116443978789487
411,30,0.102635888015725,0.104424528639161
411,31,0.0919122316155084,0.0935139905561331
411,32,0.0821988677588742,0.0836313514340914
411,33,0.0734183510631238,0.0746978162458779
411,34,0.0654961242683556,0.0666375284185884
411,35,0.058361030325029,0.0593780908453114
411,36,0.0519456613946431,0.0528509209678585
412,0,0.767812662174577,0.802070161361648
412,1,0.766837216314864,0.80105119403193
412,2,0.761115708143276,0.795074409318038
412,3,0.748382211855934,0.781772782599666
412,4,0.728148116939381,0.760635903027033
412,5,0.700973453390832,0.732248787456937
412,6,0.667975433176174,0.697778494503929
412,7,0.630505938272636,0.658637223066305
412,8,0.589947866512633,0.616269571732019
412,9,0.54759383817822,0.572025833625008
412,10,0.504580882606453,0.527093768922688
412,11,0.461862216404429,0.482469123899549
412,12,0.420202742730157,0.438950929399434
412,13,0.380188938708907,0.397151829398761
412,14,0.342246730529282,0.357516753635802
412,15,0.306663066969164,0.320345453682673
412,16,0.273608406186429,0.285815993029242
412,17,0.243158388560418,0.254007386901818
412,18,0.21531370074294,0.224920352588556
412,19,0.190017632760267,0.198495649886708
412,20,0.167171157695946,0.174629833595678
412,21,0.146645571392252,0.153188457164062
412,22,0.12829285381997,0.134016896352685
412,23,0.111953980544592,0.116949031533506
412,24,0.0974654410109789,0.101814056800597
412,25,0.0846642237088887,0.0884416875588165
412,26,0.0733915162083523,0.076666025643668
412,27,0.063495347187033,0.0663283192280021
412,28,0.0548323724124372,0.0572788284893977
412,29,0.0472689801671787,0.0493779803561892
412,30,0.0406818657088452,0.0424969685980086
412,31,0.0349582001708208,0.0365179302624575
412,32,0.0299954974465954,0.0313338066201928
412,33,0.0257012633150017,0.0268479766351842
412,34,0.0219924943849732,0.0229737335538886
412,35,0.0187950802501968,0.0196336603858362
412,36,0.0160431503483347,0.0167589476216691
413,0,0.770206142791103,0.78047495217578
413,1,0.769648657894587,0.779910034585834
413,2,0.766274224846948,0.776490611751925
413,3,0.758493410063739,0.768606058892081
413,4,0.745672249440062,0.755613959545353
413,5,0.727811221567178,0.737514798683842
413,6,0.705310833367211,0.714714423006927
413,7,0.67880307883561,0.687853252599526
413,8,0.649032635263878,0.657685893197926
413,9,0.616775295426699,0.624998480870226
413,10,0.582783995204172,0.590553990049325
413,11,0.547755041780869,0.555058011467867
413,12,0.512308904513392,0.519139286919141
413,13,0.476981300190524,0.483340675661047
413,14,0.442221367821114,0.448117304869252
413,15,0.408394550020364,0.413839489439702
413,16,0.375788430123034,0.380798646925404
413,17,0.344620257371467,0.349214923054373
413,18,0.315045259479752,0.319245615121451
413,19,0.287165118355715,0.290993760713249
413,20,0.261036191143565,0.264516468358236
413,21,0.236677211081366,0.239832721056247
413,22,0.214076313554011,0.216930496006638
413,23,0.19319731203139,0.195773124220699
413,24,0.173985204008893,0.176304869870356
413,25,0.15637092459101,0.158455747249152
413,26,0.140275389600657,0.142145617786517
413,27,0.125612884611922,0.127287624264951
413,28,0.112293863810135,0.113791026996027
413,29,0.100227225144218,0.101563509306315
413,30,0.0893221274062815,0.090513018843274
413,31,0.0794894118113595,0.0805492081082742
413,32,0.0706426862103229,0.0715845331248211
413,33,0.0626991248716029,0.06353506388341
413,34,0.0555800312545566,0.0563210546180929
413,35,0.0492112056762177,0.0498673163751638
413,36,0.0435231544498982,0.0441034289401097
414,0,0.757365470922886,0.768273162852826
414,1,0.757192505298443,0.768097706151329
414,2,0.756094458326143,0.766983844940649
414,3,0.753423217734012,0.764274132737956
414,4,0.748773229458405,0.759557174628715
414,5,0.741926754863066,0.752612096071934
414,6,0.732809193241446,0.74336322195042
414,7,0.721452818479722,0.731843290963732
414,8,0.707967530474861,0.718163785803758
414,9,0.692517437159773,0.70249117791065
414,10,0.675302266870546,0.685028072138165
414,11,0.656542767695051,0.665998395821484
414,12,0.636469384166025,0.645635912390321
414,13,0.615313615485327,0.624175455133012
414,14,0.59330155622003,0.601846374864741
414,15,0.570649202537118,0.578867778561921
414,16,0.547559176645996,0.555445206629629
414,17,0.524218581009413,0.531768456208547
414,18,0.500797743623866,0.50801030838471
414,19,0.47744965760165,0.484325959700329
414,20,0.454309953561674,0.460852994146977
414,21,0.431497272944832,0.437711761857504
414,22,0.409113935161642,0.415006055862036
414,23,0.387246812182927,0.392823999274644
414,24,0.365968341421976,0.371239072763184
414,25,0.345337622062095,0.350311226666331
414,26,0.325401551812466,0.330088034121159
414,27,0.306195970816592,0.310605851446332
414,28,0.287746787422974,0.291890960126299
414,29,0.270071067039244,0.273960671347273
414,30,0.253178070568778,0.256824379389559
414,31,0.23707023317658,0.240484554489774
414,32,0.221744077521674,0.224937669225752
414,33,0.207191058272508,0.210175055194788
414,34,0.193398336813378,0.196183688877491
414,35,0.180349486657685,0.182946907210523
414,36,0.168025131295564,0.170445054620595
415,0,0.763324803351362,0.783527987040409
415,1,0.762911974158984,0.783104231353872
415,2,0.760378046163213,0.78050323700243
415,3,0.754442874881199,0.77441097747291
415,4,0.744504454175505,0.764209513121556
415,5,0.730433067941973,0.749765694602858
415,6,0.712415844400056,0.731271602924094
415,7,0.690840742249346,0.70912546502301
415,8,0.666211213326855,0.683844057771909
415,9,0.639084577148329,0.655999451456457
415,10,0.6100285871611,0.626174426452415
415,11,0.579591830968984,0.594932090022963
415,12,0.548284539933537,0.562796178000987
415,13,0.516567130593705,0.530239292930482
415,14,0.484844396603688,0.497676942280421
415,15,0.453463744228009,0.465465727238044
415,16,0.422716240399591,0.433904418506264
415,17,0.392839539123127,0.403236960161169
415,18,0.364021985193639,0.373656681985135
415,19,0.336407376466947,0.345311187781963
415,20,0.310100007532076,0.318307532541926
415,21,0.285169726900559,0.292717413481465
415,22,0.261656823447944,0.268582185815841
415,23,0.239576621217185,0.245917579174795
415,24,0.218923709158766,0.224718039292679
415,25,0.19967576741242,0.204960655561702
415,26,0.18179697710483,0.186608661077939
415,27,0.165241018555385,0.169614510201644
415,28,0.149953674999409,0.15392255119413
415,29,0.135875066838584,0.139471319602871
415,30,0.122941546098825,0.126195482860666
415,31,0.111087283066774,0.114027468916181
415,32,0.100245577647808,0.102898812300136
415,33,0.0903499273507428,0.0927412503767272
415,34,0.0813348823469155,0.0834876010338588
415,35,0.0731367160694185,0.0750724510313597
415,36,0.0656939375325011,0.0674326818801219
416,0,0.765057839059646,0.803030696369842
416,1,0.764234096110651,0.802166067788591
416,2,0.759354199534982,0.797043962576011
416,3,0.748371561038452,0.785516212137316
416,4,0.730718433073745,0.766986889360846
416,5,0.706734365196612,0.741812396994585
416,6,0.67727070743282,0.710886340945356
416,7,0.643423161150756,0.675358806589647
416,8,0.606356495245332,0.636452374925962
416,9,0.567194762431778,0.595346889867509
416,10,0.526957334692668,0.553112318874571
416,11,0.486526346870891,0.510674580643761
416,12,0.446635094919094,0.468803367516542
416,13,0.407869891244453,0.428114092912117
416,14,0.370680073819693,0.389078397230364
416,15,0.335392482951803,0.352039343160039
416,16,0.302227901610602,0.317228672006112
416,17,0.271317810578247,0.284784390463848
416,18,0.242720421228783,0.254767599168845
416,19,0.216435379475174,0.227177926459322
416,20,0.192416832038694,0.201967243176323
416,21,0.170584746675852,0.179051544758439
416,22,0.150834508331022,0.158321023689583
416,23,0.133044893502652,0.139648439664647
416,24,0.117084570338656,0.122895942310427
416,25,0.102817293086024,0.107920523456391
416,26,0.0901059645082832,0.0945782811860342
416,27,0.0788157345176086,0.0827276722664121
416,28,0.0688162916467901,0.0722319173549487
416,29,0.0599834889776985,0.0629607076291895
416,30,0.0522004297092063,0.0547913442357668
416,31,0.0453581209907492,0.0476094245763151
416,32,0.0393557887952009,0.0413091728087381
416,33,0.0341009319466761,0.0357934965566243
416,34,0.0295091802104021,0.0309738379555574
416,35,0.0255040096879032,0.0267698749222324
416,36,0.0220163586307209,0.0231091178994868
417,0,0.763293057142941,0.796466687737126
417,1,0.762818272229875,0.795971268103004
417,2,0.759922974780791,0.792950137558575
417,3,0.753190868823401,0.785925446212045
417,4,0.742002265729816,0.774250573025449
417,5,0.726280226933232,0.757845235589707
417,6,0.706301825905091,0.736998549321227
417,7,0.682559691147306,0.712224552946726
417,8,0.6556621276252,0.684157989093992
417,9,0.626262620898691,0.653480744588173
417,10,0.595011527540265,0.620871441277442
417,11,0.562524345867263,0.586972327773303
417,12,0.529362222601223,0.552368938905995
417,13,0.496021348678423,0.517579030664264
417,14,0.46292868359296,0.483048118713264
417,15,0.430442064807289,0.449149592560212
417,16,0.398853241173532,0.416187880811825
417,17,0.368392744571798,0.38440353453987
417,18,0.33923580428456,0.353979398701337
417,19,0.31150873180291,0.325047274436029
417,20,0.285295374068708,0.297694652774335
417,21,0.260643361997055,0.271971234727983
417,22,0.23756997758357,0.247895053388825
417,23,0.216067534204245,0.225458088062965
417,24,0.196108216587197,0.204631314593485
417,25,0.177648363897613,0.185369174593389
417,26,0.160632204988627,0.167613473034963
417,27,0.144995071921259,0.151296731433134
417,28,0.130666128522055,0.136345034989497
417,29,0.117570656716651,0.122680418292673
417,30,0.105631945953725,0.110222836858891
417,31,0.0947728312146881,0.098891771985418
417,32,0.0849169236478935,0.0886075148696112
417,33,0.0759895753424106,0.0792921733129121
417,34,0.0679186165891184,0.0708704410241905
417,35,0.0606349004763338,0.0632701658841526
417,36,0.0540726860560577,0.0564227497644494
418,0,0.762947770204097,0.794519347293601
418,1,0.762308887483939,0.793854026937948
418,2,0.758470816983815,0.789857133064321
418,3,0.749695775043518,0.780718970706218
418,4,0.735361596206525,0.765791628549479
418,5,0.715567232146156,0.745178152991211
418,6,0.690849984638564,0.719438079917307
418,7,0.661986411438447,0.68938010185495
418,8,0.629855374286632,0.655919448763459
418,9,0.595346787091813,0.619982860120285
418,10,0.559303575676308,0.582448142900321
418,11,0.522487421366461,0.54410849760023
418,12,0.485561221763408,0.505654253217548
418,13,0.449083015674155,0.467666540789053
418,14,0.413507505815798,0.430618879106082
418,15,0.379192367445458,0.39488374440217
418,16,0.346407328188995,0.360742025914584
418,17,0.315344602656975,0.328393892295609
418,18,0.286129710842089,0.297970057686581
418,19,0.258832037628617,0.269542778190895
418,20,0.233474729917372,0.243136158552343
418,21,0.210043699536764,0.218735527616051
418,22,0.188495621020572,0.19629576706267
418,23,0.168764896386011,0.175748564396244
418,24,0.150769614133405,0.157008618533528
418,25,0.134416564357631,0.139978862445989
418,26,0.119605391835173,0.124554788105948
418,27,0.106231978541414,0.110627968975981
418,28,0.0941911494842324,0.0980888778127324
418,29,0.0833787933992366,0.0868290951187497
418,30,0.073693484487268,0.0767429979891707
418,31,0.0650376842484467,0.0677290116789251
418,32,0.0573185944747871,0.0596904978930757
418,33,0.0504487242259827,0.0525363452246543
418,34,0.0443462255471195,0.0461813187647258
418,35,0.0389350450595214,0.0405462179662214
418,36,0.0341449315246676,0.0355578845208583
419,0,0.767314356440575,0.784228193686188
419,1,0.766645283167405,0.78354437209461
419,2,0.762634539158529,0.77944521963771
419,3,0.753487045837594,0.770096088993118
419,4,0.738581751024478,0.754862238186685
419,5,0.718050517599183,0.733878436739311
419,6,0.692477903611294,0.707742128057969
419,7,0.662691068460967,0.677298704538656
419,8,0.629616293952792,0.643494865927521
419,9,0.594184240841344,0.607281787445474
419,10,0.557270419938996,0.569554278706303
419,11,0.519660718068221,0.531115549760823
419,12,0.482034401230147,0.492659839605904
419,13,0.444958992324771,0.454767180994751
419,14,0.408892923969873,0.417906111731654
419,15,0.374193004760361,0.382441305509383
419,16,0.34112459303131,0.348643969931506
419,17,0.309873011006204,0.316703512261621
419,18,0.280555204955187,0.286739456605364
419,19,0.253231003188293,0.258812950062503
419,20,0.227913574017023,0.232937451212377
419,21,0.204578863919539,0.209088376323658
419,22,0.183173920273129,0.187211605544016
419,23,0.16362408714956,0.167230837311707
419,24,0.145839117467692,0.149053835237779
419,25,0.129718278354772,0.132577646004364
419,26,0.115154544984925,0.117692885647548
419,27,0.102037986008774,0.104287199611695
419,28,0.0902584443531824,0.0922480026418005
419,29,0.0797076131467234,0.0814646004683915
419,30,0.0702805996233305,0.0718297881841537
419,31,0.0618770613659747,0.0632410115337206
419,32,0.0544019900794145,0.0556011679630514
419,33,0.0477662088431797,0.0488191148333155
419,34,0.0418866398980135,0.0428099431101247
419,35,0.0366863917116289,0.0374950663484722
419,36,0.032094706492766,0.0328021670498479
420,0,0.760731626659597,0.802003652317467
420,1,0.760053426829555,0.801288658065048
420,2,0.755992848481619,0.797007780878615
420,3,0.746744199666037,0.787257364477933
420,4,0.731694925419309,0.771391620912622
420,5,0.710994285398471,0.749567907634234
420,6,0.685246773252207,0.722423513927263
420,7,0.655298301605981,0.690850245773464
420,8,0.622090770514695,0.655841104196688
420,9,0.586566520688873,0.618389554783329
420,10,0.549608716315602,0.579426676088315
420,11,0.512007198532891,0.539785160555652
420,12,0.4744420303125,0.500181966660633
420,13,0.437478998254363,0.461213576662804
420,14,0.401572889239424,0.423359451027278
420,15,0.367075531845716,0.386990506112313
420,16,0.334246471365205,0.352380368338585
420,17,0.303264801409862,0.319717847696207
420,18,0.274241157573886,0.289119582099935
420,19,0.247229230637767,0.260642175219896
420,20,0.222236410239105,0.234293417604208
420,21,0.199233349369641,0.210042370079341
420,22,0.178162364357868,0.18782821945756
420,23,0.158944668588425,0.167567904707801
420,24,0.141486492068518,0.149162568527354
420,25,0.125684171380931,0.132502923440444
420,26,0.111428311803654,0.117473639725627
420,27,0.0986071300838047,0.103956869545457
420,28,0.0871090859708936,0.0918350212485037
420,29,0.07682490566024,0.0809928925907895
420,30,0.0676490925898482,0.0713192634980299
420,31,0.0594810118648332,0.0627080393234141
420,32,0.0522256248502017,0.0550590252942985
420,33,0.0457939407814481,0.048278402624064
420,34,0.0401032429851712,0.0422789670058952
420,35,0.035077138716164,0.0369801811536857
420,36,0.0306454738303713,0.0323080848457414
421,0,0.760654162135706,0.799042670016241
421,1,0.759642421570315,0.79797986917589
421,2,0.753724989559019,0.791763797655728
421,3,0.740597885156515,0.777974197764618
421,4,0.719807193412684,0.756134246483958
421,5,0.691977968226109,0.726900542779333
421,6,0.658298049963189,0.691520874653714
421,7,0.620182326411632,0.651481536105004
421,8,0.579063094185601,0.608287108541951
421,9,0.536267150123062,0.56333134926025
421,10,0.492951328316202,0.517829475171606
421,11,0.450076364567611,0.472790708257699
421,12,0.408404950012383,0.429016230962953
421,13,0.368514185098508,0.38711226869937
421,14,0.330815783790954,0.347511313711421
421,15,0.295579621808104,0.310496861739122
421,16,0.262957809112978,0.276228699393837
421,17,0.233007573136647,0.244766942246607
421,18,0.205711997398993,0.216093820080538
421,19,0.180998168234237,0.190132739440833
421,20,0.158752612441527,0.166764500388943
421,21,0.138834113809158,0.145840759847991
421,22,0.121084115157368,0.127194958613315
421,23,0.105334972659255,0.110650992250435
421,24,0.0914163506623251,0.0960299286488797
421,25,0.0791600421451708,0.0831550717565006
421,26,0.0684034821425925,0.0718556523192654
421,27,0.0589921957000847,0.0619693993785137
421,28,0.0507813926893548,0.0533442155732347
421,29,0.0436368920570522,0.0458391480335539
421,30,0.0374355295990885,0.0393248167345085
421,31,0.0320651771891645,0.0336834346949945
421,32,0.027424478053691,0.0288085298926078
421,33,0.0234223823407109,0.0246044573937714
421,34,0.0199775498217856,0.0209857719113277
421,35,0.0170176719051953,0.017876515601267
421,36,0.0144787529670585,0.0152094631242417
422,0,0.768062649701838,0.808078420520545
422,1,0.767032835933033,0.806994953847547
422,2,0.761012737361155,0.800661210438427
422,3,0.747665476765203,0.786618562661139
422,4,0.72653842455743,0.764390799099221
422,5,0.698275590234127,0.734655481897851
422,6,0.664091086900647,0.698689978991648
422,7,0.625427198443579,0.658011716707056
422,8,0.58374130130152,0.614154000238727
422,9,0.540381293265166,0.568534952337651
422,10,0.496520574304099,0.522389106663846
422,11,0.453132008269731,0.476740012903963
422,12,0.410986427506249,0.432398663473033
422,13,0.37066569854751,0.389977239929181
422,14,0.332583579069493,0.349911056565342
422,15,0.29700988978144,0.312483991646694
422,16,0.264095144177123,0.277854400362576
422,17,0.233893906466059,0.246079689696986
422,18,0.206385919292924,0.217138546894123
422,19,0.181494558548004,0.190950355757409
422,20,0.159102506721254,0.167391686579317
422,21,0.139064743084193,0.146309963106778
422,22,0.121219067934553,0.127534535094959
422,23,0.105394437659758,0.110885447624371
422,24,0.0914174077969168,0.096180219841822
422,25,0.0791169769492129,0.083238941243008
422,26,0.0683281053605728,0.0718879735635723
422,27,0.0588941549896595,0.0619625179800256
422,28,0.0506684676255494,0.0533082754446461
422,29,0.0435152668993353,0.0457823956915434
422,30,0.0373100407819384,0.0392538796624597
422,31,0.0319395343477428,0.0336035718933931
422,32,0.0273014587245947,0.0287238543010023
422,33,0.0233040013921017,0.0245181309676346
422,34,0.0198652052599688,0.0209001748698803
422,35,0.0169122690529019,0.0177933918137964
422,36,0.0143808091751394,0.0151300438428625
423,0,0.769325063818837,0.780793946434864
423,1,0.768623421670129,0.780081844401485
423,2,0.76442769938348,0.775823573461922
423,3,0.754884589183539,0.766138197247493
423,4,0.739378400244391,0.750400846385864
423,5,0.718080051963609,0.728784988293125
423,6,0.691627495634841,0.70193808466216
423,7,0.660903622836648,0.67075618897195
423,8,0.626885839228455,0.636231277771782
423,9,0.590547760272584,0.599351480910651
423,10,0.552798322799702,0.561039285394961
423,11,0.514447320243422,0.522116556832067
423,12,0.476189209173432,0.483288104555728
423,13,0.438599196329143,0.445137710326351
423,14,0.402137252243549,0.408132201788829
423,15,0.367156929862029,0.372630402556843
423,16,0.333916788048999,0.338894726017956
423,17,0.302592903523243,0.307103873793371
423,18,0.273291457242261,0.277365609756565
423,19,0.246060746441438,0.249728951144584
423,20,0.220902235281995,0.224195383945956
423,21,0.197780441405137,0.200728896840817
423,22,0.176631582565167,0.179264756735611
423,23,0.157370992121204,0.159717034802885
423,24,0.139899366034818,0.141984946607412
423,25,0.124107935843931,0.12595810219734
423,26,0.109882678374852,0.111520778573434
423,27,0.0971076785549383,0.0985553326336097
423,28,0.0856677601626073,0.0869448711414253
423,29,0.0754504932945697,0.0765752881200773
423,30,0.0663476786058403,0.0673367712190448
423,31,0.058256398301108,0.0591248683733443
423,32,0.0510797133328273,0.0518411953952555
423,33,0.0447270758970604,0.0453938546195359
423,34,0.0391145164981681,0.0396976247568193
423,35,0.0341646558053432,0.0346739729269036
423,36,0.029806583363406,0.0302509315614003
424,0,0.765899952884684,0.785934152096733
424,1,0.765412839588095,0.785434297025209
424,2,0.762445523944169,0.78238936315907
424,3,0.755554225612543,0.775317804150987
424,4,0.744115101754552,0.7635794588538
424,5,0.728060923789782,0.747105340140476
424,6,0.707685803236299,0.726197252816855
424,7,0.683502347570224,0.701381213003693
424,8,0.656138951624476,0.673302052912208
424,9,0.626267583098411,0.642649317387055
424,10,0.594554532777774,0.610106725864134
424,11,0.561628276953144,0.576319194143072
424,12,0.528059927075305,0.541872772650084
424,13,0.494352789329997,0.507283932914961
424,14,0.460938380659867,0.472995479381232
424,15,0.428176893079358,0.439377025866466
424,16,0.396360601387498,0.406728492413077
424,17,0.365719099911512,0.375285479013224
424,18,0.336425555251026,0.345225681910569
424,19,0.308603392995969,0.316675755227497
424,20,0.282333012134598,0.289718201006772
424,21,0.257658253371876,0.264398006726396
424,22,0.234592446404124,0.2407288507572
424,23,0.213123933927408,0.218698770866718
424,24,0.193221022791592,0.198275244884154
424,25,0.174836349975269,0.179409670879285
424,26,0.157910676659171,0.162041260480183
424,27,0.142376140517406,0.146100376237
424,28,0.128159006683543,0.131511354547054
424,29,0.115181963427837,0.11819486138175
424,30,0.10336601074527,0.106069830275779
424,31,0.0926319898258964,0.0950550318049314
424,32,0.0829017995344876,0.0850703218860764
424,33,0.0740993431460535,0.0760376132771309
424,34,0.0661512450964539,0.0678816110762347
424,35,0.0589873737251948,0.0605303491383087
424,36,0.0525412021328427,0.053915560371677
425,0,0.771731026217843,0.785185704158715
425,1,0.771037285934626,0.784479868920432
425,2,0.766885538492118,0.780255738195624
425,3,0.757434046705198,0.770639465191241
425,4,0.74206272433516,0.755000152828592
425,5,0.720930211241759,0.733499206760367
425,6,0.694659401026946,0.706770380373237
425,7,0.664118404357423,0.675696919334366
425,8,0.630271793386554,0.641260212547038
425,9,0.594083059240182,0.604440549039936
425,10,0.556453911116824,0.56615535878274
425,11,0.518189656584322,0.527223989408548
425,12,0.47998266795523,0.488350884335214
425,13,0.44240804779762,0.450121172706876
425,14,0.405927205728132,0.413004308546295
425,15,0.370896264601521,0.377362623501386
425,16,0.337577117685472,0.343462576795397
425,17,0.30614963005096,0.311487169341353
425,18,0.276723972161324,0.281548492360021
425,19,0.249352434108089,0.253699747590014
425,20,0.22404032804298,0.227946339797307
425,21,0.200755769450209,0.204255828578274
425,22,0.179438254442639,0.182566655195982
425,23,0.160006035106096,0.162795646509306
425,24,0.142362349347868,0.144844353435184
425,25,0.126400594259789,0.128604314506253
425,26,0.112008549087748,0.113961352465352
425,27,0.0990717602797382,0.100799018329906
425,28,0.0874762002863979,0.0890012965470897
425,29,0.0771103063843022,0.0784546793628092
425,30,0.0678664976369641,0.0690497102300296
425,31,0.059642258515218,0.0606820863214438
425,32,0.0523408675776736,0.0532533999140432
425,33,0.0458718395754329,0.0466715882016706
425,34,0.0401511397871442,0.0408511513668814
425,35,0.0351012205471141,0.0357131897459002
425,36,0.0306509219249846,0.0311853027767078
426,0,0.763114653085382,0.776271552752482
426,1,0.762649983717718,0.775798871995935
426,2,0.759813500813301,0.772913485141331
426,3,0.753210629294032,0.766196773168674
426,4,0.742223990949086,0.755020713617101
426,5,0.726767563040002,0.739297800625612
426,6,0.707103454360219,0.719294662019072
426,7,0.683707129726821,0.695494960128356
426,8,0.657169887486571,0.668500187905967
426,9,0.628129775978488,0.638959394315724
426,10,0.597224037505822,0.607520808388775
426,11,0.565057684611364,0.574799873720822
426,12,0.53218401842344,0.541359430933896
426,13,0.499093853523077,0.5076987567689
426,14,0.466210967617068,0.474248935306247
426,15,0.433891887316618,0.441372640051102
426,16,0.402428585876416,0.409366878184317
426,17,0.372053030959649,0.378467616735699
426,18,0.34294280139941,0.348855496184294
426,19,0.315227208442785,0.320662057239166
426,20,0.288993522664385,0.29397607511147
426,21,0.264293033488784,0.268849723509434
426,22,0.241146762745427,0.245304386700962
426,23,0.219550723808737,0.223336009326859
426,24,0.199480669141047,0.202919925796391
426,25,0.180896305803561,0.184015148478097
426,26,0.163744984159944,0.166568120000506
426,27,0.147964882262441,0.150515952540427
426,28,0.133487719389218,0.135789188144526
426,29,0.120241038533873,0.122314120571365
426,30,0.108150100602868,0.110014722146781
426,31,0.0971394336290732,0.0988142196875105
426,32,0.0871340792035166,0.0886363624227297
426,33,0.0780605761242654,0.0794064226020791
426,34,0.0698477183808309,0.0710519665485169
426,35,0.0624271213432999,0.0635034306091473
426,36,0.0557336266310265,0.0566945330042737
427,0,0.7615263070738,0.786521027492149
427,1,0.760851736553523,0.785824316303323
427,2,0.75681148235344,0.781651453389382
427,3,0.747605518552945,0.772143332605947
427,4,0.732619685285956,0.75666563620926
427,5,0.71199796251478,0.735367069853794
427,6,0.686338181263302,0.708865086497913
427,7,0.656479596768496,0.678026487308141
427,8,0.62335823130132,0.643818016560378
427,9,0.587911695584887,0.607208059118652
427,10,0.551019680481472,0.569105178947788
427,11,0.513469762295027,0.530322802081867
427,12,0.475940812329561,0.49156208165323
427,13,0.438998322763284,0.453407070353049
427,14,0.403097496743963,0.416327911949403
427,15,0.368591110929331,0.380688961890997
427,16,0.335740029613389,0.346759646526796
427,17,0.304724898338997,0.314726540524886
427,18,0.275658023863709,0.284705636761053
427,19,0.248594797180941,0.256754144264917
427,20,0.223544268477201,0.230881410267065
427,21,0.200478661708052,0.207058747061232
427,22,0.179341740557893,0.185228072550558
427,23,0.160056021186417,0.165309359729901
427,24,0.142528881226622,0.147206946192609
427,25,0.126657647215269,0.130814788539981
427,26,0.112333760198374,0.116020764709733
427,27,0.0994461262858104,0.10271013450209
427,28,0.0878837588532966,0.0907682685037805
427,29,0.077537814414413,0.0800827507812013
427,30,0.0683031167230461,0.0705449530067518
427,31,0.0600792547077565,0.062051168429468
427,32,0.0527713302828041,0.0545033842306071
427,33,0.0462904225343686,0.0478097609453287
427,34,0.0405538256403004,0.041884878191418
427,35,0.0354851093885031,0.0366497971739957
427,36,0.0310140434435379,0.0320319824664096
428,0,0.767883604120412,0.797584700673753
428,1,0.766939348416547,0.796603921947804
428,2,0.761389679495995,0.790839596467893
428,3,0.749010696571993,0.77798180482199
428,4,0.729294367734739,0.757502864850274
428,5,0.702753208775077,0.729935116026382
428,6,0.670448864420156,0.696381266608937
428,7,0.633680836370019,0.658191081938534
428,8,0.593788403491819,0.616755643070487
428,9,0.552031383793695,0.573383496721425
428,10,0.509524803282718,0.52923279717322
428,11,0.467209536533355,0.485280811243165
428,12,0.425846159335141,0.442317533157181
428,13,0.386023056813281,0.40095410628576
428,14,0.348172604880359,0.36163963048071
428,15,0.312591249986133,0.324682018492908
428,16,0.279460749642694,0.290270058063225
428,17,0.248868853330929,0.258494892749193
428,18,0.220828412313413,0.229369870889488
428,19,0.195294391561683,0.202848215538357
428,20,0.172178580022743,0.178838303712937
428,21,0.151362003176297,0.157216559057844
428,22,0.132705168436138,0.137838093530123
428,23,0.116056344420105,0.120545306904462
428,24,0.101258107588376,0.105174686629982
428,25,0.0881523972600098,0.0915620583705985
428,26,0.0765843118153557,0.0795465290413695
428,27,0.0664048614514899,0.0689733460382147
428,28,0.0574728706253938,0.059695873266006
428,29,0.0496561992736425,0.0515768595940146
428,30,0.042832427965366,0.044489150510016
428,31,0.0368891295115224,0.0383159702351832
428,32,0.0317238288853731,0.0329508800943196
428,33,0.027243734921441,0.0282974998371566
428,34,0.0233653112345919,0.0242690619609437
428,35,0.0200137400700466,0.0207878548226267
428,36,0.0171223212029589,0.0177845982883629
429,0,0.762561857127273,0.788914312475586
429,1,0.761831424375072,0.788158637579017
429,2,0.757475366097625,0.783652043538237
429,3,0.747597786499801,0.773433116582336
429,4,0.731598277121467,0.756880699459473
429,5,0.709691570652052,0.734216945547064
429,6,0.682569483072838,0.706157578460352
429,7,0.651167803938085,0.67367072657597
429,8,0.616509871019621,0.63781509196136
429,9,0.579605549699316,0.599635438717927
429,10,0.541389693254782,0.560098926590003
429,11,0.502688251592667,0.520060048490721
429,12,0.464203308253101,0.480245150418355
429,13,0.426510681666235,0.441249949817582
429,14,0.390065500733864,0.403545303840893
429,15,0.355212492360652,0.367487852394212
429,16,0.322198704848359,0.333333181223544
429,17,0.291187117662103,0.301249902004743
429,18,0.262270118001956,0.271333594635682
429,19,0.235482206405608,0.243619951916514
429,20,0.210811564525976,0.218096747084158
429,21,0.188210306759862,0.194714439714618
429,22,0.167603365240424,0.173395367761195
429,23,0.148896041282508,0.15404155996111
429,24,0.131980308071029,0.136541256330887
429,25,0.116739978483101,0.120774254577015
429,26,0.103054865329391,0.106616214106066
429,27,0.0908040640706613,0.0939420521846774
429,28,0.0798684839184667,0.0826285625095043
429,29,0.0701327448345045,0.072556377762682
429,30,0.0614865471943131,0.063611386608081
429,31,0.0538256090930607,0.0556857033883146
429,32,0.0470522543329207,0.0486782764316615
429,33,0.0410757226207432,0.0424952089694843
429,34,0.035812262774779,0.0370498555639721
429,35,0.031185059984353,0.0322627468540688
429,36,0.0271240394702286,0.0280613864307727
430,0,0.76518048616366,0.792624496201149
430,1,0.764687160809754,0.792113477209978
430,2,0.761683975719324,0.789002579699725
430,3,0.754714524506694,0.781783161724359
430,4,0.743154424222321,0.769808446177344
430,5,0.726942839729968,0.753015416005734
430,6,0.706383703800635,0.731718904851851
430,7,0.682000564479027,0.706461238366537
430,8,0.654432426664338,0.677904340037718
430,9,0.624360693260246,0.646754052007222
430,10,0.592459488737108,0.613708676934818
430,11,0.559363374779795,0.579425535733514
430,12,0.525647833126053,0.5445007504042
430,13,0.491818966887842,0.509458575983951
430,14,0.458309716837408,0.474747481125185
430,15,0.425480550276123,0.440740861671515
430,16,0.393623094963116,0.407740804921083
430,17,0.362965589506231,0.375983735501582
430,18,0.333679328938214,0.345647092123858
430,19,0.305885519381792,0.316856428096839
430,20,0.279662134289372,0.289692513473534
430,21,0.255050499103894,0.264198155877745
430,22,0.232061431159866,0.24038456061916
430,23,0.21068083501631,0.218237126708853
430,24,0.190874706336861,0.197720630208855
430,25,0.17259353474616,0.178783785001662
430,26,0.155776121589752,0.161363197478141
430,27,0.140352845167698,0.145386748882211
430,28,0.126248416099545,0.130776449499905
430,29,0.113384170785952,0.117450814378424
430,30,0.101679952822768,0.105326812219131
430,31,0.0910556317343087,0.0943214385818082
430,32,0.0814323063071036,0.0843529623772456
430,33,0.0727332367081783,0.0753418914169333
430,34,0.0648845458937076,0.0672116989784818
430,35,0.0578157268667212,0.0598893492566623
430,36,0.0514599883475434,0.0533056554316841
431,0,0.760784383272213,0.776788222857599
431,1,0.760071377534992,0.776060218351091
431,2,0.75581409128324,0.771713375941589
431,3,0.746147294409998,0.761843228592357
431,4,0.730467289139024,0.74583337915716
431,5,0.708967746590709,0.723881572816806
431,6,0.682312040507794,0.69666513802604
431,7,0.65140651223545,0.665109481901906
431,8,0.617247685354123,0.630232090867772
431,9,0.58082306770055,0.593041245948362
431,10,0.543050265478956,0.554473856087041
431,11,0.504743028923191,0.515360789545439
431,12,0.466595818538554,0.476411115481145
431,13,0.429180734541183,0.438208968794879
431,14,0.392952353317533,0.401218488329591
431,15,0.358257291194495,0.365793581823794
431,16,0.325346266910586,0.332190242128566
431,17,0.294387137067941,0.300579856872957
431,18,0.265477893269783,0.271062479008888
431,19,0.238658981731675,0.243679405577414
431,20,0.213924571384493,0.218424682847198
431,21,0.191232582065478,0.195255345458322
431,22,0.170513411086701,0.174100326562609
431,23,0.151677380056008,0.154868061295687
431,24,0.134620976229055,0.137452859421939
431,25,0.119231992850928,0.121740153808208
431,26,0.105393687584533,0.107610746328774
431,27,0.0929880821644545,0.0949441769306376
431,28,0.0818985234810154,0.0836213385924833
431,29,0.07201161901147,0.0735264534695416
431,30,0.063218649743099,0.0645485155388999
431,31,0.0554165527845971,0.056582293881076
431,32,0.0485085546296209,0.0495289792648801
431,33,0.0424045251069497,0.0432965455432621
431,34,0.0370211117915602,0.037799886891854
431,35,0.0322817052683913,0.0329607823420241
431,36,0.0281162772334592,0.0287077304762915
432,0,0.769301864771826,0.796708810704882
432,1,0.768818920532951,0.796208661221551
432,2,0.765875161185108,0.793160028277295
432,3,0.759033758114575,0.786074895180037
432,4,0.747669268051591,0.77430553678256
432,5,0.731708236615618,0.75777588183788
432,6,0.711436546074861,0.736781997380711
432,7,0.687358252947178,0.711845897313867
432,8,0.660093894321282,0.683610225817202
432,9,0.630308824689434,0.652764041127152
432,10,0.598664203515372,0.619992057000646
432,11,0.565784889927183,0.585941393632752
432,12,0.53223979773077,0.551201232803015
432,13,0.498531288543181,0.516291833131347
432,14,0.465090987570894,0.48166019679033
432,15,0.432280039284076,0.447680334288056
432,16,0.400392314347543,0.414656585648366
432,17,0.369659463147822,0.382828853973541
432,18,0.340257007992843,0.352378914683098
432,19,0.312310893913181,0.323437199692151
432,20,0.285904091651573,0.296089635637299
432,21,0.261082977619616,0.270384251123982
432,22,0.237863313667667,0.246337369530096
432,23,0.216235721874733,0.223939278839298
432,24,0.196170602093219,0.20315932437692
432,25,0.177622477314348,0.183950408982229
432,26,0.160533777698088,0.166252911847211
432,27,0.144838091189898,0.149998054938934
432,28,0.130462919248906,0.135110756902574
432,29,0.117331982061712,0.121512020400157
432,30,0.10536712004034,0.109120901350781
432,31,0.0944898384174679,0.0978561085531823
432,32,0.0846225401268786,0.0876372804884701
432,33,0.075689489470399,0.0783859833184038
432,34,0.0676175457530387,0.0700264706568268
432,35,0.0603367024287583,0.0624862419229
432,36,0.0537804635642575,0.0556964322166895
433,0,0.77216946504054,0.801670154117079
433,1,0.771095594190168,0.800555256093917
433,2,0.76483250428655,0.794052885208247
433,3,0.750982804262993,0.77967405820843
433,4,0.729119177508705,0.756975132877643
433,5,0.699949994522342,0.726691542967857
433,6,0.664764913590341,0.690162218084622
433,7,0.625077473566518,0.648958521744804
433,8,0.582404440450576,0.604655167904071
433,9,0.538138513588108,0.558698063904748
433,10,0.493483405141816,0.51233690966204
433,11,0.449429397177025,0.466599820909436
433,12,0.40675410012611,0.422294116640228
433,13,0.366037922168321,0.380022379494075
433,14,0.327687190455159,0.340206460327446
433,15,0.291960301240735,0.30311462740817
433,16,0.258993984989521,0.268888834980084
433,17,0.228827953885346,0.237570312428672
433,18,0.20142700057776,0.209122507308724
433,19,0.176700147354108,0.183450966109417
433,20,0.154516784028483,0.160420088690358
433,21,0.134719938827274,0.139866906180542
433,22,0.117136941464506,0.121612151435856
433,23,0.101587791578338,0.105468947191203
433,24,0.0878915601317869,0.0912494520263643
433,25,0.0758711412566662,0.0787697937538581
433,26,0.0653566476841697,0.0678535945717475
433,27,0.0561877113556984,0.0583343595691703
433,28,0.0482149166513978,0.0500569647112877
433,29,0.0413005598337981,0.0428784452974248
433,30,0.0353188965292012,0.036668252897469
433,31,0.0301560103074653,0.0313081189107533
433,32,0.0257094100836004,0.0266916365864027
433,33,0.0218874422177773,0.0227236506626598
433,34,0.0186085846861245,0.0193195245715174
433,35,0.0158006752631908,0.0164043391339375
433,36,0.0134001129684091,0.0139120634976246
434,0,0.768138637070338,0.790208817564386
434,1,0.767342235710259,0.789389533978477
434,2,0.762613997971697,0.784525444382876
434,3,0.751946467504474,0.773551414136218
434,4,0.73475655235462,0.755867597870438
434,5,0.711342370891156,0.731780679499755
434,6,0.682505301944653,0.702115063093387
434,7,0.649292748585282,0.667948245735391
434,8,0.612828220088183,0.630436017400368
434,9,0.574203808161865,0.590701847805901
434,10,0.534416578061355,0.549771449913408
434,11,0.494335277715334,0.508538532541004
434,12,0.454687450119507,0.467751542469801
434,13,0.416059796728449,0.42801403827674
434,14,0.378906699871072,0.389793457616331
434,15,0.343563338358675,0.353434609666721
434,16,0.310260951965797,0.319175378190022
434,17,0.279142626888005,0.287162960538319
434,18,0.250278561891297,0.257469572430487
434,19,0.223680191908623,0.230106977348286
434,20,0.199312836618369,0.205039498534147
434,21,0.177106739621774,0.182195375346534
434,22,0.156966494526507,0.161476460174024
434,23,0.138778936517604,0.14276633674707
434,24,0.122419625995981,0.125936990064594
434,25,0.107758075052119,0.110854183034868
434,26,0.0946618755949287,0.097381703213877
434,27,0.0829998854489314,0.0853846404455422
434,28,0.0726446196671024,0.0747318468818266
434,29,0.0634739815082353,0.0652977176945904
434,30,0.0553724529544382,0.0569634157990669
434,31,0.0482318496173341,0.0496176484500504
434,32,0.0419517302593818,0.0431570885295939
434,33,0.036439537466758,0.0374865192617088
434,34,0.0316105335459494,0.032518768267136
434,35,0.0273875846094847,0.0281744854454232
434,36,0.0237008360902929,0.0243818091661528
435,0,0.77316351838174,0.790577558897964
435,1,0.772296329238985,0.789690837965998
435,2,0.767171350812471,0.784450429129431
435,3,0.755668234974583,0.77268822744424
435,4,0.737229593035282,0.753834290098261
435,5,0.712248096510852,0.728290132788254
435,6,0.681644959191459,0.696997717896221
435,7,0.646586918716607,0.661150061612121
435,8,0.608302363214469,0.622003219174801
435,9,0.567967495292292,0.580759884922392
435,10,0.526641156829819,0.538502749137926
435,11,0.485232745538343,0.496161691989786
435,12,0.44449199514348,0.454503333532501
435,13,0.405012617462522,0.414134757814975
435,14,0.367244187247143,0.375515665406711
435,15,0.331508396971625,0.338974994294291
435,16,0.298017077430128,0.304729346358384
435,17,0.266890292003495,0.272901489179563
435,18,0.238173459641006,0.243537864682721
435,19,0.211852913509749,0.216624498215479
435,20,0.187869611301598,0.192101017653802
435,21,0.166130918670124,0.169872702238462
435,22,0.146520518534076,0.149820615066761
435,23,0.128906577789127,0.131809953743965
435,24,0.113148345340481,0.115696797024061
435,25,0.0991013730110817,0.101333443309019
435,26,0.0866215522601357,0.0885725382867312
435,27,0.0755681508158676,0.0772701799581608
435,28,0.0658060185465072,0.0672881741913814
435,29,0.0572071141093869,0.0584955957555492
435,30,0.0496514851143164,0.0507697905605965
435,31,0.043027816005272,0.0439969358789163
435,32,0.0372336404007881,0.0380722574683173
435,33,0.032175298688151,0.0328999862111084
435,34,0.0277677074508142,0.0283931223483035
435,35,0.023933994873859,0.0244730626732823
435,36,0.0206050455674073,0.0210691351032153
436,0,0.757118256503247,0.785901502060153
436,1,0.756395822159695,0.785151603043902
436,2,0.752086539846715,0.780678495423682
436,3,0.742312666872096,0.770533050658984
436,4,0.726477221308324,0.754095591454344
436,5,0.704789741637373,0.731583622283216
436,6,0.677932345790747,0.703705193047113
436,7,0.646829317609471,0.671419725940326
436,8,0.612492375923472,0.635777402148252
436,9,0.575920653319193,0.597815338123572
436,10,0.538039683329602,0.558494253261861
436,11,0.499667723539399,0.51866351271759
436,12,0.461500807970783,0.479045611528794
436,13,0.424110244145892,0.440233576525737
436,14,0.387948019410127,0.402696578185567
436,15,0.353356890646073,0.366790403925312
436,16,0.320582904921429,0.332770454745305
436,17,0.289788816127233,0.300805671925637
436,18,0.261067386286902,0.270992344008963
436,19,0.234453937733753,0.243367136172186
436,20,0.209937790455882,0.217918962383071
436,21,0.187472405660283,0.194599514590644
436,22,0.166984183393018,0.173332394803107
436,23,0.148379945077016,0.154020882088094
436,24,0.131553183314098,0.136554419972438
436,25,0.116389190399451,0.120813939926571
436,26,0.102769190525956,0.106676150662216
436,27,0.0905736036357963,0.0940169260653246
436,28,0.0796845649745241,0.0827139205356354
436,29,0.0699878162620455,0.072648532054009
436,30,0.0613740738921075,0.0637073223965393
436,31,0.0537399680121148,0.0557829919152194
436,32,0.0469886346020551,0.0487749941258383
436,33,0.0410300313405917,0.0425898635823053
436,34,0.0357810374713607,0.0371413195395485
436,35,0.0311653882586807,0.0323501979174371
436,36,0.0271134860348589,0.0281442551647032
437,0,0.76328898618842,0.787653287456069
437,1,0.762605855739035,0.78694835137818
437,2,0.758516621069666,0.78272858771227
437,3,0.749204920211726,0.773119655937701
437,4,0.734056744811582,0.757487948460215
437,5,0.713225189636573,0.735991446855555
437,6,0.687321243243383,0.709260642528654
437,7,0.657198269497129,0.678176138849816
437,8,0.62380552215054,0.643717489896852
437,9,0.588091992321561,0.606863978729442
437,10,0.550946487779811,0.568532783997253
437,11,0.513163380568798,0.529543634221006
437,12,0.47542616981068,0.490601845919456
437,13,0.438303073787203,0.452293774988873
437,14,0.402250434223406,0.415090329652006
437,15,0.367620899478286,0.379355414857448
437,16,0.334674240700772,0.345357093688962
437,17,0.303589315072064,0.313279932476347
437,18,0.274476176806408,0.283237498381213
437,19,0.247387691338298,0.255284344310815
437,20,0.222330263341369,0.229427079376951
437,21,0.199273469757143,0.205634309412459
437,22,0.178158513936412,0.183845360970088
437,23,0.158905500889452,0.163977788799815
437,24,0.14141958758786,0.145933722469255
437,25,0.125596094641465,0.129605141206077
437,26,0.111324682784545,0.114878183698311
437,27,0.09849270414035,0.101636606331739
437,28,0.0869878376600547,0.0897645027524653
437,29,0.0767001129870479,0.0791483923332638
437,30,0.0675234191088333,0.0696787769818777
437,31,0.0593565848240996,0.061251256096765
437,32,0.0521041081723956,0.0537672792802793
437,33,0.0456766021551052,0.0471346062871271
437,34,0.0399910147107714,0.0412675340213379
437,35,0.0349706722314136,0.0360869414416287
437,36,0.0305451880448009,0.0315201951224175
438,0,0.760850926984086,0.793422744363988
438,1,0.759955263188808,0.79248873744979
438,2,0.754677240984638,0.786984764577409
438,3,0.742869039067873,0.774671056808213
438,4,0.724004269871615,0.754998692069409
438,5,0.698531091651422,0.728435014147307
438,6,0.667430608202293,0.69600312761854
438,7,0.631922928432906,0.658975373916119
438,8,0.59327823161929,0.618676308338961
438,9,0.552701469543654,0.576362466321221
438,10,0.511267807413921,0.533155040595484
438,11,0.469892234214441,0.49000819057101
438,12,0.429321477013036,0.447700610494503
438,13,0.390139829232887,0.406841607228704
438,14,0.352783053279861,0.367885598047341
438,15,0.317556374576569,0.3311508749888
438,16,0.284653922996935,0.296839878573122
438,17,0.254177932370214,0.265059219231466
438,18,0.226156679958173,0.235838384767342
438,19,0.200560611481743,0.209146555691181
438,20,0.177316410234467,0.184907276628637
438,21,0.156318973451709,0.16301094539484
438,22,0.137441386823747,0.143325214513632
438,23,0.120543061984185,0.125703477069603
438,24,0.10547623888203,0.109991647444917
438,25,0.0920910674038126,0.0960334604842642
438,26,0.0802394792266984,0.0836745091009344
438,27,0.0697780478595777,0.0727652267554717
438,28,0.0605700164810808,0.0631630021048739
438,29,0.0524866524469647,0.0547335914960653
438,30,0.0454080661535399,0.0473519728846393
438,31,0.0392236115361128,0.040902763478529
438,32,0.0338319665779543,0.0352803036935416
438,33,0.029140975185467,0.0303884922592461
438,34,0.025067316794325,0.0261404416810428
438,35,0.0215360571017004,0.0224580097393613
438,36,0.0184801222684429,0.0192712511825811
439,0,0.773762754900099,0.781430817581659
439,1,0.773211041594899,0.780873636744997
439,2,0.769869022520538,0.777498497942938
439,3,0.762156399482134,0.769709442074802
439,4,0.749436538999387,0.756863526561796
439,5,0.731701072934728,0.738952300337309
439,6,0.709339168718283,0.716368787517807
439,7,0.682971294418375,0.689739605069334
439,8,0.65333176051033,0.659806340554046
439,9,0.62118784274381,0.627343873497446
439,10,0.587286067337921,0.593106128264652
439,11,0.55231842231795,0.557791950548268
439,12,0.516902968805687,0.522025526514733
439,13,0.481574661054003,0.486347111864575
439,14,0.446783222100473,0.451210886433551
439,15,0.412895725556066,0.41698756156712
439,16,0.380202153076852,0.383969992667211
439,17,0.348922671177279,0.352380528119424
439,18,0.319215731775118,0.322379190115146
439,19,0.291186373222309,0.294072057946399
439,20,0.264894302357455,0.26751943015225
439,21,0.240361488922832,0.242743494197215
439,22,0.217579113798699,0.219735343563237
439,23,0.196513791546335,0.198461261958713
439,24,0.177113043238718,0.178868250385451
439,25,0.159310033345514,0.160888810966637
439,26,0.143027609059774,0.14444502630365
439,27,0.128181695400567,0.12945198822448
439,28,0.114684107375207,0.115820637814754
439,29,0.102444843473535,0.103460081640768
439,30,0.0913739243328357,0.0922794486357401
439,31,0.0813828377056133,0.0821893493873631
439,32,0.072385646734244,0.0731029953955596
439,33,0.064299813606614,0.0649370308906273
439,34,0.0570467853793112,0.0576121244619949
439,35,0.0505523834203134,0.0510533623603236
439,36,0.0447470327514619,0.0451904801127869
440,0,0.766196382146686,0.795380806239089
440,1,0.7655517124152,0.794711581034252
440,2,0.761679858427537,0.790692248108509
440,3,0.752830103673011,0.781505406150379
440,4,0.738378108249917,0.766502934148124
440,5,0.718426934752794,0.745791820351035
440,6,0.693521254927862,0.719937483054916
440,7,0.664446268261482,0.689755029998555
440,8,0.632089499160925,0.65616579139841
440,9,0.59734880786269,0.620101826991954
440,10,0.561073963639113,0.582445273767428
440,11,0.524032234850128,0.543992625340497
440,12,0.486890845070087,0.505436519834855
440,13,0.450210983076047,0.467359521710928
440,14,0.414449459427635,0.430235841444886
440,15,0.379965170243555,0.394438045510417
440,16,0.347028335505603,0.360246646569799
440,17,0.315831084363216,0.327861091972747
440,18,0.286498410088904,0.297411135986157
440,19,0.25909884893544,0.26896792540902
440,20,0.233654478487806,0.24255437876164
440,21,0.210150004153586,0.218154618880499
440,22,0.188540824173087,0.195722345124651
440,23,0.168760047025186,0.175188118074592
440,24,0.150724490372782,0.15646558697758
440,25,0.134339725369324,0.139456726191816
440,26,0.119504250023276,0.124056167514392
440,27,0.106112884748448,0.110154725068145
440,28,0.0940594854694891,0.0976422117493546
440,29,0.083239067111962,0.0864096436015628
440,30,0.0735494247469418,0.0763509227095831
440,31,0.0648923323517674,0.0673640816210514
440,32,0.0571743909916078,0.0593521638352343
440,33,0.0503075898437788,0.0522238061967639
440,34,0.044209635295242,0.0458935805284626
440,35,0.0388040956094254,0.0402821438085238
440,36,0.0340204015380021,0.0353162388055929
441,0,0.760265166121044,0.794352726405708
441,1,0.759750664927774,0.79381515682627
441,2,0.756625964549797,0.790550356102713
441,3,0.749393780474748,0.782993906861202
441,4,0.73743054229022,0.770494280030992
441,5,0.720699656211358,0.753013241093306
441,6,0.69954041527689,0.730905295768486
441,7,0.674514837640373,0.704757661086142
441,8,0.646298561856782,0.675276268808144
441,9,0.615604983431865,0.643206500533244
441,10,0.583134236412964,0.609279881805605
441,11,0.549540534438716,0.574179958854439
441,12,0.515412889838388,0.538522153206982
441,13,0.481265409550721,0.502843622511186
441,14,0.447534289134293,0.467600119768299
441,15,0.414579344208542,0.4331675934382
441,16,0.382688474968497,0.399846852126945
441,17,0.352083888094337,0.36787006546441
441,18,0.322929228684853,0.337408215808041
441,19,0.295337024496806,0.308578876255177
441,20,0.269376033030662,0.281453887145728
441,21,0.245078222552541,0.256066650088083
441,22,0.222445221803212,0.2324188668499
441,23,0.201454148447451,0.210486629134202
441,24,0.182062779962637,0.190225821312057
441,25,0.164214067899523,0.171576837086588
441,26,0.147840021359643,0.154468637091566
441,27,0.132865001294937,0.138822190895601
441,28,0.11920847629406,0.124553356348015
441,29,0.106787294754038,0.111575253626515
441,30,0.0955175291754625,0.0998001922239656
441,31,0.0853159468440914,0.0891412075700683
441,32,0.0761011581789351,0.0795132608672545
441,33,0.0677944901329225,0.0708341516515013
441,34,0.060320627660749,0.0630251880212946
441,35,0.053608061728738,0.0560116547346438
441,36,0.0475893778482501,0.0497231146792936
442,0,0.77009772481912,0.813107964906899
442,1,0.769101504056611,0.812056104849797
442,2,0.763264699963217,0.805893313109237
442,3,0.750291044325296,0.792195074050511
442,4,0.729702056291423,0.770456183491334
442,5,0.702086921656887,0.74129873346953
442,6,0.668598054551916,0.705939500866738
442,7,0.63062121601156,0.665841641979543
442,8,0.589568116360492,0.62249571167149
442,9,0.546753643649651,0.577290034972924
442,10,0.503330419249068,0.531441607579704
442,11,0.460261185196179,0.485966941024795
442,12,0.418315262109174,0.441678322764786
442,13,0.378079502516447,0.399195381256797
442,14,0.339977197078661,0.358965048099982
442,15,0.304290568544631,0.321285308287078
442,16,0.271184034857597,0.286329762563697
442,17,0.240726507011585,0.254171170628131
442,18,0.212911734879902,0.22480293328182
442,19,0.187676218909396,0.198158004498304
442,20,0.164914536587449,0.174125073879008
442,21,0.144492140945112,0.15256207995747
442,22,0.126255811353633,0.133307244676686
442,23,0.110042001567174,0.116187887673065
442,24,0.0956833558270251,0.101027306307454
442,25,0.0830136647219168,0.0876500083120691
442,26,0.0718715181201746,0.0758855687402409
442,27,0.0621028895689837,0.0655713587053316
442,28,0.0535628596336541,0.0565543649691264
442,29,0.0461166577054671,0.0486922899350312
442,30,0.0396401747159124,0.0418540929975868
442,31,0.0340200740624632,0.0359201076634899
442,32,0.029153605452975,0.0307818449991331
442,33,0.0249482065358094,0.0263415730116248
442,34,0.0213209600963873,0.0225117435295717
442,35,0.0181979601236503,0.0192143228641192
442,36,0.0155136279586249,0.0163800697641628
443,0,0.754343710768527,0.793005724660289
443,1,0.753688373740598,0.792316799960168
443,2,0.749759189113856,0.788186234731382
443,3,0.740795702705271,0.778763347082884
443,4,0.726186880625884,0.763405786100909
443,5,0.706059360269843,0.742246679664804
443,6,0.68098375942114,0.715885891156263
443,7,0.651769035433472,0.685173839029536
443,8,0.619321953578688,0.651063762559024
443,9,0.58455421215187,0.614514086872212
443,10,0.548324020952622,0.576427007181087
443,11,0.511402207784159,0.537612858153983
443,12,0.474455446747006,0.498772482617123
443,13,0.438041129675838,0.460491840139688
443,14,0.402609869815023,0.423244639029034
443,15,0.368512738265583,0.387399943663769
443,16,0.336011170024551,0.353232588242569
443,17,0.305288101062732,0.320934884665199
443,18,0.276459360381018,0.290628598460393
443,19,0.249584679887367,0.262376522946741
443,20,0.224677930138859,0.236193239582284
443,21,0.201716364604175,0.21205483601872
443,22,0.18064877691798,0.189907481435603
443,23,0.161402558268058,0.16967484563633
443,24,0.143889695996209,0.151264405092437
443,25,0.128011787613629,0.134572713939886
443,26,0.113664162697892,0.119489737133642
443,27,0.100739213022048,0.105902351254267
443,28,0.0891290320871862,0.0936971193231802
443,29,0.0787274614300625,0.0827624419886877
443,30,0.0694316344305564,0.0729901804574691
443,31,0.0611431001187267,0.0642768378995683
443,32,0.0537686005675658,0.0565243766844846
443,33,0.0472205664629193,0.0496407393502975
443,34,0.0414173867659514,0.0435401320870124
443,35,0.036283500274145,0.0381431209902926
443,36,0.0317493494835067,0.0333765835589855
444,0,0.76600004955619,0.785984875323694
444,1,0.765422655986676,0.785392417643032
444,2,0.761934907222839,0.781813674039956
444,3,0.753911430474153,0.773580865992969
444,4,0.740721780398375,0.760047099935931
444,5,0.722391372293264,0.741238454247884
444,6,0.699355139696204,0.717601209816611
444,7,0.672281416946708,0.689821137723743
444,8,0.641948607803308,0.658696950164478
444,9,0.609161181908596,0.625054105273057
444,10,0.57469466342575,0.589688360521112
444,11,0.53926171802055,0.553330974914162
444,12,0.503493347456203,0.51662941295625
444,13,0.467930678708381,0.480138919544233
444,14,0.433023977003402,0.444321507256277
444,15,0.399136391386898,0.409549799641843
444,16,0.366550614405328,0.376113864653296
444,17,0.335477149450951,0.34422969768465
444,18,0.306063266043121,0.314048410494808
444,19,0.278402013006385,0.285665479538115
444,20,0.252540874355987,0.259129627680613
444,21,0.22848981012976,0.23445107481602
444,22,0.206228538033014,0.211609009487637
444,23,0.185712992206318,0.190558216164405
444,24,0.166880950927294,0.171234849768592
444,25,0.149656861988439,0.153561386946999
444,26,0.133955917754737,0.1374508074462
444,27,0.11968744524674,0.12281007264239
444,28,0.106757682866476,0.109542974711646
444,29,0.0950720167344695,0.0975524313126467
444,30,0.084536747643527,0.0867422986400135
444,31,0.0750604555475372,0.0770187715124202
444,32,0.0665550231591751,0.0682914336758049
444,33,0.0589363742522484,0.0604740153679142
444,34,0.0521249760902565,0.0534849088551469
444,35,0.0460461493312241,0.0472474864227585
444,36,0.0406302229852408,0.0416902593752193
445,0,0.772657855482089,0.792009603707169
445,1,0.771787288413113,0.791117232686272
445,2,0.76664372854652,0.785844848819752
445,3,0.755102399829943,0.774014459575386
445,4,0.736608241756219,0.755057102573264
445,5,0.711559364229121,0.729380858653931
445,6,0.680883314737014,0.697936506371528
445,7,0.645752801505771,0.661926125237247
445,8,0.607401185090465,0.622613966170846
445,9,0.567008399894568,0.581209515845715
445,10,0.52563577167952,0.538800681658066
445,11,0.48419405683872,0.496321030522533
445,12,0.443433406826352,0.454539501953203
445,13,0.403947213042559,0.414064349246584
445,14,0.366184187500919,0.375355522717723
445,15,0.330464792581237,0.338741510947474
445,16,0.296999409460399,0.304437964254214
445,17,0.265906551588323,0.272566364338853
445,18,0.237230079598687,0.243171670354850
445,19,0.210954827485366,0.216238336453012
445,20,0.18702035959359,0.191704413325964
445,21,0.165332783599383,0.1694736570518
445,22,0.145774675735866,0.149425702904512
445,23,0.128213252975591,0.131424442214267
445,24,0.112506968815959,0.115324783348803
445,25,0.0985107265065393,0.100977995509628
445,26,0.0860799045065536,0.0882358350098557
445,27,0.0750733797396612,0.0769536442484861
445,28,0.0653557190927588,0.0669925980968078
445,29,0.0567986915331748,0.0582212538876055
445,30,0.0492822341771516,0.0505165416794944
445,31,0.0426949869188216,0.0437643122760467
445,32,0.0369344926143887,0.0378595424237235
445,33,0.0319071437550026,0.0327062801491353
445,34,0.0275279422593706,0.0282173985354937
445,35,0.023720126519692,0.0243142134276543
445,36,0.0204147090858973,0.0209260095373398
446,0,0.773816422621646,0.799696175499588
446,1,0.773055101015208,0.798909392020723
446,2,0.768521639339708,0.794224311867746
446,3,0.758259148384295,0.783618599029114
446,4,0.741664929439834,0.766469397955908
446,5,0.718983583783504,0.743029490445157
446,6,0.690951621323158,0.714060018467114
446,7,0.658553461653716,0.680578324846423
446,8,0.622858554487496,0.643689626298349
446,9,0.584916893694629,0.604479033008842
446,10,0.545695971304824,0.563946394106671
446,11,0.506046615095654,0.522970992713571
446,12,0.466688488701964,0.482296561114886
446,13,0.428208550588597,0.442529688193701
446,14,0.391067657721582,0.404146643957234
446,15,0.355611908911425,0.367505102250358
446,16,0.322086365913707,0.332858320748888
446,17,0.290649555800735,0.300370128352973
446,18,0.261387713929976,0.270129644501726
446,19,0.234328125305932,0.242165066727675
446,20,0.209451203267399,0.216456153307336
446,21,0.186701138726499,0.192945228656644
446,22,0.165995083781714,0.171546674083545
446,23,0.147230917899299,0.152154953703963
446,24,0.130293696126182,0.134651278310695
446,25,0.115060906749008,0.118909038871208
446,26,0.101406677691996,0.104798153605561
446,27,0.0892050720640467,0.0921884737507867
446,28,0.0783326074777918,0.0809523871368251
446,29,0.0686701238295531,0.0709667484330806
446,30,0.0601041120914468,0.0621142523810582
446,31,0.0525276036618871,0.0542843528885765
446,32,0.0458407068411719,0.0473738174474065
446,33,0.0399508646150235,0.0412869935382041
446,34,0.0347728964805524,0.0359358518553144
446,35,0.0302288767133791,0.0312398605026216
446,36,0.0262478923171574,0.0271257348478618
447,0,0.760528593478657,0.777442494666234
447,1,0.759951103742552,0.776852161751822
447,2,0.756464084225647,0.773287592088804
447,3,0.748445676602019,0.765090857765311
447,4,0.735270069348322,0.751622229419329
447,5,0.716967175688741,0.732912285535129
447,6,0.693975606989181,0.709409392048484
447,7,0.666966249207054,0.681799355195795
447,8,0.636718866091546,0.650879280410854
447,9,0.60403817464241,0.617471781329957
447,10,0.569698991030166,0.582368905775741
447,11,0.534412508943407,0.546297664146224
447,12,0.498807691148795,0.509901007129335
447,13,0.463423243811344,0.473729621534763
447,14,0.428706793339004,0.438241088831843
447,15,0.395018769951981,0.403803855088157
447,16,0.362639178582491,0.370704152451828
447,17,0.331775951822179,0.339154537865693
447,18,0.30257396759559,0.309303111290814
447,19,0.275124104542458,0.281242772477436
447,20,0.249471923142395,0.255020095154976
447,21,0.225625717977252,0.230643558374005
447,22,0.20356379992583,0.208090990654538
447,23,0.183240947213047,0.187316164504356
447,24,0.164594019383758,0.168254535245745
447,25,0.147546764845381,0.15082815547624
447,26,0.132013875545236,0.134949819920645
447,27,0.117904355379874,0.120526508752647
447,28,0.105124274930143,0.107462203594273
447,29,0.0935789862290959,0.0956601515394926
447,30,0.0831748691064674,0.085024650336811
447,31,0.0738206763999004,0.0754624235175425
447,32,0.0654285398439694,0.0668836486554692
447,33,0.0579146923627946,0.0592026957230006
447,34,0.0511999562347026,0.052338626112453
447,35,0.0452100404629983,0.046215496620248
447,36,0.0398756848672933,0.0407625067427831
448,0,0.767908809189269,0.787554989902297
448,1,0.767051602802355,0.786675852745239
448,2,0.761984197791003,0.781478803232603
448,3,0.750606705510165,0.76981022916349
448,4,0.732363512192925,0.751100301947115
448,5,0.707638731987757,0.725742962909195
448,6,0.677340133171379,0.694669204672096
448,7,0.642619540225685,0.659060319997863
448,8,0.604690995115761,0.620161410903968
448,9,0.564718025889098,0.579165773142101
448,10,0.523748968440895,0.53714856323538
448,11,0.482684997560937,0.49503401163145
448,12,0.44226979393085,0.453584825340182
448,13,0.403092949701974,0.413405680639848
448,14,0.365601562062323,0.374955113253935
448,15,0.330116185383082,0.338561878617385
448,16,0.296848563853865,0.304443138183638
448,17,0.26591946673743,0.272722750976546
448,18,0.237375587769472,0.243448605344441
448,19,0.211204917155943,0.21660838423468
448,20,0.187350300630043,0.192143471145568
448,21,0.165721103819167,0.169960912914509
448,22,0.146203030632101,0.149943489298832
448,23,0.128666222952815,0.131958019892171
448,24,0.112971811424715,0.115862082504
448,25,0.098977105082119,0.101509335562648
448,26,0.0865396093987733,0.088753638961578
448,27,0.0755200539611601,0.0774521591926979
448,28,0.0657845966566906,0.0674676299265075
448,29,0.0572063539139553,0.0586699214020188
448,30,0.0496663881153687,0.0509370531013689
448,31,0.0430542651077092,0.04415576552371
448,32,0.03726827755966,0.0382217492571307
448,33,0.0322154142100269,0.0330396134401196
448,34,0.0278111410313454,0.0285226613264625
448,35,0.0239790480576479,0.0245925280774491
448,36,0.0206504050460643,0.0211787250555203
449,0,0.763258657331958,0.793428193178794
449,1,0.762666040629901,0.792812151952607
449,2,0.759091782320425,0.789096612947317
449,3,0.750883373253766,0.780563747827388
449,4,0.737413390868342,0.766561333726281
449,5,0.718726508718174,0.747135810021931
449,6,0.695283995370162,0.722766677971335
449,7,0.66778181677942,0.69417741316822
449,8,0.637023880449804,0.662203699390478
449,9,0.60383621534131,0.62770421627305
449,10,0.569011210763485,0.591502674116667
449,11,0.533273633846729,0.554352488122357
449,12,0.497262162920277,0.516917581834148
449,13,0.461521736138184,0.479764433327086
449,14,0.426503218688848,0.44336172926245
449,15,0.392567815440836,0.408084951953452
449,16,0.359994360336903,0.37422395688915
449,17,0.328988147795522,0.341992153217218
449,18,0.29969037309965,0.311536317285579
449,19,0.27218754836349,0.282946380796678
449,20,0.246520481798409,0.256264764999329
449,21,0.222692569132437,0.231494999845441
449,22,0.200677261584991,0.208609487153446
449,23,0.18042465595553,0.187556351185206
449,24,0.16186720781429,0.168265377663619
449,25,0.1449246051575,0.150653080070148
449,26,0.129507862321476,0.134626955380194
449,27,0.115522706334903,0.120089004268656
449,28,0.102872333173464,0.1069385963118
449,29,0.0914596117780948,0.0950747611243495
449,30,0.0811888108522995,0.084397983412402
449,31,0.0719669185742119,0.0748115748501075
449,32,0.0637046193214994,0.0662226894118503
449,33,0.0563169849352054,0.0585430419598681
449,34,0.049723931375241,0.0516893829500909
449,35,0.0438504851364279,0.0455837753788853
449,36,0.0386268976857347,0.0401537137436822
450,0,0.75990510554306,0.796745558934462
450,1,0.759443657057154,0.796261739271795
450,2,0.756626469869423,0.793307973908017
450,3,0.750067558122637,0.786431083928497
450,4,0.739152432702622,0.774986789581514
450,5,0.723794295617338,0.758884084879377
450,6,0.704252276677134,0.73839466233221
450,7,0.680997686191209,0.714012681530464
450,8,0.654617198424411,0.686353258903345
450,9,0.625744236350169,0.656080525981652
450,10,0.595011710842662,0.623858077370194
450,11,0.563020768098802,0.590316203034342
450,12,0.530321391946288,0.556031550201506
450,13,0.497401653017409,0.521515851331288
450,14,0.4646831434029,0.487211137439827
450,15,0.432520722908143,0.453489472054427
450,16,0.401205163403841,0.420655723763224
450,17,0.370967636816547,0.388952271785004
450,18,0.341985270848182,0.358564831031851
450,19,0.314387211281807,0.329628808317535
450,20,0.288260794154122,0.302235773758995
450,21,0.263657555908759,0.276439762303867
450,22,0.240598903480474,0.252263218702254
450,23,0.219081335944501,0.229702472303391
450,24,0.199081160336146,0.208732681499738
450,25,0.180558680809749,0.189312225977775
450,26,0.163461865861894,0.171386551729419
450,27,0.147729515562068,0.154891491831078
450,28,0.133293961704784,0.139756097500056
450,29,0.120083340147552,0.125905020596229
450,30,0.10802347758838,0.113260491871141
450,31,0.0970394356328531,0.101743939891981
450,32,0.0870567539431631,0.0912772944588869
450,33,0.0780024321076919,0.0817840160758978
450,34,0.069805687037305,0.0731898900660698
450,35,0.0623985194906021,0.0654236205620618
450,36,0.0557161199775915,0.0584172560881554
451,0,0.76210801114974,0.779285426095462
451,1,0.761595397350827,0.778761258317583
451,2,0.758481226827685,0.775576896432449
451,3,0.751270983798455,0.768204139252258
451,4,0.739339919196994,0.756004156276491
451,5,0.722648215604626,0.73893623262796
451,6,0.701531145552151,0.717343197660509
451,7,0.676546691891184,0.691795610793425
451,8,0.648366898990868,0.662980663835349
451,9,0.617702241985502,0.631624845564332
451,10,0.585250692842907,0.598441859778769
451,11,0.551665051594363,0.564099220194681
451,12,0.517533599481306,0.529198467527021
451,13,0.483370299260875,0.494265148916523
451,14,0.449611681822331,0.459745634372515
451,15,0.416618270091237,0.426008572770945
451,16,0.384678943029982,0.393349354216631
451,17,0.354017068072744,0.361996380699283
451,18,0.32479755647382,0.332118280464755
451,19,0.297134244254454,0.30383145532358
451,20,0.271097188767623,0.277207541675546
451,21,0.246719610898776,0.252280509183078
451,22,0.224004316292524,0.229053226728178
451,23,0.202929504187952,0.207503402175072
451,24,0.18345392609934,0.187588857324214
451,25,0.165521393896229,0.169252137601522
451,26,0.14906466187444,0.152424481628727
451,27,0.134008723318066,0.13702919208772
451,28,0.120273571264793,0.122984458711708
451,29,0.107776477570946,0.110205688718892
451,30,0.096433845352243,0.098607401006025
451,31,0.086162688527798,0.0881047390403601
451,32,0.0768817893242058,0.0786146544531252
451,33,0.0685125807995395,0.0700568094550296
451,34,0.060979797157919,0.0623542418084972
451,35,0.0542119301542606,0.0554338315194797
451,36,0.0481415254518944,0.0492266038747805
452,0,0.768432117811729,0.805943891923244
452,1,0.767733238634725,0.80521089626775
452,2,0.763553401174538,0.800827015906445
452,3,0.754044787878226,0.790854230244329
452,4,0.738591932449481,0.774647028388899
452,5,0.717363073063699,0.752381861228539
452,6,0.69099212485816,0.724723589095143
452,7,0.660357569665629,0.692593577781306
452,8,0.626432616731922,0.657012544705066
452,9,0.590187217681747,0.618997790639351
452,10,0.552527320475032,0.579499488290092
452,11,0.514260434459348,0.539364566372605
452,12,0.476079398950556,0.499319685839443
452,13,0.43855839517344,0.459967057139967
452,14,0.402156868068345,0.42178855347386
452,15,0.367228249510117,0.38515485984262
452,16,0.334031290865455,0.350337358816915
452,17,0.302742492939157,0.317521167262961
452,18,0.273468621464605,0.286818262789047
452,19,0.246258659928541,0.258280020059283
452,20,0.221114812300953,0.231908750632635
452,21,0.198002352023127,0.207668032739065
452,22,0.176858240198191,0.185491750175581
452,23,0.157598520435195,0.165291848136943
452,24,0.140124551682488,0.146964870310969
452,25,0.12432817229682,0.13039737503678
452,26,0.110095905011801,0.115470345542952
452,27,0.0973123182120347,0.102062715305577
452,28,0.0858626575376304,0.0900541281171502
452,29,0.0756348559243533,0.0793270462488166
452,30,0.0665210215859734,0.0697683110700546
452,31,0.058418493479716,0.0612702500377143
452,32,0.0512305433687171,0.0537314130303472
452,33,0.0448667933125387,0.0470570102189335
452,34,0.0392434076645645,0.041159113436821
452,35,0.0342831096622796,0.0359566735798758
452,36,0.0299150645802194,0.0313753980554262
453,0,0.754920176611154,0.790892152616044
453,1,0.754650232945923,0.790609346124584
453,2,0.752964145309973,0.788842916346694
453,3,0.748936547551247,0.784623403396902
453,4,0.742055324215147,0.777414289499125
453,5,0.732112867567957,0.766998074402998
453,6,0.719120539046143,0.75338666091788
453,7,0.703241924967395,0.736751430255912
453,8,0.684741254670117,0.717369202293828
453,9,0.66394399713028,0.695580954617062
453,10,0.641207190583276,0.671760738346916
453,11,0.616897506501644,0.646292696865967
453,12,0.591375419403025,0.619554481316752
453,13,0.56498415997866,0.591905677346401
453,14,0.538042381534024,0.563680122102885
453,15,0.510839677622781,0.535181208284051
453,16,0.48363425950843,0.506679450930226
453,17,0.45665224197491,0.478411739203664
453,18,0.43008810028192,0.450581815117812
453,19,0.404105954119699,0.423361618672582
453,20,0.378841409937231,0.396893217969565
453,21,0.354403754065804,0.371291106838022
453,22,0.330878338195072,0.346644703978963
453,23,0.308329038111007,0.323020928862064
453,24,0.28680069794492,0.300466762443252
453,25,0.266321496979156,0.27901172674878
453,26,0.246905195525172,0.258670237769485
453,27,0.228553231539651,0.239443801980742
453,28,0.211256651304197,0.221323039019123
453,29,0.194997866347371,0.204289522321835
453,30,0.179752235395452,0.188317436457499
453,31,0.165489474959865,0.173375054928123
453,32,0.152174905579913,0.159426045795346
453,33,0.139770543044538,0.146430614898967
453,34,0.128236045363998,0.134346497951851
453,35,0.117529527051324,0.123129813621932
453,36,0.107608252565029,0.112735790017497
454,0,0.758910622479322,0.783317635968511
454,1,0.758196237636241,0.782580276087283
454,2,0.753931755874388,0.77817864607529
454,3,0.744251277014627,0.768186837302475
454,4,0.72855349272446,0.751984203005507
454,5,0.707035673711553,0.729774358234427
454,6,0.680364899249734,0.702245835926189
454,7,0.649450717513933,0.670337435861795
454,8,0.615292081102959,0.635080237545163
454,9,0.578878073867784,0.597495134347619
454,10,0.541127070177727,0.558530036100177
454,11,0.502852889886933,0.519024935583767
454,12,0.464749501306681,0.479696119540101
454,13,0.427388091752631,0.441133145006
454,14,0.391222035885765,0.403803967439098
454,15,0.356596574922485,0.368064931217062
454,16,0.3237609750921,0.334173319118239
454,17,0.292881639268649,0.3023008856313
454,18,0.264055161715127,0.272547331547744
454,19,0.237320688816371,0.244953062223244
454,20,0.212671214275126,0.219510846033893
454,21,0.190063622881436,0.196176181159137
454,22,0.169427423526627,0.174876309454648
454,23,0.150672195482133,0.155517902207866
454,24,0.133693824081766,0.137993496363496
454,25,0.11837963182917,0.122186790650404
454,26,0.10461252530527,0.107976925856052
454,27,0.092274282030831,0.0952418773965067
454,28,0.0812480982749049,0.0838610850639
454,29,0.0714205113147798,0.0737174371073979
454,30,0.0626827997160756,0.0646987155471286
454,31,0.0549319541185645,0.0566985981810487
454,32,0.0480712996732407,0.0496173010399558
454,33,0.0420108402627927,0.0433619336782945
454,34,0.0366673843136108,0.0378466290323523
454,35,0.0319645025777943,0.0329924998445116
454,36,0.0278323598230441,0.0287274649401892
455,0,0.760196691550491,0.781434711659946
455,1,0.759962868293872,0.781194355958394
455,2,0.758493976123662,0.779684426564796
455,3,0.75496246823727,0.776054257060507
455,4,0.748888780364942,0.769810885333193
455,5,0.740054376406371,0.760729669923043
455,6,0.728432443532369,0.748783048916571
455,7,0.714133044097464,0.734084159538961
455,8,0.697360068153702,0.716842588027304
455,9,0.678377781188552,0.697329982794829
455,10,0.657485140083469,0.675853652840714
455,11,0.634996367394898,0.652736599324423
455,12,0.611226539410345,0.628302700987624
455,13,0.586481165111594,0.602866001979342
455,14,0.561048918046787,0.576723240674478
455,15,0.535196836993293,0.550148916255039
455,16,0.50916743911668,0.523392321217895
455,17,0.483177295274505,0.49667607687607
455,18,0.457416704710399,0.470195798964579
455,19,0.432050178620133,0.444120594716148
455,20,0.40721750146811,0.418594153828254
455,21,0.383035187615813,0.393736245786195
455,22,0.359598190584206,0.369644476878052
455,23,0.336981754616105,0.346396193485155
455,24,0.315243324398248,0.324050445157069
455,25,0.294424449907785,0.302649942674799
455,26,0.274552640254126,0.282222963684406
455,27,0.255643133838404,0.262785172310356
455,28,0.237700562770622,0.244341330072378
455,29,0.220720497786619,0.226886883963597
455,30,0.204690866323877,0.210409424143882
455,31,0.189593241304457,0.194890008728199
455,32,0.175404001830723,0.180304356909303
455,33,0.162095369669516,0.166623914398735
455,34,0.149636327284223,0.153816797106429
455,35,0.137993424436881,0.141848620277296
455,36,0.12713148115935,0.13068322110168
456,0,0.766663399128759,0.79579194602059
456,1,0.765717065091326,0.794809657044632
456,2,0.760156469720864,0.789037792865487
456,3,0.747756353181171,0.776166547305547
456,4,0.728011648665951,0.755671664091318
456,5,0.701439463318378,0.728089897292753
456,6,0.669106115507349,0.694528078892213
456,7,0.632315064895466,0.656339192092812
456,8,0.592408500911617,0.614916421359539
456,9,0.550648050544756,0.571569327834654
456,10,0.508149545884959,0.527456138441997
456,11,0.465853836080916,0.483553448876366
456,12,0.424520834460536,0.440650044550903
456,13,0.384737815175911,0.399355512464118
456,14,0.346935761782935,0.360117210926107
456,15,0.311409585981879,0.323241256488319
456,16,0.2783394776134,0.288914685109575
456,17,0.247811667230653,0.257227003579661
456,18,0.219837593092786,0.228190084742013
456,19,0.194370949757551,0.201755863829172
456,20,0.171322418530236,0.177831628579197
456,21,0.150572087477994,0.15629291113501
456,22,0.131979694873358,0.136994120676464
456,23,0.115392899888076,0.119777128350259
456,24,0.100653816318928,0.104478049237598
456,25,0.0876040521586319,0.0909324733981446
456,26,0.0760884891994858,0.0789793890756172
456,27,0.0659580190562963,0.0684640226729512
456,28,0.057071429464798,0.0592397967185867
456,29,0.0492966104262358,0.0511695818372106
456,30,0.042511225649102,0.0441263937021958
456,31,0.0366029719622126,0.0379936623047975
456,32,0.03146952859932,0.0326651793118893
456,33,0.0270182797923696,0.0280448101194505
456,34,0.0231658780336177,0.0240460405213007
456,35,0.0198377016035996,0.020591413626429
456,36,0.0169672483517617,0.0176119006069773
457,0,0.767033590312732,0.778191015113907
457,1,0.766577719990278,0.777728513610099
457,2,0.76379176633521,0.774902034913105
457,3,0.757298172289795,0.768313983743301
457,4,0.746479115981333,0.757337551266825
457,5,0.73123821131436,0.741874949336693
457,6,0.711822417308875,0.722176729288454
457,7,0.688690639896396,0.69870847239156
457,8,0.66241832425517,0.672053994365503
457,9,0.633629593982633,0.642846497435033
457,10,0.602950301215678,0.611720937508043
457,11,0.570976795444902,0.579282338694702
457,12,0.538256368454285,0.546085953795305
457,13,0.505276245675728,0.512626095520829
457,14,0.472458716680512,0.479331196151552
457,15,0.440160567176959,0.446563231272435
457,16,0.408675422231105,0.414620097078751
457,17,0.378237960126561,0.383739885531603
457,18,0.349029228230185,0.354106277549241
457,19,0.321182502464511,0.325854487712562
457,20,0.294789293398216,0.299077357721372
457,21,0.269905224895715,0.273831320555998
457,22,0.246555603995916,0.250142051376625
457,23,0.224740569828313,0.228009691336551
457,24,0.204439760184366,0.207413582034459
457,25,0.185616471020139,0.188316485522011
457,26,0.168221309975632,0.170668290968007
457,27,0.152195362559723,0.154409226899296
457,28,0.137472901008915,0.139472609463118
457,29,0.12398367257695,0.125787164002647
457,30,0.111654807388339,0.113278960662535
457,31,0.100412386946432,0.10187300571282
457,32,0.090182713656662,0.0914945295389101
457,33,0.0808933198626153,0.0820700103552919
457,34,0.072473752312991,0.073527970083508
457,35,0.0648561649898804,0.0657995758038347
457,36,0.0579757500579273,0.058819076973114
458,0,0.767483802770778,0.784720333362231
458,1,0.766771980434883,0.78399252456848
458,2,0.762519311112132,0.779644346696086
458,3,0.752856730644524,0.769764759220355
458,4,0.73717314205776,0.753728940849088
458,5,0.715654265733346,0.731726782963915
458,6,0.688956629355707,0.704429557872507
458,7,0.657981605254346,0.672758881369667
458,8,0.623722844226415,0.637730720153287
458,9,0.587166970596981,0.600353856645191
458,10,0.549232415708512,0.561567348772897
458,11,0.510735108795749,0.522205450313192
458,12,0.472372676593471,0.482981455646886
458,13,0.434721030964178,0.444484210749746
458,14,0.398238907712935,0.407182753942288
458,15,0.363277184849745,0.371435843426296
458,16,0.33009075248208,0.337504093757261
458,17,0.298851405146999,0.305563157718868
458,18,0.269660739538696,0.275716913714089
458,19,0.24256241170762,0.248009998242529
458,20,0.217553372913582,0.222439294093887
458,21,0.194593889278113,0.198964175026611
458,22,0.173616277737939,0.177515437917738
458,23,0.154532375177179,0.158002939640553
458,24,0.137239810836325,0.140322010342432
458,25,0.12162718305854,0.124358746453067
458,26,0.107578256785703,0.109994302449947
458,27,0.0949753028848817,0.0971083051810835
458,28,0.0837016979868438,0.0855815120919731
458,29,0.0736438966755223,0.0752978277074721
458,30,0.064692878457156,0.0661457830976843
458,31,0.056745161276961,0.0580195721566905
458,32,0.0497034623416455,0.0508197272661429
458,33,0.0434770762448467,0.044453505912829
458,34,0.0379820302551097,0.0388350494641851
458,35,0.0331410673291487,0.033885365800061
458,36,0.0288834990620705,0.0295321789604269
459,0,0.767069706822371,0.784444690822495
459,1,0.766423106290571,0.78378344406781
459,2,0.76254003875675,0.779812420725448
459,3,0.75366563856263,0.770737005473619
459,4,0.739175044014262,0.755918182804402
459,5,0.719172877621217,0.735462945043845
459,6,0.694206415743524,0.709930964971643
459,7,0.665063833552189,0.680128270805095
459,8,0.632635584562143,0.646965485823935
459,9,0.597822171080225,0.611363509716146
459,10,0.561475596857532,0.574193645067613
459,11,0.524364915297031,0.536242365198233
459,12,0.487158693203173,0.498193380695905
459,13,0.450419057434554,0.460621551219241
459,14,0.41460340321508,0.423994632503877
459,15,0.380070915406495,0.388679945349102
459,16,0.34709186411538,0.354953881780711
459,17,0.315858243508958,0.323012784847854
459,18,0.286494774525148,0.292984200556733
459,19,0.259069624867208,0.264937840685081
459,20,0.233604441737893,0.238895842768925
459,21,0.210083466268836,0.214842090983965
459,22,0.188461620597774,0.192730486404101
459,23,0.168671542169145,0.172492140636794
459,24,0.150629595142176,0.154041523396235
459,25,0.134240923452578,0.137281630022536
459,26,0.119403629899901,0.122108255230058
459,27,0.106012174995551,0.108413468943133
459,28,0.0939600914719184,0.09608839229185
459,29,0.083142107736225,0.0850253691644957
459,30,0.0734557679196364,0.0751196229525872
459,31,0.0648026287963351,0.0662704805814963
459,32,0.0570891056299701,0.058382237516264
459,33,0.0502270305696315,0.0513647288058664
459,34,0.0441339789810726,0.0451336628062031
459,35,0.0387334113268867,0.0396107662740176
459,36,0.0339546710576581,0.034723782210281
460,0,0.770256448484753,0.773681867635435
460,1,0.769578750535268,0.773001155885106
460,2,0.765518275855688,0.768922623806908
460,3,0.756262415896063,0.75962560197188
460,4,0.74118898135761,0.744485134133755
460,5,0.720437857521244,0.723641727659409
460,6,0.694605996505929,0.69769498938264
460,7,0.664534266426987,0.667489526856135
460,8,0.631162121732396,0.633968972390018
460,9,0.595431833598132,0.598079787548722
460,10,0.558228484376654,0.560710990747878
460,11,0.520345370503834,0.522659406303987
460,12,0.482467098765841,0.484612685528455
460,13,0.445164678524277,0.447144377127287
460,14,0.408898446686713,0.410716865179307
460,15,0.37402582221345,0.375689158128106
460,16,0.340811758383608,0.342327387530552
460,17,0.30944041079191,0.310816527942512
460,18,0.280027019233663,0.281272331643936
460,19,0.252629352760261,0.253752824591846
460,20,0.227258320624371,0.22826896455361
460,21,0.203887531801813,0.204794243141125
460,22,0.182461710901242,0.183273139147012
460,23,0.162903962814994,0.163628415502208
460,24,0.145121933293369,0.145767307247024
460,25,0.129012945977183,0.129586681408681
460,26,0.114468214503078,0.114977267838333
460,27,0.101376235740577,0.101827067538238
460,28,0.0896254704665568,0.0900240452574968
460,29,0.0791064133530583,0.0794582086853459
460,30,0.0697131468643268,0.0700231692585477
460,31,0.0613444648302988,0.061617270731543
460,32,0.0539046419955032,0.054144362147623
460,33,0.0473039163517273,0.0475142823165851
460,34,0.0414587419527294,0.0416431137537412
460,35,0.03629186142692,0.036453255515071
460,36,0.0317322396851273,0.031873356610179
461,0,0.7711748966985,0.78511406557182
461,1,0.77060450836989,0.784533367339101
461,2,0.767155747087582,0.781022268879943
461,3,0.75921333370296,0.772936294492617
461,4,0.746142397207,0.759629097724274
461,5,0.727956565583757,0.741114552888005
461,6,0.7050762526418,0.717820672871527
461,7,0.678155390086333,0.690413209350464
461,8,0.647959716277106,0.65967174158675
461,9,0.615283564113229,0.626404960234744
461,10,0.58089510068495,0.591394917186754
461,11,0.545502329456229,0.555362413237006
461,12,0.509734006904634,0.518947569785294
461,13,0.474131057784131,0.4827010889286
461,14,0.439145182738556,0.447082835906863
461,15,0.405142207611723,0.412465248952652
461,16,0.372408380147181,0.379139749805264
461,17,0.341158320249276,0.347324837674638
461,18,0.311543708968276,0.317174935281945
461,19,0.283662086046582,0.288789345423526
461,20,0.257565337638141,0.26222089210785
461,21,0.233267611524942,0.237483978841412
461,22,0.210752509996235,0.214561911520961
461,23,0.189979490832041,0.193413415116288
461,24,0.170889462559639,0.173978330062313
461,25,0.153409597541737,0.156182512344951
461,26,0.137457410297425,0.139941985538694
461,27,0.122944162425367,0.125166407274587
461,28,0.109777662392473,0.11176191963575
461,29,0.0978645303891263,0.0996334549503928
461,30,0.0871119970231127,0.0886865669975708
461,31,0.077429301008927,0.0788288539600503
461,32,0.0687287460725788,0.0699710344329217
461,33,0.0609264716592178,0.0620277320619477
461,34,0.0539429861437777,0.054918018392115
461,35,0.0477035054076625,0.0485657575641752
461,36,0.0421381340586311,0.0428997908101209
462,0,0.772286513465069,0.772286513465069
462,1,0.771665052618391,0.771665052618391
462,2,0.767923794933251,0.767923794933251
462,3,0.759349848251702,0.759349848251702
462,4,0.745310189551907,0.745310189551907
462,5,0.725875112060096,0.725875112060096
462,6,0.701546916538168,0.701546916538168
462,7,0.673067757415049,0.673067757415049
462,8,0.641286548092323,0.641286548092323
462,9,0.607069517209772,0.607069517209772
462,10,0.571242662732216,0.571242662732216
462,11,0.534557191523211,0.534557191523211
462,12,0.497671232065912,0.497671232065912
462,13,0.461142804907575,0.461142804907575
462,14,0.425430338411296,0.425430338411296
462,15,0.390898012866136,0.390898012866136
462,16,0.357823972128493,0.357823972128493
462,17,0.326410012469264,0.326410012469264
462,18,0.296791785410744,0.296791785410744
462,19,0.269048868159663,0.269048868159663
462,20,0.243214287658741,0.243214287658741
462,21,0.21928325245923,0.21928325245923
462,22,0.197220966227279,0.197220966227279
462,23,0.176969479859939,0.176969479859939
462,24,0.158453595242142,0.158453595242142
462,25,0.141585869786034,0.141585869786034
462,26,0.126270792520822,0.126270792520822
462,27,0.112408213784407,0.112408213784407
462,28,0.0998961146223179,0.0998961146223179
462,29,0.0886328011482314,0.0886328011482314
462,30,0.0785186050793185,0.0785186050793185
462,31,0.069457165679492,0.069457165679492
462,32,0.0613563613222444,0.0613563613222444
462,33,0.0541289514533932,0.0541289514533932
462,34,0.0476929823247161,0.0476929823247161
462,35,0.0419720027663307,0.0419720027663307
462,36,0.0368951296447238,0.0368951296447238
463,0,0.761906913488854,0.776659135327389
463,1,0.761606879633069,0.776353292145135
463,2,0.759740037252907,0.774450303521327
463,3,0.755299896399185,0.76992419161037
463,4,0.747747345997677,0.762225406941923
463,5,0.736883516766048,0.751151229679578
463,6,0.722750657383413,0.736744726531367
463,7,0.705555528647345,0.719216661646321
463,8,0.685610821166997,0.698885780023114
463,9,0.663290929879173,0.676133725721855
463,10,0.638999102145554,0.651371553875005
463,11,0.613143539546175,0.625015369758124
463,12,0.586120496957882,0.597469100628692
463,13,0.55830280302842,0.5691127939309
463,14,0.530032537883367,0.540295153226615
463,15,0.501616858659014,0.511329282901238
463,16,0.473326171105703,0.482490824365196
463,17,0.44539401427643,0.454017838509858
463,18,0.418018162050489,0.42611192855914
463,19,0.391362555633508,0.398940209987062
463,20,0.365559769949839,0.372637824665013
463,21,0.340713787919836,0.347310768855243
463,22,0.316902913237819,0.323038862386718
463,23,0.294182697118566,0.299878732069973
463,24,0.272588789774118,0.277866718384887
463,25,0.252139654941494,0.25702164256772
463,26,0.232839107103814,0.237347392958517
463,27,0.214678647361466,0.21883530609996
463,28,0.197639586221791,0.201466330629016
463,29,0.181694950706104,0.185212971309807
463,30,0.16681117978961,0.170041017301039
463,31,0.152949616834829,0.155911063486277
463,32,0.140067810790562,0.142779836867026
463,33,0.128120639859023,0.130601341986584
463,34,0.117061272366481,0.119327840405277
463,35,0.106841979933162,0.108910679615154
463,36,0.097414817905484,0.0993009866469141
464,0,0.778032545082041,0.799843046637516
464,1,0.776957545936065,0.798737912157621
464,2,0.770685266907718,0.792289803014753
464,3,0.756808739999405,0.778024276939719
464,4,0.734892232486138,0.755493386359534
464,5,0.705638324080358,0.725419406327161
464,6,0.670333871169273,0.689125267534682
464,7,0.630492364254536,0.648166887998062
464,8,0.587632757183598,0.604105802232439
464,9,0.543151566074003,0.558377674739504
464,10,0.4982573610816,0.512224955390591
464,11,0.453945811525555,0.46667122499439
464,12,0.411000030966551,0.4225215500487
464,13,0.370005734724085,0.380378065166744
464,14,0.331374142707729,0.340663517941009
464,15,0.295367991269079,0.303648009982605
464,16,0.262127725036733,0.2694759229891
464,17,0.231696121373393,0.238191233496343
464,18,0.204040402954146,0.209760245336243
464,19,0.179071426272146,0.184091316051741
464,20,0.156659875062894,0.161051504269587
464,21,0.136649595615522,0.14048027883895
464,22,0.118868327631149,0.122200550506765
464,23,0.103136139784681,0.106027343952705
464,24,0.0892718948274257,0.0917744441273248
464,25,0.0770980599394832,0.0792593414525295
464,26,0.066444154474804,0.0683067762168959
464,27,0.0571490962679686,0.0587511506562142
464,28,0.0490626739311713,0.0504380425232124
464,29,0.0420463390161523,0.0432250194560781
464,30,0.0359734803258861,0.0369819209798961
464,31,0.0307293140060207,0.0315907455170333
464,32,0.0262104977582256,0.0269452537857711
464,33,0.0223245556786381,0.0229503775153106
464,34,0.0189891816994921,0.0195215033608569
464,35,0.0161314741409623,0.0165836859977381
464,36,0.0136871411410663,0.0140708312772106
465,0,0.753715939047449,0.795877714290044
465,1,0.752944725018449,0.795063359668057
465,2,0.748362566051027,0.790224881381244
465,3,0.738015811119051,0.779299344001754
465,4,0.721328262911272,0.761678318577379
465,5,0.698578362818026,0.737655822105535
465,6,0.670534695166228,0.70804343240441
465,7,0.638207357596865,0.673907750510376
465,8,0.602683286443859,0.636396514397653
465,9,0.565021685694057,0.59662817838616
465,10,0.526191847672304,0.555626255605992
465,11,0.487040311564579,0.514284639416025
465,12,0.448277823812038,0.473353834381336
465,13,0.410479207739544,0.433440818608945
465,14,0.374091224402557,0.395017344319061
465,15,0.33944497184296,0.358433030697279
465,16,0.306770448679645,0.323930742151278
465,17,0.276211694844231,0.291662575997304
465,18,0.247841489908833,0.261705382991063
465,19,0.221674993362628,0.234075170621544
465,20,0.197681993678028,0.208740037372174
465,21,0.175797626160617,0.185631490111714
465,22,0.155931547637422,0.164654132001271
465,23,0.137975637213253,0.145693794019769
465,24,0.12181034020942,0.128624233773385
465,25,0.107309797072865,0.113312551308409
465,26,0.0943459079186304,0.0996234810183196
465,27,0.0827914818417779,0.0874227171236347
465,28,0.0725226120897418,0.076579421707962
465,29,0.0634204063758122,0.0669680518227035
465,30,0.0553721879539987,0.0584696277483032
465,31,0.0482722688639706,0.0509725494933878
465,32,0.0420223828425744,0.0443730539227244
465,33,0.0365318523136147,0.0385753910881679
465,34,0.0317175519097833,0.0334917857100605
465,35,0.0275037202908001,0.0290422384687512
465,36,0.0238216626336475,0.0251542118525669
466,0,0.772781628903239,0.79711388229217
466,1,0.771774823450321,0.796075375975156
466,2,0.765878610641604,0.789993511568716
466,3,0.752779432974368,0.77648188554833
466,4,0.732001853416278,0.755050090993782
466,5,0.704148112231874,0.726319330658068
466,6,0.670387339057322,0.691495546075422
466,7,0.632121976981677,0.652025338476514
466,8,0.590778425296396,0.609380019593386
466,9,0.547683408176426,0.564928087612679
466,10,0.503998338686509,0.519867524528731
466,11,0.46069189456273,0.475197508430177
466,12,0.418536856791381,0.431715152536465
466,13,0.378121517354346,0.390027272134168
466,14,0.339869042281155,0.350570357305395
466,15,0.304060384982285,0.313634207723678
466,16,0.270857911907598,0.279386302203685
466,17,0.240327999659642,0.247895107320409
466,18,0.212461618044968,0.219151308550459
466,19,0.187192422492578,0.193086472358956
466,20,0.164412212302759,0.169588991175806
466,21,0.143983820147285,0.148517378742231
466,22,0.125751620987051,0.129711109918314
466,23,0.109549912551554,0.112999265035156
466,24,0.0952094444510085,0.0982072645864188
466,25,0.0825623728736004,0.0851619799320691
466,26,0.071445902477304,0.0736954898609299
466,27,0.0617048532866779,0.0636477283102846
466,28,0.0531933627144214,0.0548682399782786
466,29,0.0457759042322211,0.0472172310692302
466,30,0.0393277765872913,0.0405660739139286
466,31,0.0337351918949774,0.0347973978359724
466,32,0.0288950679978161,0.0298048749729263
466,33,0.0247146103776759,0.0254927890243031
466,34,0.021110751622503,0.021775457069032
466,35,0.0180095018263778,0.0185765595118326
466,36,0.0153452511071937,0.0158284206395581
467,0,0.767661686237206,0.794633391979712
467,1,0.766864965252646,0.793808678294279
467,2,0.762135107598375,0.788912637631083
467,3,0.751464628173732,0.777867252129541
467,4,0.734271126282138,0.760069658511061
467,5,0.71085365981583,0.735829422032797
467,6,0.682014523616749,0.705977026074404
467,7,0.648801872703515,0.671597452461469
467,8,0.612339746991745,0.633854234123774
467,9,0.57372054069318,0.593878146419027
467,10,0.533941414880289,0.552701385560183
467,11,0.493871041825923,0.511223144521273
467,12,0.454236757174767,0.470196313801854
467,13,0.415624962148135,0.430227897763234
467,14,0.378489680750185,0.391787872491142
467,15,0.343165704714471,0.355222792588489
467,16,0.309883881473993,0.320771616286486
467,17,0.278786917484015,0.28858206401542
467,18,0.249944657181181,0.258726434188246
467,19,0.223368215062713,0.231216231808776
467,20,0.199022629190518,0.206015266555213
467,21,0.176837902477387,0.183051082000676
467,22,0.156718428732907,0.162224712842162
467,23,0.138550882631997,0.143418852082227
467,24,0.122210700673877,0.126504559695705
467,25,0.107567304295531,0.11134666925667
467,26,0.0944882242727202,0.0978080572498062
467,27,0.0828422829614653,0.0857529371195831
467,28,0.07250198180463,0.0750493306616091
467,29,0.0633452286780082,0.0655708560588269
467,30,0.0552565250351575,0.0571979567365452
467,31,0.0481277177500924,0.0498186796210392
467,32,0.0418584059093014,0.0433290962241586
467,33,0.0363560790954924,0.0376334457856568
467,34,0.0315360512273813,0.032644066788448
467,35,0.0273212429035819,0.0282811716551743
467,36,0.0236418554665518,0.0244725093604256
468,0,0.758035071179176,0.774487361085402
468,1,0.757653340450096,0.774097345324587
468,2,0.755302787495482,0.771695776288897
468,3,0.749777289074136,0.766050353202638
468,4,0.740490699186,0.756562208432823
468,5,0.727293253957384,0.743078327651054
468,6,0.710331875828422,0.725748822082088
468,7,0.689945042608356,0.704919515811421
468,8,0.666584728670859,0.681052192802956
468,9,0.640759422331563,0.654666377533446
468,10,0.612993437453594,0.626297763502668
468,11,0.583798719855333,0.596469407731295
468,12,0.553656142418714,0.565672619900773
468,13,0.523003921715578,0.534355127575714
468,14,0.492231302098737,0.502914623215332
468,15,0.461676064044081,0.471696218436942
468,16,0.431624741355508,0.440992665935085
468,17,0.402314692443274,0.411046475714613
468,18,0.373937377170397,0.382053263057327
468,19,0.346642353274311,0.354165831681416
468,20,0.320541633706665,0.327498625652373
468,21,0.295714145386324,0.302132284908153
468,22,0.272210106508536,0.278118117572875
468,23,0.250055198299194,0.255482362254257
468,24,0.229254451668105,0.234230159052289
468,25,0.209795802600176,0.214349182116137
468,26,0.191653294741866,0.1958129117391
468,27,0.174789925427464,0.178583542154652
468,28,0.159160143892288,0.162614533970519
468,29,0.144712018869091,0.147852828810306
468,30,0.131389098136214,0.134240749221027
468,31,0.119131985651705,0.121717610037127
468,32,0.107879663271563,0.110221068785122
468,33,0.0975705841842047,0.099688242849814
468,34,0.0881435644625598,0.0900566203765169
468,35,0.0795384978205296,0.0812647905404871
468,36,0.0716969169751075,0.0732530170927738
469,0,0.761820197622857,0.798831960584483
469,1,0.761157990738963,0.798137581484239
469,2,0.757187737706685,0.79397444033402
469,3,0.748130874430336,0.784477564469654
469,4,0.733370384327859,0.768999960588131
469,5,0.713034622114519,0.747676219304359
469,6,0.687700487615547,0.721111268158835
469,7,0.658185607570575,0.690162456921864
469,8,0.625406330500777,0.655790653378305
469,9,0.590283890015848,0.618961847735405
469,10,0.553685388591932,0.580585269196076
469,11,0.516389568428186,0.541477493849642
469,12,0.479069883069531,0.502344693857629
469,13,0.442289332319628,0.463777221429617
469,14,0.406503006813343,0.426252277019503
469,15,0.372065412170072,0.390141589310594
469,16,0.339240487993069,0.355721920971302
469,17,0.30821286831986,0.323186876175746
469,18,0.279099397555685,0.292658976019601
469,19,0.251960258406284,0.264201327084933
469,20,0.226809316094253,0.237828468213038
469,21,0.203623459559191,0.213516165531214
469,22,0.182350843398566,0.191210054814567
469,23,0.16291801780143,0.170833117815659
469,24,0.145235988191585,0.152292036305323
469,25,0.129205279724839,0.135482502620068
469,26,0.114720100207749,0.120293584829281
469,27,0.101671702940493,0.106611252956206
469,28,0.0899510517897714,0.0943211735289696
469,29,0.0794508869362057,0.0833108756888662
469,30,0.0700672830064963,0.0734713850217666
469,31,0.0617007829751965,0.0646984125486188
469,32,0.0542571822029178,0.05689317685484
469,33,0.0476480278805264,0.0499629277991763
469,34,0.0417908903757874,0.0438212310432708
469,35,0.036609454780249,0.0383880640462004
469,36,0.0320334734704306,0.0335897663209281
470,0,0.777057265357636,0.799814392754484
470,1,0.776099191480521,0.798828260444292
470,2,0.770469222003432,0.793033410026836
470,3,0.757913417009605,0.780109892038675
470,4,0.737919203586117,0.759530122205945
470,5,0.711009052176154,0.73183187219475
470,6,0.67826180022761,0.698125574603481
470,7,0.640996744997152,0.659769164015912
470,8,0.600572738798587,0.618161288493986
470,9,0.558267353521429,0.574616935272963
470,10,0.5152107651806,0.53029937903462
470,11,0.472356132034493,0.486189692510173
470,12,0.430473504649849,0.443080478193524
470,13,0.390158173626763,0.401584460540199
470,14,0.351847181061599,0.36215148098981
470,15,0.315839761346651,0.325089537400991
470,16,0.282318937007837,0.29058701235113
470,17,0.251372527904706,0.258734297617987
470,18,0.223012551443613,0.229543762553212
470,19,0.197192482935874,0.202967519932417
470,20,0.173822172517962,0.178912779736682
470,21,0.152780425299201,0.157254797726152
470,22,0.133925379343076,0.137847557353958
470,23,0.117102887116993,0.12053239667757
470,24,0.102153138580523,0.105144825412761
470,25,0.0889157713515065,0.0915197847575249
470,26,0.0772337047799013,0.0794955937517493
470,27,0.0669559168353022,0.068916807489471
470,28,0.0579393599797384,0.0596361891004904
470,29,0.0500501876672184,0.0515159721695418
470,30,0.0431644387335236,0.0444285651693277
470,31,0.0371683039086471,0.038256825778119
470,32,0.0319580776708379,0.0328940113237829
470,33,0.0274398799796476,0.0282434923674215
470,34,0.0235292161538375,0.024218299691734
470,35,0.0201504292266506,0.0207405606178049
470,36,0.0172360873544212,0.0177408684731811
471,0,0.766703739296928,0.799683052207908
471,1,0.766055744595419,0.799007184393317
471,2,0.762164850051465,0.794948925296288
471,3,0.75327396545456,0.785675604498608
471,4,0.738758802031745,0.770536079810887
471,5,0.718725989272984,0.749641567328236
471,6,0.693725368313473,0.723565559280684
471,7,0.664547700434223,0.69313283108324
471,8,0.63208574267911,0.65927454120186
471,9,0.597241869626863,0.622931879329992
471,10,0.560869477554874,0.584994950086757
471,11,0.523738545707122,0.546266852922965
471,12,0.486518148024874,0.507445441604133
471,13,0.44977056477939,0.469117182558521
471,14,0.41395306118088,0.431759009991905
471,15,0.379424476998318,0.395745198956042
471,16,0.346454584363027,0.361357125672698
471,17,0.315234780517444,0.328794420224748
471,18,0.285889135460608,0.298186489409672
471,19,0.258485148021164,0.26960373547875
471,20,0.233043806472983,0.243068049504178
471,21,0.209548723585069,0.218562339367803
471,22,0.18795423810626,0.196038979726453
471,23,0.168192458314052,0.175427158534886
471,24,0.150179278506212,0.156639152333283
471,25,0.133819433880094,0.13957559855923
471,26,0.119010678957531,0.124129853705117
471,27,0.105647183959054,0.110191535785412
471,28,0.0936222455833957,0.0976493517187522
471,29,0.082830405926903,0.0863933073914397
471,30,0.0731690675513423,0.0763163921964434
471,31,0.0645396852517213,0.0673158220644158
471,32,0.0568486067898186,0.0592939163608843
471,33,0.050007626366632,0.0521586751659934
471,34,0.0439343063238512,0.0458241148137769
471,35,0.0385521147550316,0.0402104114225973
471,36,0.0337904195261043,0.0352438946584502
472,0,0.771863384172164,0.789948386160666
472,1,0.771317513001221,0.789389725056408
472,2,0.768009527330109,0.786004232240033
472,3,0.760371923206303,0.778187676648132
472,4,0.747769831114316,0.765290313572683
472,5,0.730190194577218,0.747298780619392
472,6,0.708014162115472,0.724603156738502
472,7,0.681852917848245,0.697828946285424
472,8,0.652431532670186,0.66771820879404
472,9,0.620508863888648,0.63504758183722
472,10,0.586824249606687,0.600573726442436
472,11,0.552063882377077,0.564998912869912
472,12,0.516841423187439,0.52895118037732
472,13,0.481688726727692,0.492974845177335
472,14,0.447053568307938,0.457528174096483
472,15,0.413302052667475,0.422985849823315
472,16,0.380723993897437,0.38964447688432
472,17,0.349540022565851,0.357729855291164
472,18,0.319909531724438,0.327405112724931
472,19,0.291938842263822,0.298779061208169
472,20,0.265689169441461,0.271914350291082
472,21,0.241184121630279,0.246835141498202
472,22,0.218416571467135,0.223534140470025
472,23,0.197354818068027,0.201978903560861
472,24,0.177948014209876,0.182117392181196
472,25,0.160130870111495,0.16388278678972
472,26,0.143827670140934,0.147197597713402
472,27,0.128955653875348,0.131977125426645
472,28,0.115427821083292,0.118132331255203
472,29,0.103155223400227,0.105572182746366
472,30,0.0920488052470997,0.0942055377208371
472,31,0.0820208540389004,0.0839426284601382
472,32,0.0729861157893475,0.0746962034502605
472,33,0.0648626274560288,0.0663823792289152
472,34,0.0575723122303946,0.0589212496233583
472,35,0.0510413787695409,0.0522372943363002
472,36,0.0452005603028798,0.0462596236549206
473,0,0.767133417752441,0.790587879191904
473,1,0.766361206266126,0.789792057986458
473,2,0.761768844655756,0.785059288767954
473,3,0.751388163060005,0.774361226530754
473,4,0.734627883634834,0.757088515606192
473,5,0.711754039506458,0.733515322860396
473,6,0.683526876671253,0.704425138174047
473,7,0.650952501806822,0.670854829093361
473,8,0.615117848424271,0.633924561210766
473,9,0.577085428495051,0.594729331910925
473,10,0.537830360573761,0.554274073181156
473,11,0.498206743542949,0.513438997261662
473,12,0.458933908931271,0.472965428639834
473,13,0.420595692349952,0.433455053211493
473,14,0.383647816395554,0.395377526909726
473,15,0.348429928716006,0.359082881824694
473,16,0.315179909912795,0.324816271557946
473,17,0.284048849129196,0.292733404676709
473,18,0.255115651707672,0.262915598988175
473,19,0.228400647701046,0.235383806119497
473,20,0.20387785390138,0.210111248447925
473,21,0.18148573703975,0.1870345113764
473,22,0.161136455846674,0.166063067962231
473,23,0.142723642767895,0.147087298552318
473,24,0.126128835790554,0.129985119257022
473,25,0.11122669707543,0.114627360137714
473,26,0.0978891653041656,0.100882044508535
473,27,0.0859886882356164,0.0886177203254466
473,28,0.0754006748213616,0.0777059872731231
473,29,0.0660052951323456,0.0680233517228376
473,30,0.0576887432367403,0.0594525282217582
473,31,0.0503440643678199,0.0518832919507876
473,32,0.0438716341044342,0.0452129725555779
473,33,0.0381793644054059,0.0393466664802567
473,34,0.0331826995116539,0.034197232744261
473,35,0.0288044541135151,0.0296851261617614
473,36,0.0249745368230613,0.0257381123593756
474,0,0.767817981895342,0.767817981895342
474,1,0.767487007654944,0.767487007654944
474,2,0.765435307360047,0.765435307360047
474,3,0.760575889328063,0.760575889328063
474,4,0.752345546079284,0.752345546079284
474,5,0.74055786270207,0.74055786270207
474,6,0.725289601290661,0.725289601290661
474,7,0.706793717188594,0.706793717188594
474,8,0.685433527768108,0.685433527768108
474,9,0.661633594196867,0.661633594196867
474,10,0.635843729699526,0.635843729699526
474,11,0.608513246399032,0.608513246399032
474,12,0.580073123725367,0.580073123725367
474,13,0.550924246909337,0.550924246909337
474,14,0.521430242771682,0.521430242771682
474,15,0.491913747262841,0.491913747262841
474,16,0.462655187768972,0.462655187768972
474,17,0.433893363646873,0.433893363646873
474,18,0.405827269529788,0.405827269529788
474,19,0.378618734882609,0.378618734882609
474,20,0.352395556038848,0.352395556038848
474,21,0.32725487843209,0.32725487843209
474,22,0.303266650978245,0.303266650978245
474,23,0.280477024885311,0.280477024885311
474,24,0.258911608279261,0.258911608279261
474,25,0.238578518157477,0.238578518157477
474,26,0.21947119412535,0.21947119412535
474,27,0.201570955610491,0.201570955610491
474,28,0.184849296978097,0.184849296978097
474,29,0.169269924157819,0.169269924157819
474,30,0.154790542817324,0.154790542817324
474,31,0.141364412407741,0.141364412407741
474,32,0.128941683063109,0.128941683063109
474,33,0.117470533759897,0.117470533759897
474,34,0.106898130650312,0.106898130650312
474,35,0.0971714243245058,0.0971714243245058
474,36,0.0882378041269646,0.0882378041269646
475,0,0.765161770780645,0.765161770780645
475,1,0.764488164646516,0.764488164646516
475,2,0.760452333014343,0.760452333014343
475,3,0.751252972028274,0.751252972028274
475,4,0.736272090136705,0.736272090136705
475,5,0.715649133631142,0.715649133631142
475,6,0.689977761579362,0.689977761579362
475,7,0.6600939596684,0.6600939596684
475,8,0.62693158807837,0.62693158807837
475,9,0.591427202779122,0.591427202779122
475,10,0.554460431053764,0.554460431053764
475,11,0.51681960400581,0.51681960400581
475,12,0.47918497497942,0.47918497497942
475,13,0.442123859448986,0.442123859448986
475,14,0.406093557606316,0.406093557606316
475,15,0.371449074357954,0.371449074357954
475,16,0.33845351791604,0.33845351791604
475,17,0.307289704163664,0.307289704163664
475,18,0.278071971348277,0.278071971348277
475,19,0.250857558690359,0.250857558690359
475,20,0.225657154394096,0.225657154394096
475,21,0.202444397399781,0.202444397399781
475,22,0.181164241546963,0.181164241546963
475,23,0.161740174805413,0.161740174805413
475,24,0.144080340685136,0.144080340685136
475,25,0.128082642046696,0.128082642046696
475,26,0.113638925466558,0.113638925466558
475,27,0.100638351679372,0.100638351679372
475,28,0.0889700578368664,0.0889700578368664
475,29,0.0785252128972457,0.0785252128972457
475,30,0.0691985602044363,0.0691985602044363
475,31,0.0608895325265205,0.0608895325265205
475,32,0.0535030154002776,0.0535030154002776
475,33,0.0469498251869053,0.0469498251869053
475,34,0.0411469591827259,0.0411469591827259
475,35,0.036017666693227,0.036017666693227
475,36,0.0314913823037894,0.0314913823037894
476,0,0.764660323827061,0.781103396419191
476,1,0.764009506339067,0.7804385839077
476,2,0.760103125318284,0.776448201004387
476,3,0.751180616169166,0.767333824354013
476,4,0.736620114374757,0.752460217013882
476,5,0.716533481051974,0.731941645535599
476,6,0.691476652811915,0.70634600125809
476,7,0.662246198642368,0.676486982398008
476,8,0.629739778491945,0.643281551968657
476,9,0.594863498572605,0.607655300873113
476,10,0.558473269763835,0.570482545293564
476,11,0.52134045370444,0.532551234044881
476,12,0.484134528683393,0.494545241716934
476,13,0.447417384296103,0.457038540644507
476,14,0.411645286224375,0.420497207937429
476,15,0.377175639779734,0.385286334465502
476,16,0.344276501065975,0.35167974054682
476,17,0.313137398935128,0.319871030616489
476,18,0.283880487150701,0.289984985203309
476,19,0.256571381615206,0.262088631198455
476,20,0.231229281145683,0.236201580265736
476,21,0.207836144543499,0.2123054032529
476,22,0.186344818934525,0.190351933321698
476,23,0.166686097876834,0.17027047583144
476,24,0.148774742741275,0.151973959201895
476,25,0.132514535127581,0.135364095975343
476,26,0.117802447458778,0.120335643094457
476,27,0.104532027813828,0.106779859521563
476,28,0.092596096803228,0.09458726110722
476,29,0.081888851294339,0.083649769553547
476,30,0.0723074638251535,0.0738623462214038
476,31,0.0637532588821369,0.0651241937026297
476,32,0.056132538759592,0.0573395994384893
476,33,0.0493571230846141,0.0504184868464438
476,34,0.0433446576955882,0.0442767308406972
476,35,0.0380187406639949,0.0388362865639451
476,36,0.0333089060001547,0.0340251727427311
477,0,0.768236652121777,0.797494601986787
477,1,0.767350603528752,0.796574808628733
477,2,0.762122839682718,0.791147947730911
477,3,0.750410914032241,0.778989978621613
477,4,0.731673458118366,0.759538915065859
477,5,0.706336059249222,0.733236552674373
477,6,0.675357002797882,0.701077672690773
477,7,0.639937147368095,0.664308867882524
477,8,0.60133258662388,0.624234069679975
477,9,0.560739616963927,0.582095134895991
477,10,0.519229703719802,0.539004335140862
477,11,0.477718259323663,0.49591194592048
477,12,0.436955607127352,0.453596866316507
477,13,0.397531882452221,0.412671706690504
477,14,0.359890107900139,0.373596361962313
477,15,0.324343494586853,0.336695971753173
477,16,0.29109433372102,0.302180531442094
477,17,0.260252782237176,0.270164393241278
477,18,0.231854509229299,0.240684584686219
477,19,0.205876630072116,0.21371734960091
477,20,0.182251667454793,0.189192640831264
477,21,0.16087948426903,0.167006507591924
477,22,0.141637263005329,0.147031454923382
477,23,0.124387682631548,0.129124931983303
477,24,0.108985483438947,0.113136146911803
477,25,0.0952826250967752,0.0989114213282339
477,26,0.0831322418290561,0.0862982961391215
477,27,0.072391587376964,0.0751485886581108
477,28,0.0629241455441137,0.0653205835304341
477,29,0.0546010625908713,0.0566805196793191
477,30,0.0473020375134969,0.0491035144910147
477,31,0.0409157865744248,0.0424740460365003
477,32,0.0353401801009487,0.0366860950800873
477,33,0.0304821329525797,0.0316430313752754
477,34,0.0262573153469477,0.0272573134775875
477,35,0.0225897379483683,0.0234500580314204
477,36,0.0194112541812419,0.0201505231292713
478,0,0.773366864724968,0.801236662021637
478,1,0.772323733956995,0.800155939983099
478,2,0.76622808380569,0.793840621079671
478,3,0.752719055991045,0.779844768856014
478,4,0.731345251844611,0.757700717604111
478,5,0.702764871535333,0.728090387031624
478,6,0.66821151815555,0.692291835546596
478,7,0.629147699475953,0.651820275266094
478,8,0.587049228884117,0.608204703418166
478,9,0.543279448791351,0.562857593141569
478,10,0.499023822050755,0.517007127776828
478,11,0.45526398368585,0.471670317497825
478,12,0.412776592878012,0.427651809928345
478,13,0.372146860853369,0.385557905533003
478,14,0.333789896844858,0.345818672823061
478,15,0.297975344600855,0.308713472690147
478,16,0.264852425431441,0.274396903927983
478,17,0.234473646761037,0.242923366169386
478,18,0.206816216046722,0.214269245497287
478,19,0.181800721180109,0.188352268031653
478,20,0.159306975534266,0.165047915983873
478,21,0.139187133826411,0.144203016175374
478,22,0.121276304036314,0.125646734377396
478,23,0.105400939645742,0.109199269981306
478,24,0.0913853160711359,0.0946785658222748
478,25,0.0790563899003421,0.0819053425281645
478,26,0.0682473195318419,0.0707067460319284
478,27,0.0587998979576719,0.0609188680246503
478,28,0.0505661173299731,0.0523883669043288
478,29,0.0434090535691526,0.0449733842626363
478,30,0.0372032294240486,0.0385439210286707
478,31,0.0318345871041686,0.0329818091149434
478,32,0.0272001773589463,0.0281803892919942
478,33,0.0232076508157709,0.0240439841957864
478,34,0.019774619422814,0.0204872367588678
478,35,0.0168279407592237,0.0174343687292748
478,36,0.0143029654901483,0.0148184010061158
479,0,0.762616944542846,0.774784956963804
479,1,0.762206503407507,0.774367966993078
479,2,0.759686676301436,0.771807934528676
479,3,0.753783065578454,0.765810128142826
479,4,0.743894974444217,0.75576426656223
479,5,0.729891251133956,0.741537105416764
479,6,0.711956040300435,0.723315727497977
479,7,0.690473596030142,0.701490517897614
479,8,0.665943497536315,0.67656902691599
479,9,0.638919376755364,0.649113720020331
479,10,0.609965693856866,0.619698063682005
479,11,0.579628245347743,0.588876562919755
479,12,0.548415011918656,0.557165303561948
479,13,0.516784691977847,0.525030302826052
479,14,0.485140856751657,0.492881571160261
479,15,0.453830132348694,0.461071265301404
479,16,0.423143186503346,0.429894690762543
479,17,0.39331759175478,0.399593210695718
479,18,0.364541867974734,0.370358352920705
479,19,0.336960187936588,0.34233659057427
479,20,0.310677370158708,0.315634414617335
479,21,0.285763891762029,0.290323426675728
479,22,0.26226073718104,0.26644526511526
479,23,0.240183961596827,0.244016241287094
479,24,0.219528895210839,0.223031610883234
479,25,0.20027394938675,0.203469440807666
479,26,0.182384011002671,0.185294057687504
479,27,0.165813429265117,0.168459082343373
479,28,0.150508611475667,0.152910066973086
479,29,0.136410252183122,0.138586759871271
479,30,0.123455224877199,0.125425027306174
479,31,0.111578167728537,0.113358464561101
479,32,0.100712795510517,0.102319728788738
479,33,0.0907929692579059,0.0922416257368517
479,34,0.0817535538136598,0.0830579809777564
479,35,0.0735310914824886,0.0747043243104346
479,36,0.0660643177683191,0.0671184137268988
480,0,0.757118312673031,0.777565242697381
480,1,0.756709999808274,0.777145902831383
480,2,0.754203470337938,0.774571681387645
480,3,0.748331624247936,0.768541258726311
480,4,0.738497783183439,0.758441842444901
480,5,0.724572384680427,0.744140371082488
480,6,0.706739409504825,0.725825794036428
480,7,0.68538172713737,0.703891320658189
480,8,0.660996726344315,0.678847772321753
480,9,0.634135361852728,0.651260982977901
480,10,0.605359171397595,0.621707655392738
480,11,0.575210963044737,0.59074525684499
480,12,0.544195792569897,0.558892482775339
480,13,0.512769587268611,0.526617573368009
480,14,0.481333360640854,0.494332371995714
480,15,0.450231430340964,0.462390495043075
480,16,0.419752422783907,0.43108836364355
480,17,0.390132140738572,0.400668148715672
480,18,0.361557600480849,0.37132191714452
480,19,0.334171725101423,0.343196451838175
480,20,0.308078320480677,0.316398362085071
480,21,0.283347068440002,0.290999211551616
480,22,0.260018354262899,0.267040476176566
480,23,0.238107808473124,0.244538208605585
480,24,0.21761048973757,0.223487334058663
480,25,0.198504670455583,0.203865538154031
480,26,0.180755211741909,0.185636733036745
480,27,0.164316532287203,0.16875410641701
480,28,0.149135187717644,0.153162770588629
480,29,0.135152084939573,0.138802036574804
480,30,0.122304360620765,0.125607343340145
480,31,0.110526955266906,0.113511874377062
480,32,0.099753914953464,0.102447894592534
480,33,0.0899194521733573,0.0923478398053053
480,34,0.0809587958455657,0.0831451897100406
480,35,0.0728088585914357,0.0747751531742677
480,36,0.0654087471426425,0.067175192430545
481,0,0.758393252942931,0.782297621254868
481,1,0.757964810870639,0.781855674794112
481,2,0.755340292232989,0.779148431976213
481,3,0.749206711605176,0.772821522399561
481,4,0.73895964035755,0.762251465993151
481,5,0.72448484428808,0.747320427921076
481,6,0.705994169252739,0.728246931368448
481,7,0.683903697236489,0.705460173121786
481,8,0.658744648513756,0.679508117387569
481,9,0.631099481861878,0.65099158190016
481,10,0.601557233419266,0.620518169071797
481,11,0.570683408727072,0.588671209038832
481,12,0.539000761437804,0.555989932519991
481,13,0.506978104842885,0.522957929686031
481,14,0.475024948496233,0.489997617731026
481,15,0.443490264147928,0.457468967908559
481,16,0.412664089260015,0.425671159589956
481,17,0.382780993915787,0.39484615644969
481,18,0.354024685267663,0.365183456044323
481,19,0.326533216805282,0.336825463275442
481,20,0.300404418977246,0.309873092183264
481,21,0.275701282183716,0.284391318609829
481,22,0.252457110203564,0.260414496060908
481,23,0.230680327609361,0.23795131464952
481,24,0.210358873360435,0.216989333173967
481,25,0.191464148301395,0.197499051040531
481,26,0.173954509714552,0.179437512963332
481,27,0.157778323743943,0.1627514576
481,28,0.142876598291692,0.14738003343628
481,29,0.129185226350123,0.133257112827424
481,30,0.116636873820986,0.120313239321009
481,31,0.105162547576801,0.108477245143192
481,32,0.0946928795259226,0.0976775757371848
481,33,0.0851591612787996,0.0878433570419405
481,34,0.0764941620774327,0.0789052392025473
481,35,0.0686327602426525,0.0707960479205673
481,36,0.0615124157361008,0.0634512719110559
482,0,0.770417979624746,0.783851097783852
482,1,0.769523228669241,0.782940745822626
482,2,0.764246308829871,0.777571816853675
482,3,0.752429780765241,0.765549254114465
482,4,0.733534025858109,0.74632403012031
482,5,0.707994905208956,0.720339605708222
482,6,0.676784343944371,0.688584852630404
482,7,0.641117127198318,0.652295737188282
482,8,0.602261865981843,0.612762990076063
482,9,0.561425164777769,0.571214254305026
482,10,0.519686346612663,0.528747672132509
482,11,0.477966319922245,0.486300209085522
482,12,0.437018808305843,0.444638730795949
482,13,0.397435595922597,0.404365339856226
482,14,0.359659963994444,0.365931046603122
482,15,0.324004333918421,0.329653719857867
482,16,0.290669462218029,0.295737616563441
482,17,0.259763482866351,0.264292756132357
482,18,0.231319762433748,0.235353086919273
482,19,0.205312997704435,0.208892864517911
482,20,0.181673299896123,0.184840981555173
482,21,0.160298216247598,0.163093198888834
482,22,0.141062769585338,0.143522360225491
482,23,0.123827672472953,0.125986749493075
482,24,0.108445911481894,0.110336789915855
482,25,0.0947679111929924,0.096420298056247
482,26,0.0826454855068044,0.0840865040207678
482,27,0.0719347719202874,0.0731890368991814
482,28,0.0624983269545908,0.0635880567284681
482,29,0.0542065408576183,0.0551516938623437
482,30,0.0469385090248856,0.0477569355863357
482,31,0.0405824775398153,0.0412900794265821
482,32,0.0350359615830928,0.0356468536237911
482,33,0.0302056186033594,0.0307322880925183
482,34,0.0260069432440909,0.0264604040287486
482,35,0.0223638380934982,0.0227537771753293
482,36,0.0192081032768675,0.0195430185147701
483,0,0.760995290318287,0.796678118348173
483,1,0.760417845953864,0.796073597800474
483,2,0.756930976678456,0.792423230329611
483,3,0.748912594250562,0.784028868490422
483,4,0.735736489162798,0.770234940010145
483,5,0.717432148539524,0.75107231465506
483,6,0.694437809612822,0.726999778462197
483,7,0.667424076079001,0.698719379522695
483,8,0.637170535138896,0.667047259634211
483,9,0.604481830690169,0.632825792191805
483,10,0.570132797779337,0.596866144011807
483,11,0.534834724954718,0.559912955737183
483,12,0.499216728372611,0.522624842581454
483,13,0.463817709125585,0.485565974538663
483,14,0.42908551467615,0.449205198496927
483,15,0.395380809165778,0.413920090025031
483,16,0.362983833408382,0.380004030339854
483,17,0.332102749254592,0.347674941935243
483,18,0.302882650833515,0.317084722358042
483,19,0.27541461540703,0.288328719454081
483,20,0.249744381590497,0.261454816507901
483,21,0.225880400052266,0.236471860437015
483,22,0.203801115218547,0.213357284933607
483,23,0.183461416662637,0.192063864357358
483,24,0.164798254035761,0.17252559194862
483,25,0.147735446002214,0.154662714252995
483,26,0.132187736594074,0.138385977677239
483,27,0.118064165460647,0.123600156768638
483,28,0.105270824509972,0.110206940114554
483,29,0.0937130745754038,0.0981072509478061
483,30,0.0832972935960235,0.087203077298704
483,31,0.0739322235620116,0.0773988820982647
483,32,0.0655299780100378,0.0686026579147405
483,33,0.0580067657789256,0.0607266846459577
483,34,0.0512833804867332,0.0536880419478231
483,35,0.0452854990622907,0.04740892176391
483,36,0.0399438268492911,0.0418167802334345
484,0,0.767674816623821,0.779604028584245
484,1,0.767085271510828,0.77900532228938
484,2,0.763527526678627,0.775392292209722
484,3,0.755351835838325,0.767089555976181
484,4,0.741926786133405,0.753455888950437
484,5,0.723289979207329,0.734529477083216
484,6,0.699894835678218,0.710770786880487
484,7,0.672430056131729,0.682879220927095
484,8,0.641693581878937,0.651665120069474
484,9,0.608507068930329,0.617962908365848
484,10,0.573660154315499,0.582574493337554
484,11,0.537876343248473,0.546234623041117
484,12,0.501794328968625,0.509591915630555
484,13,0.465960094159662,0.473200838037097
484,14,0.430826328986839,0.43752111496304
484,15,0.396756611717003,0.402921974466152
484,16,0.364032493632869,0.36968934296932
484,17,0.332862158021861,0.338034638804949
484,18,0.30338972090856,0.308104217475282
484,19,0.275704538437229,0.279988823666141
484,20,0.249850105589246,0.253732628245149
484,21,0.225832291401411,0.229341591450466
484,22,0.203626771212231,0.206791010629762
484,23,0.183185597731379,0.186032193420222
484,24,0.164442908445895,0.166998253844442
484,25,0.147319803634163,0.149609066125863
484,26,0.131728452111995,0.133775434235719
484,27,0.117575494641967,0.119402548189332
484,28,0.104764820621613,0.1063928038824
484,29,0.0931997944269463,0.0946480640305744
484,30,0.082785005263426,0.0840714352120799
484,31,0.0734276097739653,0.074568631339051
484,32,0.0650383308500626,0.0660489879895982
484,33,0.0575321697138905,0.0584261855552313
484,34,0.0508288818231446,0.0516187325409868
484,35,0.0448532607919077,0.0455502538982545
484,36,0.0395352685101224,0.0401496231662302
485,0,0.771876362465409,0.800523551997406
485,1,0.770956212387729,0.799569251743668
485,2,0.76553800770601,0.79394995742637
485,3,0.753426542821803,0.781388991239985
485,4,0.734094224266988,0.761339178769482
485,5,0.708012762972477,0.734289737884835
485,6,0.676197846362389,0.701294051930855
485,7,0.639906756842574,0.663656065718315
485,8,0.600444565473385,0.622729286326389
485,9,0.559046318384109,0.579794597018736
485,10,0.516811469893297,0.535992256934184
485,11,0.474673408892078,0.4922902964813
485,12,0.433391817720038,0.449476592623867
485,13,0.393559212063704,0.408165651499213
485,14,0.35561565456388,0.368813868101988
485,15,0.319867556286976,0.331739025547703
485,16,0.286507863178425,0.29714123072017
485,17,0.25563590853005,0.265123503537434
485,18,0.227275902571123,0.23571095276001
485,19,0.201393505594729,0.20886796420732
485,20,0.177910250698454,0.184513158779697
485,21,0.156715790268278,0.162532093454623
485,22,0.137678069338021,0.142787812217215
485,23,0.120651602855236,0.1251294305261
485,24,0.105484070139576,0.109398974516546
485,25,0.0920214510501747,0.0954367077900284
485,26,0.0801119236030204,0.0830851736866197
485,27,0.0696087283554888,0.072192165977431
485,28,0.0603721852087842,0.062612820518062
485,29,0.052271026354646,0.0542109976658943
485,30,0.0451831868706973,0.0468601022173601
485,31,0.038996173180222,0.0404434655426261
485,32,0.0336071099558627,0.0348543942300608
485,33,0.0289225484289829,0.0299959712812478
485,34,0.0248581035965617,0.0257806798532853
485,35,0.0213379744710775,0.0221299057033664
485,36,0.0182943901768535,0.0189733627277096
486,0,0.767632983897679,0.778554429335265
486,1,0.767199216714139,0.77811449075898
486,2,0.764542107643192,0.775419577851631
486,3,0.758332440357115,0.76912156295169
486,4,0.74795838869291,0.758599915181542
486,5,0.733304413383615,0.743737451447255
486,6,0.71458509214895,0.724751802358288
486,7,0.692221753301162,0.702070290646447
486,8,0.66675226761497,0.676238439605874
486,9,0.638766354772654,0.647854359115033
486,10,0.608860369587164,0.617522888583926
486,11,0.577606823377201,0.585824684696631
486,12,0.545534927768281,0.553296488400638
486,13,0.513119271177638,0.520419640287217
486,14,0.480774392552995,0.487614577128435
486,15,0.448853535347121,0.45523956812397
486,16,0.417650273868914,0.423592364390991
486,17,0.387402025691536,0.39291376134484
486,18,0.35829471525391,0.363392328651594
486,19,0.330468049350908,0.335169760774934
486,20,0.304021016326857,0.308346454409043
486,21,0.279017336699312,0.282987036650752
486,22,0.255490681069502,0.259125657147451
486,23,0.233449537477388,0.236770924702105
486,24,0.212881659596905,0.215910418754889
486,25,0.193758063140863,0.196514742646661
486,26,0.176036563576641,0.178541111667267
486,27,0.159664866137286,0.161936487029557
486,28,0.14458323103689,0.14664027900393
486,29,0.130726744248505,0.132586650003588
486,30,0.11802722833725,0.119706452603891
486,31,0.106414829562252,0.107928839224673
486,32,0.0958193174643758,0.0971825802077774
486,33,0.0861711319753068,0.0873971258238056
486,34,0.0774022111216154,0.0785034457522862
486,35,0.0694466299581724,0.070434677105471
486,36,0.062241078672934,0.0631266093353235
487,0,0.762741833548225,0.785845100041091
487,1,0.762131763446051,0.785216551062408
487,2,0.758457914193303,0.781431421800348
487,3,0.750035442357233,0.772753835320241
487,4,0.736238773823512,0.758539269018457
487,5,0.717133019798355,0.738854806303969
487,6,0.693208201718886,0.71420531124525
487,7,0.665190849915536,0.685339320601513
487,8,0.633913372773011,0.653114456207017
487,9,0.600226156567178,0.618406862333179
487,10,0.564940916513222,0.582052840853614
487,11,0.528796588345106,0.544813709687753
487,12,0.49244119524888,0.507357120487929
487,13,0.456424780886271,0.470249777605946
487,14,0.421199771594978,0.433957811264344
487,15,0.387126103564395,0.398852060033029
487,16,0.354479190160468,0.365216279482494
487,17,0.323459362874766,0.33325686909695
487,18,0.2942018377021,0.303113140531136
487,19,0.266786569349951,0.274867470301373
487,20,0.241247583772031,0.248554914999319
487,21,0.217581544766061,0.224172037369928
487,22,0.195755428068799,0.20168481285298
487,23,0.175713258355877,0.181035570645005
487,24,0.15738191993645,0.162148980398489
487,25,0.140676087726677,0.144937132553344
487,26,0.125502346637234,0.129303782499683
487,27,0.111762578873426,0.115147840478432
487,28,0.0993567028760424,0.10236619348405
487,29,0.088184847007375,0.0908559447909676
487,30,0.0781490372958075,0.080516152819558
487,31,0.0691544728250452,0.0712491451565972
487,32,0.0611104555753163,0.0629614765611316
487,33,0.0539310343174418,0.055564592361945
487,34,0.0475354149543639,0.0489752512282323
487,35,0.0418481827810884,0.0431157541617429
487,36,0.0367993756690311,0.0379140198978623
488,0,0.778371713935882,0.796715976819816
488,1,0.777491261998519,0.795814774845541
488,2,0.772290507909674,0.790491452068122
488,3,0.760623899141545,0.778549890684969
488,4,0.741934003034032,0.759419520750708
488,5,0.716626860629128,0.733515952673077
488,6,0.685642942612309,0.701801821665344
488,7,0.650169509597739,0.66549236908716
488,8,0.611454080955973,0.625864515201834
488,9,0.570689237696061,0.584138947152218
488,10,0.528946916095214,0.541412864056546
488,11,0.487146300950396,0.498627113584739
488,12,0.446043872005893,0.456556003805325
488,13,0.406237457263526,0.41581145202197
488,14,0.368178581276508,0.376855624085552
488,15,0.332189178711758,0.340018041853088
488,16,0.298480036565486,0.305514460039943
488,17,0.267169256660332,0.273465763831565
488,18,0.238299687722158,0.243915811790478
488,19,0.211854734717844,0.216847617780383
488,20,0.187772265905724,0.192197585770791
488,21,0.165956545428875,0.169867723651505
488,22,0.146288251247087,0.149735897262045
488,23,0.12863271696391,0.131664266457826
488,24,0.112846577994657,0.115506087911607
488,25,0.0987830194536372,0.101111086680237
488,26,0.0862958237177543,0.0883295991591298
488,27,0.0752424059867744,0.07701568018306
488,28,0.0654860106215751,0.0670293511265735
488,29,0.0568972225733173,0.0582381469537433
488,30,0.0493549288156584,0.0505181003089212
488,31,0.0427468456521674,0.0437542812514611
488,32,0.0369697098848882,0.0378409929296457
488,33,0.031929215539975,0.0326817068151029
488,34,0.0275397633546075,0.0281888062857588
488,35,0.0237240775779088,0.0242831943957173
488,36,0.0204127337666218,0.0208938105422683
489,0,0.760504499645637,0.793942142613295
489,1,0.759776554408733,0.793182191289717
489,2,0.755435158987232,0.788649914643774
489,3,0.745590389187384,0.778372292838686
489,4,0.729643295912323,0.761724042356071
489,5,0.707807352165854,0.73892802211933
489,6,0.680771623622523,0.710703594444273
489,7,0.64946847941127,0.678024122597367
489,8,0.614917695974656,0.641954220258307
489,9,0.578125760569015,0.603544627625449
489,10,0.540024513752621,0.563768156154549
489,11,0.501437344360907,0.523484397204385
489,12,0.463064249845266,0.483424125512836
489,13,0.425479421435816,0.444186778184771
489,14,0.389136780619886,0.406246234596838
489,15,0.354380215813549,0.369961503152015
489,16,0.321456250647892,0.335589946561453
489,17,0.29052759920399,0.303301433072114
489,18,0.261686591558015,0.273192352302386
489,19,0.234967833473029,0.245298831551563
489,20,0.210359734097721,0.219608770345118
489,21,0.18781472347583,0.196072507184645
489,22,0.167258109136301,0.174612065542018
489,23,0.148595604393695,0.155129013161947
489,24,0.131719612578597,0.137511022595624
489,25,0.1165143804788,0.12163725122692
489,26,0.102860147673457,0.107382673043272
489,27,0.0906364212481115,0.0946214973324381
489,28,0.0797245012826916,0.0832298052104229
489,29,0.0700093741687757,0.0730875261835704
489,30,0.0613810801240498,0.0640798657895042
489,31,0.053735649542483,0.0560982831164775
489,32,0.0469756909349779,0.0490411045944299
489,33,0.0410107017536855,0.042813848485535
489,34,0.0357571627066952,0.0373293233456921
489,35,0.031138466452653,0.0325075535840103
489,36,0.0270847229008817,0.0282755762024199
490,0,0.763597341002902,0.767471771209913
490,1,0.763208269950347,0.767080726042785
490,2,0.760813764428794,0.764674070996836
490,3,0.755188239243131,0.759020002358309
490,4,0.745739203972595,0.749523023458698
490,5,0.732319019679059,0.736034746252028
490,6,0.715081842365174,0.718710108915848
490,7,0.694376107983154,0.697899315337783
490,8,0.67066482409388,0.674067722341058
490,9,0.644467484428622,0.64773745952548
490,10,0.616318679589624,0.619445829962111
490,11,0.586739493504584,0.58971656151571
490,12,0.556218595131863,0.559040802610807
490,13,0.525200594579823,0.527865419270945
490,14,0.49407976206373,0.496586682206089
490,15,0.463197631437784,0.465547858185171
490,16,0.432843347452976,0.435039559055904
490,17,0.403255883807524,0.405301971049429
490,18,0.374627470879427,0.376528299904899
490,19,0.347107738695072,0.348868934859167
490,20,0.320808211099568,0.322435965620176
490,21,0.295806888492925,0.297307788355559
490,22,0.272152734754697,0.273533615383576
490,23,0.249869943853086,0.251137763430635
490,24,0.228961906962971,0.230123640878161
490,25,0.209414834794661,0.210477388470737
490,26,0.19120101474669,0.192171152995433
490,27,0.174281700432291,0.175165991469498
490,28,0.158609643679028,0.159414415987148
490,29,0.144131287527748,0.144862597845617
490,30,0.130788644060894,0.131452254901416
490,31,0.118520883859387,0.119122249091989
490,32,0.107265665139508,0.107809922316524
490,33,0.0969602306374169,0.0974521988859796
490,34,0.0875422994610663,0.0879864819001745
490,35,0.0789507797020274,0.0793513694753533
490,36,0.0711263258093981,0.0714872149461618
491,0,0.766561738470908,0.793471255284642
491,1,0.765950803816293,0.792838874273478
491,2,0.762271060472856,0.789029956578647
491,3,0.753833300668497,0.780295996184132
491,4,0.740008608726143,0.765985999847367
491,5,0.720859884614023,0.746165075588022
491,6,0.69687602383675,0.721339281183679
491,7,0.668783385973503,0.692260474466726
491,8,0.637414993859767,0.659790920851388
491,9,0.603622452916625,0.624812120663815
491,10,0.56821912923598,0.5881659925409
491,11,0.531945886001554,0.550619407056635
491,12,0.495452818026884,0.512845280066146
491,13,0.459292076618812,0.475415145691947
491,14,0.42391814713244,0.438799443622221
491,15,0.389692913011187,0.403372760919831
491,16,0.35689357882041,0.36942203318749
491,17,0.325722082841715,0.33715628758342
491,18,0.296315048150822,0.306716943223595
491,19,0.268753631890543,0.278188006205307
491,20,0.243072860819272,0.251605732872377
491,21,0.21927020678271,0.22696750632174
491,22,0.197313273775918,0.204239793313454
491,23,0.177146550549586,0.183365133921641
491,24,0.15869723838311,0.164268173886729
491,25,0.141880199694807,0.146860786942534
491,26,0.126602094930023,0.131046356926414
491,27,0.112764786716471,0.116723301434668
491,28,0.100268094658866,0.103787923321963
491,29,0.0890119836454412,0.0921366758265417
491,30,0.0788982648466047,0.0816679232810307
491,31,0.0698318829352175,0.0722832735195276
491,32,0.0617218563372447,0.0638885511349723
491,33,0.0544819301575088,0.0563944733253202
491,34,0.0480309942487431,0.0497170826385643
491,35,0.0422933119880902,0.0437779837802438
491,36,0.0371985988717651,0.0385044249671085
492,0,0.767796028965319,0.782489755215981
492,1,0.76707338127584,0.781753277828348
492,2,0.762759541399326,0.777356881674068
492,3,0.75296693275126,0.767376866598609
492,4,0.737087177415515,0.751193211829905
492,5,0.715319723936591,0.729009182866702
492,6,0.688339289314819,0.701512409132067
492,7,0.65706589518158,0.669640519206993
492,8,0.622510032374286,0.634423342236445
492,9,0.585672235758139,0.596880560860367
492,10,0.547481534523188,0.557958983600929
492,11,0.508761210039553,0.518497647407366
492,12,0.47021331652601,0.479212042088267
492,13,0.432415712974235,0.440691085434146
492,14,0.395827085008164,0.403402241182839
492,15,0.360796732926417,0.367701494380964
492,16,0.327576868451718,0.33384588346286
492,17,0.296335876378896,0.30200701569389
492,18,0.267171519273566,0.272284524574557
492,19,0.24012344062112,0.244718812268989
492,20,0.215184590500645,0.21930269393814
492,21,0.192311385650981,0.1959917522445
492,22,0.171432543833289,0.174713340782624
492,23,0.152456616720419,0.155374261129457
492,24,0.135278298277057,0.137867191951353
492,25,0.119783615834828,0.122075979423584
492,26,0.105854125595802,0.107879913025445
492,27,0.0933702381305061,0.0951571146801252
492,28,0.08221379624288,0.0837871659536462
492,29,0.0722700200087766,0.0736530903166158
492,30,0.0634289237473842,0.064642797232995
492,31,0.0555862984773606,0.0566500834180233
492,32,0.0486443419409993,0.0495752749194986
492,33,0.042512007141016,0.0433255823246987
492,34,0.0371051298925192,0.0378152307533828
492,35,0.0323463863549231,0.0329654165769703
492,36,0.0281651229709045,0.0287041341029475
493,0,0.757622247861531,0.771183229116206
493,1,0.757312172400948,0.77086760349191
493,2,0.755385884214963,0.768906835909292
493,3,0.750812455658977,0.764251545740751
493,4,0.743047275207889,0.756347373243385
493,5,0.731897989757671,0.744998522308626
493,6,0.717420366033298,0.73026175785219
493,7,0.699838127294769,0.712364807645483
493,8,0.679481917720869,0.691644234198655
493,9,0.656743451081482,0.668498762721795
493,10,0.632041644936668,0.643354809146606
493,11,0.60579815368272,0.616641575228743
493,12,0.578420215911815,0.588773588885544
493,13,0.550289142638074,0.560138986368284
493,14,0.521753108711068,0.531092174646328
493,15,0.49312318330377,0.501949790843218
493,16,0.464671757641169,0.472989101822567
493,17,0.436632708202161,0.444448170311175
493,18,0.409202779014954,0.416527261936681
493,19,0.382543783622148,0.389391086606499
493,20,0.356785320989084,0.363171563029273
493,21,0.332027774345264,0.337970871233768
493,22,0.308345421215074,0.313864618267253
493,23,0.285789529620748,0.290904989818634
493,24,0.264391352022113,0.269123797747922
493,25,0.244164956959819,0.248535362414155
493,26,0.225109860202382,0.2291391909184
493,27,0.207213433779298,0.210922429257097
493,28,0.190453083686305,0.193862079006935
493,29,0.174798196148025,0.177926978424424
493,30,0.160211858825476,0.163079554461977
493,31,0.146652367833549,0.149277356760099
493,32,0.134074534347024,0.136474387640854
493,33,0.122430806292338,0.124622243877244
493,34,0.111672221440835,0.113671086846256
493,35,0.101749208371472,0.103570457828306
493,36,0.0926122514414441,0.0942699548804543
494,0,0.771317189401872,0.785658908936405
494,1,0.770464584212586,0.784790450574563
494,2,0.765421467078121,0.77965356271579
494,3,0.754091134383003,0.768112556051546
494,4,0.735911438234752,0.749594830222427
494,5,0.711256138622676,0.724481094837189
494,6,0.681022278571285,0.693685072361233
494,7,0.646352425212551,0.658370574594198
494,8,0.608453644370755,0.619767111303985
494,9,0.568484956970265,0.579055254021198
494,10,0.527492492106806,0.537300583359425
494,11,0.486377169348039,0.495420770406896
494,12,0.445883948906395,0.45417462701915
494,13,0.406604820045495,0.414165149791295
494,14,0.368990015075373,0.375850942564047
494,15,0.333363637916613,0.3395621355823
494,16,0.299941135121174,0.305518181368663
494,17,0.268846929966616,0.273845816702554
494,18,0.240131175464954,0.24459612713119
494,19,0.213785027072673,0.217760103657361
494,20,0.189754141310921,0.193282392350299
494,21,0.167950310550931,0.171073145466003
494,22,0.148261275409917,0.151018016292886
494,23,0.130558835734476,0.132986420949206
494,24,0.11470542466874,0.116838234688135
494,25,0.100559329270391,0.102429109584888
494,26,0.0879787438591169,0.0896146032523276
494,27,0.0768248347168438,0.078253300525638
494,28,0.0669639811182925,0.0682090961621554
494,29,0.0582693408765913,0.0593527894964285
494,30,0.0506218706224624,0.0515631236902746
494,31,0.0439109131949534,0.044727384045338
494,32,0.038034447616823,0.0387416526264694
494,33,0.0328990816244157,0.0335108006527016
494,34,0.028419852848208,0.0289482859809867
494,35,0.0245198925639442,0.024975810605187
494,36,0.0211299954190143,0.0215228823820294
495,0,0.763620766465845,0.79374687866624
495,1,0.762844872265072,0.792940374145824
495,2,0.75823306277777,0.788146621086316
495,3,0.74781466436853,0.777317199492258
495,4,0.731003811607794,0.759843130566255
495,5,0.708075144813967,0.736009889645099
495,6,0.679797906207747,0.706617066837429
495,7,0.64718605743116,0.672718626262333
495,8,0.611332540490115,0.635450628309799
495,9,0.573303836851156,0.59592162891806
495,10,0.534077102759929,0.555147334775584
495,11,0.4945068079509,0.514015925872268
495,12,0.4553113188528,0.473274109389983
495,13,0.417072509868152,0.433526715646421
495,14,0.38024346197285,0.395244700417265
495,15,0.345160775201252,0.358777943169343
495,16,0.312059102933867,0.324370354750198
495,17,0.281086305544818,0.292175628872193
495,18,0.252318191271584,0.262272564534151
495,19,0.225772218531248,0.234679308916811
495,20,0.201419818561224,0.20936616617228
495,21,0.179197192280596,0.186266820239545
495,22,0.15901456489283,0.165287954556693
495,23,0.140763964209658,0.14631733725264
495,24,0.12432563759282,0.129230491247916
495,25,0.109573247897225,0.113896095186451
495,26,0.0963779983004977,0.100180270996522
495,27,0.0846118348480034,0.0879499127815169
495,28,0.0741498678408722,0.0770752037357525
495,29,0.0648721416253618,0.0674314557549795
495,30,0.0566648688416385,0.058900392378334
495,31,0.0494212310759518,0.0513709810275757
495,32,0.0430418339978277,0.044739906100202
495,33,0.0374348919937003,0.0389117608871844
495,34,0.0325162053399202,0.0337990238454137
495,35,0.0282089822401802,0.0293218736142058
495,36,0.0244435486249049,0.025407887365793
496,0,0.766635357652009,0.7985908356206
496,1,0.766099165538534,0.798032293539701
496,2,0.762848036382251,0.794645648345593
496,3,0.755337027803092,0.78682156019506
496,4,0.74293590765456,0.773903527126016
496,5,0.725625486441321,0.755871559771987
496,6,0.703774947990245,0.733110230560863
496,7,0.677980999802815,0.706241119409973
496,8,0.64895387464436,0.676004063546869
496,9,0.617438548132498,0.643175091229383
496,10,0.584162169096708,0.608511660857467
496,11,0.549800771833718,0.572717985703498
496,12,0.514959965932688,0.536424918836071
496,13,0.480165571539321,0.500180198036062
496,14,0.445861159110409,0.46444588300136
496,15,0.41241022160202,0.429600618077847
496,16,0.380101300569546,0.395944972029448
496,17,0.34915484327754,0.363708580971239
496,18,0.319730915429293,0.333058182586877
496,19,0.291937157208087,0.304105903799619
496,20,0.265836567737683,0.276917369710612
496,21,0.241454849648841,0.251519354307215
496,22,0.218787152869455,0.22790680535293
496,23,0.1978041342205,0.206049156564028
496,24,0.178457304086883,0.185895897144407
496,25,0.160683668947637,0.167381407829254
496,26,0.144409703246067,0.150429098313709
496,27,0.129554699320585,0.134954896818058
496,28,0.116033552484313,0.120870151257145
496,29,0.103759041808223,0.108084005092854
496,30,0.0926436672221829,0.0965053110105871
496,31,0.0826011013220928,0.0860441432417399
496,32,0.0735473105920043,0.0766129655214482
496,33,0.0654013962276955,0.068127506960013
496,34,0.058086199822149,0.06050739297502
496,35,0.0515287141533413,0.0536765732018987
496,36,0.0456603344123557,0.0475635831939164
497,0,0.751524094296007,0.782404210965288
497,1,0.750994926993209,0.781853300183909
497,2,0.747787466359103,0.77851404502805
497,3,0.740380137226666,0.770802348824013
497,4,0.728154920923462,0.758074798518991
497,5,0.71109668496863,0.740315639838653
497,6,0.689572891269647,0.717907433696164
497,7,0.664174609094576,0.691465536389232
497,8,0.635603955345993,0.661720914796144
497,9,0.604596404984385,0.629439264535329
497,10,0.571869034745943,0.595367127018083
497,11,0.538087825185537,0.560197847932864
497,12,0.503848763401068,0.524551903480792
497,13,0.469668752958829,0.488967436789944
497,14,0.435983321801427,0.453897871641244
497,15,0.403148881904661,0.419714264974605
497,16,0.371447882987157,0.38671067236445
497,17,0.341095654002759,0.355111270628939
497,18,0.312248070166918,0.325078339894391
497,19,0.28500944346752,0.296720478327112
497,20,0.259440229664374,0.27010062581341
497,21,0.23556428944174,0.245243623472795
497,22,0.213375547263273,0.222143146125202
497,23,0.192843967709765,0.20076792419638
497,24,0.173920822792868,0.181067227465484
497,25,0.156543260492831,0.162975621323972
497,26,0.140638208879056,0.146417031316429
497,27,0.126125664968783,0.131308167138425
497,28,0.112921425517428,0.117561365634991
497,29,0.100939320162698,0.105086915704611
497,30,0.0900930072382333,0.0937949279028118
497,31,0.0802973902365788,0.083596809107596
497,32,0.0714697091556405,0.0744063987093043
497,33,0.0635303564068835,0.0661408180444752
497,34,0.0564034620285266,0.0587210796554423
497,35,0.0500172879357477,0.0520724977402767
497,36,0.0443044660587687,0.046124936075963
498,0,0.753925428060722,0.768950931755007
498,1,0.753425319630604,0.768440856316502
498,2,0.750385051256529,0.765339996321578
498,3,0.743340519012468,0.75815506869978
498,4,0.731674508974369,0.746256558641916
498,5,0.71534069659911,0.729597218370858
498,6,0.694659977826667,0.708504339184732
498,7,0.670172299584371,0.683528628988347
498,8,0.642530789492018,0.655336232035635
498,9,0.612427872988124,0.624633373592787
498,10,0.580545357327737,0.592115449125364
498,11,0.547522274429702,0.558434226263331
498,12,0.51393570408086,0.524178285817564
498,13,0.480290922730993,0.489862974243288
498,14,0.447018103208903,0.455927037582498
498,15,0.414473477153259,0.422733807061707
498,16,0.382943404918929,0.390575350110262
498,17,0.352650209354175,0.359678420402941
498,18,0.323758945871266,0.330211362856006
498,19,0.296384522184136,0.302291375259064
498,20,0.270598763311642,0.275991714081676
498,21,0.246437153931189,0.251348571200038
498,22,0.223905091204116,0.22836745133927
498,23,0.202983554908458,0.207028955210185
498,24,0.183634154505041,0.18729392716188
498,25,0.165803549649026,0.169107963792724
498,26,0.149427265562634,0.152405305362291
498,27,0.134432940656164,0.137112148136483
498,28,0.120743053183749,0.123149425384695
498,29,0.108277178362874,0.110435109483042
498,30,0.0969538286596504,0.098886088875953
498,31,0.0866919288959883,0.0884196725817821
498,32,0.0774119752593722,0.0789547723012938
498,33,0.0690369237760432,0.0704128085978447
498,34,0.0614928497722703,0.0627183835015173
498,35,0.0547094156032807,0.0557997575597442
498,36,0.0486201796906303,0.0495891650336999
499,0,0.760338026711332,0.78449177513871
499,1,0.76004521482362,0.784189661460974
499,2,0.758221666815561,0.782308184586693
499,3,0.753880105089811,0.777828703953797
499,4,0.746487571843465,0.770201331225536
499,5,0.735842789814528,0.75921839514122
499,6,0.721980345687539,0.744915581104705
499,7,0.705096472792381,0.727495356213379
499,8,0.685492154136521,0.707268264837665
499,9,0.663530049074796,0.684608486975211
499,10,0.639602393837015,0.659920719070738
499,11,0.614107560196953,0.63361598802149
499,12,0.587433396646008,0.606094463147966
499,13,0.559945838344836,0.57773370431655
499,14,0.531981569107862,0.548881090816397
499,15,0.50384376180462,0.519849426445609
499,16,0.475800122093876,0.490914921100417
499,17,0.448082622066995,0.462316915957172
499,18,0.420888441607357,0.434258854736037
499,19,0.394381741436673,0.406910113071871
499,20,0.368695977377742,0.380408386294453
499,21,0.34393653402147,0.354862406759508
499,22,0.320183510816182,0.330354818444053
499,23,0.297494537143455,0.306945081449074
499,24,0.275907527309593,0.28467231450915
499,25,0.255443313300646,0.263558011382506
499,26,0.236108114050152,0.243608588560281
499,27,0.217895816026791,0.224817738301879
499,28,0.200790052126427,0.207168573567422
499,29,0.184766074936749,0.190635560790612
499,30,0.169792427075043,0.175186243278321
499,31,0.155832416002402,0.1607827628754
499,32,0.142845403914078,0.14738319083113
499,33,0.130787925337157,0.134942680899754
499,34,0.119614646207894,0.123414458884937
499,35,0.109279178671592,0.112750663323492
499,36,0.0997347658227125,0.102903051977707
500,0,0.762612041131488,0.779231925107612
500,1,0.762230713888773,0.778842287460407
500,2,0.759881910937438,0.776442296184696
500,3,0.754358583637355,0.770798596986534
500,4,0.745072296630227,0.761309930519991
500,5,0.731870485069431,0.747820407036774
500,6,0.71489730462084,0.730477323840067
500,7,0.694488826446194,0.709624076213723
500,8,0.671095149796265,0.685720572586606
500,9,0.645223485088531,0.659285077198893
500,10,0.617397461594223,0.630852630966614
500,11,0.588128886603162,0.600946195183615
500,12,0.557898968803814,0.57005746569584
500,13,0.527146651900495,0.538634952268779
500,14,0.49626221340021,0.50707743787032
500,15,0.465584691218345,0.475731349193516
500,16,0.435402026297766,0.444890902383832
500,17,0.405953068398414,0.414800152541648
500,18,0.377430797350364,0.38565628517727
500,19,0.349986273794238,0.357613653051279
500,20,0.323732960259177,0.330788191423337
500,21,0.298751152270874,0.305261945728985
500,22,0.275092335663947,0.281087523852521
500,23,0.252783344954098,0.258292345124093
500,24,0.231830242195058,0.236882603709993
500,25,0.212221869180312,0.216846898228817
500,26,0.193933050546006,0.198159504660772
500,27,0.176927443211749,0.180783287887383
500,28,0.161160040197776,0.164672260075265
500,29,0.146579345405277,0.149773802852235
500,30,0.133129241413775,0.136030575810284
500,31,0.12075057550311,0.123382137092321
500,32,0.10938249055123,0.111766303294711
500,33,0.098963527663631,0.101120276126712
500,34,0.0894325267213069,0.0913815625844103
500,35,0.0807293497723674,0.0824887141074675
500,36,0.0727954505518676,0.0743819085107095
