"rep","month","VE_inf","VE_sev"
1,0,0.765986554828777,0.775074257726961
1,1,0.765921480159422,0.775008411008466
1,2,0.765496649382464,0.774578540017866
1,3,0.764430203870574,0.773499442142944
1,4,0.762513130069913,0.771559624082577
1,5,0.759597505936093,0.768609408837825
1,6,0.755586303701517,0.76455061749879
1,7,0.750424564607682,0.759327639273501
1,8,0.744091781560459,0.752919723770637
1,9,0.736595343860485,0.745334347957869
1,10,0.727964914439724,0.736601526689673
1,11,0.718247624592966,0.726768950428883
1,12,0.707503984204413,0.715897846952003
1,13,0.695804417092272,0.704059475588948
1,14,0.683226341470475,0.691332173047225
1,15,0.669851724784309,0.677798879238002
1,16,0.655765050431137,0.663545079873903
1,17,0.64105164123232,0.648657110050523
1,18,0.625796291071348,0.633220769650235
1,19,0.610082161940069,0.617320207302931
1,20,0.593989908815475,0.601037034880294
1,21,0.577596999391585,0.584449639156948
1,22,0.560977199775857,0.567632661405151
1,23,0.544200200882021,0.550656619355128
1,24,0.527331363460585,0.533587649200607
1,25,0.510431562548904,0.516487348203441
1,26,0.493557114634198,0.499412700992477
1,27,0.476759773041003,0.482416074896289
1,28,0.460086779011177,0.465545271629198
1,29,0.443580957668371,0.448843624394268
1,30,0.427280849575497,0.432350131001584
1,31,0.411220869926168,0.41609961494834
1,32,0.395431488579877,0.400122907589972
1,33,0.379939425174226,0.384447045567201
1,34,0.364767854442285,0.369095478559291
1,35,0.349936617643768,0.354088283223659
1,36,0.335462436698389,0.339442379869712
2,0,0.759644467831172,0.795400223995224
2,1,0.759599208042735,0.795352833870783
2,2,0.759301389177286,0.795040996949277
2,3,0.758547116332324,0.794251221185426
2,4,0.757178835139626,0.792818536273933
2,5,0.755078698405895,0.790619548064094
2,6,0.752162713498246,0.787566310468179
2,7,0.748375588202471,0.78360092871906
2,8,0.743686200852691,0.778690816283088
2,9,0.738083627848724,0.772824535396415
2,10,0.73157366831003,0.766008158137641
2,11,0.724175811624134,0.758262091241576
2,12,0.715920599089333,0.749618313556924
2,13,0.706847335777693,0.740117980208811
2,14,0.697002113201739,0.729809352194241
2,15,0.686436107399547,0.718746014359646
2,16,0.675204120697199,0.706985348525449
2,17,0.663363338700237,0.694587231970277
2,18,0.650972277039308,0.681612934600903
2,19,0.638089895079037,0.66812419094422
2,20,0.6247748562202,0.654182425632533
2,21,0.611084916608021,0.639848113338919
2,22,0.59707642602603,0.625180256178631
2,23,0.582803926525772,0.610235963446678
2,24,0.568319835936121,0.595070120230223
2,25,0.553674204828862,0.579735132934753
2,26,0.538914536804696,0.564280741111121
2,27,0.524085663119919,0.54875388618102
2,28,0.509229663711175,0.53319862874444
2,29,0.494385827605412,0.517656107126161
2,30,0.479590646534835,0.502164530690166
2,31,0.46487783632173,0.486759202231032
2,32,0.450278381263995,0.471472564448644
2,33,0.435820597346953,0.456334266135327
2,34,0.421530210637439,0.441371244259871
2,35,0.407430447688765,0.426607818627781
2,36,0.393542135205656,0.412065796237333
3,0,0.769224330051455,0.775422586442644
3,1,0.769143597044866,0.775341202905573
3,2,0.768619274588162,0.774812655562979
3,3,0.767310727733012,0.773493564697985
3,4,0.764972449035525,0.771136444616633
3,5,0.761437572488151,0.767573084738329
3,6,0.75660372912331,0.76270029122675
3,7,0.75042094687039,0.756467689346295
3,8,0.742881332392662,0.748867322157299
3,9,0.734010303827453,0.739924812611376
3,10,0.723859171028911,0.729691884007257
3,11,0.712498884450045,0.718240058502563
3,12,0.70001479554153,0.705655375292956
3,13,0.686502290794843,0.692033989475254
3,14,0.672063178590024,0.677478529781139
3,15,0.656802723068201,0.662095108549216
3,16,0.640827232554218,0.64599089071563
3,17,0.624242121800259,0.629272140443636
3,18,0.607150377681339,0.612042674455967
3,19,0.589651367103219,0.594402660337114
3,20,0.571839933921338,0.576447706175406
3,21,0.55380573873912,0.558268195041545
3,22,0.535632801665838,0.539948824062105
3,23,0.517399213565977,0.521568313342199
3,24,0.499176986111234,0.503199254809224
3,25,0.481032015130588,0.484908075267622
3,26,0.46302413541247,0.466755091642629
3,27,0.44520724830743,0.448794639611135
3,28,0.427629506264448,0.431075259624963
3,29,0.41033354085784,0.413639926775159
3,30,0.393356722967413,0.396526313068635
3,31,0.376731445600614,0.379767072529237
3,32,0.360485421425542,0.363390141128222
3,33,0.344641988448028,0.347419044924423
3,34,0.329220418441022,0.331873210978897
3,35,0.314236223743816,0.316768276626273
3,36,0.299701458912931,0.30211639355629
4,0,0.769072298970904,0.785767681815952
4,1,0.76899481321646,0.785688513964341
4,2,0.768491059425317,0.785173824449192
4,3,0.76723238590612,0.783887827053803
4,4,0.764980552577861,0.781587109869541
4,5,0.761572277292091,0.778104846142354
4,6,0.756905947618223,0.773337217591267
4,7,0.750930226732142,0.767231772948262
4,8,0.743634313686693,0.75977747679415
4,9,0.735039646474045,0.750996232507106
4,10,0.725192861288938,0.7409356886823
4,11,0.714159843603946,0.729663161065104
4,12,0.702020726373766,0.717260522174047
4,13,0.68886570816461,0.703819928648202
4,14,0.674791579498098,0.689440272183312
4,15,0.65989885942251,0.67422425394239
4,16,0.64428945647111,0.658275994737027
4,17,0.628064778910176,0.641699104251795
4,18,0.611324228672954,0.624595142283815
4,19,0.594164021758086,0.607062413533838
4,20,0.576676285265535,0.589195045040203
4,21,0.558948387759867,0.57108230200533
4,22,0.541062465388329,0.552808103626543
4,23,0.523095111227353,0.53445070569877
4,24,0.50511719976416,0.516082521285902
4,25,0.487193822309919,0.497770054731878
4,26,0.469384312549674,0.479573927765256
4,27,0.451742344417399,0.46154897949899
4,28,0.434316087091396,0.443744424790539
4,29,0.417148404179816,0.426204057751401
4,30,0.400277086147287,0.408966489219367
4,31,0.383735106756274,0.392065408766832
4,32,0.367550895791657,0.375529863345804
4,33,0.351748621631443,0.359384545992798
4,34,0.336348478344869,0.343650089159394
4,35,0.321366972962801,0.32834335821884
4,36,0.306817209393484,0.313477741545179
5,0,0.765391657240222,0.783990883557338
5,1,0.7652997009035,0.783896692656519
5,2,0.76470459133938,0.783287121767452
5,3,0.763225249596695,0.781771831616377
5,4,0.760592469308338,0.77907507404794
5,5,0.756628620715619,0.7750149028518
5,6,0.751230369809771,0.769485472974552
5,7,0.744354012200018,0.76244201799679
5,8,0.73600307077657,0.753888146415917
5,9,0.726217849888237,0.743865141987426
5,10,0.715066677255003,0.732442992813562
5,11,0.70263859877045,0.719712908627438
5,12,0.68903732123755,0.705781116335664
5,13,0.674376224386925,0.690763750827285
5,14,0.65877428666052,0.674782681752878
5,15,0.642352789571587,0.657962137799593
5,16,0.625232683298829,0.64042600826851
5,17,0.607532511827087,0.622295717795677
5,18,0.589366809665294,0.603688584109879
5,19,0.570844894181907,0.584716581021482
5,20,0.552069988100262,0.565485439594192
5,21,0.53313861587015,0.546094029848291
5,22,0.514140225635664,0.526633973542208
5,23,0.49515699549345,0.507189445722778
5,24,0.476263788804005,0.487837128950608
5,25,0.457528228591575,0.4686462895079
5,26,0.439010865642598,0.449678949581743
5,27,0.420765418874462,0.430990133473887
5,28,0.402839069971336,0.412628169396314
5,29,0.385272797239053,0.394635031438881
5,30,0.36810173617537,0.377046708901536
5,31,0.351355556437544,0.359893592422312
5,32,0.335058846761825,0.343200868250464
5,33,0.319231500989524,0.326988913653082
5,34,0.303889099717246,0.311273687839522
5,35,0.289043283245793,0.296067113973078
5,36,0.274702112480649,0.281377448841435
6,0,0.77029642790205,0.788680683119605
6,1,0.770164130002992,0.788545227736943
6,2,0.769316604860034,0.787677475162094
6,3,0.767233708832812,0.78554486776303
6,4,0.763569865735992,0.781793581671371
6,5,0.75811831318067,0.776211919810231
6,6,0.75078132934837,0.768699828086457
6,7,0.741545546899103,0.759243620128865
6,8,0.730461584775036,0.747895122974997
6,9,0.71762733634803,0.734754566365763
6,10,0.703174345753726,0.719956633930736
6,11,0.687256785180856,0.703659177404292
6,12,0.670042615940405,0.686034166740706
6,13,0.65170657672451,0.66726051102756
6,14,0.632424694804733,0.647518438685697
6,15,0.612370061085269,0.626985171687875
6,16,0.591709648855963,0.605831668386658
6,17,0.570601989601715,0.584220243853592
6,18,0.549195548034263,0.562302906128738
6,19,0.527627663244032,0.540220272101558
6,20,0.506023944068376,0.518100948448733
6,21,0.48449802491317,0.496061281628074
6,22,0.463151603761089,0.474205396793927
6,23,0.442074697312322,0.452625459027196
6,24,0.421346059445442,0.431402101783393
6,25,0.401033718729993,0.410604977233758
6,26,0.381195598805056,0.390293391450061
6,27,0.361880192264696,0.370516994373323
6,28,0.343127264440301,0.351316500392949
6,29,0.324968568295382,0.332724420303546
6,30,0.307428555684265,0.314765789538844
6,31,0.290525073587561,0.297458881023849
6,32,0.274270036724222,0.280815893839773
6,33,0.258670070238326,0.264843611249487
6,34,0.243727118042667,0.249544023560117
6,35,0.229439013934482,0.234914912869291
6,36,0.21580001383611,0.220950398008499
7,0,0.76788324087136,0.782916463209798
7,1,0.767799079174619,0.782830653838734
7,2,0.767253097088497,0.782273982796718
7,3,0.765892195376397,0.780886438052279
7,4,0.763463471376398,0.778410165745523
7,5,0.75979659785904,0.774671504068274
7,6,0.754788741048713,0.769565606018262
7,7,0.748391690668559,0.763043317482674
7,8,0.740600914079686,0.755100017084952
7,9,0.731446281328645,0.745766159652021
7,10,0.720984238682675,0.735099296527052
7,11,0.709291235458517,0.723177373712106
7,12,0.696458233028557,0.71009313337444
7,13,0.682586146167207,0.695949465945908
7,14,0.667782085692346,0.680855579204781
7,15,0.652156287939525,0.664923867636773
7,16,0.635819631228464,0.648267380280201
7,17,0.618881652363324,0.630997798394329
7,18,0.601448987547331,0.613223845851007
7,19,0.583624172064093,0.595050065316784
7,20,0.565504741838787,0.576575902224912
7,21,0.54718258768128,0.557895046376172
7,22,0.528743519754041,0.539094987880174
7,23,0.510267005710492,0.520256750167098
7,24,0.491826051111913,0.50145476806348
7,25,0.473487195240237,0.482756883523019
7,26,0.455310599357069,0.464224435613497
7,27,0.437350207884582,0.44591242485318
7,28,0.419653965962278,0.427869735026803
7,29,0.402264079418841,0.410139398247011
7,30,0.385217305438054,0.392758891310788
7,31,0.368545264134315,0.375760453374834
7,32,0.352274762923961,0.359171416677268
7,33,0.336428127016443,0.343014543498985
7,34,0.321023530583554,0.327308363816347
7,35,0.306075324221187,0.312067509173818
7,36,0.291594355219129,0.297303039223834
8,0,0.763962997144915,0.776850340082888
8,1,0.76391227319019,0.776798760462377
8,2,0.763579270120795,0.776460139941912
8,3,0.762738072756498,0.775604752362968
8,4,0.761216155756057,0.774057162042771
8,5,0.758886456929103,0.771688163370357
8,6,0.755660417678199,0.76840770384738
8,7,0.751481884949476,0.764158683170348
8,8,0.74632177980734,0.758911531869155
8,9,0.74017344744798,0.752659482879661
8,10,0.733048612224284,0.745414458333645
8,11,0.724973869159342,0.737203501887423
8,12,0.715987650556851,0.728065694161796
8,13,0.706137612747084,0.718049495404861
8,14,0.69547839380282,0.707210465382706
8,15,0.684069698280616,0.695609315812048
8,16,0.671974669743672,0.683310255429082
8,17,0.659258516052812,0.6703795920904
8,18,0.645987356216649,0.656884560170599
8,19,0.632227261011769,0.642892344998617
8,20,0.618043462655681,0.628469279198607
8,21,0.603499711573011,0.613680188605375
8,22,0.588657760769408,0.598587867940157
8,23,0.573576960545551,0.583252668687825
8,24,0.558313948270463,0.567732183636974
8,25,0.542922419711893,0.552081014352851
8,26,0.52745297001216,0.53635060947062
8,27,0.511952993819453,0.52058916314196
8,28,0.49646663535371,0.504841564258613
8,29,0.481034780318365,0.489149388227679
8,30,0.465695082578041,0.473550924099345
8,31,0.450482019420286,0.458081230760831
8,32,0.435426970017921,0.442772216722323
8,33,0.420558312417643,0.427652738741688
8,34,0.405901535009475,0.412748715174308
8,35,0.391479358988721,0.39808325050085
8,36,0.37731186881475,0.383676767986773
9,0,0.750490808307194,0.790642078861611
9,1,0.750434693806751,0.790582962234474
9,2,0.750067272390698,0.790195883766635
9,3,0.749141873389115,0.789220975903289
9,4,0.74747268282407,0.787462483615634
9,5,0.744925338628949,0.784778856464292
9,6,0.741408719496397,0.781074098150467
9,7,0.736867791786693,0.776290230733811
9,8,0.731277393258914,0.770400745793098
9,9,0.724636845277336,0.763404928385584
9,10,0.716965296734724,0.755322951870109
9,11,0.708297713348705,0.746191652630767
9,12,0.698681435341931,0.7360609035929
9,13,0.688173234914589,0.724990514270332
9,14,0.67683681245303,0.713047593021134
9,15,0.664740677175644,0.700304314308
9,16,0.651956363973363,0.686836040139702
9,17,0.638556943626972,0.672719750584994
9,18,0.624615788439344,0.658032743366156
9,19,0.610205559664767,0.642851567115775
9,20,0.5953973870009,0.627251156971498
9,21,0.580260213877961,0.611304144838194
9,22,0.564860285376476,0.59508031990928
9,23,0.549260758366913,0.578646217948834
9,24,0.533521415926156,0.562064820429331
9,25,0.517698470277558,0.545395346928995
9,26,0.501844440451272,0.528693126246956
9,27,0.486008092594469,0.512009533520058
9,28,0.47023443239967,0.495391982246108
9,29,0.454564740483954,0.478883961555878
9,30,0.439036642760553,0.462525110349574
9,31,0.423684208913848,0.446351321040251
9,32,0.408538073033738,0.430394866642119
9,33,0.393625571299198,0.414684545820178
9,34,0.378970892335488,0.399245841291536
9,35,0.364595236515655,0.384101087649543
9,36,0.350516981044427,0.369269645279685
10,0,0.769370262132438,0.795749132022288
10,1,0.76928059249874,0.795656387947432
10,2,0.768699813155264,0.795055695821398
10,3,0.76725478574496,0.793561123748504
10,4,0.764680687817965,0.79089876949339
10,5,0.760801563210274,0.786886644003875
10,6,0.755513732828628,0.781417513412821
10,7,0.748771689776093,0.774444310559566
10,8,0.740576148746334,0.765967774641985
10,9,0.730963960260918,0.756026019650177
10,10,0.719999636221915,0.744685769361498
10,11,0.707768264935123,0.732035029446064
10,12,0.694369621703006,0.718176996133623
10,13,0.679913305714136,0.703225026364867
10,14,0.664514755644646,0.687298516782556
10,15,0.648292015472405,0.670519558657369
10,16,0.631363138784603,0.653010253198781
10,17,0.613844134599838,0.634890586946953
10,18,0.595847370662241,0.6162767803217
10,19,0.577480361507494,0.597280034135766
10,20,0.558844878534804,0.578005609154441
10,21,0.540036328010327,0.558552182773017
10,22,0.521143350522733,0.539011434739164
10,23,0.502247602040739,0.519467820703729
10,24,0.483423682500626,0.499998498359783
10,25,0.464739182881273,0.480673376131688
10,26,0.446254826095382,0.461555258896958
10,27,0.42802468081849,0.442700069146681
10,28,0.410096430662702,0.42415712538823
10,29,0.392511683942545,0.405969462531841
10,30,0.375306311731044,0.388174181537388
10,31,0.358510804013981,0.370802817779861
10,32,0.34215063556222,0.353881719466099
10,33,0.326246634693963,0.33743242904055
10,34,0.310815349424257,0.32147206188869
10,35,0.295869406627309,0.306013677813691
10,36,0.281417860794151,0.291066641751701
11,0,0.773738998457444,0.809044139341964
11,1,0.773615803797383,0.808915323400259
11,2,0.772824808258981,0.808088235317759
11,3,0.770875896837644,0.806050396503026
11,4,0.767438804304244,0.802456471967662
11,5,0.762311208047413,0.797094907268492
11,6,0.755392025421807,0.789860007433479
11,7,0.746659157338424,0.780728665008458
11,8,0.736151022558929,0.769741051774906
11,9,0.723951316655574,0.756984682272423
11,10,0.710176507511727,0.742581338728151
11,11,0.694965647007538,0.726676417857164
11,12,0.678472137429191,0.709430321579032
11,13,0.660857142272802,0.691011567161554
11,14,0.642284375464313,0.671591338676586
11,15,0.622916041444152,0.651339241833764
11,16,0.602909731824174,0.630420059034172
11,17,0.58241611307594,0.608991331549553
11,18,0.561577264533728,0.587201621689609
11,19,0.5405255474007,0.56518933020176
11,20,0.519382903877473,0.543081963419466
11,21,0.498260501378074,0.520995761244017
11,22,0.477258650399533,0.499035611266574
11,23,0.456466936265745,0.477295186523412
11,24,0.435964514933577,0.455857254799433
11,25,0.41582053155644,0.434794116290496
11,26,0.396094627745496,0.414168134010574
11,27,0.376837509623743,0.394032327765729
11,28,0.358091553983565,0.374431007970183
11,29,0.339891434264564,0.355400430187059
11,30,0.322264751779139,0.336969455156325
11,31,0.305232660726923,0.319160202328167
11,32,0.288810478141361,0.301988687640991
11,33,0.273008272076574,0.285465438546816
11,34,0.257831423134278,0.269596081160253
11,35,0.24328115590447,0.254381895948438
11,36,0.229355038097691,0.239820339638336
12,0,0.777931646040681,0.806576950865356
12,1,0.77778857167555,0.806428608159719
12,2,0.776873929862197,0.805480287046029
12,3,0.774631371159525,0.803155151965404
12,4,0.77069617819476,0.799075055778624
12,5,0.764855092447168,0.793018887275883
12,6,0.757013015144115,0.784888045920169
12,7,0.747165532104444,0.774677954989608
12,8,0.735376361515018,0.762454678927185
12,9,0.721758952647471,0.748335844478201
12,10,0.706461575029637,0.732475180809323
12,11,0.68965533386584,0.715050093627956
12,12,0.671524630548442,0.696251774427008
12,13,0.652259658662569,0.67627742017455
12,14,0.632050587477012,0.655324202626932
12,15,0.611083137862856,0.633584681342148
12,16,0.589535301042816,0.611243401605671
12,17,0.56757498955497,0.588474458897055
12,18,0.545358443190732,0.565439846130717
12,19,0.523029241200534,0.542288429488684
12,20,0.500717796414548,0.519155423913616
12,21,0.478541227675369,0.49616226084416
12,22,0.456603524624821,0.473416759069606
12,23,0.434995933861453,0.451013525106615
12,24,0.413797508164671,0.429034522647108
12,25,0.393075771191427,0.407549761730673
12,26,0.372887459073586,0.386618067649321
12,27,0.353279307922192,0.366287897449546
12,28,0.334288862589106,0.3465981784745
12,29,0.315945287328687,0.327579148876179
12,30,0.298270163398535,0.309253184585734
12,31,0.2812782622739,0.29163560099948
12,32,0.264978286140741,0.274735420738689
12,33,0.249373569777465,0.258556101376288
12,34,0.234462739920163,0.243096219081506
12,35,0.220240329804065,0.228350105790212
12,36,0.206697347847316,0.214308438828989
13,0,0.765800236700031,0.792911651144844
13,1,0.765703676175422,0.79281167211463
13,2,0.765079582983952,0.79216548432413
13,3,0.763530458068023,0.790561516166309
13,4,0.76077760789109,0.787711207594256
13,5,0.756639234840975,0.783426324865099
13,6,0.751011835095624,0.777599699839537
13,7,0.743854457693266,0.770188931780198
13,8,0.735175434554544,0.761202647580414
13,9,0.725021240528731,0.75068896742572
13,10,0.713467185947126,0.738725867838293
13,11,0.700609682346224,0.725413173585647
13,12,0.686559855576808,0.710865944676392
13,13,0.67143830998035,0.69520905517422
13,14,0.655370873168207,0.678572787330688
13,15,0.638485173605117,0.66108928800585
13,16,0.620907923051813,0.642889754901938
13,17,0.602762793294699,0.624102238123477
13,18,0.58416879177811,0.604849958302515
13,19,0.565239054017677,0.585250056260119
13,20,0.546079982242555,0.565412701154201
13,21,0.526790669794237,0.545440494500476
13,22,0.507462559580778,0.525428116535037
13,23,0.488179292507389,0.505462169278981
13,24,0.469016708418335,0.485621177513651
13,25,0.450042967815541,0.465975714808409
13,26,0.431318767575957,0.446588626874993
13,27,0.412897628169539,0.427515328953783
13,28,0.394826233567849,0.408804157756106
13,29,0.377144808205064,0.390496761770681
13,30,0.359887518074527,0.372628516560083
13,31,0.343082885373237,0.355228954084782
13,32,0.32675420809472,0.338322197150738
13,33,0.310919977662539,0.321927391828282
13,34,0.295594289131563,0.306059132175617
13,35,0.280787239696465,0.290727872855615
13,36,0.266505312267023,0.275940326290721
14,0,0.766367390677818,0.797915601322176
14,1,0.766273730441031,0.797818085476558
14,2,0.765667871283949,0.797187285576249
14,3,0.764162581539586,0.795620029210507
14,4,0.761485031200794,0.7928322550768
14,5,0.75745591662076,0.788637278330621
14,6,0.751971704032094,0.78292730314288
14,7,0.744989575385771,0.775657748820622
14,8,0.736514711749156,0.766834009714562
14,9,0.726589595130999,0.756500316643977
14,10,0.715285049815575,0.744730409439219
14,11,0.702692779705981,0.73161976707796
14,12,0.688919189347622,0.717279174345491
14,13,0.674080303715576,0.701829432490514
14,14,0.658297625937872,0.685397046427828
14,15,0.641694793276247,0.668110743059499
14,16,0.624394910239072,0.650098694602946
14,17,0.606518453961421,0.631486337744083
14,18,0.588181661224447,0.612394694256874
14,19,0.569495318939027,0.592939111696145
14,20,0.550563890799065,0.573228354098767
14,21,0.531484922305332,0.553363982514769
14,22,0.512348674637554,0.53343997380743
14,23,0.493237945057553,0.51354253366316
14,24,0.47422803778979,0.49375006627331
14,25,0.455386854762418,0.474133268810659
14,26,0.436775080303764,0.454755323729104
14,27,0.418446437965536,0.435672166159219
14,28,0.400448001164204,0.416932807337476
14,29,0.382820542365782,0.398579698165536
14,30,0.365598908148135,0.380649119712335
14,31,0.348812409713085,0.363171589801973
14,32,0.332485220335756,0.346172276824434
14,33,0.316636772872671,0.329671413607451
14,34,0.301282151839852,0.31368470563487
14,35,0.286432475750092,0.298223729123172
14,36,0.272095266392779,0.28329631550305
15,0,0.767027411133007,0.801148351360376
15,1,0.766938352352774,0.801055330832137
15,2,0.766361471736842,0.800452787888199
15,3,0.764925983571002,0.798953442544384
15,4,0.762368584377058,0.796282278361384
15,5,0.758514177719606,0.792256409801446
15,6,0.7532594302062,0.7867679067231
15,7,0.74655878691996,0.779769187715267
15,8,0.738412619934271,0.771260641402885
15,9,0.728857223697018,0.761280176779382
15,10,0.717956406526309,0.749894440653088
15,11,0.70579445875671,0.737191472983976
15,12,0.692470305682861,0.72327459972306
15,13,0.678092677783275,0.708257388185323
15,14,0.662776152142504,0.692259512375974
15,15,0.646637937855524,0.675403395394684
15,16,0.629795294788082,0.657811513370414
15,17,0.612363489642807,0.639604260603863
15,18,0.594454206075515,0.620898288958355
15,19,0.576174336826153,0.601805246259167
15,20,0.557625095657884,0.582430848727542
15,21,0.538901395498862,0.562874231459315
15,22,0.52009144669904,0.543227528810331
15,23,0.501276535877214,0.523575643405568
15,24,0.482530951555202,0.503996168465183
15,25,0.463922027757399,0.48455943334358
15,26,0.445510281084308,0.465328646700606
15,27,0.427349620526908,0.446360115649434
15,28,0.409487612544957,0.427703522626784
15,29,0.391965786748226,0.409402244672272
15,30,0.374819969949853,0.391493702342014
15,31,0.358080638453772,0.374009727667431
15,32,0.341773280235904,0.356976942447944
15,33,0.325918760219124,0.340417139775063
15,34,0.310533683157894,0.324347663059817
15,35,0.295630749768981,0.30878177800582
15,36,0.281219102695405,0.293729033963299
16,0,0.761903329365407,0.785879216215849
16,1,0.761799815097794,0.785772444518754
16,2,0.761132151443922,0.78508377055084
16,3,0.759478693214352,0.783378280618696
16,4,0.756547370860865,0.780354714209617
16,5,0.752151182233989,0.775820184513699
16,6,0.746187476906528,0.769668810857948
16,7,0.738620508620624,0.761863722106584
16,8,0.729466798864835,0.752421959653153
16,9,0.718782913791415,0.741401869696816
16,10,0.706655308613244,0.728892628058596
16,11,0.693191939134365,0.71500558774011
16,12,0.678515379928919,0.699867180542536
16,13,0.662757223563993,0.6836131400419
16,14,0.646053565758247,0.666383844672825
16,15,0.628541408007027,0.648320607149976
16,16,0.610355832451632,0.629562760434945
16,17,0.591627824036698,0.610245411360397
16,18,0.572482632648764,0.590497751227734
16,19,0.553038583281264,0.570441828529876
16,20,0.533406255609575,0.550191702708835
16,21,0.513687965933399,0.529852909795648
16,22,0.493977494472656,0.509522181124709
16,23,0.474360009680552,0.489287365265083
16,24,0.454912148734023,0.469227511043862
16,25,0.435702219827139,0.449413076205419
16,26,0.416790497459043,0.429906231991587
16,27,0.398229586690304,0.410761238860584
16,28,0.380064836441847,0.392024872791802
16,29,0.36233478541794,0.373736885241281
16,30,0.345071627227294,0.355930482899431
16,31,0.328301683822562,0.338632816028922
16,32,0.312045878538325,0.321865466388418
16,33,0.296320201833405,0.305644927631067
16,34,0.281136164380824,0.289983072652475
16,35,0.266501233437821,0.274887603692602
16,36,0.252419249503958,0.260362482105423
17,0,0.765903830375402,0.788205343757429
17,1,0.765794851131693,0.788093191266681
17,2,0.765092851094652,0.787370750460709
17,3,0.763356892486627,0.785584244378456
17,4,0.760283902854494,0.782421775732528
17,5,0.755682186866914,0.777686067425537
17,6,0.749449100430872,0.771271486583734
17,7,0.741552302732106,0.763144750696163
17,8,0.732014078110929,0.7533287929764
17,9,0.720898286521782,0.741889332846836
17,10,0.708299559823441,0.728923757647526
17,11,0.694334412307711,0.714551974322113
17,12,0.679133978581539,0.698908935842299
17,13,0.662838130951573,0.682138587302979
17,14,0.645590762510402,0.664389011661842
17,15,0.627536051798323,0.645808585635927
17,16,0.608815550749883,0.626542982855269
17,17,0.589565960103572,0.606732884497192
17,18,0.569917475972707,0.586512277712799
17,19,0.549992608212763,0.566007239587646
17,20,0.529905385898309,0.545335119483827
17,21,0.509760877925609,0.524604045683524
17,22,0.489654967734782,0.503912693551562
17,23,0.469674330617971,0.483350262182822
17,24,0.449896570240044,0.462996614898156
17,25,0.43039047801548,0.442922546173769
17,26,0.411216385007638,0.423190143787068
17,27,0.392426581174953,0.403853220270421
17,28,0.374065781196611,0.384957792300702
17,29,0.356171619867913,0.366542590519527
17,30,0.338775163249997,0.348639585566589
17,31,0.321901424466214,0.331274518894934
17,32,0.305569875324749,0.314467429290969
17,33,0.289794946872212,0.298233168003117
17,34,0.274586513596429,0.282581897043582
17,35,0.259950357342588,0.267519566612762
17,36,0.245888608123618,0.25304836874509
18,0,0.759606118207203,0.793686754103966
18,1,0.759509835015759,0.793586151052121
18,2,0.758887623052677,0.792936022806039
18,3,0.757343414956307,0.791322531968759
18,4,0.754599752060872,0.78845577136002
18,5,0.750475872176282,0.784146868678142
18,6,0.744869110990691,0.778288553454285
18,7,0.737739169233674,0.770838718343118
18,8,0.729094854041658,0.761806565623765
18,9,0.718982952542714,0.751240981584687
18,10,0.707478939299492,0.739220827044948
18,11,0.694679257604655,0.725846872340744
18,12,0.680694948323358,0.711235140318292
18,13,0.66564642956411,0.695511451788387
18,14,0.649659256413599,0.678806995016667
18,15,0.632860712719219,0.661254764592385
18,16,0.61537710682314,0.642986735832371
18,17,0.597331660578813,0.624131659085727
18,18,0.578842896211466,0.604813374218898
18,19,0.560023438881158,0.58514955945429
18,20,0.540979164402734,0.565250840851654
18,21,0.52180863167709,0.545220199274713
18,22,0.502602748174422,0.525152620865906
18,23,0.483444624442955,0.50513494502749
18,24,0.464409580238062,0.485245870825633
18,25,0.44556527060161,0.465556088726477
18,26,0.426971905180446,0.446128509754599
18,27,0.408682538353207,0.42701856863671
18,28,0.390743411422047,0.408274581346223
18,29,0.373194331295748,0.389938140776437
18,30,0.356069072809449,0.372044537110813
18,31,0.339395794152247,0.354623191889241
18,32,0.323197456858434,0.337698096842679
18,33,0.307492243506155,0.321288250332358
18,34,0.292293967698193,0.305408085724853
18,35,0.277612472108054,0.290067887296975
18,36,0.263454011390695,0.275274190326246
19,0,0.757335211114611,0.793713345094799
19,1,0.757268342942804,0.793643264951229
19,2,0.75683220468358,0.793186177057293
19,3,0.755738502776311,0.792039939847382
19,4,0.753774507776694,0.789981605548358
19,5,0.750790702235949,0.786854474732175
19,6,0.746690085232263,0.782556887097027
19,7,0.741418934793669,0.777032540168859
19,8,0.734958851642159,0.77026215087159
19,9,0.727319927523884,0.762256295702229
19,10,0.718534899110747,0.753049283818704
19,11,0.708654164281402,0.742693933930968
19,12,0.697741551710005,0.731257140684529
19,13,0.685870747284773,0.718816129424204
19,14,0.673122292103775,0.705455309990483
19,15,0.659581076794743,0.691263650680516
19,16,0.645334265806958,0.676332502834629
19,17,0.630469593241678,0.66075381480801
19,18,0.615073978826443,0.644618681464189
19,19,0.599232418890925,0.628016181879581
19,20,0.58302711275119,0.611032463764158
19,21,0.566536789830337,0.59375003826074
19,22,0.549836207203653,0.576247253355032
19,23,0.532995791116023,0.55859791817355
19,24,0.516081399432546,0.540871054023687
19,25,0.499154184998527,0.523130751190298
19,26,0.482270542545848,0.505436113291741
19,27,0.465482124127905,0.487841273456226
19,28,0.448835910129932,0.47039546874308
19,29,0.432374324716577,0.453143161135768
19,30,0.416135386172064,0.436124195103561
19,31,0.400152883985113,0.419373983192616
19,32,0.384456575753183,0.402923712388399
19,33,0.369072398048554,0.386800565110587
19,34,0.354022686319955,0.371027949677536
19,35,0.339326399713714,0.355625735926581
19,36,0.32499934740194,0.340610492413752
20,0,0.764065437566903,0.778114602829208
20,1,0.764003549673015,0.778051576978797
20,2,0.763599070220898,0.777639660207325
20,3,0.762582434866857,0.776604331587762
20,4,0.760752546382937,0.774740796240028
20,5,0.757965904048318,0.771902914840322
20,6,0.754127149843107,0.76799357598414
20,7,0.749180866226372,0.762956343146894
20,8,0.74310447821045,0.756768226245937
20,9,0.735902128523636,0.749433444183502
20,10,0.727599409067111,0.740978059428906
20,11,0.718238844785656,0.731445378849458
20,12,0.707876037635316,0.720892026775767
20,13,0.696576388680236,0.709384606826515
20,14,0.684412325607741,0.696996878444788
20,15,0.67146097122569,0.683807382525196
20,16,0.657802195898876,0.669897458039669
20,17,0.643517003481494,0.655349598291442
20,18,0.628686206191526,0.640246101423854
20,19,0.613389349123241,0.624667975157436
20,20,0.59770384977168,0.608694060492504
20,21,0.581704322107213,0.592400343355218
20,22,0.56546205844244,0.575859426937368
20,23,0.549044645625752,0.559140140832738
20,24,0.532515695019149,0.542307266049923
20,25,0.51593466831115,0.525421357622393
20,26,0.499356783513859,0.508538648877093
20,27,0.482832987527882,0.491711023494897
20,28,0.46640998345794,0.474986043328487
20,29,0.450130302451196,0.458407021561599
20,30,0.434032411232101,0.44201313222115
20,31,0.418150847742413,0.425839548311324
20,32,0.402516378381358,0.409917601944974
20,33,0.387156171294883,0.394274960819199
20,34,0.372093980999456,0.378935816233906
20,35,0.357350340358016,0.363921078597686
20,36,0.342942756565128,0.349248577016629
21,0,0.768409165954886,0.80234163939832
21,1,0.768317224165775,0.802245637516675
21,2,0.767722143724883,0.801624278691621
21,3,0.766242692957172,0.800079496293172
21,4,0.763609387897795,0.797329906111291
21,5,0.759644247062921,0.793189667109919
21,6,0.754243549715535,0.787550478308454
21,7,0.747363199316331,0.780366295891692
21,8,0.739006342985638,0.771640405954848
21,9,0.72921294117632,0.761414533579665
21,10,0.71805102002045,0.749759708890131
21,11,0.705609372543687,0.736768645956991
21,12,0.691991504656241,0.722549421447422
21,13,0.677310647986926,0.707220267228924
21,14,0.661685684634874,0.690905315160587
21,15,0.645237849134838,0.673731153419228
21,16,0.628088090688823,0.655824072248792
21,17,0.610354994295346,0.637307893287977
21,18,0.592153173062195,0.618302290888514
21,19,0.573592055944635,0.598921526320642
21,20,0.554775005608773,0.579273526681862
21,21,0.535798710256735,0.559459249865499
21,22,0.516752801223677,0.539572285271023
21,23,0.497719655105722,0.519698647194088
21,24,0.478774345226204,0.499916724149544
21,25,0.459984712504038,0.480297352869322
21,26,0.44141153034942,0.460903990479817
21,27,0.423108742163473,0.44179296248938
21,28,0.405123753435502,0.423013767784396
21,29,0.387497763380529,0.40460942491174
21,30,0.370266123599676,0.38661684657737
21,31,0.353458713428277,0.369067231569587
21,32,0.337100323507115,0.351986465268535
21,33,0.321211040710877,0.335395521572861
21,34,0.305806628930217,0.31931086049688
21,35,0.290898901360648,0.303744816899511
21,36,0.276496080930138,0.288705976828135
22,0,0.759236584152748,0.780539186939297
22,1,0.759179335823736,0.780480332340989
22,2,0.758804562055163,0.780095043198298
22,3,0.757860847502885,0.779124849974324
22,4,0.756158993886225,0.777375245877309
22,5,0.753562377614562,0.774705773942234
22,6,0.74997853462205,0.771021375753473
22,7,0.745351832640895,0.76626485811726
22,8,0.739657105959168,0.760410349224018
22,9,0.732894141031461,0.7534576295367
22,10,0.725082913284719,0.745427234951271
22,11,0.716259486218585,0.736356240834327
22,12,0.706472493558601,0.726294645472811
22,13,0.695780133889057,0.715302280382498
22,14,0.684247614967755,0.703446182915541
22,15,0.67194499189545,0.690798373773423
22,16,0.658945349557988,0.677433988452203
22,17,0.645323285351288,0.663429717395905
22,18,0.631153653203414,0.648862514778459
22,19,0.61651053438293,0.633808540435072
22,20,0.601466404581778,0.618342303575182
22,21,0.586091470332041,0.60253598058045
22,22,0.570453151002519,0.586458882467241
22,23,0.554615685462314,0.570177050513996
22,24,0.538639845029702,0.553752961156054
22,25,0.522582736577568,0.537245323566632
22,26,0.506497681670113,0.520708955402354
22,27,0.490434159385373,0.504194724021494
22,28,0.474437802057695,0.487749542106993
22,29,0.458550434574566,0.471416408065875
22,30,0.442810149102104,0.455234482851381
22,31,0.427251408210037,0.439239195981419
22,32,0.41190517033544,0.423462374522555
22,33,0.396799032378629,0.407932389686853
22,34,0.381957384976727,0.392674316462093
22,35,0.367401576661709,0.377710102375745
22,36,0.353150083690039,0.363058742089687
23,0,0.776443714273008,0.789629318104867
23,1,0.776306455883994,0.789489728787407
23,2,0.775427924433604,0.788596278074428
23,3,0.77327095357394,0.786402677433738
23,4,0.76948064017166,0.782547996750222
23,5,0.763846646274103,0.776818326102169
23,6,0.756271867441914,0.76911491201805
23,7,0.74674650743221,0.759427791894722
23,8,0.735326733808067,0.74781408713547
23,9,0.722117205710224,0.734380234207504
23,10,0.707256866056141,0.719267535563473
23,11,0.690907477843569,0.702640501267996
23,12,0.673244459792814,0.684677529010373
23,13,0.654449641804883,0.665563536535578
23,14,0.63470561698869,0.645484217757329
23,15,0.614191415496451,0.62462164312634
23,16,0.593079267129821,0.603150967258895
23,17,0.571532255537191,0.581238043297606
23,18,0.549702697597015,0.55903777477335
23,19,0.527731107954959,0.536693062558143
23,20,0.505745631248074,0.514334227447315
23,21,0.483861843824139,0.492078808511645
23,22,0.462182843198736,0.470031654073593
23,23,0.440799557477498,0.448285236384177
23,24,0.41979121884617,0.426920133153862
23,25,0.39922595529138,0.406005629321964
23,26,0.379161463216241,0.38560040109464
23,27,0.359645730778581,0.365753251566879
23,28,0.340717787797695,0.346503873364212
23,29,0.322408463113929,0.327883618863807
23,30,0.304741134487504,0.309916262828114
23,31,0.287732459612626,0.29261874583309
23,32,0.271393079706633,0.276001889805727
23,33,0.25572828950376,0.260071079395688
23,34,0.240738669417896,0.244826904873476
23,35,0.226420677206433,0.230265763841954
23,36,0.212767197726083,0.216380420328133
24,0,0.759304781344634,0.812589141609119
24,1,0.759156810680887,0.812430787075351
24,2,0.758212580916994,0.811420295804685
24,3,0.755902184278404,0.808947766633983
24,4,0.751856393993346,0.804618062231169
24,5,0.745863756883334,0.798204890649954
24,6,0.73783517037127,0.789612896522616
24,7,0.727774778532633,0.778846514735935
24,8,0.7157561904948,0.765984519952073
24,9,0.701903169969284,0.751159361024996
24,10,0.686374070054319,0.734540503512315
24,11,0.669349395347875,0.716321118957164
24,12,0.651021966195716,0.696707558910456
24,13,0.631589239595111,0.675911136952535
24,14,0.611247409648294,0.6541418151448
24,15,0.590186969045971,0.631603454039467
24,16,0.568589463194694,0.608490339027195
24,17,0.546625211441441,0.58498474164816
24,18,0.524451806400164,0.561255313608559
24,19,0.502213233520902,0.537456144565306
24,20,0.480039479518352,0.513726343076007
24,21,0.458046520748757,0.490190024160192
24,22,0.436336601658351,0.466956607287938
24,23,0.4149987295138,0.444121345828104
24,24,0.394109325188653,0.421766023503864
24,25,0.373732981185694,0.399959765609404
24,26,0.353923287638557,0.378759922976383
24,27,0.334723695029213,0.358212995232764
24,28,0.316168389014687,0.338355567020687
24,29,0.298283158278263,0.319215236749284
24,30,0.281086240880033,0.30081152233805
24,31,0.26458913832757,0.283156732415084
24,32,0.248797389646662,0.266256794708381
24,33,0.233711300213275,0.250112036023726
24,34,0.219326622104124,0.234717910338992
24,35,0.205635184313671,0.220065673246744
24,36,0.192625472437575,0.206143002317085
25,0,0.763532951126509,0.794682866551301
25,1,0.763411577847473,0.794556541596806
25,2,0.76263223972333,0.793745408752319
25,3,0.760711947990129,0.791746774722309
25,4,0.757325143528334,0.788221798525568
25,5,0.752272290034609,0.782962803360092
25,6,0.745453587340326,0.775865917501715
25,7,0.736847059300191,0.766908268242574
25,8,0.726490371627984,0.756129057947611
25,9,0.714465823018743,0.743613942858369
25,10,0.700888029478009,0.729482214978815
25,11,0.685893888394837,0.713876356711835
25,12,0.66963446679156,0.696953598173262
25,13,0.652268508453873,0.678879159431826
25,14,0.633957298251097,0.659820905308678
25,15,0.614860659742454,0.639945179697685
25,16,0.595133894871602,0.619413620408432
25,17,0.574925502828301,0.598380784964108
25,18,0.554375539572498,0.576992443198961
25,19,0.533614500571468,0.555384414414374
25,20,0.512762627432,0.533681845723674
25,21,0.491929554699494,0.511998844441655
25,22,0.471214226478762,0.490438391303759
25,23,0.450705023999873,0.469092473236231
25,24,0.430480055061769,0.448042384608188
25,25,0.410607564659823,0.427359154611589
25,26,0.39114643323526,0.407104065837771
25,27,0.372146735044052,0.387329235426166
25,28,0.353650334278057,0.368078235505448
25,29,0.335691500910248,0.34938673416344
25,30,0.318297531890459,0.331283141985844
25,31,0.301489366385201,0.313789252396037
25,32,0.285282186318777,0.296920866696511
25,33,0.269685995606112,0.280688396932717
25,34,0.254706173233564,0.265097441537954
25,35,0.240343996796904,0.250149330230169
25,36,0.226597134292988,0.235841635867298
26,0,0.76744029603615,0.797162781613371
26,1,0.767347807311831,0.797066710858256
26,2,0.76674930191721,0.796445025721769
26,3,0.765261657066879,0.794899765311196
26,4,0.762614351931243,0.792149931693386
26,5,0.758629017872419,0.788010248123994
26,6,0.753202029771338,0.782373076147509
26,7,0.746289734193732,0.775193071659291
26,8,0.737895960129475,0.766474211943614
26,9,0.728061502151,0.756258871521338
26,10,0.716855304737456,0.744618665048432
26,11,0.704367110793941,0.731646811116916
26,12,0.690701367586126,0.717451802170133
26,13,0.675972209878544,0.702152193341089
26,14,0.660299363425989,0.685872347288636
26,15,0.643804832492262,0.668738993425865
26,16,0.626610253087479,0.650878478649946
26,17,0.608834809416566,0.632414603095971
26,18,0.590593624876404,0.613466948818415
26,19,0.571996551057452,0.594149621891544
26,20,0.553147288801431,0.574570339426212
26,21,0.534142784620676,0.554829802612909
26,22,0.515072853857108,0.535021305285914
26,23,0.496019988991443,0.515230534808439
26,24,0.477059317631642,0.495535528433997
26,25,0.458258680024901,0.476006753820383
26,26,0.439678800547779,0.456707287161513
26,27,0.421373531621215,0.437693066549108
26,28,0.403390151947688,0.419013201760404
26,29,0.385769703944409,0.400710324759916
26,30,0.368547357808638,0.38282096786478
26,31,0.351752791851683,0.365375958808851
26,32,0.335410580623065,0.348400823898676
26,33,0.319540583956457,0.33191619212694
26,34,0.304158331440149,0.315938194533233
26,35,0.289275397978338,0.300478854310596
26,36,0.274899767093218,0.285546464178075
27,0,0.758901364339902,0.765549627239754
27,1,0.758842928978481,0.765490679962472
27,2,0.758460567294512,0.765104968645576
27,3,0.757498262145095,0.764134233339193
27,4,0.755763836433487,0.762384613402547
27,5,0.753118988934789,0.759716596039717
27,6,0.749470607143211,0.756036253044155
27,7,0.744763210688695,0.751287618016784
27,8,0.738972394502031,0.745446072090759
27,9,0.732099154952555,0.738512620363988
27,10,0.724164994796142,0.73050895396462
27,11,0.715207714094006,0.721473204096695
27,12,0.70527780442154,0.711456304660899
27,13,0.694435372796253,0.700518889234943
27,14,0.682747529918404,0.688728656434193
27,15,0.670286184631243,0.676158145050557
27,16,0.657126193054771,0.662882866971949
27,17,0.643343816704174,0.648979751793266
27,18,0.629015449141045,0.634525862312584
27,19,0.614216575384533,0.619597344826362
27,20,0.599020932487368,0.604268582351793
27,21,0.583499843409042,0.588611522664461
27,22,0.56772169964144,0.57269515639158
27,23,0.551751571002275,0.55658512338707
27,24,0.535650923646241,0.54034342827238
27,25,0.519477429686488,0.524028248390179
27,26,0.503284853900259,0.507693819517488
27,27,0.487123004839605,0.491390386548105
27,28,0.471037739305618,0.475164208006039
27,29,0.455071010594756,0.459057604714489
27,30,0.439260952208471,0.443109044238799
27,31,0.423641989850386,0.42735325386477
27,32,0.408244975534807,0.411821355882021
27,33,0.393097338510859,0.396541019830269
27,34,0.378223248480886,0.381536627147591
27,35,0.36364378727175,0.366829444345622
27,36,0.349377125713563,0.352437801437817
28,0,0.76774327740908,0.794255574598318
28,1,0.76767141435807,0.794181229917547
28,2,0.767203361025036,0.793697013409359
28,3,0.766031489228401,0.792484673640873
28,4,0.763930543723773,0.790311176681564
28,5,0.760743908679366,0.787014498322136
28,6,0.756371752126775,0.782491359120409
28,7,0.750760818693394,0.776686664648576
28,8,0.743895667063604,0.769584440359717
28,9,0.735791171928139,0.761200074608744
28,10,0.726486130959713,0.751573704859238
28,11,0.716037835862999,0.740764601256768
28,12,0.704517483026302,0.728846418797699
28,13,0.692006313964802,0.715903204491254
28,14,0.678592388782791,0.702026059400499
28,15,0.664367907467502,0.687310367433042
28,16,0.649427004114381,0.671853513394804
28,17,0.633863948311825,0.655753022263601
28,18,0.617771696006919,0.639105060012277
28,19,0.601240739344061,0.62200324372907
28,20,0.584358211315488,0.604537715349246
28,21,0.567207206676235,0.586794439119385
28,22,0.549866285536043,0.568854688046934
28,23,0.532409130418963,0.550794689117134
28,24,0.514904331442148,0.53268540105345
28,25,0.497415277665926,0.51459240191565
28,26,0.480000135659022,0.496575866924834
28,27,0.46271189895171,0.478690619624333
28,28,0.445598494356545,0.460986241871998
28,29,0.428702933157821,0.443507230250639
28,30,0.412063496939556,0.42629318831317
28,31,0.39571394936678,0.409379045677286
28,32,0.379683766582041,0.392795296378203
28,33,0.363998380051489,0.37656825010088
28,34,0.34867942671316,0.360720290966624
28,35,0.333745002162463,0.345270139461763
28,36,0.319209913372607,0.330233113885212
29,0,0.768637930119955,0.789558112466045
29,1,0.768537249138225,0.789454691228579
29,2,0.767887202021532,0.788786951640981
29,3,0.766275539736318,0.787131424399894
29,4,0.763414986196202,0.784193014564473
29,5,0.759119891784649,0.779781019653008
29,6,0.753286456093269,0.77378881409927
29,7,0.745876032222823,0.766176699143129
29,8,0.736901086964125,0.756957480886703
29,9,0.726413445660704,0.746184395214939
29,10,0.71449449842524,0.733941047452558
29,11,0.701247086409772,0.72033307780115
29,12,0.686788823700315,0.705481301474375
29,13,0.671246642726901,0.689516105649263
29,14,0.654752379387839,0.672572914429861
29,15,0.637439238858576,0.654788558465263
29,16,0.619439004712449,0.636298408110408
29,17,0.600879872895942,0.617234148448173
29,18,0.581884808604766,0.597722091444206
29,19,0.562570338490877,0.577881935281181
29,20,0.543045703152123,0.557825893781579
29,21,0.523412305743292,0.53765813001146
29,22,0.503763402000744,0.517474437868434
29,23,0.484183985169927,0.497362123877225
29,24,0.464750826422129,0.477400048706449
29,25,0.445532637481556,0.457658794221953
29,26,0.426590327477574,0.438200927329856
29,27,0.407977330596453,0.419081336546064
29,28,0.389739985026074,0.400347621254792
29,29,0.371917947048372,0.382040517071453
29,30,0.354544627010236,0.364194343679465
29,31,0.337647636357763,0.34683746403154
29,32,0.321249237007033,0.329992745951069
29,33,0.3053667860956,0.31367801898852
29,34,0.290013170655748,0.297906520925281
29,35,0.275197228010332,0.282687329611506
29,36,0.260924148747652,0.268025776908843
30,0,0.760598091066717,0.775309717312408
30,1,0.760551545953632,0.775262271915303
30,2,0.760245441840025,0.774950247080405
30,3,0.759470674835335,0.774160494391772
30,4,0.758066125305598,0.772728777810253
30,5,0.755911727010955,0.770532708752999
30,6,0.752922359281182,0.767485520130342
30,7,0.749042474731344,0.763530590149751
30,8,0.744241383678878,0.758636635523257
30,9,0.73850912426766,0.752793501710707
30,10,0.731852854407798,0.746008485071806
30,11,0.724293708069453,0.738303128353797
30,12,0.715864064286257,0.729710436871456
30,13,0.706605182484974,0.720272468098862
30,14,0.696565162513852,0.710038252240255
30,15,0.685797192039274,0.699062005727507
30,16,0.674358047860999,0.687401603547539
30,17,0.662306821199276,0.6751172798737
30,18,0.649703840167305,0.662270529696497
30,19,0.636609765492065,0.648923187053696
30,20,0.623084838114376,0.635136658077321
30,21,0.609188259611733,0.620971289432518
30,22,0.594977688469013,0.606485854845037
30,23,0.580508837094459,0.591737144322626
30,24,0.565835156161294,0.576779642391127
30,25,0.551007594367012,0.561665283206982
30,26,0.536074423059184,0.546443271790924
30,27,0.521081116393505,0.531159961868015
30,28,0.506070278780238,0.515858781910749
30,29,0.491081612351553,0.500580201977139
30,30,0.476151918055592,0.485361734825942
30,31,0.461315124763552,0.470237965586735
30,32,0.446602341472848,0.455240604972806
30,33,0.432041928310763,0.440398561658161
30,34,0.417659582596465,0.425738030004179
30,35,0.403478436711675,0.411282589823305
30,36,0.389519164967774,0.397053315313199
31,0,0.76825393478175,0.77222592040621
31,1,0.768169915769341,0.772141467003172
31,2,0.767624828588295,0.771593561641381
31,3,0.766266071535295,0.770227779614948
31,4,0.763841017853215,0.767790188049327
31,5,0.760179446532647,0.764109685867503
31,6,0.755178502961157,0.759082886683598
31,7,0.748789863714368,0.752661217234034
31,8,0.74100881879405,0.744839943169201
31,9,0.73186501918764,0.735648868776493
31,10,0.721414668238082,0.725144487978387
31,11,0.709733962407905,0.713403391184311
31,12,0.696913610985728,0.70051675666322
31,13,0.683054285463961,0.686585776393922
31,14,0.668262868023292,0.671717885153667
31,15,0.652649385068845,0.656023678200247
31,16,0.636324526321422,0.639614417536568
31,17,0.619397662794619,0.622600039640425
31,18,0.601975288280923,0.605087588892844
31,19,0.584159818901535,0.587180010921408
31,20,0.566048694001166,0.568975248846545
31,21,0.547733729328684,0.550565593118023
31,22,0.529300680160396,0.532037242379516
31,23,0.510828977904343,0.513470038711106
31,24,0.492391608868651,0.494937345770847
31,25,0.474055108371057,0.476506042873835
31,26,0.45587964728712,0.45823661198789
31,27,0.437919191549325,0.44018329805729
31,28,0.420221718078847,0.422394326050935
31,29,0.402829473209636,0.404912160722525
31,30,0.385779261898296,0.38777379731569
31,31,0.369102757944837,0.371011073388638
31,32,0.352826827116131,0.3546509936082
31,33,0.336973856498532,0.338716060805252
31,34,0.321562084637787,0.323224607821499
31,35,0.306605928078669,0.308191125737369
31,36,0.292116300816331,0.29362658497497
32,0,0.767361376855699,0.800601896606957
32,1,0.767242668190989,0.800478045726555
32,2,0.766479831519938,0.79968216453672
32,3,0.764598516057687,0.797719354350253
32,4,0.761277410003057,0.794254384798275
32,5,0.756317990420232,0.789080133338879
32,6,0.749619160365122,0.782091123715871
32,7,0.741156067935361,0.773261427493486
32,8,0.730962496578323,0.762626291548695
32,9,0.719116298574154,0.750266940562617
32,10,0.705727415603456,0.736298078663793
32,11,0.690928093017994,0.720857679801175
32,12,0.674864949007191,0.704098713363205
32,13,0.657692607305039,0.686182501066646
32,14,0.639568643300938,0.667273444143329
32,15,0.620649629186377,0.647534897170695
32,16,0.601088094774367,0.627125997240171
32,17,0.581030247474046,0.606199285165751
32,18,0.560614318118648,0.584898979656631
32,19,0.539969419396081,0.563359786297341
32,20,0.519214820925312,0.541706141221928
32,21,0.498459559915887,0.520051804908045
32,22,0.477802319155082,0.498499734878753
32,23,0.457331515061274,0.477142177570193
32,24,0.437125547962666,0.456060929451856
32,25,0.417253174816801,0.435327725891557
32,26,0.397773971461399,0.415004723430019
32,27,0.378738857340299,0.39514504723687
32,28,0.360190660619179,0.375793380706017
32,29,0.342164705815255,0.356986578540255
32,30,0.324689409619165,0.338754288382929
32,31,0.307786873577372,0.321119569174131
32,32,0.291473464809661,0.304099497023679
32,33,0.275760378027735,0.287705751575209
32,34,0.260654173857824,0.271945177647813
32,35,0.246157289904435,0.256820318438021
32,36,0.232268522169058,0.242329917792581
33,0,0.76340759359561,0.791861565805008
33,1,0.763312434697806,0.791762860114303
33,2,0.762697208849518,0.791124703371252
33,3,0.761169560253945,0.789540115768196
33,4,0.758453901596205,0.786723238211632
33,5,0.75436996382263,0.782487082602016
33,6,0.748814571705643,0.776724628131661
33,7,0.741746211600533,0.769392813846
33,8,0.733172012011896,0.760499033945536
33,9,0.723136805356205,0.750089791854919
33,10,0.711713981370309,0.738241212716763
33,11,0.698997879629114,0.725051152360811
33,12,0.685097501181715,0.710632674558152
33,13,0.670131347910949,0.695108698031735
33,14,0.654223223326058,0.678607640734831
33,15,0.637498850519377,0.661259911751117
33,16,0.62008318231722,0.643195121188653
33,17,0.602098295553097,0.624539895967761
33,18,0.583661776172086,0.60541620473451
33,19,0.56488551479057,0.585940108528154
33,20,0.545874843608293,0.566220865523904
33,21,0.526727955397418,0.54636032836636
33,22,0.507535553850341,0.526452581484976
33,23,0.488380692008899,0.506583773501154
33,24,0.469338761958707,0.486832106538458
33,25,0.45047760457414,0.467267950058047
33,26,0.431857712948321,0.447954051870979
33,27,0.413532507332258,0.428945823324956
33,28,0.395548663020574,0.410291679411126
33,29,0.377946475731214,0.392033417762331
33,30,0.360760251697001,0.374206623284286
33,31,0.344018711974631,0.356841087534107
33,32,0.327745402431124,0.339961233987907
33,33,0.311959102532558,0.323586542066034
33,34,0.296674227473365,0.307731964250664
33,35,0.281901219380083,0.292408331870616
33,36,0.267646924330671,0.277622746173059
34,0,0.776221886684263,0.798434885025973
34,1,0.776126420413733,0.798336686814814
34,2,0.775508983627236,0.797701580953856
34,3,0.773975221491307,0.796123927430211
34,4,0.771247559017948,0.793318207943726
34,5,0.767143846106606,0.789097059838069
34,6,0.76155919976984,0.783352598708722
34,7,0.754450615688833,0.77604058959022
34,8,0.745823974503713,0.767167081407883
34,9,0.735723115200633,0.756777167680033
34,10,0.724220689330878,0.744945579013977
34,11,0.711410546225602,0.731768850409844
34,12,0.697401431420885,0.717358839354628
34,13,0.682311808686222,0.701837399673637
34,14,0.666265640803482,0.685332041568764
34,15,0.649388985970767,0.667972430622284
34,16,0.631807285759809,0.649887598144213
34,17,0.613643237249853,0.631203752413447
34,18,0.595015156573509,0.612042595393507
34,19,0.576035753887126,0.592520062646465
34,20,0.556811250938233,0.572745415647978
34,21,0.537440782138862,0.552820625721234
34,22,0.518016028537321,0.532839997534164
34,23,0.498621041463633,0.512889987698176
34,24,0.479332219039353,0.493049180605756
34,25,0.460218404309159,0.473388389370276
34,26,0.441341078574082,0.453970854691799
34,27,0.422754627676673,0.434852518762488
34,28,0.404506662588402,0.416082355028187
34,29,0.38663837875068,0.397702737812645
34,30,0.369184941286616,0.379749838552801
34,31,0.35217588548634,0.36225403774473
34,32,0.335635523923715,0.345240343710727
34,33,0.319583353229286,0.328728811012812
34,34,0.304034454961483,0.312734952795589
34,35,0.288999886218321,0.297270142576003
34,36,0.274487056644407,0.28234200203909
35,0,0.761048583990787,0.789380963187777
35,1,0.760962329710194,0.789291497825741
35,2,0.760403260131425,0.788711615158772
35,3,0.7590110997889,0.787267627356664
35,4,0.756529079101981,0.78469320579974
35,5,0.752785523600694,0.780810284906758
35,6,0.747678125765538,0.775512748445475
35,7,0.741160550023844,0.768752535858719
35,8,0.733231063794166,0.760527850064357
35,9,0.723922924940522,0.750873187052903
35,10,0.713296289131412,0.739850941973025
35,11,0.701431429877293,0.72754437676402
35,12,0.688423089875391,0.714051761212028
35,13,0.67437580510648,0.699481522971903
35,14,0.659400063246814,0.683948262964184
35,15,0.643609175684786,0.667569510942941
35,16,0.627116758037816,0.65046311221713
35,17,0.610034727792096,0.632745150746312
35,18,0.592471739751621,0.61452832634445
35,19,0.574531990574572,0.595920714711476
35,20,0.556314332965091,0.577024848648119
35,21,0.537911648227892,0.557937067251935
35,22,0.519410433016546,0.53874708728102
35,23,0.500890562332887,0.519537757330336
35,24,0.482425196270891,0.500384961103848
35,25,0.464080802737341,0.481357640981031
35,26,0.445917272507143,0.462517917355479
35,27,0.427988106556914,0.443921282942561
35,28,0.410340658731934,0.4256168544804
35,29,0.393016419496509,0.407647667043713
35,30,0.376051328847473,0.39005099860649
35,31,0.359476108480138,0.372858714573839
35,32,0.34331660502545,0.356097623797205
35,33,0.327594137661739,0.339789839127042
35,34,0.312325844675291,0.323953136875164
35,35,0.297525024628477,0.308601310683915
35,36,0.283201468716494,0.293744516255911
36,0,0.761029024143376,0.766812085873451
36,1,0.760961054257815,0.766743599484536
36,2,0.760517852604667,0.766297029940759
36,3,0.759406782049361,0.765177516357126
36,4,0.757412230455981,0.763167808160487
36,5,0.754382970834747,0.760115529186731
36,6,0.750221223202632,0.755922156422462
36,7,0.744873213216113,0.750533506892767
36,8,0.738321045602021,0.743931549338244
36,9,0.73057573093238,0.736127378000286
36,10,0.721671222613077,0.727155204296809
36,11,0.711659337310343,0.717067238649038
36,12,0.700605446626819,0.705929349418609
36,13,0.688584840843611,0.693817399017691
36,14,0.675679677130833,0.680814168928966
36,15,0.66197643494487,0.667006795766457
36,16,0.647563810509138,0.652484649756436
36,17,0.632530990436044,0.637337595240631
36,18,0.616966251798734,0.62165458010992
36,19,0.60095584239861,0.605522507562994
36,20,0.584583100685082,0.58902534933838
36,21,0.567927779845471,0.572243464668094
36,22,0.551065545065129,0.555253093717451
36,23,0.534067616923278,0.538125998271057
36,24,0.517000537394811,0.520929225956462
36,25,0.499926038022778,0.503724977414889
36,26,0.482900992555268,0.4865705585782
36,27,0.465977438744377,0.46951840263352
36,28,0.449202656119957,0.452616148387982
36,29,0.432619288408953,0.435906763618333
36,30,0.416265500901467,0.419428703632826
36,31,0.400175164492737,0.403216096711728
36,32,0.384378059379128,0.3872989493512
36,33,0.368900092476517,0.371703365333848
36,34,0.353763523579397,0.356451773606407
36,35,0.338987196104968,0.341563160777258
36,36,0.324586768982972,0.327053304768394
37,0,0.77187205217159,0.795008699535863
37,1,0.771761005565565,0.794894324339098
37,2,0.771045912411732,0.794157796469387
37,3,0.769278197705828,0.792337095013054
37,4,0.76615012006163,0.789115254122502
37,5,0.76146761173161,0.784292388924128
37,6,0.755127402164458,0.777762133360937
37,7,0.747097821497391,0.769491868274924
37,8,0.737402759481435,0.759506199505677
37,9,0.726108324585993,0.747873217105348
37,10,0.713311808606577,0.734693129163618
37,11,0.69913261505094,0.720088918274754
37,12,0.68370485582586,0.704198716312167
37,13,0.667171361103694,0.687169634742401
37,14,0.649678882432521,0.669152823949857
37,15,0.631374299800024,0.650299566608479
37,16,0.612401670027413,0.63075823760212
37,17,0.592899977048044,0.610671986868392
37,18,0.573001464749217,0.59017702226787
37,19,0.552830450506627,0.569401387554572
37,20,0.532502532654734,0.548464146090474
37,21,0.512124118208212,0.527474894410546
37,22,0.491792208439044,0.506533541372577
37,23,0.471594389648665,0.485730298652719
37,24,0.451608984854906,0.465145836979203
37,25,0.431905329314792,0.444851569913855
37,26,0.412544138980387,0.424910033352302
37,27,0.393577946270651,0.405375334357964
37,28,0.375051582055584,0.386293647593544
37,29,0.357002686593113,0.367703741573099
37,30,0.339462235424241,0.349637520320749
37,31,0.322455068996923,0.332120568869881
37,32,0.306000417122457,0.315172693439969
37,33,0.290112411329947,0.298808449148722
37,34,0.274800579826705,0.283037649808783
37,35,0.260070321140674,0.267865855767451
37,36,0.245923353654556,0.253294836915462
38,0,0.758892599897987,0.786428171267733
38,1,0.758840421024085,0.786374099141603
38,2,0.758498128276138,0.786019386683157
38,3,0.757634205640655,0.785124117578634
38,4,0.756072545938204,0.783505794796061
38,5,0.75368412684987,0.781030714585618
38,6,0.750379714395729,0.777606405211967
38,7,0.746103480354783,0.773175012789395
38,8,0.740827431788293,0.767707528686609
38,9,0.734546561359542,0.761198763881264
38,10,0.72727463664033,0.753662985486146
38,11,0.719040555155568,0.745130139540618
38,12,0.709885199630907,0.735642592154422
38,13,0.69985873485509,0.725252328289699
38,14,0.689018293821598,0.714018553946859
38,15,0.677426006439718,0.702005653349637
38,16,0.665147329163537,0.689281457966534
38,17,0.652249638433217,0.675915788916676
38,18,0.638801054905762,0.661979238539113
38,19,0.624869469117354,0.647542160702394
38,20,0.610521742506778,0.63267384283802
38,21,0.595823060676544,0.617441835735366
38,22,0.580836418408342,0.601911419871501
38,23,0.565622218312758,0.586145189498349
38,24,0.550237967107117,0.570202737900321
38,25,0.534738055404727,0.55414042919345
38,26,0.519173608586046,0.538011243785587
38,27,0.503592397827733,0.521864686177245
38,28,0.488038801707523,0.505746745173343
38,29,0.472553809997841,0.48969989781447
38,30,0.457175062324193,0.473763149437954
38,31,0.441936915309013,0.457972103257944
38,32,0.42687053266008,0.442359053722591
38,33,0.412003993405853,0.426953098676576
38,34,0.397362414138003,0.411780266039079
38,35,0.382968081703051,0.396863651309984
38,36,0.36884059329836,0.382223562749099
39,0,0.758187986784921,0.800698401599642
39,1,0.758091139269056,0.800596123995006
39,2,0.757465412021118,0.799935313198748
39,3,0.755912846031113,0.798295697261483
39,4,0.753154999834828,0.79538322294151
39,5,0.749010811588479,0.791006676540596
39,6,0.743377817479667,0.785057849260607
39,7,0.736216271685867,0.777494766792902
39,8,0.727535770411036,0.768327563385586
39,9,0.717384032983351,0.757606633914947
39,10,0.705837537375002,0.745412744353485
39,11,0.692993746511744,0.731848822220796
39,12,0.678964696000098,0.717033184784665
39,13,0.663871743967676,0.701093994533147
39,14,0.647841310078458,0.684164759283095
39,15,0.631001453885613,0.666380718686572
39,16,0.613479162905715,0.647875980251633
39,17,0.595398238481882,0.628781286669111
39,18,0.576877682952309,0.609222312552217
39,19,0.558030505122831,0.589318402933812
39,20,0.538962872794584,0.569181678277625
39,21,0.519773551330139,0.548916441565662
39,22,0.500553576138881,0.528618832420358
39,23,0.481386114688504,0.508376681379269
39,24,0.462346480348672,0.488269524514925
39,25,0.443502266172593,0.468368744717332
39,26,0.424913571734826,0.448737811250212
39,27,0.406633300468001,0.429432593758938
39,28,0.388707508664572,0.41050173084026
39,29,0.371175790508817,0.391987036662455
39,30,0.354071686246619,0.373923932020544
39,31,0.337423102945306,0.356341888687482
39,32,0.321252739295069,0.339264878033523
39,33,0.305578507602887,0.322711816680688
39,34,0.290413947569447,0.306697003479512
39,35,0.275768627654353,0.291230543378162
39,36,0.261648530855579,0.276318754831956
40,0,0.763607036472438,0.774048873102117
40,1,0.763534126867426,0.773974966505004
40,2,0.763059488996372,0.773493838265381
40,3,0.761871782208354,0.772289890348547
40,4,0.759743641905989,0.770132649092026
40,5,0.756517584410389,0.766862477328591
40,6,0.752093851998582,0.762378253212372
40,7,0.746419959253889,0.756626773622267
40,8,0.739481729231552,0.749593667752888
40,9,0.731295632323861,0.74129563121858
40,10,0.721902262423631,0.731773813007615
40,11,0.711360804313,0.72108820721608
40,12,0.69974436339806,0.709312918919621
40,13,0.687136044195206,0.696532189035615
40,14,0.673625677555119,0.682837076794028
40,15,0.659307108667192,0.668322710657049
40,16,0.644275968584171,0.653086029370754
40,17,0.628627861490201,0.63722394444521
40,18,0.612456908336467,0.620831863875263
40,19,0.595854594904696,0.604002524452046
40,20,0.578908878935082,0.586825086681459
40,21,0.561703516765978,0.569384452216077
40,22,0.544317575062004,0.551760768906467
40,23,0.526825097730647,0.534029093163076
40,24,0.50929490211209,0.51625918335909
40,25,0.491790482033255,0.498515401558807
40,26,0.474369998398557,0.480856703979718
40,27,0.457086340694646,0.46333670333829
40,28,0.439987245157302,0.446003788632725
40,29,0.423115457423845,0.428901290019524
40,30,0.406508929307896,0.412067678279026
40,31,0.390201040915547,0.395536789968873
40,32,0.374220840699835,0.379338070761072
40,33,0.358593297247987,0.363496830672272
40,34,0.343339557634526,0.34803450594968
40,35,0.32847720807207,0.332968923286097
40,36,0.31402053336729,0.318314562823767
41,0,0.74559149861004,0.776594790795646
41,1,0.745551608767478,0.776553242247954
41,2,0.745288543358381,0.776279238015443
41,3,0.744620632523193,0.775583554016511
41,4,0.743405930113932,0.774318341678176
41,5,0.741536730016818,0.772371416235652
41,6,0.738934705245225,0.769661193698367
41,7,0.73554660646852,0.766132210514418
41,8,0.731340462639,0.761751166211429
41,9,0.726302231835767,0.756503434975342
41,10,0.72043285540797,0.750389997298621
41,11,0.713745673013097,0.743424747530295
41,12,0.706264160248364,0.735632137433219
41,13,0.69801995430059,0.727045119736232
41,14,0.689051136425123,0.717703359194881
41,15,0.679400743137615,0.707651681875357
41,16,0.669115480791167,0.696938736281009
41,17,0.658244620740783,0.68561584257536
41,18,0.646839054590264,0.67373600854415
41,19,0.634950491094617,0.661353093103222
41,20,0.622630778173062,0.648521100119379
41,21,0.60993133519131,0.635293587085739
41,22,0.59690268221307,0.621723174798519
41,23,0.583594054314361,0.607861145633697
41,24,0.570053090313551,0.593757119333794
41,25,0.556325586407377,0.579458796399539
41,26,0.542455306229611,0.565011760250374
41,27,0.528483839774791,0.550459330281931
41,28,0.514450504463723,0.535842458817622
41,29,0.500392282378837,0.521199665734113
41,30,0.48634378837359,0.506567005244639
41,31,0.472337264368004,0.491978059957346
41,32,0.458402595688566,0.477463957894637
41,33,0.444567345800818,0.463053408670012
41,34,0.430856806222451,0.448772755476666
41,35,0.417294058798373,0.434646039952077
41,36,0.403900047871395,0.420695077349711
42,0,0.756743516363476,0.795727227833058
42,1,0.756660704471656,0.795640149879055
42,2,0.756123457361307,0.795075226434671
42,3,0.754784267785775,0.793667048385651
42,4,0.75239418169865,0.791153836795111
42,5,0.748785475245497,0.787359227498913
42,6,0.743856826670715,0.782176679141947
42,7,0.737560661864933,0.775556166830245
42,8,0.729892390766564,0.767492864044779
42,9,0.720881285936166,0.75801755132474
42,10,0.710582784824774,0.747188521986525
42,11,0.699072023987151,0.73508478325139
42,12,0.686438437131404,0.721800376013095
42,13,0.672781269790343,0.707439658447152
42,14,0.658205881853032,0.692113418066948
42,15,0.642820725479898,0.675935693955873
42,16,0.626734900285012,0.6590212060046
42,17,0.61005620032148,0.641483301286742
42,18,0.592889578543709,0.623432339417748
42,19,0.575335964215837,0.604974449042037
42,20,0.55749137734226,0.58621059664331
42,21,0.539446291750284,0.567235916816365
42,22,0.521285205078235,0.548139260103096
42,23,0.503086379722532,0.529002920594432
42,24,0.484921723870585,0.509902510834636
42,25,0.466856786177986,0.490906956224289
42,26,0.448950841514205,0.472078585183183
42,27,0.431257048567997,0.453473294874788
42,28,0.413822663031694,0.435140775372749
42,29,0.396689292625221,0.417124777822488
42,30,0.379893182423013,0.399463414466767
42,31,0.363465520851347,0.382189480406495
42,32,0.347432758366689,0.365330788695822
42,33,0.331816932239909,0.348910511857642
42,34,0.316635992085315,0.332947524182287
42,35,0.301904121812627,0.317456740264885
42,36,0.287632054566673,0.302449446169199
43,0,0.759557619241604,0.760266598012423
43,1,0.759518582844637,0.760227525178488
43,2,0.759260938145805,0.759969639991486
43,3,0.758606198738517,0.759314289443807
43,4,0.757414347950953,0.758121326170653
43,5,0.755578599674053,0.756283864387728
43,6,0.753020746305121,0.753723623492569
43,7,0.749687034885693,0.750386800353154
43,8,0.745544518017778,0.74624041681806
43,9,0.740577831158814,0.741269094003304
43,10,0.734786352464528,0.735472209484177
43,11,0.728181705508823,0.728861397684144
43,12,0.720785568995974,0.721458357542604
43,13,0.71262776102511,0.713292934991198
43,14,0.703744568599688,0.704401450904041
43,15,0.694177295922606,0.694825248037792
43,16,0.68397100760543,0.684609433067783
43,17,0.673173445270755,0.673801792179121
43,18,0.661834098160698,0.662451860807683
43,19,0.650003410301023,0.650610130064197
43,20,0.63773210852677,0.638327374132646
43,21,0.625070637267527,0.625654084527956
43,22,0.612068687433132,0.612639998541968
43,23,0.598774808047051,0.599333710514293
43,24,0.585236090456996,0.585782355748187
43,25,0.571497916021846,0.572031357961947
43,26,0.557603759140605,0.558124232134022
43,27,0.543595038362407,0.544102435474039
43,28,0.529511009104894,0.530005260041045
43,29,0.515388692219408,0.515869761242017
43,30,0.501262833282419,0.5017307170853
43,31,0.487165888069977,0.487620613641493
43,32,0.473128030191485,0.473569652684351
43,33,0.459177177326297,0.459605777951874
43,34,0.445339032926273,0.445754716887783
43,35,0.431637140624012,0.432040035100543
43,36,0.418092948924173,0.418483201115063
44,0,0.76935896010892,0.792560434090376
44,1,0.769308951862949,0.792508917751204
44,2,0.768980496166474,0.792170556852227
44,3,0.768150357153565,0.791315383427935
44,4,0.766647652365748,0.789767361736248
44,5,0.764346135446242,0.787396438222819
44,6,0.761157413798526,0.784111554645263
44,7,0.757024999813977,0.779854519904326
44,8,0.751919104509021,0.774594646673314
44,9,0.745832091665303,0.768324068449271
44,10,0.738774518927817,0.761053661262937
44,11,0.730771699868282,0.752809502064644
44,12,0.721860727839692,0.743629802827571
44,13,0.712087908601292,0.733562265748681
44,14,0.701506554243584,0.722661810645355
44,15,0.690175095946852,0.710988630800587
44,16,0.678155477615716,0.698606538154552
44,17,0.665511796493082,0.685581562923696
44,18,0.652309160512093,0.67198077649398
44,19,0.638612735432887,0.65787130982224
44,20,0.624486957767255,0.643319542625102
44,21,0.609994892150431,0.628390441371105
44,22,0.595197714204206,0.613147026548571
44,23,0.580154302075489,0.597649951886247
44,24,0.564920921753199,0.581957180180321
44,25,0.549550992985435,0.566123742152391
44,26,0.534094924157895,0.550201566348328
44,27,0.518600005871134,0.534239369506151
44,28,0.503110354184528,0.518282598088416
44,29,0.487666895593357,0.502373412806239
44,30,0.472307386785232,0.48655070897153
44,31,0.457066463095302,0.470850166413452
44,32,0.441975710356795,0.455304323495748
44,33,0.427063755534458,0.439942670483409
44,34,0.412356372141985,0.42479175813916
44,35,0.3978765969886,0.409875317990764
44,36,0.383644855281769,0.39521439120643
45,0,0.750881899659073,0.774213302586459
45,1,0.750823866060102,0.774153465767459
45,2,0.750444165644587,0.773761967300359
45,3,0.74948864969146,0.772776761554848
45,4,0.74776662943408,0.77100123468279
45,5,0.745140958748363,0.768293979155633
45,6,0.741519389429009,0.764559880431779
45,7,0.736847052930689,0.759742365090415
45,8,0.731099938066344,0.753816675868863
45,9,0.724279248183409,0.74678405350497
45,10,0.716406533935976,0.738666718274766
45,11,0.707519509077351,0.729503555773329
45,12,0.697668466840154,0.719346421944638
45,13,0.686913223565115,0.708256991742805
45,14,0.67532052438902,0.696304084209556
45,15,0.662961853100804,0.683561404278165
45,16,0.649911594807547,0.670105648349815
45,17,0.636245505895858,0.656014926713612
45,18,0.622039450998055,0.641367461267786
45,19,0.607368371339399,0.626240521811402
45,20,0.592305453008705,0.610709568471481
45,21,0.576921467411094,0.594847571662294
45,22,0.561284259474303,0.57872448438922
45,23,0.54545836213036,0.5624068447516
45,24,0.529504718219932,0.545957489206089
45,25,0.513480493300852,0.529435359558775
45,26,0.497438964915738,0.512895388792117
45,27,0.481429475713306,0.496388452729648
45,28,0.465497439448744,0.479961376222791
45,29,0.449684390332345,0.46365698403285
45,30,0.434028067472394,0.447514187897711
45,31,0.418562527286001,0.4315681024355
45,32,0.403318277746174,0.415850183562985
45,33,0.388322429209345,0.400388384009612
45,34,0.373598857337812,0.385207321302274
45,35,0.359168374307686,0.370328454293036
45,36,0.345048905085376,0.355770264912874
46,0,0.766480750628266,0.804588380380119
46,1,0.766409029533884,0.804513093480714
46,2,0.765941896988813,0.804022736198351
46,3,0.764772319924916,0.802795010499045
46,4,0.762675468875062,0.80059390892054
46,5,0.759495014216936,0.797255329497435
46,6,0.755131296115336,0.792674657540672
46,7,0.749531139017404,0.786796073733308
46,8,0.742679107630837,0.779603375376418
46,9,0.734590024569529,0.771112122029581
46,10,0.725302590578519,0.761362938548341
46,11,0.71487396671463,0.750415827903537
46,12,0.703375194298249,0.738345363423807
46,13,0.690887343078591,0.725236645456635
46,14,0.677498291060906,0.711181921096102
46,15,0.663300051001423,0.696277777757416
46,16,0.648386568838561,0.680622832151268
46,17,0.632851928435462,0.664315845770368
46,18,0.616788905083328,0.64745420647635
46,19,0.600287817368624,0.630132723284501
46,20,0.583435633339572,0.612442688090937
46,21,0.566315292507889,0.594471163965865
46,22,0.549005210170344,0.576300464831156
46,23,0.531578934902957,0.558007795925965
46,24,0.514104933932676,0.539665028507587
46,25,0.49664648448432,0.52133858579642
46,26,0.479261652185706,0.503089420307454
46,27,0.462003340236979,0.48497306546418
46,28,0.44491939535195,0.467039746807081
46,29,0.428052758496384,0.449334540226282
46,30,0.411441650213015,0.431897566500485
46,31,0.395119781864726,0.414764213042668
46,32,0.379116585471665,0.397965375164164
46,33,0.363457455988014,0.381527710396867
46,34,0.348164000880334,0.365473900480026
46,35,0.333254292749949,0.34982291654242
46,36,0.31874312150305,0.334590283809777
47,0,0.774376397866147,0.793606842973597
47,1,0.77426880954438,0.793496582861572
47,2,0.773575302701977,0.792785853844912
47,3,0.77185905073556,0.791026981404367
47,4,0.76881859418288,0.787911019796265
47,5,0.76426204208487,0.783241312745132
47,6,0.758085295345714,0.776911176014446
47,7,0.750253731812304,0.768885127663253
47,8,0.740786865382633,0.759183166187145
47,9,0.729745555102227,0.747867661972308
47,10,0.717221395978825,0.735032484647417
47,11,0.703327972075968,0.720794038961285
47,12,0.688193695165745,0.705283925594573
47,13,0.671955989562869,0.688642981583181
47,14,0.654756616374818,0.671016488453347
47,15,0.636737958858491,0.652550365330847
47,16,0.61804011537818,0.633388189707063
47,17,0.598798668058906,0.613668910680261
47,18,0.579143014016862,0.593525138744712
47,19,0.559195162371839,0.573081912928772
47,20,0.539068914411013,0.5524558605993
47,21,0.518869356548599,0.53175467782975
47,22,0.498692606348851,0.511076869116039
47,23,0.47862576105931,0.490511694631699
47,24,0.458747006020443,0.470139281329701
47,25,0.439125847138256,0.450030861188173
47,26,0.419823437469429,0.430249105905765
47,27,0.400892972998439,0.410848532507294
47,28,0.382380136991826,0.391875958732859
47,29,0.364323575991737,0.373370990851958
47,30,0.34675539364273,0.355366529753714
47,31,0.329701651205635,0.337889283890227
47,32,0.313182865864054,0.320960279957754
47,33,0.297214499828584,0.304595364147075
47,34,0.281807434839822,0.288805688430055
47,35,0.266968428006139,0.273598177717443
47,36,0.252700546022993,0.258975974861357
48,0,0.753704360934872,0.786685197730757
48,1,0.753634532284609,0.786612313496053
48,2,0.753179615100436,0.786137489900051
48,3,0.752040311688598,0.784948332484661
48,4,0.749997165983929,0.78281578215594
48,5,0.746897298159706,0.779580269322747
48,6,0.742642947029014,0.775139754932844
48,7,0.737181599874847,0.769439428400935
48,8,0.730497514340571,0.762462858511305
48,9,0.722604459311505,0.754224416652565
48,10,0.713539521602145,0.744762812495917
48,11,0.703357842983679,0.734135600723832
48,12,0.692128167869246,0.722414533889494
48,13,0.67992909602303,0.709681651150738
48,14,0.666845947156592,0.696026005666389
48,15,0.65296815538559,0.681540945038778
48,16,0.638387121389631,0.666321869487719
48,17,0.623194458879466,0.65046440158606
48,18,0.607480579747642,0.634062909498893
48,19,0.591333569167326,0.617209332858603
48,20,0.574838308004699,0.599992266775496
48,21,0.558075805308351,0.582496265118052
48,22,0.541122708411097,0.564801329177623
48,23,0.52405096239406,0.54698255223123
48,24,0.506927594380957,0.529109894396935
48,25,0.48981460140729,0.511248065596376
48,26,0.472768923493484,0.493456497449624
48,27,0.455842486086883,0.475789387574376
48,28,0.439082298264056,0.458295802085431
48,29,0.422530595037085,0.441019824128053
48,30,0.406225013816577,0.424000738062716
48,31,0.390198796578013,0.40727324047791
48,32,0.374481010581495,0.390867670568213
48,33,0.359096781630085,0.374810253599624
48,34,0.344067534838577,0.359123352213971
48,35,0.329411238740059,0.343825721217168
48,36,0.315142649297834,0.328932762268685
49,0,0.766721572146605,0.780945043760878
49,1,0.766611129191718,0.780832551975893
49,2,0.765899948474219,0.780108178126604
49,3,0.764141975198647,0.77831759264356
49,4,0.761031262223915,0.775149172752388
49,5,0.756374938675267,0.770406469625772
49,6,0.750070443573502,0.763985019673146
49,7,0.742086423242821,0.755852887575865
49,8,0.732446770081379,0.746034408960577
49,9,0.721217349279694,0.734596670884642
49,10,0.708495020430064,0.721638329785151
49,11,0.694398613726377,0.707280420277972
49,12,0.679061566527548,0.691658855121903
49,13,0.662625966261118,0.674918357612008
49,14,0.645237780692186,0.657207603365152
49,15,0.62704308710874,0.63867537955285
49,16,0.6081851385341,0.619467596688948
49,17,0.588802128161491,0.59972501159215
49,18,0.569025533246517,0.579581540556014
49,19,0.548978937071181,0.559163059459187
49,20,0.528777242642442,0.538586602877269
49,21,0.508526204803529,0.517959887514303
49,22,0.488322218675903,0.497381096720132
49,23,0.468252312040978,0.476938872730781
49,24,0.448394297612806,0.456712471765963
49,25,0.428817048320857,0.436772044418635
49,26,0.409580864868979,0.417179010032553
49,27,0.390737910096967,0.397986499121696
49,28,0.372332689162373,0.379239842459938
49,29,0.35440255838514,0.360977089365277
49,30,0.33697824884612,0.343229541011634
49,31,0.320084393581033,0.326022287402809
49,32,0.303740049532392,0.309374739007147
49,33,0.287959207373023,0.293301146038805
49,34,0.272751283947932,0.277811100034923
49,35,0.258121593441723,0.26291001376368
49,36,0.24407179450568,0.248599576646043
50,0,0.76606173377085,0.798255114578403
50,1,0.765959993119812,0.798149098324789
50,2,0.76530335488249,0.797464865177168
50,3,0.763676048401569,0.795769171913666
50,4,0.760788994717902,0.792760791169068
50,5,0.756456027780828,0.788245733352784
50,6,0.750573767690233,0.782116274073458
50,7,0.743104644725661,0.774333264760963
50,8,0.734062636904556,0.764911270852292
50,9,0.723501340034527,0.753906140493433
50,10,0.711504038590567,0.741404658149917
50,11,0.698175489061887,0.727515982652697
50,12,0.683635165386994,0.712364608775849
50,13,0.668011749361421,0.696084626106293
50,14,0.65143867801891,0.678815079305788
50,15,0.634050585448832,0.660696260397415
50,16,0.615980498757796,0.64186678688881
50,17,0.597357667298987,0.622461339775885
50,18,0.578305921220828,0.602608953110284
50,19,0.558942470129469,0.582431762176231
50,20,0.539377065484332,0.562044130686145
50,21,0.519711461487994,0.541552089014676
50,22,0.500039118899081,0.521053025564476
50,23,0.480445104572699,0.500635582084868
50,24,0.461006146778761,0.480379711314893
50,25,0.441790812606634,0.460356861843311
50,26,0.422859779159881,0.440630260700164
50,27,0.404266174887654,0.421255269032467
50,28,0.386055971386251,0.402279790371035
50,29,0.368268409420369,0.383744714555078
50,30,0.350936445833344,0.365684383423635
50,31,0.334087210504518,0.34812706697635
50,32,0.317742464627071,0.331095440910219
50,33,0.301919053371468,0.314607058306004
50,34,0.286629347511912,0.29867480981382
50,35,0.271881669864193,0.283307368011844
50,36,0.257680703446654,0.268509612720039
51,0,0.76198640101649,0.804444759171541
51,1,0.761884161782667,0.804336823103757
51,2,0.761224492597655,0.803640396739767
51,3,0.759590194495113,0.801915034526268
51,4,0.756691680999638,0.79885501404859
51,5,0.752342943335554,0.794263962005905
51,6,0.746441219532436,0.788033390466619
51,7,0.738949857350237,0.780124604904979
51,8,0.729883926279877,0.770553514493348
51,9,0.719298191254167,0.759377935700799
51,10,0.707277111061716,0.746687033412389
51,11,0.693926568619239,0.732592590407079
51,12,0.679367078957621,0.717221836888543
51,13,0.66372825466214,0.700711607536258
51,14,0.64714433815113,0.683203624839947
51,15,0.629750636087568,0.664840734834354
51,16,0.611680713843267,0.645763945237225
51,17,0.59306422767237,0.62611013683016
51,18,0.574025289450054,0.606010337079532
51,19,0.554681273803272,0.585588460799815
51,20,0.535141990476258,0.56496043640277
51,21,0.515509156075267,0.544233648207481
51,22,0.495876109137272,0.523506635632492
51,23,0.476327720953223,0.502868999050092
51,24,0.456940461913034,0.48240146982808
51,25,0.437782589471817,0.462176108769595
51,26,0.41891442929272,0.442256602921412
51,27,0.400388725813395,0.42269863567419
51,28,0.382251042509131,0.403550309328517
51,29,0.36454019557268,0.384852602939648
51,30,0.347288707674715,0.366639851361778
51,31,0.330523270976226,0.348940234059775
51,32,0.314265210693257,0.331776264504042
51,33,0.298530942316329,0.315165272866485
51,34,0.283332417106083,0.299119876339448
51,35,0.268677551762249,0.283648432746117
51,36,0.254570639228864,0.268755474236051
52,0,0.761467441176035,0.762505563940919
52,1,0.761454404875009,0.762492509867261
52,2,0.761366779648564,0.762404765179711
52,3,0.761139501776862,0.762177177455848
52,4,0.76071702263916,0.761754122344458
52,5,0.760052413048598,0.761088606679244
52,6,0.759106537253446,0.760141441353979
52,7,0.757847291744168,0.758880479091811
52,8,0.756248904321607,0.757279912557866
52,9,0.7542912891781,0.755319628561122
52,10,0.751959454021354,0.752984614370015
52,11,0.749242955531748,0.750264412427352
52,12,0.746135399688223,0.747152619994985
52,13,0.742633983727203,0.74364643048828
52,14,0.7387390767139,0.7397462134756
52,15,0.734453835906734,0.735455130519717
52,16,0.729783856284363,0.730778784227026
52,17,0.724736850781597,0.725724898047525
52,18,0.719322358946115,0.720303024534337
52,19,0.713551481882977,0.714524279926864
52,20,0.707436641499178,0.70840110306712
52,21,0.700991362196417,0.701947036794873
52,22,0.694230073287518,0.695176530094698
52,23,0.68716793053098,0.688104759387222
52,24,0.679820655289552,0.680747467468422
52,25,0.672204389922895,0.673120818705137
52,26,0.66433556812182,0.665241269192538
52,27,0.656230798982707,0.657125450670493
52,28,0.647906763705782,0.648790067081022
52,29,0.639380123880555,0.640251802728688
52,30,0.630667440395977,0.631527241080213
52,31,0.621785102082324,0.62263279330907
52,32,0.612749263256607,0.613584635755752
52,33,0.603575789403802,0.604398655534947
52,34,0.594280210282657,0.595090403577411
52,35,0.584877679797486,0.585675054447061
52,36,0.575382942026485,0.576167372322968
53,0,0.762530980698951,0.775864545490449
53,1,0.762477401060786,0.77581002896238
53,2,0.762126087932938,0.775452572797106
53,3,0.761239875578969,0.774550864194277
53,4,0.759638806879681,0.772921799316764
53,5,0.757191475802919,0.770431674375485
53,6,0.753807446226887,0.766988471888777
53,7,0.74943062734909,0.762535120254195
53,8,0.74403349831727,0.75704361739173
53,9,0.737612085901239,0.750509920595563
53,10,0.730181609101455,0.742949514984558
53,11,0.721772713666534,0.734393582176803
53,12,0.712428227663317,0.724885699127798
53,13,0.702200376596132,0.714479004553486
53,14,0.691148403185239,0.703233777088295
53,15,0.679336542859253,0.69121537537717
53,16,0.666832311357438,0.678492495734993
53,17,0.653705065633575,0.665135707886518
53,18,0.640024803556841,0.651216233678891
53,19,0.625861171764825,0.636804937586064
53,20,0.611282654483117,0.62197150134413
53,21,0.596355919224142,0.606783758209096
53,22,0.581145298050936,0.591307165150071
53,23,0.565712385571567,0.575604393814244
53,24,0.550115737046184,0.559735023355055
53,25,0.534410651967636,0.543755320228518
53,26,0.518649030242128,0.527718091859063
53,27,0.50287928967009,0.511672602677481
53,28,0.487146334828782,0.49566454245941
53,29,0.47149156870481,0.479736038161262
53,30,0.455952939532516,0.463925701577617
53,31,0.440565016277541,0.448268706144698
53,32,0.425359087076606,0.432796887101451
53,33,0.410363275716414,0.4175388600052
53,34,0.395602671917067,0.402520153293182
53,35,0.381099471787913,0.387763351194402
53,36,0.366873125354865,0.373288243836601
54,0,0.764674015090485,0.788318511158794
54,1,0.764592032186043,0.788233993259801
54,2,0.764059882285976,0.787685388745125
54,3,0.762732612334264,0.786317078260408
54,4,0.760362361628704,0.783873536999156
54,5,0.756781413523177,0.780181862346459
54,6,0.751887671534955,0.775136800892796
54,7,0.745632249762278,0.768687955134747
54,8,0.738008904417382,0.760828888220296
54,9,0.729045066005758,0.751587878833985
54,10,0.718794260688753,0.741020108220354
54,11,0.707329735060084,0.729201087832085
54,12,0.694739121311194,0.716221159536854
54,13,0.681119999880269,0.702180921058962
54,14,0.666576234465435,0.687187447667418
54,15,0.651214969993187,0.671351197318508
54,16,0.635144197999804,0.654783500756337
54,17,0.618470806112665,0.637594550682126
54,18,0.601299039094178,0.619891815212061
54,19,0.5837293083975,0.601778810623267
54,20,0.565857295526665,0.58335417698892
54,21,0.54777330182447,0.564711007860919
54,22,0.529561803745535,0.545936391791536
54,23,0.511301178312586,0.527111129300529
54,24,0.493063568393149,0.508309593986053
54,25,0.474914861753189,0.489599710930621
54,26,0.456914761616347,0.471043029442097
54,27,0.439116929746868,0.452694870560902
54,28,0.421569185938389,0.434604532717187
54,29,0.404313750280123,0.416815541488146
54,30,0.387387516731928,0.399365931632291
54,31,0.370822348409977,0.382288551505662
54,32,0.354645386600842,0.365611381630941
54,33,0.338879366914888,0.34935786062662
54,34,0.323542937187745,0.333547212938321
54,35,0.308650972765737,0.318194773873161
54,36,0.294214885689024,0.303312308343158
55,0,0.772078623123155,0.811818594233197
55,1,0.771951131469938,0.811684540405528
55,2,0.771133430353114,0.810824751063767
55,3,0.769121162579817,0.808708909041965
55,4,0.765576742251984,0.804982052421751
55,5,0.76029565134334,0.799429136346791
55,6,0.753178300670942,0.791945445639025
55,7,0.744206634787385,0.782511995511813
55,8,0.733424772808122,0.771175175953444
55,9,0.720923075020114,0.758029998221759
55,10,0.706825110132209,0.7432063912806
55,11,0.691277071839112,0.72685807361947
55,12,0.674439257397053,0.70915359321951
55,13,0.656479276393771,0.690269186769348
55,14,0.637566705928833,0.670383159740034
55,15,0.617868949958266,0.64967153260433
55,16,0.597548096437501,0.628304736212385
55,17,0.576758596851716,0.606445171884244
55,18,0.555645619394537,0.584245479824345
55,19,0.534343950005781,0.561847383594135
55,20,0.512977335197038,0.539380999111956
55,21,0.491658177508784,0.516964514434912
55,22,0.470487508928555,0.494704161808834
55,23,0.449555179982683,0.472694416492839
55,24,0.42894021277878,0.451018367973403
55,25,0.408711275270302,0.429748218639992
55,26,0.388927241653929,0.408945873026877
55,27,0.369637810282693,0.38866358753112
55,28,0.350884155945948,0.368944656266314
55,29,0.332699597972872,0.349824113554306
55,30,0.3151102694821,0.331329437622051
55,31,0.298135776332662,0.313481243469679
55,32,0.281789837022895,0.296293955705905
55,33,0.266080897013868,0.27977645449154
55,34,0.251012712791135,0.263932689663726
55,35,0.236584902482478,0.248762259694745
55,36,0.222793461070969,0.234260953423822
56,0,0.76834392637867,0.799850016071506
56,1,0.768231252308918,0.799732721779967
56,2,0.767506075062632,0.798977808501963
56,3,0.765714530866249,0.797112801693068
56,4,0.762546275197859,0.793814631094878
56,5,0.757806624579711,0.788880630196391
56,6,0.751393120018986,0.782204138654188
56,7,0.743275885097516,0.773754054961857
56,8,0.733481234394419,0.763557772732868
56,9,0.722078060245805,0.751687009246751
56,10,0.709166589053607,0.738246100708226
56,11,0.694869153555429,0.723362396132207
56,12,0.679322675633497,0.707178431908893
56,13,0.66267259623266,0.689845612816903
56,14,0.645068025532739,0.671519163327506
56,15,0.626657918346902,0.652354146174481
56,16,0.607588107383507,0.632502373964292
56,17,0.58799905103167,0.61211006460917
56,18,0.568024173166403,0.591316113055649
56,19,0.547788690518432,0.570250870570453
56,20,0.527408838768844,0.549035339101009
56,21,0.506991422019279,0.527780702271578
56,22,0.486633621926181,0.506588126691016
56,23,0.466423012811107,0.485548777682692
56,24,0.446437737677617,0.464744002518976
56,25,0.426746807461913,0.44424564194271
56,26,0.407410492179975,0.424116437353411
56,27,0.388480778048776,0.404410506672823
56,28,0.370001869276197,0.38517386671083
56,29,0.352010717141001,0.366444983940447
56,30,0.33453756231418,0.348255339057168
56,31,0.317606479188255,0.330629993628583
56,32,0.301235913352666,0.313588149609057
56,33,0.285439205343596,0.297143694566011
56,34,0.270225095459186,0.281305727195183
56,35,0.255598205813183,0.26607905914098
56,36,0.241559496942273,0.251464690327076
57,0,0.76322511774524,0.781754273192389
57,1,0.76312759781637,0.781654385728857
57,2,0.762497531253197,0.781009022759658
57,3,0.76093421271422,0.779407750841594
57,4,0.758157292512109,0.776563414113358
57,5,0.753984481200579,0.772289297606749
57,6,0.748312634707977,0.766479753175635
57,7,0.74110176190341,0.759093818806663
57,8,0.732361554225352,0.750141421221667
57,9,0.722140087828276,0.739671803741293
57,10,0.710514393408435,0.727763867170247
57,11,0.697582628164148,0.714518151712783
57,12,0.68345761885818,0.700050223277141
57,13,0.66826157523811,0.684485258551265
57,14,0.652121799630148,0.667953650436524
57,15,0.635167241791558,0.650587479260762
57,16,0.617525768475714,0.632517716055361
57,17,0.599322034976245,0.613872042425926
57,18,0.580675861478004,0.594773187485197
57,19,0.561701030622505,0.575337696226456
57,20,0.542504434532985,0.55567505584053
57,21,0.523185509850411,0.53588711703592
57,22,0.503835908293273,0.516067756600626
57,23,0.484539358035603,0.496302735414779
57,24,0.465371677944892,0.476669713034219
57,25,0.446400912562734,0.457238385948123
57,26,0.427687560759352,0.438070721784678
57,27,0.40928487534829,0.419221266199655
57,28,0.391239214697402,0.40073750302361
57,29,0.373590430593967,0.382660251543378
57,30,0.356372279383455,0.365024087622233
57,31,0.339612845762642,0.347857777781618
57,32,0.323334970621042,0.331184717429476
57,33,0.307556676035883,0.315023366173012
57,34,0.292291581975406,0.299387674638493
57,35,0.277549310488486,0.28428749847355
57,36,0.263335874186277,0.269728996260172
58,0,0.770452688716171,0.789105158361225
58,1,0.770347254141149,0.788997171241135
58,2,0.769667341693108,0.788300798280354
58,3,0.767983930607701,0.786576632227601
58,4,0.765000198364188,0.783520664562087
58,5,0.76052645506579,0.778938613041399
58,6,0.754458965948922,0.772724231508901
58,7,0.746762123084287,0.764841049976107
58,8,0.737453496810246,0.755307064154936
58,9,0.726591358403014,0.744181956054836
58,10,0.714264318943823,0.731556482009468
58,11,0.700582776179624,0.71754371246802
58,12,0.685671902178447,0.702271849883427
58,13,0.669665940449614,0.685878387767277
58,14,0.65270361254845,0.668505406089548
58,15,0.634924461559341,0.650295826238296
58,16,0.616465983730982,0.631390473212498
58,17,0.597461420348156,0.611925814035593
58,18,0.578038100040473,0.59203225993192
58,19,0.558316237480913,0.571832935942056
58,20,0.538408108107626,0.551442835664827
58,21,0.518417530368364,0.53096829096701
58,22,0.498439597264713,0.510506697028315
58,23,0.478560607862402,0.490146442193574
58,24,0.45885815710995,0.469966999965882
58,25,0.439401348925051,0.450039147251743
58,26,0.420251103202043,0.430425278801116
58,27,0.401460532283695,0.411179792793495
58,28,0.383075366630914,0.392349526812972
58,29,0.365134413006455,0.373974227124459
58,30,0.347670031543711,0.356087037292201
58,31,0.330708620669455,0.338714994842376
58,32,0.314271101051604,0.321879526927112
58,33,0.298373391603353,0.305596937852568
58,34,0.283026872140519,0.289878882937096
58,35,0.268238828600455,0.274732824508798
58,36,0.254012877824275,0.260162466971618
59,0,0.763061434379939,0.792973242676265
59,1,0.762951187597732,0.792858674249081
59,2,0.76224133089542,0.792120991350029
59,3,0.760486799126781,0.790297682395768
59,4,0.757382481516321,0.787071676348348
59,5,0.75273619227123,0.782243253782233
59,6,0.74644591015459,0.775706394254751
59,7,0.73848068462921,0.767428933975762
59,8,0.728864685233091,0.757435989922824
59,9,0.717663940039318,0.745796178452186
59,10,0.704975369569383,0.73261021934439
59,11,0.690917775415909,0.71800157118336
59,12,0.67562448901201,0.702108791959455
59,13,0.6592374262756,0.685079360657387
59,14,0.641902328976881,0.667064732086565
59,15,0.62376500426053,0.648216428993532
59,16,0.60496840035955,0.628683003144573
59,17,0.585650379658237,0.608607721093324
59,18,0.565942070330618,0.588126851203879
59,19,0.545966695180139,0.567368446581292
59,20,0.525838791371812,0.546451534217434
59,21,0.505663747775005,0.525485634197739
59,22,0.48553759788278,0.504570544503034
59,23,0.465547015970095,0.483796337017148
59,24,0.445769472498249,0.463243519023162
59,25,0.426273511941891,0.442983321921173
59,26,0.40711912236164,0.423078085288059
59,27,0.388358171304275,0.403581709864842
59,28,0.370034887101539,0.384540157722283
59,29,0.352186368460823,0.365991981827379
59,30,0.334843108486337,0.347968870606038
59,31,0.318029522016598,0.33049619595205
59,32,0.30176446748152,0.313593555540838
59,33,0.286061756430026,0.297275302330427
59,34,0.270930645508833,0.281551055825658
59,35,0.256376307030109,0.266426191091982
59,36,0.242400275389465,0.251902302672915
60,0,0.767716823889578,0.804666320004207
60,1,0.767596899246811,0.804540623500014
60,2,0.766826467631542,0.803733111728248
60,3,0.76492702781063,0.801742253636825
60,4,0.761575022690063,0.798228919629974
60,5,0.756571111255895,0.792984174596306
60,6,0.749814421034228,0.785902291163647
60,7,0.741281059983257,0.77695822738846
60,8,0.731006263810653,0.766188914840229
60,9,0.719069639368229,0.753677791774441
60,10,0.705583038543513,0.739542093405858
60,11,0.690680661292038,0.723922478608953
60,12,0.674511042320334,0.706974630927419
60,13,0.657230624480731,0.688862522662448
60,14,0.638998664091819,0.669753074991
60,15,0.619973249958465,0.649811985384966
60,16,0.600308249540232,0.629200526801511
60,17,0.580151023127994,0.608073151845143
60,18,0.559640770580635,0.58657575993438
60,19,0.53890739562478,0.564844506941291
60,20,0.51807079034954,0.543005055249636
60,21,0.497240457702148,0.521172178081569
60,22,0.476515402830268,0.499449645610351
60,23,0.455984235303806,0.47793033210201
60,24,0.435725433828755,0.456696493369606
60,25,0.415807733252698,0.435820172404954
60,26,0.396290600643387,0.415363698370424
60,27,0.377224773161794,0.395380250359319
60,28,0.358652835491592,0.375914462616496
60,29,0.340609818852349,0.357003052381512
60,30,0.323123807221668,0.338675455287672
60,31,0.306216539415994,0.32095445642042
60,32,0.289903998212325,0.303856807792935
60,33,0.27419697980431,0.287393825209615
60,34,0.259101638637516,0.271571959323764
60,35,0.244620004112988,0.256393337209611
60,36,0.23075046683149,0.241856272009032
61,0,0.757085977976328,0.784754874692348
61,1,0.757006974151287,0.784672983548379
61,2,0.75649380682593,0.784141061716748
61,3,0.755212889448476,0.782813331200959
61,4,0.752923597705787,0.780440373694243
61,5,0.749462189998598,0.776852463403295
61,6,0.744728007491538,0.771945262757433
61,7,0.738671664754199,0.765667581458093
61,8,0.731284976093387,0.758010934653061
61,9,0.722592392938825,0.749000667387981
61,10,0.712643754497841,0.738688440322328
61,11,0.701508177708342,0.727145896381112
61,12,0.689268933624217,0.714459349889735
61,13,0.67601917605892,0.70072535911414
61,14,0.66185840485583,0.686047060275834
61,15,0.646889560784332,0.670531156276374
61,16,0.63121666198974,0.654285466767645
61,17,0.61494290334177,0.637416958038032
61,18,0.598169150098788,0.620030181625263
61,19,0.580992766183868,0.602226059769975
61,20,0.563506725187974,0.584100963929107
61,21,0.545798959094965,0.565746039699042
61,22,0.527951905769348,0.547246737765583
61,23,0.51004222155573,0.528682515999905
61,24,0.492140629993549,0.510126682644328
61,25,0.474311881727124,0.491646354757212
61,26,0.456614804256532,0.473302509782066
61,27,0.43910242328891,0.455150111333814
61,28,0.421822140165483,0.437238293110181
61,29,0.404815952204089,0.419610587286979
61,30,0.388120704852006,0.402305185886253
61,31,0.371768366326559,0.385355225454063
61,32,0.355786316964309,0.368789086984396
61,33,0.340197646832618,0.352630704407407
61,34,0.325021456306013,0.336899876150824
61,35,0.310273155296787,0.321612575306398
61,36,0.295964757674968,0.306781254809916
62,0,0.755428973914476,0.785065569925008
62,1,0.755368842579194,0.785003079548503
62,2,0.754975684286949,0.784594497074928
62,3,0.753987055105894,0.783567082508806
62,4,0.752206748299584,0.781716931633212
62,5,0.749494339473148,0.77889811099656
62,6,0.745756086475187,0.775013200804195
62,7,0.740937026978035,0.770005082475041
62,8,0.735014133608367,0.76384982523786
62,9,0.727990401710528,0.756550541948785
62,10,0.719889758468209,0.748132098490313
62,11,0.710752694341623,0.738636573823302
62,12,0.700632528737537,0.728119379153712
62,13,0.689592231645202,0.716645954876612
62,14,0.677701731757088,0.704288973090509
62,15,0.665035649452767,0.691125981642838
62,16,0.651671400050732,0.677237432969543
62,17,0.637687619010723,0.66270504751576
62,18,0.623162866374284,0.647610467349662
62,19,0.608174572732427,0.632034160778873
62,20,0.592798193468245,0.616054543412775
62,21,0.577106541994936,0.599747285242461
62,22,0.561169276246076,0.583184776985276
62,23,0.545052515820525,0.566435732209742
62,24,0.528818569979664,0.549564904661723
62,25,0.512525759176491,0.532632902791855
62,26,0.496228314997473,0.515696085771953
62,27,0.479976345348516,0.498806527315188
62,28,0.463815853442807,0.482012035408844
62,29,0.447788800674446,0.465356217654579
62,30,0.431933204809323,0.448878583311469
62,31,0.416283266112911,0.432614674371988
62,32,0.400869515080916,0.416596219088348
62,33,0.385718976358574,0.400851302322589
62,34,0.370855344241763,0.385404547932863
62,35,0.356299165860564,0.370277309143554
62,36,0.342068028764555,0.355487863489827
63,0,0.770643009701241,0.786317753412303
63,1,0.770568672321493,0.786241904023283
63,2,0.770084861938762,0.785748253022187
63,3,0.768874545456267,0.784513318914626
63,4,0.766706522391873,0.782301198641193
63,5,0.763420968241673,0.778948816895588
63,6,0.75891697453972,0.774353212751361
63,7,0.753141838966033,0.76846061193258
63,8,0.746081887204013,0.761257061989445
63,9,0.737754633499653,0.752760433404642
63,10,0.728202109354458,0.743013612593046
63,11,0.717485209784512,0.732078733164694
63,12,0.705678924362384,0.720032309966915
63,13,0.6928683360622,0.70696115654661
63,14,0.679145284962655,0.692958980993574
63,15,0.664605606317604,0.678123567833925
63,16,0.649346863548943,0.662554464912455
63,17,0.633466506504127,0.646351104189433
63,18,0.617060393987176,0.629611294220145
63,19,0.600221627239502,0.612430029908933
63,20,0.583039647824666,0.594898572045081
63,21,0.565599559356963,0.577103755235475
63,22,0.54798163779506,0.559127488237712
63,23,0.530260999676939,0.541046415446985
63,24,0.512507401770892,0.522931712472023
63,25,0.494785149221868,0.504848992413152
63,26,0.4771530924386,0.486858302686098
63,27,0.459664695744465,0.469014195069205
63,28,0.44236816324832,0.451365854134452
63,29,0.425306609520015,0.433957271394482
63,30,0.40851826451429,0.41682745439461
63,31,0.392036703807543,0.400010661632574
63,32,0.375891096622549,0.383536655628025
63,33,0.360106465341308,0.367430967713826
63,34,0.344703951268009,0.351715169204587
63,35,0.329701082322132,0.336407144534598
63,36,0.315112039133381,0.321521362765085
64,0,0.761315822123458,0.767638398929746
64,1,0.761223988615347,0.767545802762576
64,2,0.760629737555139,0.766946616565253
64,3,0.759152707315012,0.765457319882123
64,4,0.756524364144662,0.762807148843384
64,5,0.75256768677472,0.758817612053158
64,6,0.74717987303514,0.753385053589776
64,7,0.740317666652578,0.746465857945132
64,8,0.731984952093483,0.738063941845397
64,9,0.722222309178487,0.728220222118559
64,10,0.711098257870491,0.717003787772212
64,11,0.698701957722603,0.704504538811859
64,12,0.685137156486743,0.690827084593907
64,13,0.670517208795293,0.676085721138464
64,14,0.654961009051023,0.660400330242718
64,15,0.638589703062752,0.643893063807386
64,16,0.62152406087297,0.626685694846194
64,17,0.603882408929341,0.608897532484467
64,18,0.585779033512434,0.590643812127655
64,19,0.567322979375952,0.572034484124496
64,20,0.548617178085872,0.553173334867196
64,21,0.529757849741221,0.534157383543606
64,22,0.51083412978083,0.515076505844688
64,23,0.491927879568494,0.496013242976614
64,24,0.473113645528286,0.477042760456716
64,25,0.454458736882864,0.458232926497387
64,26,0.436023396627933,0.439644484400454
64,27,0.417861044342058,0.421331297383482
64,28,0.400018572858745,0.403340647715651
64,29,0.382536683784435,0.385713575022166
64,30,0.365450249391083,0.368485241182279
64,31,0.348788690597454,0.351685311449646
64,32,0.332576362625263,0.335338343311266
64,33,0.316832941515256,0.319464176213498
64,34,0.301573806049802,0.304078316656447
64,35,0.286810410783905,0.28919231432292
64,36,0.27255064686309,0.274814125892843
65,0,0.762984393182722,0.783628054848596
65,1,0.762934387332374,0.783576696016635
65,2,0.762606006129843,0.783239429979101
65,3,0.761776221918372,0.78238719473892
65,4,0.760274468049661,0.780844808716985
65,5,0.757974884112285,0.778483006163869
65,6,0.754789503247343,0.775211440148298
65,7,0.750662279104287,0.770972547903524
65,8,0.745563860360022,0.765736183963356
65,9,0.73948703009612,0.759494936145059
65,10,0.732442735795309,0.752260048131559
65,11,0.724456643363163,0.744057880257143
65,12,0.715566155480983,0.734926847187508
65,13,0.705817840820824,0.72491477757842
65,14,0.695265226266774,0.714076646562316
65,15,0.683966909345733,0.702472637108117
65,16,0.671984952628149,0.690166490980129
65,17,0.659383525962272,0.677224114235952
65,18,0.646227766097507,0.663712405995267
65,19,0.6325828265727,0.649698282621461
65,20,0.618513093729316,0.63524787252289
65,21,0.604081547389719,0.620425859533369
65,22,0.589349247146578,0.605294955302391
65,23,0.574374927367339,0.589915483341848
65,24,0.559214685951869,0.574345059362553
65,25,0.543921753613712,0.558638354313068
65,26,0.528546332005654,0.542846928125516
65,27,0.513135490396519,0.527019123596814
65,28,0.497733111844479,0.511200011105627
65,29,0.482379880917499,0.495431376000572
65,30,0.467113305997063,0.479751741507398
65,31,0.451967770079191,0.464196420904504
65,32,0.436974604767789,0.448797593518288
65,33,0.422162182849503,0.433584399802747
65,34,0.407556025455271,0.418583051400443
65,35,0.393178920359866,0.403816952642813
65,36,0.379051048454007,0.389306830444171
66,0,0.767707161225696,0.805647169780142
66,1,0.767616733145119,0.80555227275317
66,2,0.767031205635771,0.804937808534832
66,3,0.765574822741198,0.803409451348148
66,4,0.762981332732204,0.800687791330982
66,5,0.759074254470795,0.796587625665746
66,6,0.753750056166457,0.791000306031538
66,7,0.746963862286903,0.783878739151906
66,8,0.73871735154202,0.775224686698403
66,9,0.72904855051484,0.765078054523866
66,10,0.718023264285225,0.753507899788402
66,11,0.70572791783117,0.740604918583485
66,12,0.692263610589769,0.726475206669939
66,13,0.677741211751325,0.711235112381993
66,14,0.662277346034541,0.695007024019894
66,15,0.645991139193621,0.677915954520304
66,16,0.629001609646894,0.660086804179485
66,17,0.611425607664342,0.641642197995682
66,18,0.593376216750871,0.622700808048925
66,19,0.574961543428933,0.603376083474833
66,20,0.556283831749433,0.583775321214736
66,21,0.537438847713619,0.563999020015765
66,22,0.518515486521393,0.544140468269415
66,23,0.499595562306695,0.524285523355667
66,24,0.480753745896567,0.504512546326117
66,25,0.462057621241931,0.484892461123556
66,26,0.443567835607748,0.465488912194511
66,27,0.425338322459941,0.446358498391216
66,28,0.4074165793189,0.427551064556609
66,29,0.389843985728427,0.409110035207269
66,30,0.372656148971247,0.391072777334154
66,31,0.355883267297541,0.373470981581847
66,32,0.33955050226533,0.356331052989965
66,33,0.323678353359682,0.339674504126009
66,34,0.30828302939576,0.323518344843114
66,35,0.29337681234862,0.307875464090271
66,36,0.278968410216791,0.292755000214397
67,0,0.756941570787801,0.781306017063966
67,1,0.756880516520624,0.78124299758115
67,2,0.756481446411167,0.780831082197212
67,3,0.7554782972223,0.779795643627682
67,4,0.753672480482976,0.77793170123292
67,5,0.750922184600243,0.775092878786362
67,6,0.747133069322425,0.771181799410939
67,7,0.742250190411048,0.766141750322233
67,8,0.736251009951318,0.759949468154718
67,9,0.729139363492337,0.752608911916209
67,10,0.720940269338755,0.744145905200907
67,11,0.711695477977382,0.734603542360901
67,12,0.701459670962304,0.724038265040932
67,13,0.69029722873263,0.712516525958619
67,14,0.678279495917837,0.700111966185409
67,15,0.66548248080469,0.686903040563906
67,16,0.651984932894321,0.672971033385327
67,17,0.637866748956167,0.658398413137484
67,18,0.623207663766273,0.643267481100554
67,19,0.608086186872478,0.62765927388884
67,20,0.592578751322515,0.611652684778128
67,21,0.576759044381184,0.595323772879966
67,22,0.560697493901599,0.578745232980227
67,23,0.544460887250245,0.56198600219812
67,24,0.528112102558402,0.545110982587127
67,25,0.51170993462156,0.528180861430469
67,26,0.495309000027954,0.511252013315918
67,27,0.478959708098112,0.494376470139941
67,28,0.462708285986921,0.47760194701776
67,29,0.446596847863109,0.460971913689578
67,30,0.430663499460383,0.44452570243701
67,31,0.414942470509925,0.428298644778325
67,32,0.399464268633305,0.412322230314857
67,33,0.384255849214338,0.396624282070709
67,34,0.369340796592353,0.381229143518265
67,35,0.354739512640621,0.36615787322659
67,36,0.340469409423988,0.351428443720326
68,0,0.760351422959693,0.782850536611777
68,1,0.760298636671178,0.782796188355114
68,2,0.759952433016806,0.782439740391162
68,3,0.759078848187785,0.781540305825086
68,4,0.757500108933101,0.779914851021715
68,5,0.755086163612058,0.77742947605842
68,6,0.751747261949007,0.773991774911707
68,7,0.747427467262395,0.769544155710439
68,8,0.742098996930253,0.764058013733352
68,9,0.735757297667993,0.757528660962279
68,10,0.728416771943164,0.749970926039753
68,11,0.720107080636574,0.741415347524334
68,12,0.710869954971476,0.731904891483462
68,13,0.700756457855642,0.721492131797508
68,14,0.689824641190582,0.710236838147802
68,15,0.678137551466322,0.698203922596131
68,16,0.665761541141368,0.685461700997741
68,17,0.652764847961878,0.672080430281973
68,18,0.639216408552928,0.658131086937205
68,19,0.625184876364239,0.643684355897177
68,20,0.610737817414876,0.628809802487457
68,21,0.595941060294253,0.613575203192694
68,22,0.580858179574559,0.59804601378301
68,23,0.565550094203806,0.58228495582333
68,24,0.550074764607122,0.566351704811777
68,25,0.534486974152259,0.550302665178654
68,26,0.518838182356597,0.534190819149783
68,27,0.503176438748057,0.518065638058524
68,28,0.487546347660133,0.501973046099081
68,29,0.471989075458735,0.485955427767187
68,30,0.456542392781081,0.470051671348869
68,31,0.441240745328372,0.454297241807895
68,32,0.426115347606898,0.438724277300731
68,33,0.411194294767951,0.423361704325838
68,34,0.396502688365522,0.408235367202589
68,35,0.382062772441485,0.393368168183274
68,36,0.367894076869084,0.378780215038178
69,0,0.760191844444033,0.795305314655338
69,1,0.760066349869826,0.79517402345226
69,2,0.759261450988157,0.794331946070044
69,3,0.757280669924792,0.792259672185003
69,4,0.753791677802423,0.788609522557654
69,5,0.748593124343182,0.78317084648546
69,6,0.74158694336791,0.775841048085497
69,7,0.732755326839806,0.76660149676285
69,8,0.722141670779564,0.755497593012333
69,9,0.709834892638971,0.742622361407269
69,10,0.695956603369299,0.72810303014219
69,11,0.68065069004827,0.712090132478481
69,12,0.664074927929536,0.694748731352121
69,13,0.646394295374597,0.676251425520466
69,14,0.62777571239203,0.656772845073163
69,15,0.608383964382896,0.636485386894234
69,16,0.588378607998204,0.615555977600247
69,17,0.567911686475524,0.594143683347701
69,18,0.547126108068582,0.572398013361836
69,19,0.526154563767943,0.550457787666536
69,20,0.505118879915296,0.528450459795694
69,21,0.484129717960031,0.50649180268146
69,22,0.463286547862587,0.484685880829082
69,23,0.442677833835753,0.463125244637647
69,24,0.422381381512387,0.44189129360358
69,25,0.402464804479962,0.42105476440454
69,26,0.382986075640959,0.400676307727306
69,27,0.363994135228283,0.380807124367591
69,28,0.34552953268682,0.361489636760283
69,29,0.327625084165406,0.342758176841152
69,30,0.310306531168642,0.324639675121972
69,31,0.293593189099903,0.307154339189906
69,32,0.277498577076172,0.290316312613667
69,33,0.262031022590453,0.274134307535448
69,34,0.247194236406069,0.258612206119753
69,35,0.232987854547672,0.243749627579108
69,36,0.219407945456446,0.229542458754919
70,0,0.768468943289536,0.797399811501772
70,1,0.768391665565954,0.797319624471761
70,2,0.767889240205349,0.796798284095759
70,3,0.766633818519554,0.79549559903041
70,4,0.764387679442707,0.793164898626542
70,5,0.760987834311079,0.789637058118778
70,6,0.756332787551826,0.784806760888456
70,7,0.750371183287578,0.778620717642245
70,8,0.743092099323085,0.77106759499249
70,9,0.734516777954593,0.762169434952956
70,10,0.724691607904084,0.751974372661028
70,11,0.713682193762158,0.740550482550469
70,12,0.701568368923983,0.727980603537302
70,13,0.688440025389775,0.71435801182306
70,14,0.674393649214297,0.699782825912926
70,15,0.659529464043429,0.684359042613837
70,16,0.643949097261747,0.668192115318559
70,17,0.627753693965075,0.651386996974179
70,18,0.611042413419571,0.63404657993677
70,19,0.593911251011425,0.616270473570536
70,20,0.576452136051206,0.598154068086832
70,21,0.558752262283987,0.579787839849723
70,22,0.540893613668245,0.561256859301686
70,23,0.522952653010607,0.54264046787626
70,24,0.505000145457599,0.524012094844718
70,25,0.487101092719034,0.505439189063131
70,26,0.469314757292559,0.486983244108912
70,27,0.451694758930146,0.468699898379018
70,28,0.434289228184132,0.450639094416599
70,29,0.417141004136406,0.432845284084181
70,30,0.40028786538839,0.415357668249825
70,31,0.383762785106039,0.398210461433903
70,32,0.36759420240387,0.381433173410043
70,33,0.351806303642312,0.365050901092588
70,34,0.336419308327453,0.34908462519974
70,35,0.321449755263141,0.333551507178533
70,36,0.306910785431157,0.318465182734728
71,0,0.7675885597502,0.80234005262346
71,1,0.76749321992722,0.802240396424035
71,2,0.766876764964491,0.801596032329555
71,3,0.765345898874234,0.799995858429339
71,4,0.762624219163048,0.797150958495698
71,5,0.758530769554539,0.792872183711234
71,6,0.752961814243236,0.787051101777727
71,7,0.745875401165639,0.779643861310984
71,8,0.737278335787586,0.770657575884741
71,9,0.727215234508705,0.760138881843391
71,10,0.715759368707568,0.748164367824157
71,11,0.703005047346963,0.734832612495529
71,12,0.689061318506497,0.720257600935602
71,13,0.674046798723902,0.70456331987909
71,14,0.658085464063722,0.687879358232557
71,15,0.641303258797875,0.670337362217766
71,16,0.623825396836666,0.652068214628769
71,17,0.605774247910083,0.633199825313037
71,18,0.587267715250609,0.613855435406142
71,19,0.568418024420712,0.594152351325111
71,20,0.549330854182761,0.574201036289705
71,21,0.53010475012273,0.554104497398753
71,22,0.510830770285562,0.533957915222164
71,23,0.491592319513274,0.513848470638916
71,24,0.472465135632581,0.493855330399349
71,25,0.453517396237193,0.474049758741873
71,26,0.434809919656813,0.454495327460564
71,27,0.416396437893936,0.435248201198787
71,28,0.398323922923118,0.416357478521206
71,29,0.380632950858229,0.397865572568201
71,30,0.363358091165264,0.379808617889737
71,31,0.346528310387889,0.362216892449021
71,32,0.330167381809514,0.345115245831445
71,33,0.3142942941429,0.328523526437044
71,34,0.298923653754179,0.312457001914641
71,35,0.284066076126336,0.296926768348289
71,36,0.269728563276866,0.281940144761979
72,0,0.765802511821884,0.799967389170905
72,1,0.765707661657771,0.799868307440332
72,2,0.765094326048016,0.799227608984991
72,3,0.763571076150109,0.797636402081027
72,4,0.760862699894207,0.794807196575849
72,5,0.756788899234063,0.790551650755889
72,6,0.751246184226567,0.784761657663654
72,7,0.744192535140612,0.777393322934645
72,8,0.735634457295916,0.768453442111513
72,9,0.725616100487385,0.757988134651452
72,10,0.714210156385319,0.746073335230578
72,11,0.701510283860652,0.732806881138921
72,12,0.687624844340001,0.718301968149801
72,13,0.672671757556446,0.702681776769352
72,14,0.656774312880314,0.68607509669749
72,15,0.640057793190933,0.668612800079888
72,16,0.622646787341233,0.650425034073104
72,17,0.604663083987745,0.63163902071166
72,18,0.586224054189044,0.612377367349073
72,19,0.567441442963776,0.59275680430346
72,20,0.548420501165022,0.572887278002063
72,21,0.529259398765204,0.552871338090933
72,22,0.510048869127278,0.53280376583594
72,23,0.490872041215807,0.512771398848238
72,24,0.471804423110147,0.492853113861938
72,25,0.452914005740531,0.473119935098174
72,26,0.434261460581003,0.453635240777753
72,27,0.415900409193896,0.434455044690863
72,28,0.397877746110294,0.415628333482257
72,29,0.380233999621915,0.397197443539205
72,30,0.363003717715335,0.379198464143469
72,31,0.346215868655409,0.361661655926016
72,32,0.329894247670099,0.344611875695349
72,33,0.314057882846915,0.328069000442274
72,34,0.298721434759625,0.312048344795224
72,35,0.283895585536037,0.296561067445585
72,36,0.269587414082606,0.281614563112269
73,0,0.765828088112676,0.790322578452208
73,1,0.765676429867655,0.790166069521407
73,2,0.76470916183152,0.789167864075252
73,3,0.762343747447656,0.786726793521714
73,4,0.758204040897816,0.782454681274477
73,5,0.752075916863311,0.776130553362219
73,6,0.743870681246135,0.767662878866555
73,7,0.733595044887143,0.75705858327002
73,8,0.721326619538715,0.744397760684088
73,9,0.707194048067145,0.729813168529604
73,10,0.691361012337372,0.713473723924592
73,11,0.67401347530995,0.69557133772837
73,12,0.655349611028945,0.67631052244697
73,13,0.635571959549829,0.655900296241732
73,14,0.614881415317168,0.634547979029348
73,15,0.593472718676927,0.612454539793247
73,16,0.571531172507388,0.589811208198197
73,17,0.549230350599622,0.56679710967488
73,18,0.526730602474242,0.543577722414224
73,19,0.504178191705342,0.520303988131226
73,20,0.481704932331682,0.497111936846993
73,21,0.459428211258337,0.474122710006887
73,22,0.43745130428538,0.451442886617181
73,23,0.415863910058708,0.429165034273931
73,24,0.394742840266364,0.40736842143476
73,25,0.374152816185372,0.386119839442703
73,26,0.354147331549531,0.365474492992237
73,27,0.33476954994252,0.345476926224898
73,28,0.316053211767682,0.326161958707874
73,29,0.298023531516296,0.30755561140079
73,30,0.280698070730422,0.289676007539682
73,31,0.264087575889151,0.272534237322461
73,32,0.248196773570651,0.256135178503685
73,33,0.233025117769973,0.240478267614805
73,34,0.218567486280594,0.225558218619009
73,35,0.204814824658553,0.211365687472107
73,36,0.191754737551656,0.197887882364996
74,0,0.755930472917804,0.786622619318566
74,1,0.755856681616171,0.786545831956431
74,2,0.755376567069058,0.786046223889084
74,3,0.754175894072154,0.784796801393752
74,4,0.752025874934575,0.782559487584906
74,5,0.748768719655753,0.77917008590215
74,6,0.744305189758715,0.774525328606598
74,7,0.738583907299188,0.76857175171638
74,8,0.731592199241497,0.761296167647619
74,9,0.72334828291847,0.752717533389853
74,10,0.713894621005956,0.74288003568048
74,11,0.703292294641207,0.731847235661561
74,12,0.691616261265917,0.71969713418269
74,13,0.678951379719009,0.706518035505356
74,14,0.665389099256466,0.692405101890972
74,15,0.651024721728313,0.677457504617294
74,16,0.635955157269114,0.661776088545879
74,17,0.620277103712602,0.645461477617658
74,18,0.604085588661904,0.628612557728566
74,19,0.587472820858156,0.611325281461643
74,20,0.570527304303028,0.593691746241334
74,21,0.553333174603957,0.575799503733131
74,22,0.535969722313379,0.557731063829515
74,23,0.518511072704116,0.539563561423646
74,24,0.501025995533168,0.521368558449221
74,25,0.483577821958505,0.503211957423931
74,26,0.46622444894452,0.485154006033795
74,27,0.449018414271849,0.4672493751885
74,28,0.432007027700996,0.449547295510519
74,29,0.415232545966751,0.432091739434612
74,30,0.398732381137088,0.414921638026478
74,31,0.382539333487917,0.398071123312638
74,32,0.366681841451776,0.381569788377502
74,33,0.351184242419359,0.365442958753907
74,34,0.336067039229905,0.349711969733502
74,35,0.32134716809967,0.3343944451736
74,36,0.307038264524467,0.31950457419584
75,0,0.770457301168789,0.775375777486219
75,1,0.770346619046568,0.775264388787014
75,2,0.769633843558206,0.774547063053811
75,3,0.767871776396582,0.772773747136947
75,4,0.764753544263898,0.769635608708517
75,5,0.760085550320265,0.764937815037336
75,6,0.753764689538103,0.758576602889802
75,7,0.745759227413824,0.750520035174326
75,8,0.736092820150922,0.740791919111825
75,9,0.724831223298207,0.729458430024028
75,10,0.712071296077577,0.71661704546663
75,11,0.697931961304871,0.702387447439727
75,12,0.682546826811218,0.686904096705494
75,13,0.666058214419749,0.670310223646846
75,14,0.648612377537311,0.652753015329009
75,15,0.630355718912544,0.634379809112384
75,16,0.611431846645433,0.61533512986812
75,17,0.591979329598346,0.595758431060064
75,18,0.572130033385556,0.575782420111503
75,19,0.552007935486566,0.555531865954362
75,20,0.531728333072025,0.535122801798007
75,21,0.511397370143141,0.514662049249991
75,22,0.491111821824269,0.494247001231601
75,23,0.470959083340377,0.473965610884959
75,24,0.451017319555327,0.45389654206593
75,25,0.431355738117864,0.434109444233832
75,26,0.412034955412944,0.414665320738937
75,27,0.393107429780546,0.395616964806884
75,28,0.3746179409598,0.377009442043507
75,29,0.356604098545827,0.358880602137571
75,30,0.339096865499744,0.34126160571279
75,31,0.322121085507377,0.324177455053113
75,32,0.305696005307569,0.307647519765486
75,33,0.289835785066298,0.291686050412125
75,34,0.274549991509976,0.276302674791897
75,35,0.259844069895485,0.261502872923332
75,36,0.245719792024926,0.247288427919433
76,0,0.772659004278846,0.79574766780244
76,1,0.772568741277416,0.795654707554156
76,2,0.771984154788253,0.795052652400713
76,3,0.770529755464134,0.793554792589578
76,4,0.767939146389544,0.79088677070945
76,5,0.76403541855832,0.786866391343871
76,6,0.758714431769237,0.781386402365069
76,7,0.751930601294366,0.774399856878313
76,8,0.743684857141909,0.765907712682391
76,9,0.734014483795708,0.755948368399333
76,10,0.722984584573609,0.744588872769985
76,11,0.710680946746271,0.731917576567688
76,12,0.697204111777759,0.718038025645271
76,13,0.682664479917621,0.703063919242137
76,14,0.667178300272481,0.687114980230818
76,15,0.650864416752686,0.670313603825719
76,16,0.633841657228028,0.652782168721366
76,17,0.616226768104437,0.63464090994994
76,18,0.59813280958926,0.616006266193727
76,19,0.579667938358186,0.596989626075602
76,20,0.560934514360341,0.577696408273588
76,21,0.542028477266427,0.558225419335964
76,22,0.523038945726341,0.538668440963871
76,23,0.504047999288847,0.519110005414283
76,24,0.485130608663044,0.499627323677543
76,25,0.46635468507279,0.480290336306606
76,26,0.447781223862269,0.461161861313829
76,27,0.429464521334285,0.442297817488859
76,28,0.411452447114273,0.423747504901437
76,29,0.393786757195394,0.405553927300941
76,30,0.376503435289464,0.387754143667592
76,31,0.359633052233939,0.370379638359267
76,32,0.343201135030224,0.353456701177446
76,33,0.327228538651538,0.337006810285471
76,34,0.311731815093054,0.321047012286673
76,35,0.296723575272827,0.305590294939656
76,36,0.282212840355096,0.290645948979875
77,0,0.771729147232996,0.813618243738425
77,1,0.771529288744033,0.813407537024328
77,2,0.770265958889344,0.81207563421708
77,3,0.767207436588131,0.808851096758478
77,4,0.761909554797842,0.803265648427021
77,5,0.75414795507886,0.795082752712118
77,6,0.743863329198403,0.784239882157901
77,7,0.73111742752239,0.770802138911216
77,8,0.71605796662467,0.754925257532325
77,9,0.69889086800387,0.736826336842314
77,10,0.679858513771331,0.716760915339956
77,11,0.659222920299921,0.695005231524064
77,12,0.637252912803418,0.671842702315059
77,13,0.614214537539536,0.647553814836863
77,14,0.590364077988104,0.622408763516504
77,15,0.565943150540486,0.596662279569857
77,16,0.541175447020548,0.570550196708171
77,17,0.516264768370664,0.544287378093479
77,18,0.491394058325286,0.518066697560418
77,19,0.466725199778378,0.492058824930583
77,20,0.442399381466558,0.466412612599059
77,21,0.418537879932568,0.441255919942503
77,22,0.395243132691939,0.41669674473679
77,23,0.372600004110237,0.392824557745484
77,24,0.350677166567996,0.369711758853755
77,25,0.3295285367743,0.347415191344396
77,26,0.309194721205997,0.325977665794789
77,27,0.289704436120706,0.305429457167561
77,28,0.271075876860558,0.285789748439491
77,29,0.25331801860311,0.267068001956565
77,30,0.236431836640836,0.249265245949677
77,31,0.220411438945686,0.232375268574255
77,32,0.20524510742262,0.216385715682551
77,33,0.190916247062161,0.201279091495748
77,34,0.177404244322521,0.187033663578672
77,35,0.164685237636791,0.173624275169741
77,36,0.152732804058076,0.161023069096882
78,0,0.781343452661162,0.798833387305018
78,1,0.781191638524287,0.798678174893897
78,2,0.780222791883998,0.797687641165349
78,3,0.777851911379093,0.795263689831043
78,4,0.773699758158592,0.791018592991177
78,5,0.767548906450402,0.784730057919783
78,6,0.759307452757762,0.776304123911906
78,7,0.748979192346682,0.765744671188458
78,8,0.736639243957504,0.753128499980621
78,9,0.722414252273043,0.738585089841352
78,10,0.70646642573637,0.722280280158678
78,11,0.688980777562543,0.704403225564635
78,12,0.670155032607894,0.685156076875485
78,13,0.650191744217664,0.664745921479417
78,14,0.629292235068835,0.643378588548541
78,15,0.60765203592614,0.621253985694013
78,16,0.58545754749683,0.598562686098294
78,17,0.562883694386197,0.575483529955787
78,18,0.540092377547636,0.552182042281858
78,19,0.517231563478617,0.528809501720973
78,20,0.494434875509289,0.505502522686529
78,21,0.471821575532347,0.48238303668175
78,22,0.449496844010073,0.459558578574533
78,23,0.427552282567979,0.437122800441363
78,24,0.40606657737687,0.415156149798814
78,25,0.385106273210184,0.393726660987729
78,26,0.364726617863531,0.372890818494612
78,27,0.34497244481631,0.352694459371137
78,28,0.325879068840404,0.333173688890533
78,29,0.307473174924005,0.314355789369476
78,30,0.289773685556426,0.296260106866581
78,31,0.272792595264011,0.278898904398932
78,32,0.256535764427967,0.26227817352908
78,33,0.241003666963395,0.246398398780451
78,34,0.22619208849009,0.231255271436302
78,35,0.212092773260893,0.21684035094921
78,36,0.198694019401736,0.203141673505223
79,0,0.776467436135325,0.784518870614923
79,1,0.776373221613624,0.784423679153285
79,2,0.775763659282543,0.783807796079129
79,3,0.774248840613109,0.782277269779603
79,4,0.771553742545207,0.779554225394187
79,5,0.767497314932324,0.775455735410589
79,6,0.761974684920391,0.769875839515212
79,7,0.75494206299852,0.762770294129987
79,8,0.746403986922165,0.754143684063781
79,9,0.736402585109531,0.744038574577585
79,10,0.725008581137763,0.732526422603506
79,11,0.712313796228604,0.719700001486347
79,12,0.698424937658211,0.705667124983492
79,13,0.683458488336655,0.690545483852857
79,14,0.667536536809588,0.674458432614531
79,15,0.650783408019815,0.657531585375663
79,16,0.633322973669596,0.639890098303057
79,17,0.615276537246695,0.621656532718408
79,18,0.596761202986109,0.602949207147267
79,19,0.57788865047198,0.583880959214427
79,20,0.55876424745104,0.564558249257846
79,21,0.539486442916176,0.54508054711891
79,22,0.520146390791552,0.525539951925426
79,23,0.500827761755281,0.506021001963018
79,24,0.481606707001188,0.486600638061137
79,25,0.462551943182175,0.467348289417219
79,26,0.443724932495044,0.448326055548871
79,27,0.42518013594975,0.429588962189347
79,28,0.40696532139366,0.411185272505813
79,29,0.389121910903078,0.393156838093079
79,30,0.371685354771297,0.375539476839651
79,31,0.354685521568803,0.358363367032596
79,32,0.33814709567449,0.341653449010878
79,33,0.322089975318674,0.325429827335806
79,34,0.306529665576073,0.309708167859083
79,35,0.291477661931998,0.294500085266314
79,36,0.276941821046167,0.279813517685387
80,0,0.785856450953871,0.807105454651261
80,1,0.785684450603783,0.806928803533122
80,2,0.784590989203564,0.805805775708516
80,3,0.781926683472175,0.803069429030885
80,4,0.777281229350182,0.798298365108661
80,5,0.770430221496645,0.791262110838894
80,6,0.761291613734682,0.781876401573994
80,7,0.749890260879278,0.7701667641856
80,8,0.736329216856638,0.756239039105335
80,9,0.720766665005802,0.740255686838064
80,10,0.703397528547207,0.72241690119051
80,11,0.68443895640096,0.702945702636292
80,12,0.664119005296048,0.682076314397365
80,13,0.642667946421958,0.660045234033632
80,14,0.620311716323394,0.637084507254475
80,15,0.597267109563487,0.613416790594977
80,16,0.573738376813111,0.589251857519974
80,17,0.549914948131376,0.564784260143653
80,18,0.525970048724025,0.540191907559042
80,19,0.502060014642542,0.515635363034099
80,20,0.478324149785758,0.491257697146744
80,21,0.45488499410721,0.467184763244359
80,22,0.431848896906285,0.443525786236311
80,23,0.409306809168829,0.420374176358904
80,24,0.387335225706713,0.397808496789723
80,25,0.365997221826061,0.375893528346644
80,26,0.345343540859112,0.35468138642579
80,27,0.325413698491678,0.334212655189225
80,28,0.306237077720484,0.314517512129163
80,29,0.28783399474988,0.295616822785778
80,30,0.270216721413855,0.277523190814787
80,31,0.253390453981108,0.260241952988328
80,32,0.237354221633503,0.243772112238027
80,33,0.222101730641622,0.228107204656465
80,34,0.207622142414291,0.213236098584615
80,35,0.193900785272312,0.199143725631429
80,36,0.180919801075011,0.185811744784715
81,0,0.762430358324337,0.793477837797131
81,1,0.762344796503506,0.793388791751352
81,2,0.761790072054256,0.792811477965563
81,3,0.760408331564083,0.791373470618965
81,4,0.757944157116012,0.788808950736379
81,5,0.754226406725072,0.784939807135964
81,6,0.749152692126248,0.779659482125924
81,7,0.742676151468431,0.772919205559727
81,8,0.73479421583381,0.7647163039088
81,9,0.725539105117275,0.755084309117737
81,10,0.714969821190931,0.744084625716657
81,11,0.70316543491375,0.731799544466318
81,12,0.690219488844084,0.718326417139419
81,13,0.676235359846267,0.703772830284547
81,14,0.661322445484786,0.68825263632374
81,15,0.645593055466898,0.67188271840928
81,16,0.629159904691433,0.654780381385125
81,17,0.612134117923223,0.637061275208234
81,18,0.59462366794861,0.618837769503073
81,19,0.576732179464283,0.600217708742748
81,20,0.558558040075237,0.581303487045257
81,21,0.540193767775243,0.562191389896683
81,22,0.521725591286174,0.542971157401208
81,23,0.503233205757044,0.523725730031797
81,24,0.484789671673327,0.504531143422931
81,25,0.466461429493522,0.485456543603196
81,26,0.448308406594642,0.466564298295779
81,27,0.430384196643284,0.447910183593836
81,28,0.41273629457822,0.429543628511981
81,29,0.395406373050569,0.411508002683576
81,30,0.37843058846868,0.393840934868293
81,31,0.361839906781138,0.376574652001561
81,32,0.345660440841982,0.359736330297885
81,33,0.329913792671796,0.343348451449394
81,34,0.314617395187356,0.327429158271307
81,35,0.299784849047851,0.311992605265118
81,36,0.285426251181061,0.297049300522927
82,0,0.764911635172046,0.790943851651078
82,1,0.764834750625877,0.79086435049528
82,2,0.764334875742256,0.7903474633836
82,3,0.763085810764957,0.789055889012548
82,4,0.760851015065214,0.786745036572697
82,5,0.757468294336062,0.783247191802727
82,6,0.752836631826333,0.778457900051179
82,7,0.74690489514846,0.772324288743355
82,8,0.73966218147084,0.764835083991889
82,9,0.73112959171806,0.756012104848547
82,10,0.721353249120256,0.745903044254079
82,11,0.710398399407636,0.734575368444821
82,12,0.698344449434422,0.722111186726264
82,13,0.68528081830425,0.708602961399919
82,14,0.671303490394368,0.694149943476684
82,15,0.656512173252062,0.67885523384804
82,16,0.641007975354388,0.662823382013039
82,17,0.624891529352053,0.646158445450599
82,18,0.608261495812953,0.628962442440992
82,19,0.591213390776743,0.611334139718601
82,20,0.573838687750808,0.593368123906152
82,21,0.556224151229131,0.575154112351249
82,22,0.538451364495909,0.556776464859737
82,23,0.520596419472179,0.538313862986894
82,24,0.502729740753666,0.519839128086757
82,25,0.484916019840428,0.501419153303416
82,26,0.467214238935341,0.483114928179419
82,27,0.449677766643662,0.46498163761229
82,28,0.432354510488828,0.447068819560881
82,29,0.415287113413476,0.429420568233915
82,30,0.398513183398264,0.412075771523412
82,31,0.382065547038525,0.395068373211315
82,32,0.365972519400818,0.378427652010059
82,33,0.350258183764882,0.362178510824973
82,34,0.334942675965582,0.346341770773234
82,35,0.32004246900532,0.330934465482477
82,36,0.305570654428924,0.315970132041712
83,0,0.758014862901066,0.781177593588375
83,1,0.75794732467176,0.781107991587112
83,2,0.757506912164937,0.780654121354345
83,3,0.756402762068055,0.779516231640228
83,4,0.754420501972833,0.777473399438858
83,5,0.751409708355616,0.774370604720971
83,6,0.747273051753442,0.770107543918153
83,7,0.741956926104031,0.764628972922688
83,8,0.735443381952999,0.757916393797048
83,9,0.727743203546226,0.749980920322317
83,10,0.718889987967623,0.740857176211622
83,11,0.708935100676177,0.730598096503062
83,12,0.697943396242152,0.719270517534037
83,13,0.685989605961791,0.706951454171962
83,14,0.67315530550561,0.693724974802707
83,15,0.659526385973911,0.679679595108917
83,16,0.64519096082605,0.664906121041122
83,17,0.630237649235693,0.649495879717322
83,18,0.614754183609073,0.633539284391051
83,19,0.598826295382606,0.617124686202203
83,20,0.582536838875871,0.600337471257507
83,21,0.565965117992896,0.583259366757767
83,22,0.549186385007906,0.565967924467951
83,23,0.532271484603122,0.548536153877826
83,24,0.515286619801351,0.531032280982127
83,25,0.498293219504745,0.513519611771682
83,26,0.481347890057695,0.496056482316216
83,27,0.464502435636389,0.478696279776947
83,28,0.447803934365645,0.461487520849335
83,29,0.431294858907319,0.444473976036312
83,30,0.41501323188225,0.427694829819483
83,31,0.398992807905071,0.411184868256379
83,32,0.383263275250815,0.394974686809416
83,33,0.367850471254664,0.379090912327629
83,34,0.352776606489359,0.363556434074299
83,35,0.338060493585048,0.348390639538864
83,36,0.323717777267984,0.333609651504929
84,0,0.765316886372862,0.815618647636126
84,1,0.765202671106186,0.815496925375708
84,2,0.764467944762161,0.814713907886134
84,3,0.76265383553909,0.812780563231742
84,4,0.759447532036165,0.809363519947408
84,5,0.754653762538468,0.804254671750786
84,6,0.74817082752669,0.797345634747723
84,7,0.739970536017791,0.788606365054604
84,8,0.730081482472913,0.778067336552435
84,9,0.718575176281645,0.765804758707737
84,10,0.705554601565411,0.751928384449446
84,11,0.691144842399837,0.736571519217987
84,12,0.675485458561626,0.719882895595074
84,13,0.658724340463135,0.702020124343349
84,14,0.641012809843471,0.683144473082025
84,15,0.622501765739305,0.663416758945038
84,16,0.603338703878656,0.642994172069391
84,17,0.583665462469218,0.62202787322156
84,18,0.563616568866585,0.600661231797666
84,19,0.543318080226283,0.579028590275375
84,20,0.522886827335175,0.557254458344829
84,21,0.502429984705844,0.53545305474675
84,22,0.482044901985732,0.513728127600653
84,23,0.461819142029725,0.492172994979818
84,24,0.441830679828551,0.470870756914599
84,25,0.422148224066596,0.449894638085172
84,26,0.402831629568514,0.429308427376912
84,27,0.383932374430361,0.40916698637178
84,28,0.365494080345486,0.389516803873525
84,29,0.347553058639412,0.370396577831644
84,30,0.33013886791868,0.351837809642643
84,31,0.313274872100649,0.333865398857312
84,32,0.296978789998452,0.31649822888808
84,33,0.281263229651633,0.299749736459452
84,34,0.266136202274342,0.283628459336332
84,35,0.251601612087609,0.268138558351352
84,36,0.237659719452093,0.253280310977822
85,0,0.761174083085237,0.788701639022656
85,1,0.761109936778553,0.788635172890475
85,2,0.76069108676143,0.788201175330192
85,3,0.759639429529452,0.787111485335507
85,4,0.757748525012423,0.785152197013746
85,5,0.754872065135356,0.782171711116971
85,6,0.750913865215165,0.778070364481547
85,7,0.745819198273811,0.772791450950186
85,8,0.7395673121303,0.766313467847577
85,9,0.73216498684767,0.758643440435023
85,10,0.72364100596515,0.749811193196925
85,11,0.714041429127914,0.739864451507081
85,12,0.70342556640667,0.728864670361161
85,13,0.691862565929598,0.71688349860171
85,14,0.6794285365675,0.70399979754637
85,15,0.666204136443646,0.690297142287144
85,16,0.652272566094418,0.675861742274497
85,17,0.637717912286249,0.660780725239101
85,18,0.622623794889115,0.645140735130049
85,19,0.607072274898625,0.629026800645998
85,20,0.591142986760923,0.612521436180951
85,21,0.574912462653241,0.595703941667686
85,22,0.558453620367417,0.578649871940786
85,23,0.541835389987283,0.561430649912965
85,24,0.525122457691595,0.544113301112733
85,25,0.508375107795106,0.526760290012948
85,26,0.491649146600114,0.509429441128486
85,27,0.474995893804102,0.492173930113139
85,28,0.458462229126967,0.475042332073106
85,29,0.442090683511745,0.458078716065946
85,30,0.425919565740629,0.441322776295623
85,31,0.409983116615925,0.424809991869346
85,32,0.394311684003293,0.408571808171187
85,33,0.378931913040276,0.392635833949418
85,34,0.363866946692619,0.377026049125875
85,35,0.349136632608675,0.361763019131167
85,36,0.33475773289099,0.346864112262564
86,0,0.77300269092667,0.803389495951505
86,1,0.772911413039381,0.80329462992229
86,2,0.77232042187966,0.80268040684714
86,3,0.77085055782401,0.801152762303794
86,4,0.768233258929075,0.798432577154845
86,5,0.764290613498653,0.794334945979375
86,6,0.75891835902037,0.788751507696312
86,7,0.752071438433894,0.781635434048244
86,8,0.743751772477064,0.772988721277388
86,9,0.733997949061679,0.76285147418981
86,10,0.72287656788415,0.751292910521955
86,11,0.710475011336811,0.738403847675825
86,12,0.696895441750915,0.724290463993068
86,13,0.682249850515336,0.709069153254087
86,14,0.666656007069777,0.692862314425808
86,15,0.650234175518544,0.675794939205251
86,16,0.6331044839624,0.657991877939582
86,17,0.615384846878653,0.639575680334772
86,18,0.597189354239689,0.620664921250243
86,19,0.578627052766141,0.601372934042985
86,20,0.559801054956845,0.581806884573399
86,21,0.540807920495756,0.562067128295266
86,22,0.521737262458818,0.542246800982573
86,23,0.502671537566604,0.522431600736965
86,24,0.483685985671299,0.502699725095956
86,25,0.464848688835402,0.483121932434021
86,26,0.446220724848274,0.463761701513892
86,27,0.427856393918466,0.444675467090183
86,28,0.409803500648001,0.425912912968102
86,29,0.392103676304334,0.40751730694396
86,30,0.374792728913858,0.389525864660873
86,31,0.357901010857983,0.371970131655085
86,32,0.341453795503618,0.354876374791822
86,33,0.325471655983461,0.33826597593547
86,34,0.309970840592414,0.322155822102859
86,35,0.294963640415055,0.306558687542204
86,36,0.28045874577202,0.291483604191423
87,0,0.770301870505246,0.785261122164499
87,1,0.770201987048624,0.785159298972533
87,2,0.769556909838871,0.784501694372299
87,3,0.767957070318257,0.782870785990346
87,4,0.765116593431128,0.779975147081399
87,5,0.760850269275009,0.775625970969243
87,6,0.755054033530435,0.769717172406766
87,7,0.747688478867976,0.762208578774749
87,8,0.73876498004804,0.753111785731289
87,9,0.728334068660385,0.742478306188917
87,10,0.716475740240697,0.730389689195514
87,11,0.703291417600795,0.716949327192502
87,12,0.688897330281764,0.702275706897043
87,13,0.673419101675413,0.686496891305475
87,14,0.656987363081345,0.669746048575432
87,15,0.639734238237728,0.652157868286247
87,16,0.621790563093564,0.633865727219239
87,17,0.603283724141928,0.614999485711417
87,18,0.584336014828463,0.595683812145443
87,19,0.565063423671442,0.57603694753501
87,20,0.545574780030105,0.556169834704007
87,21,0.525971194158641,0.53618554746636
87,22,0.506345737480007,0.51617896469077
87,23,0.486783317079827,0.496236642357288
87,24,0.46736070540835,0.476436843836086
87,25,0.448146692222471,0.456849694780184
87,26,0.429202331018576,0.437537434344021
87,27,0.410581256704917,0.418554739025027
87,28,0.392330055131073,0.399949099369333
87,29,0.374488668412647,0.381761233167876
87,30,0.357090822832614,0.364025521667578
87,31,0.340164468528965,0.346770457797722
87,32,0.323732222246156,0.330019097519629
87,33,0.307811806183304,0.313789507197278
87,34,0.292416477457,0.29809520140028
87,35,0.277555443947782,0.282945566826086
87,36,0.263234263348843,0.268346269098213
88,0,0.772664952232167,0.781461500640603
88,1,0.772595097100874,0.781390850230525
88,2,0.772139736641771,0.780930305635258
88,3,0.770998561844761,0.779776138920709
88,4,0.768950660995682,0.777704923362062
88,5,0.765841436759725,0.774560301582286
88,6,0.761571291767066,0.770241542326704
88,7,0.75608586885884,0.764693669597228
88,8,0.749367656212215,0.757898972204409
88,9,0.741428789050055,0.749869723526823
88,10,0.732304898818742,0.740641960663703
88,11,0.722049877825799,0.730270189469611
88,12,0.710731442581788,0.718822897386366
88,13,0.698427392681618,0.70637876973289
88,14,0.685222474162511,0.693023517353489
88,15,0.671205767045604,0.678847234417433
88,16,0.656468526345558,0.663942214849133
88,17,0.64110241434377,0.648401164476344
88,18,0.625198069478816,0.632315753627868
88,19,0.608843963914142,0.615775461695013
88,20,0.592125507788967,0.598866671184676
88,21,0.575124363425458,0.581671974118976
88,22,0.557917937426871,0.564269658351098
88,23,0.540579022723168,0.546733345535704
88,24,0.523175566261426,0.529131756174576
88,25,0.50577054125096,0.511528580407288
88,26,0.488421905704523,0.49398243608041
88,27,0.47118263150958,0.47654689814975
88,28,0.454100790455123,0.459270585686558
88,29,0.437219685563643,0.44219729470467
88,30,0.420578017764773,0.425366166731675
88,31,0.40421007942377,0.408811884540666
88,32,0.388145967528422,0.39256488776421
88,33,0.372411810463563,0.376651602250614
88,34,0.357030003282317,0.361094678013665
88,35,0.342019447234474,0.345913231487963
88,36,0.32739579005023,0.331123088548207
89,0,0.760640864751507,0.78452693005836
89,1,0.760585945200058,0.784470285892768
89,2,0.76022606460136,0.784099104124383
89,3,0.75931885695932,0.783163407845999
89,4,0.757680997712588,0.781474115636954
89,5,0.755179186507622,0.778893741172247
89,6,0.751722261207529,0.775328259591121
89,7,0.747254316128063,0.770720009628101
89,8,0.741748710764427,0.765041514198517
89,9,0.735202867225913,0.758290114459311
89,10,0.727633765356329,0.750483323464742
89,11,0.719074054200905,0.741654815523421
89,12,0.709568707188957,0.731850976345179
89,13,0.699172156229995,0.721127947140465
89,14,0.687945846954587,0.709549103089535
89,15,0.675956163647412,0.69718291311311
89,16,0.663272678088537,0.684101133722787
89,17,0.649966681603499,0.670377294973754
89,18,0.636109964180636,0.656085441243286
89,19,0.621773808597289,0.64129909376994
89,20,0.607028171151936,0.626090405658587
89,21,0.591941023869659,0.610529483429448
89,22,0.576577835971926,0.594683852204709
89,23,0.561001175013359,0.578618044319964
89,24,0.545270410419297,0.562393293552094
89,25,0.529441504236959,0.54606731929949
89,26,0.513566875765551,0.529694186961197
89,27,0.497695328379747,0.513324232462461
89,28,0.48187202832764,0.497004040386892
89,29,0.466138526587231,0.480776466519291
89,30,0.4505328160218,0.464680696795854
89,31,0.435089417099472,0.448752335715544
89,32,0.419839486349565,0.433023518202255
89,33,0.404810942530559,0.417523039734767
89,34,0.390028606192619,0.402276500291895
89,35,0.375514348941917,0.387306458304089
89,36,0.361287249263297,0.372632591369332
90,0,0.760901070133253,0.782161993250876
90,1,0.760814334349421,0.782072833915673
90,2,0.760252228708115,0.781495022047508
90,3,0.758852745274262,0.78005643456865
90,4,0.756358101498524,0.777492086028911
90,5,0.752596165264943,0.773625034636243
90,6,0.747464591655404,0.768350075774315
90,7,0.740917317511267,0.761619859198274
90,8,0.732953102843372,0.753433110271468
90,9,0.723605846152962,0.743824674679286
90,10,0.712936434329071,0.732857140598242
90,11,0.701025917474497,0.720613822814511
90,12,0.687969825221174,0.707192920227086
90,13,0.673873464217397,0.692702681938464
90,14,0.658848056852377,0.677257438088337
90,15,0.643007599238244,0.660974370042045
90,16,0.626466332272187,0.643970910789714
90,17,0.609336733497776,0.626362680696628
90,18,0.591727949693581,0.608261876295604
90,19,0.573744600833383,0.589776040827722
90,20,0.555485895458723,0.57100715489683
90,21,0.53704500573485,0.55205099406344
90,22,0.518508657661846,0.532996707605631
90,23,0.499956898205029,0.513926579142658
90,24,0.481463006600175,0.49491593546189
90,25,0.463093521875031,0.476033174809321
90,26,0.444908362793506,0.457339890185212
90,27,0.426961020047738,0.438891066906348
90,28,0.409298803662208,0.42073533692306
90,29,0.391963131291855,0.402915275172898
90,30,0.374989845444631,0.385467725666946
90,31,0.358409549683922,0.368424147086337
90,32,0.342247955608254,0.351810969457184
90,33,0.326526233900357,0.335649955008577
90,34,0.31126136401655,0.319958557632908
90,35,0.296466478178191,0.304750276489048
90,36,0.282151196254076,0.290035000241962
91,0,0.768826504422352,0.798419705975744
91,1,0.768718476855655,0.798307520277745
91,2,0.768022359563936,0.797584608463203
91,3,0.76630026079524,0.795796223717549
91,4,0.763250558858481,0.792629134511266
91,5,0.758681831938279,0.787884550937041
91,6,0.752490867471279,0.781455287636392
91,7,0.7446441806748,0.773306570950778
91,8,0.735162545992802,0.763459974961404
91,9,0.724108110230679,0.751980038590644
91,10,0.711573713080547,0.738963175059502
91,11,0.697674090557597,0.724528536731982
91,12,0.682538680428752,0.708810543614699
91,13,0.666305786771368,0.691952823301322
91,14,0.649117894017829,0.674103344648223
91,15,0.631117949809594,0.655410557550415
91,16,0.612446461220533,0.636020377394479
91,17,0.593239270871782,0.61607387557299
91,18,0.573625898552623,0.595705557272073
91,19,0.55372835053953,0.575042124959489
91,20,0.533660313181912,0.554201640930367
91,21,0.513526659773921,0.533293015197825
91,22,0.493423210499624,0.512415756198095
91,23,0.473436694537298,0.491659931436162
91,24,0.453644871424991,0.471106293522852
91,25,0.434116775688548,0.450826534218936
91,26,0.414913054659589,0.430883635256183
91,27,0.396086374491076,0.411332289981039
91,28,0.377681873723427,0.392219374379127
91,29,0.359737647461718,0.373584449889109
91,30,0.342285248379693,0.355460283691026
91,31,0.325350193443367,0.33787337493441
91,32,0.308952467511152,0.320844477722669
91,33,0.293107016875303,0.304389113651638
91,34,0.277824227410658,0.288518068362924
91,35,0.263110383334188,0.273237867961749
91,36,0.248968103690371,0.258551232303257
92,0,0.76471700311816,0.781334680008996
92,1,0.764627349551824,0.781243078226534
92,2,0.764046764738462,0.780649877019399
92,3,0.76260247388468,0.779174201014448
92,4,0.760030148720363,0.776545977958146
92,5,0.756154395553779,0.772586002767509
92,6,0.750872118512092,0.767188939245636
92,7,0.744138379224916,0.760308872489232
92,8,0.735954420619062,0.751947072434521
92,9,0.726357563497025,0.742141670883406
92,10,0.715412720776611,0.730958991343349
92,11,0.703205306214804,0.718486303654315
92,12,0.689835342606891,0.704825804156168
92,13,0.675412599270601,0.69008964750794
92,14,0.660052610475978,0.674395878596234
92,15,0.64387344570446,0.657865132610437
92,16,0.626993119516855,0.640617988625851
92,17,0.609527543648151,0.622772877196521
92,18,0.591588936965766,0.604444455761092
92,19,0.573284620338799,0.585742377323972
92,20,0.554716133457234,0.566770388082591
92,21,0.535978619378837,0.547625698600192
92,22,0.517160430215641,0.52839858092369
92,23,0.49834291403295,0.509172150851891
92,24,0.479600348837861,0.490022300489548
92,25,0.460999994584636,0.471017751382835
92,26,0.442602238511958,0.452220203014855
92,27,0.424460812933012,0.43368455532841
92,28,0.40662306789473,0.415459187310256
92,29,0.389130283970501,0.397586276580962
92,30,0.372018012906942,0.380102147444099
92,31,0.355316435959003,0.363037637008141
92,32,0.33905073156211,0.346418470848312
92,33,0.323241445543484,0.330265641262771
92,34,0.307904858400713,0.314595782532331
92,35,0.293053345303808,0.299421538745539
92,36,0.278695725433259,0.284751920728019
93,0,0.759987189202333,0.787116372769392
93,1,0.759926973158424,0.787054007199632
93,2,0.759533219019693,0.786646197260406
93,3,0.758542973066544,0.785620602600566
93,4,0.756759536285566,0.783773502662501
93,5,0.754042023012166,0.780958982600714
93,6,0.750296270511807,0.777079518363337
93,7,0.745466943102928,0.772077798956748
93,8,0.739530691275013,0.765929641365383
93,9,0.732490241379449,0.758637869262912
93,10,0.724369305039125,0.750227040703558
93,11,0.715208209589189,0.74073892258315
93,12,0.705060161765204,0.730228620952554
93,13,0.693988066621963,0.718761286381754
93,14,0.682061832410042,0.706409322628867
93,15,0.669356099960454,0.693250034970881
93,16,0.655948342123251,0.679363661798109
93,17,0.641917285057133,0.664831739548742
93,18,0.627341608749694,0.6497357568417
93,19,0.61229888912987,0.634156058825776
93,20,0.596864748576882,0.61817096736439
93,21,0.581112185588892,0.601856086775492
93,22,0.565111057899527,0.585283768496954
93,23,0.54892769646643,0.568522711295706
93,24,0.532624630543395,0.551637676525808
93,25,0.516260406523086,0.534689300504403
93,26,0.499889485433346,0.517733988348977
93,27,0.483562205916488,0.500823875635117
93,28,0.467324801243916,0.484006846018502
93,29,0.451219460442093,0.46732659454288
93,30,0.435284424951412,0.450822727749361
93,31,0.419554113426387,0.434530892931585
93,32,0.404059268330823,0.418482929963888
93,33,0.388827118900903,0.40270704008166
93,34,0.373881555856216,0.38722796682902
93,35,0.359243313946127,0.372067185121524
93,36,0.344930159037725,0.357243095012568
94,0,0.767656695397079,0.794091080384782
94,1,0.767553018591143,0.793983833450925
94,2,0.766884195649135,0.793291979480538
94,3,0.765227558084255,0.791578295327726
94,4,0.762290039199297,0.788539622495203
94,5,0.757883710350777,0.783981560985634
94,6,0.751905095417172,0.777797071460177
94,7,0.744317742037945,0.769948446315241
94,8,0.735137595121108,0.760452179524379
94,9,0.724420776882235,0.74936632588092
94,10,0.712253429236528,0.73677999361113
94,11,0.698743319567813,0.722804661086481
94,12,0.684012950496867,0.707567049325714
94,13,0.668193948932565,0.691203317832032
94,14,0.651422540002404,0.673854382667678
94,15,0.633835937945548,0.655662183066784
94,16,0.615569509172468,0.636766746804506
94,17,0.596754582857949,0.617303925397434
94,18,0.577516801998405,0.597403688379297
94,19,0.55797492314775,0.577188881705543
94,20,0.538239986328816,0.556774369080513
94,21,0.518414788146562,0.536266486927221
94,22,0.498593601123125,0.515762754057662
94,23,0.478862090924915,0.495351786049606
94,24,0.459297390627604,0.475113372068914
94,25,0.439968297614573,0.455118678548217
94,26,0.420935564259069,0.43543054987876
94,27,0.402252258314824,0.416103881211133
94,28,0.383964173035162,0.397186042696895
94,29,0.366110270545195,0.378717338128365
94,30,0.348723144983351,0.360731484028508
94,31,0.331829494475067,0.343256097877114
94,32,0.315450593162783,0.326313186395232
94,33,0.299602756344345,0.30991962670068
94,34,0.284297793312173,0.29408763474081
94,35,0.269543443777852,0.278825216745453
94,36,0.255343794845769,0.264136600559114
95,0,0.763983328580883,0.791223869629236
95,1,0.76388713498736,0.79112424616305
95,2,0.763265389174765,0.790480331421245
95,3,0.76172202355518,0.788881935655137
95,4,0.75897928522564,0.786041402421891
95,5,0.754855927475875,0.781771022490048
95,6,0.7492486919314,0.775963855711078
95,7,0.742116637553587,0.768577501255279
95,8,0.733467928386656,0.759620414263514
95,9,0.723348740972006,0.749140417745011
95,10,0.711833995505359,0.73721510324523
95,11,0.699019652768969,0.723943853117985
95,12,0.68501635223127,0.709441251785571
95,13,0.669944196003565,0.693831683712544
95,14,0.653928509051835,0.677244942443914
95,15,0.637096428601647,0.659812698402087
95,16,0.619574195418339,0.641665693585116
95,17,0.601485036923553,0.622931549203764
95,18,0.582947547215477,0.603733087939849
95,19,0.564074482253099,0.584187086171676
95,20,0.544971899973893,0.564403383431801
95,21,0.525738585142518,0.544484286748179
95,22,0.506465707455038,0.524524216557768
95,23,0.487236669007365,0.504609548736314
95,24,0.468127103818328,0.484818614104419
95,25,0.449204997800715,0.46522182267626
95,26,0.430530902506947,0.445881885026565
95,27,0.412158220236057,0.426854107563351
95,28,0.394133541760129,0.408186742296314
95,29,0.37649702108607,0.389921374961079
95,30,0.359282774378205,0.372093338165762
95,31,0.342519292486609,0.354732138628377
95,32,0.326229858505993,0.337861889624183
95,33,0.31043296347508,0.321501741507204
95,34,0.295142714755697,0.305666304650464
95,35,0.28036923283873,0.290366060400432
95,36,0.266119033340529,0.27560775669386
96,0,0.764706192202533,0.810618467702951
96,1,0.764601491932196,0.810507481322071
96,2,0.763926324164152,0.809791777085392
96,3,0.762254686647943,0.808019775948535
96,4,0.759291869650599,0.804879074069878
96,5,0.754849557865926,0.800170049860752
96,6,0.748824795103945,0.793783565733659
96,7,0.74118227624936,0.785682196885774
96,8,0.73193950002496,0.775884492647543
96,9,0.721154376680987,0.764451840148813
96,10,0.708914937853514,0.751477556366314
96,11,0.695330842377964,0.73707788395382
96,12,0.680526412590674,0.7213846094495
96,13,0.664634971294136,0.704539060237601
96,14,0.647794280712368,0.686687269662801
96,15,0.630142911963075,0.667976128528715
96,16,0.611817397300717,0.648550366364186
96,17,0.592950038061769,0.628550227759547
96,18,0.573667259242938,0.608109728155175
96,19,0.554088417293723,0.587355390054997
96,20,0.534324981296561,0.566405375045414
96,21,0.51448001949637,0.545368939496539
96,22,0.494647933351836,0.524346152646165
96,23,0.474914390111472,0.503427825127747
96,24,0.455356412542741,0.482695604086789
96,25,0.436042591015791,0.462222197997881
96,26,0.417033388799293,0.442071700290244
96,27,0.398381516283051,0.422299986038318
96,28,0.380132354004126,0.402955160386001
96,29,0.362324407911488,0.384078041144985
96,30,0.344989783338367,0.365702661223977
96,31,0.328154666731485,0.347856779280527
96,32,0.311839806373344,0.330562389305454
96,33,0.296060985181148,0.313836221808187
96,34,0.280829480220449,0.297690230919203
96,35,0.266152504873907,0.282132063106203
96,36,0.252033630691168,0.267165504351475
97,0,0.759880208285729,0.79759224807895
97,1,0.759773950206686,0.797480716525403
97,2,0.759089142418264,0.796761922460873
97,3,0.757394763881252,0.794983453734228
97,4,0.754393684377575,0.791833433873332
97,5,0.749897091281654,0.787113679684494
97,6,0.743802911741759,0.780717052549821
97,7,0.736077672512391,0.772608417982538
97,8,0.726741312093594,0.762808704009065
97,9,0.715854523311835,0.751381615575754
97,10,0.703508260081731,0.738422620542461
97,11,0.689815090757951,0.724049873910569
97,12,0.674902123052538,0.708396791611555
97,13,0.658905262689064,0.691606024224295
97,14,0.641964600439809,0.673824615075855
97,15,0.624220750518611,0.655200156912705
97,16,0.60581198798556,0.63587778723787
97,17,0.586872054306551,0.615997884962764
97,18,0.56752851889428,0.595694350633223
97,19,0.547901600684262,0.575093369521601
97,20,0.528103367875516,0.554312571651445
97,21,0.508237246159602,0.533460515620465
97,22,0.488397776310534,0.512636434159901
97,23,0.468670571119945,0.491930188932416
97,24,0.449132429519718,0.471422390318519
97,25,0.429851572499043,0.451184645041929
97,26,0.410887971235509,0.43127990058546
97,27,0.392293742844374,0.411762860580911
97,28,0.374113593415028,0.392680449832937
97,29,0.356385291643991,0.374072311457966
97,30,0.339140159472927,0.355971321872031
97,31,0.322403568770667,0.338404112122606
97,32,0.306195435324032,0.32139158639565
97,33,0.290530703278601,0.304949430498662
97,34,0.27541981474612,0.289088604774195
97,35,0.260869160612098,0.273815817280551
97,36,0.246881509672025,0.259133974225571
98,0,0.76993530609262,0.781640722449849
98,1,0.769861894220914,0.781566194488887
98,2,0.769383970259426,0.781081004593608
98,3,0.768187994614274,0.779866846391079
98,4,0.766044953827162,0.777691224704656
98,5,0.762796179767416,0.774393059153549
98,6,0.758341119890108,0.769870268480748
98,7,0.752626818469468,0.7640690918684
98,8,0.745638896207113,0.756974931407971
98,9,0.737393840112454,0.748604524762801
98,10,0.727932437371654,0.738999279211406
98,11,0.717314206343687,0.728219617977321
98,12,0.705612695100274,0.716340207292191
98,13,0.692911533287941,0.703445948233819
98,14,0.679301136738979,0.689628631236955
98,15,0.664875976376485,0.674984163477169
98,16,0.649732333710803,0.659610290243848
98,17,0.633966474757679,0.643604741096216
98,18,0.617673182653836,0.627063740170091
98,19,0.600944596721519,0.610080827592593
98,20,0.58386931234551,0.592745945674482
98,21,0.566531701868664,0.575144749481193
98,22,0.549011421869872,0.557358106619887
98,23,0.531383076737109,0.539461755697761
98,24,0.513716012455598,0.521526096975148
98,25,0.496074218057543,0.503616092316978
98,26,0.478516315279361,0.485791254692775
98,27,0.461095619693137,0.468105710237489
98,28,0.44386025896407,0.450608318306834
98,29,0.426853335973494,0.43334283708028
98,30,0.410113126371672,0.416348124117273
98,31,0.393673301716685,0.399658362888519
98,32,0.377563170742232,0.38330330771182
98,33,0.361807932502491,0.367308540745517
98,34,0.346428936187547,0.351695735753925
98,35,0.331443943307596,0.336482924277551
98,36,0.31686738872499,0.321684760633647
99,0,0.765683321367712,0.782267886662521
99,1,0.765587550235745,0.782170041144778
99,2,0.764968423759182,0.781537504498253
99,3,0.763431250182407,0.779967036013725
99,4,0.760698951522329,0.777175556248001
99,5,0.756590432890153,0.772978047829031
99,6,0.751002208449768,0.767268783435799
99,7,0.743892845776504,0.760005433224647
99,8,0.735269845233785,0.751195660015545
99,9,0.725178619312432,0.740885859925828
99,10,0.713693279426064,0.729151749609227
99,11,0.70090897509076,0.716090539503509
99,12,0.68693556332837,0.70181446611418
99,13,0.671892415044836,0.686445485899891
99,14,0.655904190513208,0.670110959253154
99,15,0.639097438348514,0.652940175809614
99,16,0.621597891864796,0.635061592244652
99,17,0.603528353778093,0.616600671159413
99,18,0.585007075150919,0.597678224913507
99,19,0.566146547518704,0.578409181589123
99,20,0.547052638522601,0.558901701901793
99,21,0.527824011295758,0.539256586010676
99,22,0.508551776488342,0.519566918006505
99,23,0.489319333326588,0.499917903528002
99,24,0.470202362620896,0.480386862618533
99,25,0.451268940289512,0.46104334570869
99,26,0.432579744855171,0.441949345607278
99,27,0.414188336597214,0.423159582699813
99,28,0.396141489684681,0.404721844275562
99,29,0.378479561750583,0.386677362106729
99,30,0.361236888058691,0.369061215152824
99,31,0.344442189718931,0.351902746617933
99,32,0.328118987375954,0.33522598659971
99,33,0.312286013471723,0.319050073281497
99,34,0.296957617605674,0.303389667072515
99,35,0.28214416071912,0.288255353330234
99,36,0.267852394843653,0.273654030334055
100,0,0.758815337483178,0.760830170561948
100,1,0.758794436773464,0.760809214355938
100,2,0.758654938168018,0.760669345348906
100,3,0.758295964757107,0.760309418779212
100,4,0.757634065144235,0.75964576166729
100,5,0.756601289344347,0.758610243604902
100,6,0.755143439958186,0.757148523285957
100,7,0.753218484309409,0.755218456427476
100,8,0.750795114319873,0.752788651821011
100,9,0.74785144190849,0.749837163267472
100,10,0.74437381863578,0.746350306087565
100,11,0.740355769184781,0.742321587770841
100,12,0.735797029074116,0.737750743133661
100,13,0.730702677745183,0.732642865104535
100,14,0.725082358856837,0.727007622948498
100,15,0.718949580261359,0.720858560384354
100,16,0.712321086728602,0.714212466643256
100,17,0.705216299034324,0.707088814067686
100,18,0.697656813536956,0.699509256359483
100,19,0.68966595683735,0.691497182057107
100,20,0.681268390551091,0.68307731825853
100,21,0.672489761625282,0.674275380009527
100,22,0.663356394003636,0.66511776115007
100,23,0.653895017787491,0.655631262756197
100,24,0.644132532357905,0.645842855633146
100,25,0.634095800217355,0.635779473609652
100,26,0.623811468580345,0.625467834654838
100,27,0.613305815992193,0.614934287089736
100,28,0.602604621485846,0.604204678396684
100,29,0.591733053999245,0.59330424434307
100,30,0.580715579971814,0.582257516332464
100,31,0.569575887219299,0.571088245077334
100,32,0.558336823352592,0.559819338854345
100,33,0.547020347159368,0.548472814756917
100,34,0.535647491508377,0.53706976150101
100,35,0.524238336465903,0.525630312470203
100,36,0.512811991433137,0.51417362780564
101,0,0.769804642926044,0.78534617317014
101,1,0.769755177717298,0.785295709311873
101,2,0.769430208177166,0.784964178985205
101,3,0.768608651755081,0.784126036219951
101,4,0.767121059630355,0.782608411205439
101,5,0.764842034947072,0.780283375457702
101,6,0.761683566092675,0.777061140504106
101,7,0.75758917616118,0.772884089230494
101,8,0.752528799683885,0.767721549178595
101,9,0.746494306701695,0.761565226254156
101,10,0.739495602381109,0.754425225598367
101,11,0.731557237720537,0.746326593867968
101,12,0.722715473527295,0.73730632393709
101,13,0.713015745834617,0.727410769143758
101,14,0.702510486332352,0.71669341971741
101,15,0.691257256259331,0.705212998996566
101,16,0.679317156599603,0.69303184152862
101,17,0.666753481383799,0.68021451918281
101,18,0.653630584462186,0.666826685044631
101,19,0.6400129333246,0.652934108133404
101,20,0.625964326428548,0.638601874929082
101,21,0.611547253091032,0.623893736340965
101,22,0.596822377330105,0.60887158112858
101,23,0.581848129134219,0.593595018919188
101,24,0.566680388514114,0.578121057881023
101,25,0.551372249374261,0.562503863827551
101,26,0.535973851747605,0.546794589065215
101,27,0.520532272285858,0.531041260672844
101,28,0.505091464103347,0.515288719131011
101,29,0.489692238149587,0.499578599318536
101,30,0.474372279247132,0.48394934687413
101,31,0.459166190788378,0.468436263795575
101,32,0.444105562848383,0.453071577927669
101,33,0.429219059149816,0.437884531682904
101,34,0.414532518919553,0.422901485954437
101,35,0.400069070211809,0.408146035727099
101,36,0.385849251747085,0.393639134376131
102,0,0.76776809063979,0.791647828284815
102,1,0.76765956606044,0.791535928287139
102,2,0.766960363940088,0.790814979022828
102,3,0.765230960960441,0.789031786767565
102,4,0.762168917284729,0.785874504958717
102,5,0.757582597596103,0.781145537884434
102,6,0.751369012522111,0.774738692914373
102,7,0.743495203195077,0.766619986067778
102,8,0.733982666908896,0.756811583264581
102,9,0.722894387729636,0.745378427551687
102,10,0.710324093611097,0.732417162084727
102,11,0.69638741203928,0.718047010688318
102,12,0.68121464034967,0.702402323309956
102,13,0.664944885394957,0.685626533415001
102,14,0.647721360865713,0.667867309040848
102,15,0.629687659880134,0.649272709453784
102,16,0.610984845988752,0.629988185675791
102,17,0.591749227951022,0.610154286050455
102,18,0.572110702942881,0.589904947919645
102,19,0.552191569608947,0.569366273758306
102,20,0.53210572689797,0.54865570509145
102,21,0.511958187195388,0.527881520483778
102,22,0.491844843138659,0.507142595102305
102,23,0.471852436885685,0.486528369028953
102,24,0.452058688694499,0.466118979839424
102,25,0.432532548630215,0.445985522138942
102,26,0.413334541189617,0.426190402905633
102,27,0.394517177753138,0.40678776677091
102,28,0.376125416150832,0.387823969879241
102,29,0.358197150361865,0.369338084818661
102,30,0.340763716542198,0.351362422387332
102,31,0.323850404267859,0.333923058737918
102,32,0.307476964157314,0.317040358788428
102,33,0.291658104953358,0.300729488764747
102,34,0.276403974752645,0.285000912397755
102,35,0.261720622413161,0.269860866681858
102,36,0.24761043628436,0.255311814250867
103,0,0.772384102141389,0.79919340613779
103,1,0.772269758098769,0.799075093235389
103,2,0.771534032649447,0.798313830896876
103,3,0.769716983262193,0.796433712074008
103,4,0.766504626230256,0.793109854745813
103,5,0.76170051371982,0.788138992411852
103,6,0.755201836303614,0.78141474714936
103,7,0.746979407253187,0.77290691916414
103,8,0.737060970016346,0.762644214873751
103,9,0.725517344753502,0.750699912592784
103,10,0.712450994844298,0.737180032185129
103,11,0.697986651047838,0.72221363379061
103,12,0.682263680514875,0.705944921967044
103,13,0.665429930997901,0.688526876234043
103,14,0.647636818169161,0.670116167872789
103,15,0.629035456627565,0.650869156640925
103,16,0.609773663561333,0.630938790432914
103,17,0.589993688668956,0.610472256406992
103,18,0.569830545297348,0.589609254197437
103,19,0.549410836246568,0.568480780963212
103,20,0.528851983678867,0.54720833456729
103,21,0.50826178637517,0.525903455465598
103,22,0.487738239484782,0.504667540200274
103,23,0.467369562159828,0.483591869993288
103,24,0.447234387270108,0.462757807046262
103,25,0.42740207494547,0.442237118965845
103,26,0.407933118156679,0.422092398422212
103,27,0.388879614066547,0.4023775508607
103,28,0.370285779587217,0.383138327953989
103,29,0.352188493577209,0.364412888618703
103,30,0.334617851499523,0.346232372925588
103,31,0.317597721223566,0.32862147719322
103,32,0.301146291062255,0.311599021047366
103,33,0.285276603154794,0.295178499317382
103,34,0.269997066990812,0.279368613384666
103,35,0.255311949270735,0.264173778045999
103,36,0.241221837452186,0.249594601149545
104,0,0.768199548651935,0.782687704886823
104,1,0.768093490714679,0.782579646708917
104,2,0.767409727358173,0.781882987653169
104,3,0.765717251111824,0.780158591497047
104,4,0.762718303390636,0.77710308396246
104,5,0.75822303393258,0.772523034233001
104,6,0.75212810254348,0.76631315313017
104,7,0.744398675113025,0.758437949576291
104,8,0.735053336720648,0.748916359163284
104,9,0.724151506798054,0.737808921966587
104,10,0.711782995786483,0.725207142242163
104,11,0.698059390433486,0.711224711250947
104,12,0.683106996622931,0.695990316991429
104,13,0.667061105136631,0.679641801814201
104,14,0.650061377637207,0.662321461384981
104,15,0.632248177996853,0.644172306822646
104,16,0.613759698367828,0.625335136567753
104,17,0.594729750532344,0.605946286077528
104,18,0.575286111465414,0.586135942186219
104,19,0.555549328032492,0.566026925259471
104,20,0.535631899622377,0.545733856411777
104,21,0.515637769547614,0.525362639314753
104,22,0.495662066460744,0.50501019673652
104,23,0.475791046038821,0.484764411126405
104,24,0.456102190959636,0.464704226476702
104,25,0.436664433888464,0.444899875514923
104,26,0.417538473952065,0.425413202146464
104,27,0.398777162118588,0.406298054102732
104,28,0.380425935134248,0.387600725061814
104,29,0.362523281283629,0.369360429192969
104,30,0.34510122432186,0.351609794215712
104,31,0.32818581454529,0.334375361732021
104,32,0.311797618185141,0.317678085849903
104,33,0.295952198180723,0.301533823023936
104,34,0.280660580962664,0.285953807641978
104,35,0.265929705194025,0.270945109229487
104,36,0.251762849514198,0.25651106826062
105,0,0.772130549400336,0.78454379321236
105,1,0.772036762601706,0.78444849863969
105,2,0.771429984711371,0.783831965816205
105,3,0.769922133318294,0.782299873280243
105,4,0.767239518009651,0.779574130604206
105,5,0.763202010226586,0.775471713372158
105,6,0.757705318854195,0.769886653821332
105,7,0.750705957632432,0.762774766579918
105,8,0.742208541787899,0.754140741071732
105,9,0.732255096552817,0.744027278152376
105,10,0.720916100143242,0.73250598908889
105,11,0.708283018924412,0.719669810715844
105,12,0.694462123440154,0.705626722047441
105,13,0.679569401208379,0.690494575287998
105,14,0.663726406115111,0.674396878498291
105,15,0.647056905256506,0.657459388530145
105,16,0.629684202520525,0.639807391580378
105,17,0.611729034368025,0.621563565143167
105,18,0.593307947433666,0.602846329528282
105,19,0.574532079956881,0.583768609701589
105,20,0.555506279881912,0.564436939207126
105,21,0.53632850191948,0.544950847535561
105,22,0.51708943410561,0.525402480679353
105,23,0.497872311571272,0.505876411908437
105,24,0.478752881478704,0.486449606142843
105,25,0.459799488500577,0.467191506806075
105,26,0.441073254917389,0.448164218817865
105,27,0.422628333475564,0.429422765517368
105,28,0.404512214662257,0.411015400877909
105,29,0.386766073082235,0.39298396145243
105,30,0.369425140228365,0.375364245136865
105,31,0.352519093174172,0.358186406111554
105,32,0.336072450631876,0.341475357266561
105,33,0.320104969454107,0.325251173077782
105,34,0.304632036048561,0.309529487314232
105,35,0.289665048354608,0.294321881155538
105,36,0.275211785027246,0.279636258311122
106,0,0.755760566268912,0.781097523264413
106,1,0.755689353485952,0.781023923064989
106,2,0.755225610978404,0.780544633538325
106,3,0.754064744430428,0.779344848810285
106,4,0.751983918786993,0.777194263255846
106,5,0.748828396403432,0.773932951633604
106,6,0.744499747492304,0.769459184286552
106,7,0.738945703366511,0.763718940214047
106,8,0.732151449153532,0.75669690787332
106,9,0.724132175993092,0.748408787688743
106,10,0.714926733526107,0.738894731739763
106,11,0.704592242002748,0.728213775239288
106,12,0.693199539821175,0.71643913145065
106,13,0.68082935697083,0.703654236845162
106,14,0.667569117888053,0.689949446773109
106,15,0.653510288810269,0.675419293887695
106,16,0.638746194993446,0.660160232184466
106,17,0.623370242275194,0.644268798942123
106,18,0.607474485547693,0.62784013520334
106,19,0.591148493862446,0.610966812832027
106,20,0.574478468222997,0.593737922729953
106,21,0.557546573721974,0.576238384583612
106,22,0.54043045262552,0.558548443624749
106,23,0.523202889373262,0.54074332439942
106,24,0.505931602309831,0.522893015517289
106,25,0.488679140352047,0.505062162854563
106,26,0.471502865775646,0.487310051763651
106,27,0.45445500692282,0.469690661547722
106,28,0.437582766927766,0.452252777831293
106,29,0.420928476568574,0.435040150536497
106,30,0.404529781112705,0.41809168699257
106,31,0.388419852559111,0.401441671293415
106,32,0.372627620018669,0.38512000240157
106,33,0.357178012139078,0.369152444700417
106,34,0.342092206491259,0.353560885741297
106,35,0.327387881709879,0.338363596837069
106,36,0.313079468937035,0.323575492935474
107,0,0.768305855300231,0.784755487123389
107,1,0.768217683226483,0.784665427262193
107,2,0.76764637060327,0.784081882684422
107,3,0.76622424690622,0.782629310942415
107,4,0.763689761497222,0.780040561529633
107,5,0.759868527824477,0.776137514232023
107,6,0.754657141136072,0.770814550374551
107,7,0.748009406917523,0.764024486405943
107,8,0.73992466140907,0.755766644355168
107,9,0.730437904597468,0.746076773567967
107,10,0.719611500578453,0.735018573371879
107,11,0.707528230657343,0.722676597441891
107,12,0.694285511448687,0.709150348108068
107,13,0.679990613954406,0.694549393072889
107,14,0.664756740502759,0.678989358356439
107,15,0.648699834837208,0.662588670088432
107,16,0.631936016839698,0.645465934308235
107,17,0.61457954761011,0.627737858476137
107,18,0.596741243128099,0.609517631171263
107,19,0.578527265695377,0.590913687658318
107,20,0.560038231973809,0.572028798828544
107,21,0.541368584855578,0.552959429621454
107,22,0.522606183766482,0.53379532055642
107,23,0.503832074436843,0.514619252574312
107,24,0.485120404786944,0.495506961122022
107,25,0.466538458463442,0.476527170406902
107,26,0.448146781816615,0.457741723092619
107,27,0.429999383802453,0.439205784481218
107,28,0.412143991496634,0.420968103497703
107,29,0.394622346679383,0.403071315624869
107,30,0.377470531344496,0.385552275381553
107,31,0.360719312049244,0.368442408045166
107,32,0.34439449479605,0.351768072131476
107,33,0.328517283658355,0.335550925698753
107,34,0.31310463766416,0.319808290872277
107,35,0.298169621559821,0.304553512118084
107,36,0.283721747018769,0.289796304757052
108,0,0.763304249833874,0.776370193966481
108,1,0.7632430543101,0.776307950921623
108,2,0.762843004554937,0.775901053270943
108,3,0.761837233901867,0.774878066228515
108,4,0.760026405107929,0.773036240374283
108,5,0.757268025688136,0.770230644092532
108,6,0.753467151085414,0.766364707602332
108,7,0.748568314382206,0.761382014525086
108,8,0.742548538705274,0.755259194678412
108,9,0.735411304126579,0.747999787704781
108,10,0.727181354898077,0.739628961418596
108,11,0.717900245437523,0.730188981549909
108,12,0.707622534750973,0.719735341024543
108,13,0.696412549066841,0.708333467182172
108,14,0.684341641484324,0.696055934516489
108,15,0.671485885512791,0.682980118733494
108,16,0.657924146594644,0.669186235263441
108,17,0.643736482149357,0.654755711917454
108,18,0.629002826429295,0.639769851231221
108,19,0.613801921609327,0.624308743257418
108,20,0.598210461105965,0.608450394220516
108,21,0.582302415195284,0.592270040590897
108,22,0.566148512624033,0.575839621822383
108,23,0.549815855131658,0.559227388275794
108,24,0.53336764466456,0.542497623763778
108,25,0.516863005605479,0.525710464737172
108,26,0.500356886594394,0.508921800425321
108,27,0.483900028513403,0.492183240272933
108,28,0.467538986974065,0.475542136812349
108,29,0.451316199206342,0.459041653697463
108,30,0.435270086625728,0.44272087002656
108,31,0.419435185569296,0.426614913316247
108,32,0.403842299759991,0.410755114575572
108,33,0.388518668997633,0.395169179884612
108,34,0.373488149399032,0.379881373719872
108,35,0.358771401231226,0.364912710002774
108,36,0.344386081012609,0.350281147489099
109,0,0.759312343344071,0.811479222074547
109,1,0.759217602948436,0.811377972749124
109,2,0.758605098922309,0.810723387985692
109,3,0.757084253671737,0.809098056418717
109,4,0.754380770829605,0.806208836754563
109,5,0.750315267510789,0.801864022002883
109,6,0.744785120985953,0.795953938966212
109,7,0.73774909756995,0.78843452109007
109,8,0.729214385575773,0.77931345054463
109,9,0.71922570181366,0.768638516309885
109,10,0.707856183053266,0.756487879855834
109,11,0.695199810768589,0.74296197944623
109,12,0.681365149931701,0.728176838769944
109,13,0.66647021112821,0.712258576069415
109,14,0.650638270292975,0.695338936680535
109,15,0.633994502315393,0.677551695357214
109,16,0.61666330400019,0.659029795312099
109,17,0.598766198711967,0.639903108904353
109,18,0.580420229763077,0.620296720648785
109,19,0.561736762475922,0.600329646976488
109,20,0.542820626084786,0.580113919182926
109,21,0.523769536435647,0.559753966465616
109,22,0.504673748969158,0.539346245066062
109,23,0.485615898886049,0.518979067454086
109,24,0.466670991831702,0.498732592372395
109,25,0.447906514017576,0.478678942523663
109,26,0.429382635527737,0.458882421844786
109,27,0.41115248473242,0.439399808773419
109,28,0.393262475329794,0.420280705758428
109,29,0.37575267063466,0.401567928576237
109,30,0.358657172392562,0.383297921857555
109,31,0.342004523676055,0.365501189663741
109,32,0.325818117366166,0.348202732032085
109,33,0.310116603379746,0.331422480180813
109,34,0.294914289210712,0.315175724568636
109,35,0.280221529543494,0.299473531275724
109,36,0.266045101699581,0.284323143244482
110,0,0.763657955082299,0.800085676504246
110,1,0.763574492351727,0.799998232466233
110,2,0.763033005144113,0.799430915441722
110,3,0.761683196699725,0.798016718948132
110,4,0.759274068122708,0.795492671035712
110,5,0.755636471965764,0.791681555649944
110,6,0.750668177446803,0.786476265434842
110,7,0.744321124005303,0.779826447263297
110,8,0.736590578619955,0.771727142341218
110,9,0.727505946615896,0.76220915867538
110,10,0.71712301607272,0.751330945527142
110,11,0.705517442835193,0.739171767647609
110,12,0.692779306912887,0.72582600200872
110,13,0.679008592077066,0.711398401769582
110,14,0.66431145903051,0.696000191670456
110,15,0.648797198912699,0.679745876215202
110,16,0.632575768353595,0.662750657143139
110,17,0.615755820022219,0.645128370031594
110,18,0.598443153825616,0.626989861614552
110,19,0.580739523772973,0.608441739732258
110,20,0.562741744182618,0.589585436902843
110,21,0.544541046513852,0.570516536473993
110,22,0.526222644773008,0.55132431729817
110,23,0.50786547328258,0.53209147899291
110,24,0.489542065710143,0.51289401519922
110,25,0.47131854871598,0.493801206926189
110,26,0.453254727470972,0.47487571214822
110,27,0.435404243687018,0.45617373137376
110,28,0.417814789751049,0.437745231993847
110,29,0.400528365113664,0.419634216900903
110,30,0.383581563301787,0.401879025192362
110,31,0.367005879843117,0.384512654783608
110,32,0.35082803304548,0.36756309848903
110,33,0.335070290999155,0.351053686622883
110,34,0.319750799393602,0.335003430453406
110,35,0.3048839057873,0.319427361940857
110,36,0.290480476863031,0.304336866126389
111,0,0.772407512159409,0.786562094099152
111,1,0.772293460584654,0.78644595249765
111,2,0.771559562347937,0.785698605372149
111,3,0.769746874265288,0.783852699277514
111,4,0.766541953336591,0.780589047283697
111,5,0.761748548020197,0.775707801485105
111,6,0.755263792930128,0.769104211459026
111,7,0.747058266913774,0.760748316902065
111,8,0.737159359061743,0.750668008817514
111,9,0.725637461168797,0.738934968949303
111,10,0.71259456979116,0.725653062968843
111,11,0.698154937465417,0.710948820374923
111,12,0.682457461868507,0.694963684182945
111,13,0.665649544589352,0.677847757156837
111,14,0.647882188528182,0.65975480936687
111,15,0.629306135424937,0.640838344937183
111,16,0.610068873246338,0.621248554592407
111,17,0.590312367663713,0.601130005564178
111,18,0.570171393097224,0.580619942051298
111,19,0.549772357197881,0.559847088160049
111,20,0.52923252854734,0.538930861451377
111,21,0.508659591094132,0.517980919212044
111,22,0.48815146069196,0.497096971630937
111,23,0.467796309305069,0.476368806448004
111,24,0.447672751211521,0.455876478569763
111,25,0.427850153055042,0.435690625802929
111,26,0.408389036034002,0.415872878413623
111,27,0.389341544015811,0.396476335820089
111,28,0.370751956052,0.377546088499763
111,29,0.352657225753312,0.359119767248556
111,30,0.335087533360829,0.341228105368838
111,31,0.318066839202165,0.323895502267877
111,32,0.301613429623668,0.30714057939439
111,33,0.285740448503702,0.290976721491955
111,34,0.270456409133571,0.275412597860306
111,35,0.255765682649196,0.260452659737639
111,36,0.241668960349742,0.246097611091369
112,0,0.77078529377984,0.803560526040611
112,1,0.770710409312682,0.803482457345856
112,2,0.770223124663556,0.8029744524421
112,3,0.769004359146752,0.801703862736113
112,4,0.76682164590678,0.799428336446935
112,5,0.763514508396602,0.795980573264616
112,6,0.75898186139978,0.791255189640259
112,7,0.753171185918788,0.785197433370338
112,8,0.746069256131666,0.777793516246209
112,9,0.737694222335927,0.76906236034998
112,10,0.728088876685883,0.759048577438399
112,11,0.7173149488869,0.747816522079352
112,12,0.70544829710617,0.735445278071176
112,13,0.692574875435575,0.722024454434496
112,14,0.678787373514104,0.707650682145104
112,15,0.664182436578983,0.692424715976466
112,16,0.648858385439673,0.676449057522745
112,17,0.632913365812767,0.659826025839964
112,18,0.616443865257879,0.642656211319227
112,19,0.599543543739401,0.62503725652178
112,20,0.582302330718245,0.607062914877405
112,21,0.564805747750985,0.58882234447921
112,22,0.547134420930479,0.570399599792313
112,23,0.529363752221817,0.551873289014379
112,24,0.51156372290146,0.53331636915663
112,25,0.493798805959408,0.51479605472118
112,26,0.476127967530819,0.496373819193538
112,27,0.458604740235442,0.478105471500562
112,28,0.44127735376559,0.460041292151287
112,29,0.424188910216494,0.442226216022643
112,30,0.407377593532451,0.424700050711653
112,31,0.390876904080334,0.407497721083446
112,32,0.374715910786897,0.390649532129905
112,33,0.358919514513357,0.374181443543439
112,34,0.343508717412253,0.358115350527392
112,35,0.328500893937538,0.342469366329993
112,36,0.313910059976939,0.32725810282073
113,0,0.748549679601285,0.748549679601285
113,1,0.748543214771396,0.748543214771396
113,2,0.74849939630473,0.74849939630473
113,3,0.748384674440246,0.748384674440246
113,4,0.748169370036923,0.748169370036923
113,5,0.747827384879215,0.747827384879215
113,6,0.747335929931643,0.747335929931643
113,7,0.746675270544253,0.746675270544253
113,8,0.745828487662422,0.745828487662422
113,9,0.74478125414366,0.74478125414366
113,10,0.743521625330871,0.743521625330871
113,11,0.742039843075952,0.742039843075952
113,12,0.740328152449868,0.740328152449868
113,13,0.738380630415484,0.738380630415484
113,14,0.736193025777582,0.736193025777582
113,15,0.733762609760738,0.733762609760738
113,16,0.731088036600147,0.731088036600147
113,17,0.7281692135632,0.7281692135632
113,18,0.725007179850682,0.725007179850682
113,19,0.72160399385594,0.72160399385594
113,20,0.717962628288392,0.717962628288392
113,21,0.714086872694337,0.714086872694337
113,22,0.709981242933275,0.709981242933275
113,23,0.705650897191901,0.705650897191901
113,24,0.701101558140691,0.701101558140691
113,25,0.69633944085957,0.69633944085957
113,26,0.691371186179634,0.691371186179634
113,27,0.686203799107344,0.686203799107344
113,28,0.680844592016006,0.680844592016006
113,29,0.675301132306856,0.675301132306856
113,30,0.669581194258655,0.669581194258655
113,31,0.663692714800375,0.663692714800375
113,32,0.657643752956514,0.657643752956514
113,33,0.651442452728665,0.651442452728665
113,34,0.645097009190354,0.645097009190354
113,35,0.638615637584884,0.638615637584884
113,36,0.632006545227891,0.632006545227891
114,0,0.758455461516892,0.792524588085771
114,1,0.758392684081483,0.792458990745304
114,2,0.757982598507778,0.792030484502194
114,3,0.756952457621657,0.790954070628385
114,4,0.755099337962372,0.789017710526617
114,5,0.752278972457725,0.786070656779584
114,6,0.748396049067617,0.7820133160174
114,7,0.743395803220001,0.776788463693462
114,8,0.737256750682023,0.770373650522801
114,9,0.729984424372087,0.762774657957463
114,10,0.721605993721721,0.754019875855022
114,11,0.712165658716003,0.744155489623516
114,12,0.701720722837645,0.733241376765758
114,13,0.69033825995629,0.721347624048352
114,14,0.678092299871238,0.708551586621566
114,15,0.665061465849494,0.694935419437744
114,16,0.651327005207427,0.680584019368498
114,17,0.636971160858476,0.665583323603816
114,18,0.622075837876865,0.650018916319048
114,19,0.606721524585516,0.633974901299063
114,20,0.590986432534542,0.61753300328537
114,21,0.574945824057611,0.600771865326919
114,22,0.558671499933171,0.583766513427546
114,23,0.542231423086766,0.566587963345333
114,24,0.525689457294829,0.549302947559219
114,25,0.509105202530396,0.531973743218592
114,26,0.49253391096379,0.514658084370796
114,27,0.47602646972951,0.497409143953935
114,28,0.459629438423966,0.480275572978962
114,29,0.44338513093374,0.463301586033594
114,30,0.427331732634777,0.446527083745988
114,31,0.41150344527045,0.429987804170589
114,32,0.395930652930059,0.413715496222236
114,33,0.380640103526127,0.39773810930525
114,34,0.365655101024119,0.38207999417794
114,35,0.350995704425742,0.366762110874049
114,36,0.336678930158937,0.351802240183917
115,0,0.766644459165667,0.7811778316052
115,1,0.766611529189926,0.781144277371897
115,2,0.766393433047194,0.780922046754008
115,3,0.765837038631286,0.780355104701353
115,4,0.764820171057159,0.779318960244703
115,5,0.763247643701203,0.777716622296024
115,6,0.761047708291147,0.775474982442305
115,7,0.758168884410541,0.772541584346566
115,8,0.754577132273634,0.768881742926691
115,9,0.750253335824917,0.764475979741776
115,10,0.745191066147139,0.759317744000803
115,11,0.739394597844164,0.753411391341821
115,12,0.73287715352047,0.746770395031835
115,13,0.72565935372603,0.739415766527094
115,14,0.71776785179062,0.731374664427797
115,15,0.709234134851094,0.722679172776287
115,16,0.700093474093068,0.713365231398345
115,17,0.6903840087983,0.70347170258674
115,18,0.680145950222785,0.693039559887147
115,19,0.669420892639688,0.682111186080438
115,20,0.658251220075915,0.670729768672681
115,21,0.646679598360942,0.658938782314682
115,22,0.634748543100245,0.64678154858543
115,23,0.622500055091343,0.634300864496682
115,24,0.609975315525478,0.621538691916539
115,25,0.597214434069099,0.608535900875286
115,26,0.584256243602916,0.595332060413286
115,27,0.571138136017951,0.581965271264195
115,28,0.557895934033171,0.568472035242628
115,29,0.544563794512645,0.554887156728491
115,30,0.531174139226294,0.541243672115146
115,31,0.517757609421149,0.527572803519479
115,32,0.50434304095348,0.513903933442602
115,33,0.490957457079542,0.500264597423932
115,34,0.477626076317172,0.48668049205182
115,35,0.464372333075028,0.473175495983867
115,36,0.451217909003395,0.459771701892044
116,0,0.760940198767862,0.808103437916238
116,1,0.76084797160122,0.808005494489733
116,2,0.760251249430214,0.807371787348684
116,3,0.758768289796562,0.805796913554152
116,4,0.756129782888331,0.802994871413443
116,5,0.752158393233555,0.798777334163438
116,6,0.746751349490863,0.793035160672659
116,7,0.739865676395637,0.785722712060232
116,8,0.731505713209393,0.776844596536049
116,9,0.721712607387213,0.76644451188341
116,10,0.710555511294819,0.754595896546719
116,11,0.698124244271063,0.741394136887001
116,12,0.684523212674604,0.726950110391747
116,13,0.669866407248321,0.711384872974895
116,14,0.654273320601598,0.694825323423766
116,15,0.63786564822233,0.677400699939083
116,16,0.620764654519076,0.659239782923843
116,17,0.603089101253383,0.640468695019424
116,18,0.584953649614399,0.621209204140432
116,19,0.566467659343973,0.601577448169324
116,20,0.547734318946214,0.581683011256151
116,21,0.528850050292763,0.561628291521148
116,22,0.509904139025383,0.541508108549587
116,23,0.490978549203417,0.521409506551049
116,24,0.472147886771785,0.501411715563161
116,25,0.453479481747063,0.48158623873158
116,26,0.435033563633653,0.461997038598501
116,27,0.416863508576391,0.442700799573837
116,28,0.39901614020708,0.423747247428279
116,29,0.38153206911841,0.405179509807893
116,30,0.364446058459431,0.387034504489273
116,31,0.347787405344923,0.369343344428751
116,32,0.33158032965319,0.352131750657958
116,33,0.315844363393796,0.335420465784665
116,34,0.300594735194592,0.31922566231039
116,35,0.285842745617471,0.303559341208313
116,36,0.271596129992491,0.288429717245932
117,0,0.767291952919536,0.776205737860933
117,1,0.767214564684594,0.776127450591301
117,2,0.766711458275793,0.775618499494159
117,3,0.765454439820483,0.774346878002631
117,4,0.763205636240467,0.772071949619128
117,5,0.759802051569153,0.768628824820129
117,6,0.755142288091605,0.763914927933051
117,7,0.749175160933328,0.757878479458416
117,8,0.741889966374587,0.750508651329226
117,9,0.733308192308635,0.74182718106791
117,10,0.723476484268992,0.731881256098533
117,11,0.712460702659069,0.720737501938059
117,12,0.700340926527748,0.708476927929787
117,13,0.687207276716698,0.69519070186733
117,14,0.673156446700632,0.680976640532944
117,15,0.65828884316635,0.665936317058105
117,16,0.642706250523774,0.650172698302695
117,17,0.62650994428498,0.633788236316786
117,18,0.609799187740354,0.61688334755237
117,19,0.59267005474235,0.59955522197117
117,20,0.575214528800745,0.581896911673897
117,21,0.557519835208682,0.563996655267466
117,22,0.539667968654953,0.545937399989462
117,23,0.521735383822545,0.527796488712301
117,24,0.50379282090488,0.50964548343246
117,25,0.485905241859344,0.491550100783448
117,26,0.468131856624779,0.473570238557878
117,27,0.450526221511168,0.455760075240156
117,28,0.433136394575011,0.438168227186891
117,29,0.416005135066961,0.42083795039155
117,30,0.399170136018007,0.403807375772645
117,31,0.3826642807518,0.387109768666012
117,32,0.366515915604243,0.370773804712638
117,33,0.350749132424682,0.35482385564173
117,34,0.33538405555023,0.339280279578872
117,35,0.320437128907347,0.324159711482924
117,36,0.305921399721944,0.309475350152047
118,0,0.753778983000508,0.780007810041732
118,1,0.753743406133545,0.779970995226362
118,2,0.753508201842975,0.77972760666322
118,3,0.752909367642615,0.779107935163038
118,4,0.751817188856821,0.777977752440923
118,5,0.750131700988593,0.776233615591
118,6,0.747778646408381,0.773798683082384
118,7,0.744705877130816,0.77061899236533
118,8,0.740880159828595,0.766660153710973
118,9,0.736284343236237,0.761904419050809
118,10,0.730914851752692,0.756348088365591
118,11,0.724779472389933,0.749999219627608
118,12,0.717895405261282,0.742875611452934
118,13,0.710287550582749,0.735003030496517
118,14,0.701987007695642,0.726413658246103
118,15,0.693029763929654,0.717144734262434
118,16,0.683455553231668,0.707237375092393
118,17,0.673306866403886,0.696735550066937
118,18,0.662628096541634,0.685685197003181
118,19,0.651464804850983,0.674133462475082
118,20,0.639863093472576,0.662128052813772
118,21,0.627869073253109,0.64971668335937
118,22,0.61552841560107,0.636946614722905
118,23,0.602885978649064,0.623864265940413
118,24,0.589985498930674,0.610514895421253
118,25,0.576869340674259,0.59694234151822
118,26,0.563578295627166,0.583188815386354
118,27,0.55015142705898,0.569294739558053
118,28,0.536625952258268,0.555298626351125
118,29,0.523037158439997,0.541236990850084
118,30,0.50941834752595,0.527144293765121
118,31,0.495800805753272,0.513052909983131
118,32,0.482213794511311,0.498993119085714
118,33,0.468684559208647,0.484993114524745
118,34,0.455238353334379,0.471079028520901
118,35,0.441898475204063,0.45727497008824
118,36,0.428686315174475,0.443603073891855
119,0,0.776066666132618,0.798531733550466
119,1,0.775994061051345,0.798457026745054
119,2,0.775521168866988,0.797970445588775
119,3,0.774337165361147,0.796752168328187
119,4,0.77221443948937,0.79456799518403
119,5,0.76899472216279,0.791255075597947
119,6,0.764577111512537,0.786709586860135
119,7,0.758907762718677,0.780876125486226
119,8,0.751971036874884,0.773738599865119
119,9,0.743781926894723,0.765312436915381
119,10,0.73437959944269,0.755637937072351
119,11,0.723821910560377,0.74477463115626
119,12,0.712180769295664,0.732796509790809
119,13,0.699538238446342,0.719788011273687
119,14,0.685983274692916,0.705840667344876
119,15,0.671609022092405,0.691050318334296
119,16,0.656510583291888,0.675514819857904
119,17,0.640783202037347,0.659332172714995
119,18,0.624520798725613,0.642599016048275
119,19,0.607814807987535,0.625409431278149
119,20,0.590753273699705,0.607854010917441
119,21,0.573420162490586,0.590019152205348
119,22,0.555894861815631,0.571986540653167
119,23,0.538251833097381,0.553832793143727
119,24,0.520560394325373,0.535629234238133
119,25,0.502884609944983,0.517441782877188
119,26,0.485283268885845,0.499330929773796
119,27,0.467809934235544,0.481351788524573
119,28,0.450513050394231,0.463554205866301
119,29,0.433436095587509,0.445982918603663
119,30,0.41661776940142,0.428677746572863
119,31,0.400092206563867,0.411673812611454
119,32,0.383889209557579,0.395001781904839
119,33,0.368034493834097,0.378688114298533
119,34,0.352549940426838,0.362755324223716
119,35,0.337453851652736,0.347222243800758
119,36,0.32276120636251,0.332104285478294
120,0,0.766325000768584,0.776561206151259
120,1,0.766237142055191,0.776472173862903
120,2,0.765667845207129,0.77589527261794
120,3,0.764250698298863,0.774459196134369
120,4,0.761725007740693,0.771899768601337
120,5,0.757916920464489,0.768040814704006
120,6,0.752723307315254,0.762777827737108
120,7,0.746098046585276,0.756064069921067
120,8,0.738040390548848,0.747898783542409
120,9,0.728585136697816,0.73831723090135
120,10,0.71779435970739,0.727382315837128
120,11,0.705750490482033,0.715177570327075
120,12,0.69255055539268,0.701801316774307
120,13,0.678301412419716,0.687361840517355
120,14,0.663115841718236,0.671973428175059
120,15,0.647109366440996,0.655753146003583
120,16,0.630397695773273,0.63881824877654
120,17,0.613094696304434,0.621284124059116
120,18,0.595310810307505,0.603262689359764
120,19,0.57715185041953,0.584861170710477
120,20,0.558718109789185,0.566181200928174
120,21,0.540103735141183,0.547318184304801
120,22,0.521396317539174,0.528360881903835
120,23,0.502676662034001,0.509391178131605
120,24,0.48401870297234,0.490483994914678
120,25,0.465489536609395,0.471707324748163
120,26,0.447149546904731,0.453122358171878
120,27,0.429052604059186,0.434783684959218
120,28,0.411246318540654,0.416739551536092
120,29,0.393772336107345,0.399032159944969
120,30,0.376666661721885,0.381697996085666
120,31,0.359960002305022,0.364768177047392
120,32,0.34367812004509,0.348268809137557
120,33,0.327842189495203,0.332221349748898
120,34,0.312469152986441,0.316642967520107
120,35,0.297572069990432,0.301546896365032
120,36,0.283160457003513,0.286942779896846
121,0,0.770999644010221,0.796850813458129
121,1,0.770913159818058,0.796761429501326
121,2,0.77035244869738,0.796181918063028
121,3,0.768955777676911,0.794738417475912
121,4,0.766464942424926,0.792164065967252
121,5,0.762706916717945,0.78828003584497
121,6,0.757578166593718,0.782979321713306
121,7,0.751031283245779,0.776212925176096
121,8,0.743063630497987,0.767978121667748
121,9,0.733707739681719,0.758308533276253
121,10,0.723023217456116,0.747265765237348
121,11,0.711089961036494,0.73493239367349
121,12,0.698002500850304,0.721406118562358
121,13,0.683865313200464,0.706794919236518
121,14,0.66878896541877,0.691213070286064
121,15,0.652886973536654,0.674777893868913
121,16,0.636273267953897,0.657607140404859
121,17,0.619060176185476,0.639816903685094
121,18,0.601356843724294,0.621519988787394
121,19,0.583268024561372,0.602824662043144
121,20,0.564893182122646,0.583833721829078
121,21,0.546325849461865,0.564643837307815
121,22,0.527653204624536,0.545345109554002
121,23,0.508955823286029,0.526020815898519
121,24,0.490307576172314,0.506747303909797
121,25,0.471775643486953,0.487594006304532
121,26,0.453420622675168,0.468623552325025
121,27,0.435296709427898,0.449891954812199
121,28,0.417451934930308,0.431448855408908
121,29,0.399928445047413,0.413337813106502
121,30,0.382762809464876,0.395596623750921
121,31,0.365986350810399,0.378257660199351
121,32,0.349625485510043,0.361348224605248
121,33,0.33370206961902,0.344890905844637
121,34,0.318233744139085,0.328903936411798
121,35,0.303234275421517,0.313401544235757
121,36,0.288713887179924,0.298394295825293
122,0,0.772171073920576,0.807043119445419
122,1,0.772067569881557,0.806934941056787
122,2,0.771399721695066,0.806236932154426
122,3,0.769745109877259,0.804507596353055
122,4,0.766810476948322,0.801440432361309
122,5,0.762407408905389,0.796838517204792
122,6,0.756431763095722,0.790593005040696
122,7,0.748846326726551,0.782665002507982
122,8,0.739666256287989,0.773070350579558
122,9,0.728946906168096,0.761866903504983
122,10,0.716773705646416,0.749143948638558
122,11,0.703253788099187,0.735013457610758
122,12,0.688509115375178,0.719602900193776
122,13,0.672670874560812,0.703049388018742
122,14,0.655874954326137,0.685494946628798
122,15,0.638258334242338,0.66708274173445
122,16,0.619956243340125,0.647954109449509
122,17,0.60109996413735,0.628246261146314
122,18,0.581815175757843,0.608090551748111
122,19,0.562220744904386,0.587611216101101
122,20,0.542427886613099,0.566924491827635
122,21,0.522539628147866,0.546138059009549
122,22,0.502650519306551,0.525350737411518
122,23,0.482846540994928,0.504652390926079
122,24,0.463205171346155,0.484123996679137
122,25,0.443795575070099,0.463837842930498
122,26,0.424678887236845,0.443857825673337
122,27,0.405908567445854,0.424239818798001
122,28,0.387530804406217,0.405032096943526
122,29,0.369584954441651,0.386275793805975
122,30,0.352104000413317,0.368005381786682
122,31,0.335115020091268,0.350249161515845
122,32,0.318639655160488,0.333029752039356
122,33,0.302694573871539,0.316364574363239
122,34,0.287291921883908,0.300266322657545
122,35,0.272439757141664,0.284743418771443
122,36,0.258142465700269,0.269800446839201
123,0,0.773106383050271,0.805360677259402
123,1,0.772969529020455,0.805218113627082
123,2,0.772093622047185,0.804305663479631
123,3,0.769943195004972,0.802065519798136
123,4,0.766164560997668,0.798129239733766
123,5,0.760548197861683,0.792278559778072
123,6,0.75299748795967,0.784412831368895
123,7,0.743502854491034,0.774522078157855
123,8,0.732120470022936,0.762664816253114
123,9,0.71895482949847,0.748949900166787
123,10,0.704144580908165,0.733521762336637
123,11,0.68785109413061,0.716548505054352
123,12,0.670249323919746,0.698212382253173
123,13,0.651520588181074,0.678702276491015
123,14,0.631846938883319,0.658207835014423
123,15,0.611406851372662,0.63691497922933
123,16,0.590371999520617,0.615002545306879
123,17,0.568904919940598,0.592639850950207
123,18,0.547157399233991,0.569985015355806
123,19,0.525269444555552,0.547183886830517
123,20,0.503368720313938,0.524369455990989
123,21,0.481570353062729,0.501661652514684
123,22,0.459977023040133,0.479167440498647
123,23,0.438679274772233,0.456981142021248
123,24,0.417755991004752,0.435184930846552
123,25,0.397274984266335,0.413849448667854
123,26,0.377293668847868,0.393034505122235
123,27,0.357859783128678,0.372789830252475
123,28,0.339012138183213,0.353155854345905
123,29,0.320781373626854,0.334164495314387
123,30,0.303190705849808,0.315839938144813
123,31,0.286256657267435,0.298199394574037
123,32,0.26998975809016,0.281253834136892
123,33,0.254395214478191,0.265008680196584
123,34,0.239473538874408,0.249464466575305
123,35,0.22522113987074,0.234617452030065
123,36,0.211630870217217,0.22046019112489
124,0,0.765356828240966,0.767183127095117
124,1,0.765284180743125,0.7671103062454
124,2,0.764811180519678,0.766636177346106
124,3,0.763627378901467,0.765449550933682
124,4,0.761505882050433,0.763322991754692
124,5,0.75828935443042,0.76009878883802
124,6,0.753877945114034,0.755676852991416
124,7,0.748218900659527,0.750004304892569
124,8,0.741297655304123,0.743066544021793
124,9,0.733130213296405,0.734879612817102
124,10,0.723756659637945,0.725483691931129
124,11,0.713235654599215,0.71493758160982
124,12,0.701639784365139,0.70331404124367
124,13,0.689051655273975,0.690695874286654
124,14,0.675560632539349,0.677172659196185
124,15,0.661260136268527,0.662838038999125
124,16,0.646245418171121,0.64778749269526
124,17,0.630611751735566,0.632116521115171
124,18,0.614452976965099,0.615919188183649
124,19,0.597860348126321,0.59928696591875
124,20,0.580921639475466,0.58230783802414
124,21,0.563720469683031,0.565065622701669
124,22,0.546335810759522,0.547639480405307
124,23,0.528841651768,0.530103576751241
124,24,0.511306791559446,0.512526874758665
124,25,0.493794738243928,0.494973034081065
124,26,0.476363696167344,0.477500397951881
124,27,0.459066623847449,0.460162051258789
124,28,0.441951348676258,0.4430059355198
124,29,0.42506072625647,0.426075008599898
124,30,0.408432834040942,0.409407438812576
124,31,0.392101190516395,0.393036824626562
124,32,0.376094992542197,0.376992432570935
124,33,0.360439364645964,0.361299447125605
124,34,0.345155615111026,0.345979227419849
124,35,0.330261494585275,0.331049566458257
124,36,0.315771453713281,0.316524949367609
125,0,0.775590438857644,0.803210471763293
125,1,0.77548141613145,0.803097566561073
125,2,0.774778894285969,0.802370026773754
125,3,0.773040974133087,0.800570216466733
125,4,0.769963294765428,0.797382935947295
125,5,0.765352717078228,0.79260816811404
125,6,0.759105125954951,0.786138090142344
125,7,0.751186775162312,0.777937754040844
125,8,0.741618673905676,0.768028917186767
125,9,0.730463579641878,0.75647657193173
125,10,0.717815219235669,0.743377782906086
125,11,0.703789410853033,0.728852492748472
125,12,0.688516802971355,0.713036002540358
125,13,0.672136985314267,0.696072873021737
125,14,0.654793760060631,0.67811202740019
125,15,0.636631390926353,0.659302866856425
125,16,0.61779167319866,0.639792236237725
125,17,0.598411689977418,0.619722100395377
125,18,0.578622139154587,0.599227811585162
125,19,0.558546132400259,0.578436865683332
125,20,0.538298381938189,0.557468060001897
125,21,0.517984703463912,0.536430978504859
125,22,0.49770177442945,0.515425741485038
125,23,0.477537096305675,0.49454296648254
125,24,0.457569117526049,0.473863895606724
125,25,0.437867480779956,0.453460651636045
125,26,0.418493364306098,0.433396591465467
125,27,0.399499891964565,0.413726730781863
125,28,0.38093259125226,0.394498218390107
125,29,0.362829882168715,0.375750842488201
125,30,0.345223583023941,0.357517554487761
125,31,0.328139421981931,0.339824998774407
125,32,0.311597545418514,0.322694039169076
125,33,0.29561301609778,0.306140274845302
125,34,0.280196295787076,0.290174540130932
125,35,0.265353708280451,0.274803384020571
125,36,0.25108787992189,0.260029526386571
126,0,0.773943154378212,0.799843531831974
126,1,0.773842193085014,0.799739191820859
126,2,0.773190262633129,0.799065444204908
126,3,0.771573726432147,0.797394809847573
126,4,0.768704150207044,0.794429201883004
126,5,0.764394945148667,0.789975787218398
126,6,0.758541577011299,0.783926533319554
126,7,0.751104854607941,0.776240937447679
126,8,0.742096872900772,0.766931499328637
126,9,0.73156924018259,0.756051554351405
126,10,0.719603266560401,0.743685133704569
126,11,0.706301832852258,0.729938561161916
126,12,0.691782695773833,0.714933534223871
126,13,0.676173017525505,0.698801470634609
126,14,0.659604936128737,0.681678930477616
126,15,0.642212017575925,0.663703949595044
126,16,0.624126452470095,0.645013142411606
126,17,0.605476878710991,0.625739451755828
126,18,0.586386728260629,0.606010440299311
126,19,0.566973010384509,0.58594703307853
126,20,0.547345456271092,0.5656626334886
126,21,0.52760596080843,0.545262546378687
126,22,0.507848266743046,0.524843651641115
126,23,0.488157844639019,0.504494280153231
126,24,0.468611929150249,0.484294251263529
126,25,0.449279678253463,0.464315037353471
126,26,0.430222427384476,0.444620026478539
126,27,0.411494014982005,0.425264858806524
126,28,0.393141159865502,0.406297816624495
126,29,0.375203874238413,0.387760251163404
126,30,0.35771589898816,0.36968703246559
126,31,0.34070515041253,0.352107011061088
126,32,0.324194169594671,0.33504348238116
126,33,0.308200567424219,0.31851464667228
126,34,0.292737459763114,0.302534058724974
126,35,0.277813888518505,0.287111063038134
126,36,0.263435225444663,0.272251211134356
127,0,0.768386439032719,0.779044920005684
127,1,0.768350972101082,0.779008961103345
127,2,0.768116393875829,0.778771128984707
127,3,0.767518865962866,0.77816531261223
127,4,0.766428532022354,0.777059854376222
127,5,0.764745054216751,0.775353024627837
127,6,0.76239363232381,0.772968985572187
127,7,0.759321458764473,0.769854197123043
127,8,0.755494567011895,0.765974221595351
127,9,0.75089503470247,0.761310888019904
127,10,0.745518506292556,0.755859780436222
127,11,0.739372003323196,0.749628017782904
127,12,0.732471993294649,0.742632295985035
127,13,0.724842690836371,0.73489716555927
127,14,0.71651456730743,0.726453520540536
127,15,0.707523047196961,0.717337276799941
127,16,0.697907371732151,0.707588219889575
127,17,0.687709611958932,0.697249004433397
127,18,0.676973815253354,0.686364288799655
127,19,0.665745270763412,0.674979990353474
127,20,0.654069880684808,0.663142648011421
127,21,0.641993625551455,0.650898880114925
127,22,0.629562112883376,0.638294926817357
127,23,0.61682019959085,0.625376267250445
127,24,0.603811679493344,0.612187302708708
127,25,0.590579028183346,0.598771097974229
127,26,0.577163198256212,0.585169173706082
127,27,0.563603458644695,0.571421343546234
127,28,0.549937272447301,0.557565590253225
127,29,0.536200208228894,0.5436379757724
127,30,0.522425880305524,0.529672580692416
127,31,0.508645914008092,0.51570146902707
127,32,0.494889932355866,0.501754674703957
127,33,0.481185560965029,0.487860206541111
127,34,0.467558448373231,0.474044068853478
127,35,0.454032299282002,0.460330295156449
127,36,0.440628918507986,0.446740992726745
128,0,0.763976515985907,0.791215313136552
128,1,0.763890771663085,0.791126511688062
128,2,0.763334865516075,0.790550785278968
128,3,0.761950185833475,0.789116736266024
128,4,0.75948077743898,0.786559283654289
128,5,0.755755142296408,0.782700814821437
128,6,0.750670683343003,0.77743507471193
128,7,0.744180448330589,0.77071343704346
128,8,0.736281871914142,0.762533245006265
128,9,0.727007250926415,0.752927946943461
128,10,0.716415720241892,0.741958786122679
128,11,0.704586525333713,0.729707833432923
128,12,0.691613412982501,0.716272178099887
128,13,0.677599983980394,0.701759114695431
128,14,0.662655871420518,0.68628218516789
128,15,0.646893625568869,0.669957952647269
128,16,0.630426201647031,0.652903399657436
128,17,0.613364960346197,0.635233857340527
128,18,0.595818102755607,0.617061384584366
128,19,0.577889471808667,0.598493526735376
128,20,0.559677661493958,0.579632393049427
128,21,0.541275383093868,0.560574000334353
128,22,0.522769044732059,0.54140783750662
128,23,0.504238506649211,0.522216612141677
128,24,0.48575697998796,0.503076145650175
128,25,0.46739104154474,0.484055388555769
128,26,0.449200741019874,0.465216531569103
128,27,0.431239780840029,0.446615191821649
128,28,0.413555751703157,0.428300656808764
128,29,0.396190409661989,0.410316171352304
128,30,0.379179982868208,0.392699255281448
128,31,0.36255549809006,0.375482041591966
128,32,0.346343118830512,0.358691626619618
128,33,0.330564488345799,0.342350425288688
128,34,0.315237072125974,0.326476525803318
128,35,0.300374495476649,0.311084039265383
128,36,0.285986872758474,0.296183440652662
129,0,0.770391049375039,0.796599356759778
129,1,0.770254855345354,0.796458529479231
129,2,0.769383137497392,0.795557156238296
129,3,0.767242898429483,0.793344107337752
129,4,0.763481992241589,0.789455257055106
129,5,0.757891717965077,0.78367480452208
129,6,0.750375730223759,0.775903126742328
129,7,0.740924314506652,0.766130178722196
129,8,0.729593207989486,0.754413593787476
129,9,0.71648626260467,0.740860756859919
129,10,0.701741347311158,0.725614227129572
129,11,0.685518973254898,0.70883997624904
129,12,0.667993200485809,0.690717985701642
129,13,0.649344449637717,0.671434813938399
129,14,0.629753897820209,0.651177801621011
129,15,0.609399186083593,0.630130633056978
129,16,0.588451207220005,0.608470014723356
129,17,0.567071778245079,0.586363268567447
129,18,0.545412032441632,0.563966669348644
129,19,0.523611392016321,0.541424382345385
129,20,0.501797004811412,0.518867880904155
129,21,0.480083547639971,0.496415743084235
129,22,0.458573315120243,0.474173743514186
129,23,0.437356526761843,0.452235170924954
129,24,0.416511796839763,0.430681314008741
129,25,0.396106721574688,0.409582068574906
129,26,0.376198546573583,0.388996627696529
129,27,0.35683488459273,0.368974223891377
129,28,0.338054459656922,0.349554898555658
129,29,0.319887858567892,0.330770279038372
129,30,0.302358275004601,0.312644348055513
129,31,0.28548223488057,0.295194193723682
129,32,0.269270294484796,0.278430731451401
129,33,0.2537277052842,0.262359391357795
129,34,0.238855041185332,0.24698076687342
129,35,0.22464878560858,0.232291221786434
129,36,0.211101876977113,0.218283454288792
130,0,0.769830383403499,0.781289423789115
130,1,0.769726193630385,0.781183683135646
130,2,0.769054100958941,0.780501586264276
130,3,0.76738947410003,0.778812181185624
130,4,0.76443798787086,0.775816761642536
130,5,0.760011008920087,0.771323886448023
130,6,0.754004785567366,0.765228259562462
130,7,0.746382916383611,0.757492937716051
130,8,0.737161639621767,0.748134400870559
130,9,0.726397544852361,0.737210080940733
130,10,0.71417736013231,0.724807996943587
130,11,0.700609513597574,0.7110381909841
130,12,0.685817208279974,0.696025699989649
130,13,0.669932783878497,0.679904833555429
130,14,0.653093169760505,0.662814559262916
130,15,0.635436260154843,0.64489482391717
130,16,0.617098065791838,0.626283662788583
130,17,0.598210516555786,0.607114969557506
130,18,0.578899807406548,0.587516817614652
130,19,0.5592851952189,0.567610238991213
130,20,0.539478167563902,0.547508380767415
130,21,0.519581916065112,0.527315970589569
130,22,0.499691057023806,0.507129033136741
130,23,0.479891550714849,0.487034808215345
130,24,0.460260778279145,0.467111828796141
130,25,0.440867741629386,0.447430123895609
130,26,0.421773357375138,0.428051516876158
130,27,0.403030820576864,0.409029994614683
130,28,0.384686018258111,0.390412127169937
130,29,0.366777976129947,0.372237521156535
130,30,0.349339324990168,0.354539293086579
130,31,0.332396775820324,0.337344551538572
130,32,0.31597159477624,0.32067487921825
130,33,0.300080071105008,0.304546807840584
130,34,0.284733972569154,0.288972280333004
130,35,0.269940984256955,0.273959096177476
130,36,0.255705127741617,0.259511336808926
131,0,0.772068705080947,0.81304896383966
131,1,0.771960780027004,0.812935310284344
131,2,0.771265222196853,0.8122028332789
131,3,0.769544226626108,0.810390489822472
131,4,0.766495968885058,0.807180435093447
131,5,0.761928635766972,0.802370674725318
131,6,0.755738512801355,0.795851989237727
131,7,0.747891562324299,0.787588534298179
131,8,0.73840799934926,0.777601597902984
131,9,0.727349436922463,0.76595606342724
131,10,0.714808229095481,0.75274918693824
131,11,0.700898689056784,0.738101349198512
131,12,0.685749903177331,0.722148488291622
131,13,0.669499899487591,0.705035958570646
131,14,0.652290962073202,0.6869135963489
131,15,0.634265911635045,0.667931803037689
131,16,0.615565197520178,0.648238482826555
131,17,0.596324668345515,0.627976694974986
131,18,0.576673907305802,0.607282900761005
131,19,0.556735034733247,0.586285702482457
131,20,0.53662189476831,0.565104986957483
131,21,0.516439555382625,0.543851399009412
131,22,0.496284061706269,0.522626081700999
131,23,0.476242391863817,0.501520629826332
131,24,0.456392572502838,0.480617211571404
131,25,0.436803918067697,0.459988820488211
131,26,0.417537363774239,0.439699626143241
131,27,0.39864586730269,0.419805397131636
131,28,0.380174858557248,0.400353974709352
131,29,0.362162720537791,0.381385779188824
131,30,0.344641287516533,0.362934334558095
131,31,0.327636349384092,0.345026799596826
131,32,0.311168153290001,0.327684496143139
131,33,0.295251895608517,0.310923427172238
131,34,0.279898198860844,0.294754779032958
131,35,0.265113569562512,0.279185403596996
131,36,0.250900834076831,0.264218277246824
132,0,0.746569734497283,0.774473139949188
132,1,0.746503770088017,0.774404710088173
132,2,0.746073533819833,0.773958393531067
132,3,0.744994652920583,0.772839188935617
132,4,0.743057310381312,0.770829437280527
132,5,0.740114054745112,0.767776176039264
132,6,0.736069245218022,0.763580189796865
132,7,0.730869935854455,0.758186553727382
132,8,0.7244980244847,0.751576489083742
132,9,0.716963511640359,0.74376037017226
132,10,0.708298732233032,0.73477174043752
132,11,0.698553438366575,0.724662211492357
132,12,0.687790625606673,0.713497133392239
132,13,0.67608300746713,0.701351937353769
132,14,0.663510053956386,0.688309063615447
132,15,0.650155519900996,0.674455397381038
132,16,0.636105397551599,0.659880144903203
132,17,0.621446235794942,0.644673089875256
132,18,0.606263775245015,0.628923177508162
132,19,0.59064185465903,0.612717380073296
132,20,0.57466154960242,0.59613980337462
132,21,0.55840050914509,0.579270998653638
132,22,0.541932460675422,0.562187448895588
132,23,0.525326856728513,0.544961202457704
132,24,0.508648641094262,0.527659630435494
132,25,0.49195811444725,0.510345287270456
132,26,0.475310882366552,0.493075856827119
132,27,0.458757870928464,0.475904168568549
132,28,0.442345397092718,0.458878270573282
132,29,0.426115282894116,0.44204154799493
132,30,0.410105004024089,0.425432877197041
132,31,0.3943478647651,0.409086807225771
132,32,0.378873192447121,0.393033761534251
132,33,0.363706545649151,0.377300253965754
132,34,0.348869931287617,0.361909113955866
132,35,0.334382026532922,0.346879716743282
132,36,0.320258402189519,0.332228215098813
133,0,0.761219472226697,0.775428468361906
133,1,0.761166640563765,0.775374650538055
133,2,0.760820137160051,0.775021679268365
133,3,0.759945789860592,0.77413101131783
133,4,0.758365661372474,0.772521387998852
133,5,0.755949574445625,0.770060202160246
133,6,0.752607686384711,0.766655934094255
133,7,0.748283996605389,0.762251537904225
133,8,0.74295068294311,0.756818672094399
133,9,0.736603173240983,0.750352679163562
133,10,0.729255868496255,0.742868228919368
133,11,0.7209384426336,0.734395549182832
133,12,0.711692651889303,0.724977175616174
133,13,0.701569593916887,0.714665159666651
133,14,0.690627363137168,0.703518680151144
133,15,0.678929054622745,0.691602009880966
133,16,0.666541073990655,0.678982794006812
133,17,0.653531715433757,0.665730601507535
133,18,0.639969974202359,0.651915715505444
133,19,0.625924563599158,0.637608131912377
133,20,0.611463109914478,0.622876739337518
133,21,0.596651501743269,0.607788656258691
133,22,0.581553372824701,0.592408704208583
133,23,0.566229699960598,0.576798998187883
133,24,0.550738499728685,0.561018637717359
133,25,0.535134609636138,0.545123483906385
133,26,0.519469541081261,0.52916600967
133,27,0.503791393027246,0.513195211791283
133,28,0.488144816660622,0.497256574920121
133,29,0.472571022525285,0.481392078840399
133,30,0.457107822706283,0.465640241441196
133,31,0.441789701599646,0.450036190807604
133,32,0.42664790965811,0.434611760716326
133,33,0.411710575258803,0.419395604591493
133,34,0.397002830508083,0.404413323657785
133,35,0.382546947389867,0.389687605630122
133,36,0.3683624811853,0.375238370810413
134,0,0.762125321276857,0.770916872062128
134,1,0.762047574204862,0.77083822813326
134,2,0.761542279886032,0.770327104955919
134,3,0.76028020104296,0.769050467312694
134,4,0.758023088367316,0.766767317553434
134,5,0.754608062734351,0.763312897649675
134,6,0.749934194932769,0.758585114114035
134,7,0.743951006402325,0.75253290608725
134,8,0.736648646841997,0.745146309639452
134,9,0.728049533319416,0.736448000431946
134,10,0.718201261063553,0.72648612273185
134,11,0.707170618803535,0.71532823571442
134,12,0.69503856163667,0.703056228340242
134,13,0.681896012245814,0.689762072137235
134,14,0.667840377088288,0.675544297201832
134,15,0.652972678167936,0.660505090884377
134,16,0.637395213377127,0.644747931141844
134,17,0.621209669334365,0.628375677605949
134,18,0.604515620304264,0.61148905318731
134,19,0.587409355311977,0.594185457659969
134,20,0.569982983080281,0.576558062273418
134,21,0.552323771037593,0.558695141135694
134,22,0.53451368047004,0.540679601003163
134,23,0.516629065010413,0.522588676291372
134,24,0.49874050415157,0.504493760667931
134,25,0.480912747413159,0.486460350575173
134,26,0.463204748242067,0.46854807952166
134,27,0.445669769745472,0.450810825034926
134,28,0.428355546991239,0.433296872834102
134,29,0.411304492908463,0.416049125105641
134,30,0.394553936821191,0.399105341788658
134,31,0.378136386386052,0.382498405534165
134,32,0.362079805211212,0.366256602526517
134,33,0.346407899737628,0.350403912674004
134,34,0.331140410088659,0.334960303813581
134,35,0.316293400562749,0.319942025554548
134,36,0.301879546275332,0.305361899227032
135,0,0.763596760469383,0.807777001971183
135,1,0.76345019321356,0.80762195461553
135,2,0.762514471285374,0.806632093614333
135,3,0.760223661669255,0.80420874215504
135,4,0.75620996245137,0.79996281801172
135,5,0.750261558800465,0.793670251153934
135,6,0.742287793286521,0.785235138886937
135,7,0.732290517310524,0.774659439730218
135,8,0.720340653632915,0.762018179898877
135,9,0.706559140865287,0.747439295280222
135,10,0.691101552273457,0.731087360310334
135,11,0.674145785897022,0.713150565867596
135,12,0.655882313058169,0.693830403578952
135,13,0.636506549759673,0.673333595841657
135,14,0.616212981955598,0.65186588119342
135,15,0.595190732694634,0.629627324979177
135,16,0.57362030796948,0.606808876921567
135,17,0.551671299872191,0.583589941385263
135,18,0.529500861324521,0.560136763858142
135,19,0.507252797065491,0.536601469345139
135,20,0.485057141465717,0.513121615755728
135,21,0.463030115732321,0.489820148632782
135,22,0.441274375717564,0.46680566329895
135,23,0.419879477323319,0.444172897188525
135,24,0.398922499812216,0.422003389222186
135,25,0.378468778549613,0.400366254944006
135,26,0.358572708114283,0.379319036098578
135,27,0.339278584594076,0.358908591660294
135,28,0.320621462453258,0.339172004277372
135,29,0.302628006816466,0.320137481867331
135,30,0.285317326528754,0.301825238876286
135,31,0.268701777066475,0.284248345644716
135,32,0.252787725413834,0.267413537538297
135,33,0.237576271490997,0.251321978116464
135,34,0.223063922712588,0.235969972719561
135,35,0.209243219847657,0.221349630539867
135,36,0.196103313610104,0.207449474572431
136,0,0.765064148060567,0.778374911249707
136,1,0.764986483062879,0.778295895018406
136,2,0.764481659716687,0.777782288638752
136,3,0.763220582198414,0.776499270601829
136,4,0.760964939653544,0.774204383865697
136,5,0.757551649092133,0.770731708084793
136,6,0.752879483700319,0.76597825527771
136,7,0.746897612026734,0.75989230961572
136,8,0.739595805591288,0.752463464661266
136,9,0.730996100986769,0.743714140404882
136,10,0.721145727882742,0.733692388228858
136,11,0.71011113683823,0.722465814814431
136,12,0.697972980790979,0.710116476317829
136,13,0.684821921790936,0.696736612148337
136,14,0.670755150229536,0.682425103638324
136,15,0.655873517704071,0.667284557024522
136,16,0.640279196944505,0.651418922661709
136,17,0.624073793094218,0.634931573443073
136,18,0.607356840233549,0.617923775165929
136,19,0.590224625505973,0.60049349019977
136,20,0.572769290676739,0.582734463413609
136,21,0.555078167534766,0.56473554601505
136,22,0.537233309340524,0.546580218846187
136,23,0.51931118561459,0.528346281862023
136,24,0.501382512033139,0.510105681066438
136,25,0.483512191118629,0.491924448171004
136,26,0.46575934284951,0.473862731737246
136,27,0.448177407318101,0.45597490162058
136,28,0.430814304190917,0.438309711204977
136,29,0.413712636015144,0.420910504246601
136,30,0.396909924408205,0.403815455172664
136,31,0.380438869899616,0.387057833444064
136,32,0.364327627696765,0.370666284119009
136,33,0.348600092946557,0.3546651180777
136,34,0.33327619018762,0.339074606510502
136,35,0.318372162654719,0.323911275255739
136,36,0.303900857927412,0.309188195418134
137,0,0.768845617375255,0.813234892676292
137,1,0.768716043081076,0.813097837414691
137,2,0.76788549210469,0.812219334606222
137,3,0.765843004130239,0.810058923658748
137,4,0.762247881125998,0.806256236351388
137,5,0.756895038992705,0.800594348061457
137,6,0.74968611848257,0.792969220773374
137,7,0.740605500462077,0.783364333583484
137,8,0.729700488589423,0.771829721225067
137,9,0.717065024997941,0.758464749577295
137,10,0.702826393575003,0.743404051258404
137,11,0.687134442616879,0.7268061260509
137,12,0.670152925527793,0.708844181656174
137,13,0.6520526161343,0.689698851521788
137,14,0.633005905258919,0.669552479448476
137,15,0.613182628451168,0.648584706435372
137,16,0.592746912094675,0.626969134697224
137,17,0.571854857270253,0.604870877805381
137,18,0.550652908433501,0.582444835181055
137,19,0.529276777753102,0.559834554330323
137,20,0.507850816368831,0.537171565801743
137,21,0.486487741317206,0.514575094346064
137,22,0.465288641830515,0.492152065578927
137,23,0.444343201484337,0.469997340954063
137,24,0.423730083547776,0.448194125361718
137,25,0.403517436139132,0.426814501449457
137,26,0.383763481633236,0.405920053058925
137,27,0.364517161401396,0.385562547189818
137,28,0.345818812560916,0.365784649821522
137,29,0.327700858116218,0.346620655899506
137,30,0.310188495815559,0.328097217963157
137,31,0.293300374336893,0.310234061371208
137,32,0.277049248149341,0.29304467697162
137,33,0.261442604655679,0.276536984452107
137,34,0.246483259077447,0.26071396157093
137,35,0.23216991405933,0.245574236070009
137,36,0.218497682195987,0.231112638369825
138,0,0.765091162644566,0.804639767842664
138,1,0.764995091143695,0.804538730274944
138,2,0.764374088642519,0.803885627307909
138,3,0.762832440455174,0.802264289224127
138,4,0.760092521747669,0.799382740383471
138,5,0.755973050539085,0.795050328092297
138,6,0.75037061909914,0.789158299333777
138,7,0.743244062010047,0.781663360793559
138,8,0.734601274522756,0.772573815838876
138,9,0.724488143604486,0.761937923396842
138,10,0.712979297002584,0.749834168824796
138,11,0.700170413411645,0.73636317657949
138,12,0.686171870023765,0.72164102940055
138,13,0.671103532895958,0.705793789384884
138,14,0.655090521154927,0.68895304323742
138,15,0.638259798494983,0.67125231757891
138,16,0.620737465080371,0.652824230862995
138,17,0.602646640166791,0.63379826654754
138,18,0.584105840799368,0.614299067985301
138,19,0.565227775083413,0.5944451693172
138,20,0.546118479988008,0.574348088707805
138,21,0.526876743632593,0.554111720769122
138,22,0.507593760701795,0.533831974163344
138,23,0.488352977191425,0.513596608323565
138,24,0.46923008724836,0.493485230130301
138,25,0.4502931505518,0.473569417360353
138,26,0.431602803601937,0.453912940897269
138,27,0.413212542529965,0.434572062160191
138,28,0.395169058705156,0.415595886058924
138,29,0.377512611564625,0.397026753095767
138,30,0.360277425794906,0.378900657077959
138,31,0.343492102309107,0.361247677338796
138,32,0.327180034439674,0.344092416443969
138,33,0.311359822449178,0.327454436128976
138,34,0.296045680888934,0.31134868571467
138,35,0.28124783454182,0.295785918516895
138,36,0.266972899701301,0.280773092834342
139,0,0.767448472774567,0.777835103995332
139,1,0.767327088805402,0.777712077218124
139,2,0.766547566723952,0.776922005101491
139,3,0.764626502682495,0.774974941420373
139,4,0.761237759668075,0.771540335230455
139,5,0.756181146688618,0.766415286159056
139,6,0.749356195569475,0.759497966297399
139,7,0.740740294292259,0.750765457596525
139,8,0.730370535985835,0.74025535520291
139,9,0.718328729987053,0.728050575659222
139,10,0.704729097418823,0.714266885954603
139,11,0.689708239886169,0.699042736457282
139,12,0.673417027399243,0.6825310390489
139,13,0.656014101578806,0.664892582402523
139,14,0.637660733536201,0.646290820269266
139,15,0.61851681338196,0.626887806708997
139,16,0.59873778083867,0.606841085162186
139,17,0.578472334558158,0.586301366765034
139,18,0.557860782034929,0.565410857930677
139,19,0.537033912961758,0.544302118456795
139,20,0.516112296922707,0.523097349713623
139,21,0.495205921842929,0.50190802820054
139,22,0.474414102945279,0.480834813270505
139,23,0.453825603391074,0.459967669403561
139,24,0.433518917559867,0.439386153320517
139,25,0.413562676272108,0.419159824689879
139,26,0.394016140372134,0.399348746390983
139,27,0.374929755135413,0.380004046424579
139,28,0.356345743089987,0.361168518757498
139,29,0.338298717175153,0.342877244779817
139,30,0.320816299811682,0.325158220753562
139,31,0.303919736523551,0.308032979739176
139,32,0.287624495314998,0.291517199084536
139,33,0.271940845141196,0.275621286724633
139,34,0.256874408578776,0.260350941331931
139,35,0.242426685258151,0.24570768283281
139,36,0.228595543809965,0.231689351012005
140,0,0.769768811452504,0.773014600767985
140,1,0.76970228494042,0.772947793741753
140,2,0.769268152858389,0.772511831108454
140,3,0.768178856240121,0.771417941387332
140,4,0.766221620709805,0.769452453023078
140,5,0.763246319897686,0.766464606626567
140,6,0.759154955074017,0.762355990248882
140,7,0.753892558455544,0.757071404330889
140,8,0.74743934898469,0.750590984406664
140,9,0.739803988477645,0.742923428815607
140,10,0.731017803112049,0.734100195824596
140,11,0.72112985048386,0.724170549884707
140,12,0.710202726091751,0.713197350433342
140,13,0.698309015273329,0.70125348886976
140,14,0.685528307470965,0.688418890231326
140,15,0.671944699381725,0.674778005815291
140,16,0.657644722167757,0.660417731649093
140,17,0.64271563558027,0.645425695421383
140,18,0.627244038680671,0.629888861345163
140,19,0.611314752915325,0.613892408522941
140,20,0.595009938695518,0.597518843801687
140,21,0.578408411423259,0.580847314914606
140,22,0.561585127151006,0.563953093972109
140,23,0.544610811827011,0.54690720514384
140,24,0.527551711409702,0.5297761737194
140,25,0.510469443080922,0.51262187669421
140,26,0.493420930390678,0.495501477640799
140,27,0.476458407462802,0.478467430932194
140,28,0.459629479415034,0.461567542416769
140,29,0.442977227928731,0.444845075433099
140,30,0.426540352469372,0.428338892625934
140,31,0.410353339033522,0.41208362540469
140,32,0.394446649502318,0.396109864095367
140,33,0.37884692573519,0.38044436289484
140,34,0.363577203457529,0.365110254660407
140,35,0.348657131797791,0.350127271372581
140,36,0.334103195026657,0.335511966809239
141,0,0.762838416125539,0.807576998887023
141,1,0.762711973120883,0.807443140313475
141,2,0.761901089367135,0.806584700236972
141,3,0.759905851328752,0.804472446431918
141,4,0.756391883662201,0.800752393269477
141,5,0.751156851977466,0.795210339949051
141,6,0.744102502898881,0.787742270777968
141,7,0.735211423930324,0.778329752060356
141,8,0.724527817848687,0.767019578956436
141,9,0.712141683928787,0.753907028975473
141,10,0.698175883081772,0.739122168516597
141,11,0.682775637582201,0.722818736780903
141,12,0.666100079883586,0.705165198945967
141,13,0.648315520321041,0.686337619035934
141,14,0.629590151362857,0.666514053590569
141,15,0.61008994745518,0.645870211045997
141,16,0.589975555242187,0.624576159573984
141,17,0.569399999770374,0.602793898760803
141,18,0.548507058840728,0.580675638619182
141,19,0.527430180516753,0.558362653610858
141,20,0.506291838419337,0.535984600131091
141,21,0.485203236268874,0.513659203722907
141,22,0.464264287544191,0.491492237543079
141,23,0.443563808442226,0.469577726638403
141,24,0.423179872825833,0.447998323710321
141,25,0.403180286786775,0.426825811509852
141,26,0.383623148041911,0.406121695040978
141,27,0.364557461809927,0.385937853557025
141,28,0.346023790246203,0.366317228083272
141,29,0.328054917085601,0.347294525039392
141,30,0.310676512979496,0.328896920596848
141,31,0.29390779022022,0.31114475380131
141,32,0.277762138215059,0.294052199315621
141,33,0.262247733282229,0.2776279129788
141,34,0.247368118161491,0.261875645303515
141,35,0.23312274812119,0.246794819610951
141,36,0.219507501752434,0.232381072781795
142,0,0.768259827925171,0.782576456789429
142,1,0.7681631342802,0.78247796124492
142,2,0.767538149653331,0.781841329942508
142,3,0.765986725517953,0.78026099480235
142,4,0.763229632102137,0.777452522566839
142,5,0.759084641500578,0.77323028948828
142,6,0.753447917341592,0.767488524189745
142,7,0.746278265142179,0.760185264523309
142,8,0.73758385340716,0.751328831215017
142,9,0.727411064784095,0.740966471259524
142,10,0.715835179939733,0.729174868189285
142,11,0.702952634956285,0.716052255186333
142,12,0.688874626560874,0.701711901144281
142,13,0.673721868935571,0.686276769770792
142,14,0.657620331684256,0.669875178130855
142,15,0.640697811178523,0.652637304099242
142,16,0.623081207342295,0.634692412397627
142,17,0.604894395295673,0.616166686576223
142,18,0.586256596456786,0.597181569760886
142,19,0.567281166956494,0.577852530489757
142,20,0.548074732785157,0.558288181743374
142,21,0.528736611167338,0.538589691536608
142,22,0.509358466429447,0.518850432373355
142,23,0.490024156246549,0.49915582462813
142,24,0.470809730768441,0.479583335655861
142,25,0.451783552856085,0.460202602268944
142,26,0.433006512617221,0.441075649270753
142,27,0.414532313711115,0.422257181095723
142,28,0.396407812582263,0.403794927364718
142,29,0.378673394956426,0.385730026397121
142,30,0.36136337665568,0.36809743349513
142,31,0.344506418120392,0.35092634319041
142,32,0.328125944016047,0.334240616670348
142,33,0.312240560996642,0.318059207326529
142,34,0.296864468133099,0.302396578831539
142,35,0.282007855729339,0.287263111387032
142,36,0.26767728927047,0.272665492826844
143,0,0.766576486943273,0.79131325893496
143,1,0.76644460367374,0.79117711990436
143,2,0.76559977825243,0.790305032684423
143,3,0.763523637218393,0.788161896342994
143,4,0.759871892622473,0.784392313051289
143,5,0.754438666437296,0.778783761272892
143,6,0.74712678571394,0.771235932370372
143,7,0.737923156134103,0.761735309482901
143,8,0.726878445604185,0.750334195527171
143,9,0.714090417161078,0.737133508270223
143,10,0.699690343790968,0.722268756765985
143,11,0.683832018626902,0.70589869692125
143,12,0.666682943987362,0.68819623621202
143,13,0.648417343246533,0.669341220052752
143,14,0.629210691812795,0.649514786294181
143,15,0.60923550860727,0.62889502089645
143,16,0.588658188316179,0.607653687960945
143,17,0.567636688158482,0.58595384185189
143,18,0.546318911679021,0.563948158835869
143,19,0.524841656771683,0.541777851158585
143,20,0.503330016301435,0.519572048325491
143,21,0.481897137803512,0.497447549046655
143,22,0.460644264205941,0.475508863273384
143,23,0.439660990708344,0.453848477366275
143,24,0.419025684168637,0.432547287015174
143,25,0.398806020872297,0.411675152361794
143,26,0.379059606622731,0.391291538099881
143,27,0.359834649901321,0.371446208357557
143,28,0.341170664579804,0.352179952085628
143,29,0.323099183480036,0.333525319643324
143,30,0.305644468100307,0.315507355426874
143,31,0.288824203178492,0.298144314845621
143,32,0.272650167540141,0.281448356817808
143,33,0.257128874969977,0.265426205322456
143,34,0.242262180722234,0.250079775481279
143,35,0.228047850812489,0.235406761221073
143,36,0.214480092465789,0.22140118283896
144,0,0.749809182122367,0.774550474709778
144,1,0.749782817613369,0.774523240256737
144,2,0.749607570989133,0.774342211057269
144,3,0.749158672376507,0.773878500233507
144,4,0.748334844932577,0.773027489132298
144,5,0.747055488954253,0.771705918519454
144,6,0.74525814417334,0.769849267138722
144,7,0.742896205609618,0.767409392195356
144,8,0.739936870385017,0.764352408421761
144,9,0.736359294773242,0.760656784315683
144,10,0.732152942483312,0.756311635922408
144,11,0.727316106763453,0.751315200172841
144,12,0.721854590374074,0.745673471299829
144,13,0.715780528824653,0.739398985245652
144,14,0.70911134350816,0.732509738253244
144,15,0.701868812506344,0.725028227011039
144,16,0.694078247887403,0.716980598804115
144,17,0.685767769281324,0.708395901119854
144,18,0.676967664403926,0.699305421071329
144,19,0.667709828014538,0.689742105842394
144,20,0.658027271539706,0.679740056130549
144,21,0.647953696281692,0.669334085272692
144,22,0.637523123760367,0.658559337389479
144,23,0.626769577315011,0.64745095848101
144,24,0.615726809622472,0.636043814953965
144,25,0.604428071273932,0.624372254562144
144,26,0.59290591599764,0.612469905202176
144,27,0.581192038522642,0.600369507427278
144,28,0.569317141451721,0.588102776927424
144,29,0.557310827853236,0.575700293577061
144,30,0.545201516593805,0.563191413974051
144,31,0.533016377719239,0.55060420468837
144,32,0.520781285451858,0.537965393708496
144,33,0.508520786610414,0.525300337819291
144,34,0.496258082476081,0.512633003869621
144,35,0.484015022326055,0.49998596209259
144,36,0.471812107036855,0.487380389827738
145,0,0.765119743548455,0.774353397248628
145,1,0.765046850096785,0.774279624100812
145,2,0.764572291630769,0.773799338546229
145,3,0.763384711236337,0.772597426138807
145,4,0.7612566647058,0.770443697818085
145,5,0.758030546512064,0.767178646034609
145,6,0.753606451634965,0.762701160089803
145,7,0.747931735084914,0.756957959661363
145,8,0.740992058230409,0.749934533075649
145,9,0.732803735330562,0.741647391476272
145,10,0.723407215312528,0.732137471938012
145,11,0.712861553096015,0.72146454206991
145,12,0.701239741903665,0.709702475994813
145,13,0.688624793232158,0.696935287012608
145,14,0.675106464696488,0.683253815955319
145,15,0.660778547980135,0.668752986407583
145,16,0.645736639789355,0.653529548760277
145,17,0.630076328166345,0.637680244635659
145,18,0.613891734893894,0.621300331701395
145,19,0.597274362140616,0.604482416396831
145,20,0.58031219805544,0.58731554873357
145,21,0.563089041816581,0.569884539198969
145,22,0.54568401375765,0.552269462970332
145,23,0.528171220706852,0.534545321215338
145,24,0.51061955065151,0.516781833278524
145,25,0.493092574339356,0.499043337095079
145,26,0.475648534503758,0.481388778286037
145,27,0.45834040610005,0.463871771121553
145,28,0.441216013307138,0.446540716934513
145,29,0.424318191120581,0.429438967663767
145,30,0.40768498117437,0.412605024039121
145,31,0.391349853008814,0.39607275951955
145,32,0.375341943378301,0.379871662488975
145,33,0.359686307389104,0.36402709042487
145,34,0.344404176295228,0.348560530805249
145,35,0.329513217678419,0.333489864428589
145,36,0.315027794513757,0.318829627605894
146,0,0.77645101943262,0.787492651287731
146,1,0.776347714275183,0.78738787706465
146,2,0.775681011670402,0.78671169352091
146,3,0.774028855122571,0.785036042246547
146,4,0.771097881062502,0.782063387854122
146,5,0.766699249784177,0.777602205215793
146,6,0.760728190558493,0.771546233695444
146,7,0.753146750849428,0.76385698104763
146,8,0.743969304710174,0.754549025733807
146,9,0.733250432678985,0.743677724462514
146,10,0.721074835751456,0.731328982731868
146,11,0.707548990097735,0.717610790871496
146,12,0.692794287846066,0.702646267283622
146,13,0.676941443111648,0.686567984922061
146,14,0.660125972081661,0.669513387101155
146,15,0.642484581877776,0.651621125005587
146,16,0.624152325552451,0.633028172228906
146,17,0.605260400329315,0.613867591703469
146,18,0.585934483419479,0.594266847850992
146,19,0.566293514742708,0.574346571993241
146,20,0.546448848926921,0.554219702292416
146,21,0.526503710291461,0.533990930983934
146,22,0.506552894350693,0.51375640163522
146,23,0.486682667891324,0.493603607802055
146,24,0.466970827043861,0.473611451925856
146,25,0.447486879130638,0.453850429767694
146,26,0.428292319557182,0.434382911237231
146,27,0.409440979732488,0.415263493260651
146,28,0.39097942605551,0.396539404440988
146,29,0.372947393476252,0.378250944784739
146,30,0.355378240106252,0.360431946777199
146,31,0.338299411881499,0.343110246653184
146,32,0.321732908429201,0.326308156888718
146,33,0.305695743109414,0.31004293278476
146,34,0.290200391737998,0.294327227571276
146,35,0.275255225787593,0.279169531768623
146,36,0.260864926942558,0.264574593637715
147,0,0.767130124607584,0.796961454089911
147,1,0.767026572067099,0.796853874709839
147,2,0.766358541228125,0.796159866207594
147,3,0.764703839141148,0.794440817849277
147,4,0.761769704047877,0.791392583272873
147,5,0.757368378099121,0.786820103304318
147,6,0.751396452004315,0.780615947384005
147,7,0.74381746113294,0.772742232884167
147,8,0.734647279385579,0.763215450992523
147,9,0.723941915801493,0.752093788767489
147,10,0.711787370327782,0.739466590429416
147,11,0.698291250290384,0.725445647821956
147,12,0.683575888630426,0.710158051037801
147,13,0.667772739565376,0.69374036614435
147,14,0.651017857591456,0.676333938378433
147,15,0.63344829218187,0.658081146645461
147,16,0.615199253614766,0.639122459135148
147,17,0.596401925491675,0.619594160775536
147,18,0.577181817040694,0.59962664146231
147,19,0.55765756355563,0.579343149850719
147,20,0.537940096582589,0.558858931273274
147,21,0.518132116975557,0.53828068030408
147,22,0.498327813919964,0.517706248856095
147,23,0.478612781659504,0.497224559669709
147,24,0.459064093125326,0.476915682805151
147,25,0.439750496106519,0.456851039441433
147,26,0.420732703147077,0.437093703046528
147,27,0.402063751122018,0.417698772936286
147,28,0.383789410534679,0.398713799488045
147,29,0.3659486280769,0.380179243910625
147,30,0.348573988981361,0.36212895857611
147,31,0.331692188238558,0.344590676561019
147,32,0.315324501909464,0.32758650128685
147,33,0.299487251590614,0.311133389046794
147,34,0.284192256626833,0.295243618803619
147,35,0.26944726995762,0.279925244984779
147,36,0.255256394561064,0.265182530120552
148,0,0.765088124146883,0.806368752689345
148,1,0.764995667637047,0.806271307652412
148,2,0.764397414272263,0.805640775293685
148,3,0.762910517385486,0.804073652304676
148,4,0.760264764739427,0.801285147041303
148,5,0.756282103996246,0.797087600282302
148,6,0.75085921571309,0.791372117943926
148,7,0.74395272839256,0.784092988402698
148,8,0.735566720299439,0.775254509967769
148,9,0.725742197033485,0.764899900712046
148,10,0.714548272891867,0.753102004021595
148,11,0.702074818459094,0.739955539483411
148,12,0.688426367156769,0.725570680660686
148,13,0.673717100141038,0.710067769398437
148,14,0.658066752370993,0.693573001002237
148,15,0.641597303258506,0.676214936330765
148,16,0.624430333379504,0.658121715887405
148,17,0.606684944571993,0.639418867696348
148,18,0.588476154627634,0.620227615379123
148,19,0.569913689932427,0.600663605651741
148,20,0.55110111003287,0.580835985656476
148,21,0.532135207378573,0.560846770317359
148,22,0.513105633581399,0.540790448433985
148,23,0.494094710577405,0.52075378365462
148,24,0.475177391207062,0.500815772929517
148,25,0.456421339053104,0.481047730656442
148,26,0.437887101992301,0.461513471596502
148,27,0.419628357914683,0.442269569851249
148,28,0.401692214518077,0.423365674832743
148,29,0.384119548065126,0.404844868298342
148,30,0.366945368554036,0.386744049224379
148,31,0.350199200955921,0.369094335613316
148,32,0.333905474057099,0.351921474316175
148,33,0.318083910054972,0.335246251649222
148,34,0.302749909427042,0.31908489902874
148,35,0.287914926755716,0.3034494890736
148,36,0.273586834174502,0.28834831866135
149,0,0.77488649146095,0.790305933307435
149,1,0.774764615173753,0.790181631807845
149,2,0.773981802743097,0.789383242217328
149,3,0.772052273777974,0.787415317616202
149,4,0.768647955092004,0.783943256500105
149,5,0.763567131852762,0.778761330119521
149,6,0.756708191432915,0.771765903860654
149,7,0.748047720971051,0.762933098970301
149,8,0.7376223193643,0.752300242625891
149,9,0.725513571342004,0.739950543008721
149,10,0.711835706988741,0.726000503264219
149,11,0.696725535985867,0.710589655445274
149,12,0.680334303145817,0.693872253980071
149,13,0.662821161597641,0.676010618980754
149,14,0.644348003190428,0.65716986377721
149,15,0.625075423143174,0.637513779267632
149,16,0.605159628414121,0.617201680767594
149,17,0.584750127328999,0.596386051664284
149,18,0.563988062256926,0.575210842914369
149,19,0.543005068046711,0.553810308764363
149,20,0.521922556965703,0.532308277460493
149,21,0.500851346395526,0.510817771535961
149,22,0.479891558864035,0.489440905853646
149,23,0.459132735419441,0.468269003236253
149,24,0.438654113133046,0.447382877491067
149,25,0.41852502587176,0.426853242157426
149,26,0.398805394602923,0.406741210568111
149,27,0.379546279549517,0.387098858991868
149,28,0.360790471649831,0.367969829862519
149,29,0.342573105119211,0.34938995653005
149,30,0.324922276573313,0.331387894703788
149,31,0.307859659248495,0.313985748895136
149,32,0.291401103429001,0.297199684792645
149,33,0.275557216334927,0.281040520689149
149,34,0.260333916502179,0.265514292893314
149,35,0.245732959150113,0.250622791551548
149,36,0.23175243023108,0.23636406452863
150,0,0.757852311141258,0.767815683008975
150,1,0.757806009044691,0.767768772185616
150,2,0.757501492709178,0.767460252419031
150,3,0.756730714880761,0.766679341288889
150,4,0.755333342273344,0.765263597631175
150,5,0.753189867505566,0.763091942918722
150,6,0.750215538553931,0.760078510905756
150,7,0.746355018857722,0.75616723753001
150,8,0.741577699803179,0.751327111770821
150,9,0.735873595098164,0.74554801604775
150,10,0.72924975359731,0.738837091885677
150,11,0.721727133518361,0.731215573036921
150,12,0.713337886763748,0.722716034100207
150,13,0.704123007283152,0.713380007966587
150,14,0.694130302133255,0.703255930205022
150,15,0.683412648156323,0.692397372821778
150,16,0.672026501051629,0.680861533730826
150,17,0.660030627091219,0.668707951795671
150,18,0.647485030869041,0.655997420481753
150,19,0.634450055301638,0.642791076024983
150,20,0.620985632648289,0.629149638605158
150,21,0.607150667614965,0.61513278733968
150,22,0.593002535673549,0.600798652007241
150,23,0.57859668158717,0.586203406295048
150,24,0.563986304804038,0.571400949056557
150,25,0.549222119883562,0.556442661587968
150,26,0.534352181466363,0.541377230297128
150,27,0.519421764508538,0.526250525363263
150,28,0.504473291583897,0.511105527083466
150,29,0.489546300027879,0.495982292584658
150,30,0.474677442564615,0.480917956458894
150,31,0.459900515834135,0.465946759665614
150,32,0.445246511929119,0.451100101745944
150,33,0.430743688668142,0.436406612019804
150,34,0.416417654882422,0.421892235993917
150,35,0.40229146748258,0.407580333704685
150,36,0.38838573750679,0.393491787160542
151,0,0.77194380997915,0.77194380997915
151,1,0.771867660214589,0.771867660214589
151,2,0.77137233013231,0.77137233013231
151,3,0.770133969393328,0.770133969393328
151,4,0.767917129826979,0.767917129826979
151,5,0.764559762775662,0.764559762775662
151,6,0.759960304016195,0.759960304016195
151,7,0.754066586472601,0.754066586472601
151,8,0.74686635101464,0.74686635101464
151,9,0.738379152404762,0.738379152404762
151,10,0.728649481264575,0.728649481264575
151,11,0.717740944095156,0.717740944095156
151,12,0.705731362186134,0.705731362186134
151,13,0.692708666939446,0.692708666939446
151,14,0.678767483941953,0.678767483941953
151,15,0.664006311249913,0.664006311249913
151,16,0.648525208979676,0.648525208979676
151,17,0.632423927595741,0.632423927595741
151,18,0.615800411395518,0.615800411395518
151,19,0.598749621739985,0.598749621739985
151,20,0.581362631687779,0.581362631687779
151,21,0.563725949961302,0.563725949961302
151,22,0.545921037700358,0.545921037700358
151,23,0.528023986324872,0.528023986324872
151,24,0.510105329107782,0.510105329107782
151,25,0.492229962818372,0.492229962818372
151,26,0.474457159094459,0.474457159094459
151,27,0.456840648091547,0.456840648091547
151,28,0.439428759485396,0.439428759485396
151,29,0.42226460811318,0.42226460811318
151,30,0.405386313464871,0.405386313464871
151,31,0.388827243913735,0.388827243913735
151,32,0.372616278032363,0.372616278032363
151,33,0.356778076604663,0.356778076604663
151,34,0.341333360037929,0.341333360037929
151,35,0.326299186823122,0.326299186823122
151,36,0.311689229504137,0.311689229504137
152,0,0.759161829787836,0.785082547167464
152,1,0.759105938096988,0.78502474711839
152,2,0.758739847591087,0.784646156868473
152,3,0.757817438967508,0.783692253651381
152,4,0.756152973858869,0.781970957274392
152,5,0.753611812160918,0.779343030500006
152,6,0.750102301457653,0.7757136915447
152,7,0.745568706098404,0.771025301727392
152,8,0.739985057410997,0.765251005705129
152,9,0.733349819071503,0.758389214697948
152,10,0.725681272928649,0.750458834767511
152,11,0.717013540721394,0.741495152700752
152,12,0.707393166241687,0.731546301474467
152,13,0.696876190680794,0.72067023574267
152,14,0.685525661247407,0.708932155389298
152,15,0.673409519740773,0.696402322009072
152,16,0.660598823676525,0.683154219295689
152,17,0.647166257863858,0.669263013798503
152,18,0.633184899080837,0.654804277419062
152,19,0.618727200744828,0.639852937414277
152,20,0.603864168277094,0.624482423604774
152,21,0.588664699259131,0.608763986001622
152,22,0.573195065514172,0.592766159204094
152,23,0.557518516956785,0.576554352723165
152,24,0.541694989470016,0.560190548884452
152,25,0.525780901222677,0.543733092190982
152,26,0.509829023756291,0.527236556008554
152,27,0.493888415876073,0.510751674199497
152,28,0.478004409895123,0.494325326897193
152,29,0.462218641125485,0.478000571004069
152,30,0.446569112701642,0.461816707228418
152,31,0.431090288877468,0.445809376566871
152,32,0.41581321087105,0.430010680104607
152,33,0.400765630156054,0.414449316857803
152,34,0.385972154825237,0.399150735134559
152,35,0.37145440529168,0.384137293552374
152,36,0.357231176155854,0.369428428431981
153,0,0.770844255442807,0.792327320065505
153,1,0.770714469797059,0.792193917355228
153,2,0.769882539925393,0.791338801991721
153,3,0.767836594255169,0.789235836783844
153,4,0.764235264826996,0.785534140008718
153,5,0.758873001229244,0.78002243266201
153,6,0.751651148222785,0.772599310029763
153,7,0.742553931744967,0.763248558433665
153,8,0.731628615995229,0.752018759304026
153,9,0.718969196843743,0.739006528131437
153,10,0.704703085822963,0.724342827347473
153,11,0.688980316174394,0.708181871549077
153,12,0.671964869332507,0.690692212255703
153,13,0.653827778152529,0.672049648927317
153,14,0.634741713283106,0.65243166446183
153,15,0.614876802359873,0.632013127871578
153,16,0.59439746903646,0.610963045219607
153,17,0.573460111049604,0.589442172973568
153,18,0.55221146421158,0.567601336403385
153,19,0.530787523027425,0.545580320116599
153,20,0.50931290906285,0.52350721882298
153,21,0.487900595691914,0.501498154411064
153,22,0.466651912824627,0.4796572808075
153,23,0.445656767996037,0.458077011227794
153,24,0.424994031088527,0.436838413620626
153,25,0.404732039217524,0.416011729624495
153,26,0.384929186163419,0.395656980426816
153,27,0.365634567375302,0.375824629743613
153,28,0.346888657175548,0.356556279897472
153,29,0.328723999505834,0.337885381814326
153,30,0.311165897503036,0.319837943817499
153,31,0.294233090488149,0.302433227483996
153,32,0.277938409688972,0.285684421641865
153,33,0.262289406280215,0.269599287913477
153,34,0.247288947184529,0.254180773121265
153,35,0.232935775596089,0.239427585432818
153,36,0.21922503441764,0.225334732385878
154,0,0.768967985495501,0.810268176902388
154,1,0.768849772733927,0.810143615099278
154,2,0.768089983795865,0.809343018963566
154,3,0.766215799770126,0.80736817514385
154,4,0.762906586788582,0.803881228976891
154,5,0.757963878766016,0.798673055042544
154,6,0.751286199668164,0.791636727171145
154,7,0.742848028314637,0.78274535347552
154,8,0.732682302069062,0.772033640338876
154,9,0.720865937233005,0.759582635129399
154,10,0.707507914999541,0.745507172267111
154,11,0.692739543719575,0.729945612490179
154,12,0.67670656211916,0.713051521947116
154,13,0.659562794973262,0.694986987125689
154,14,0.641465113465731,0.675917304540896
154,15,0.62256948781585,0.656006821353623
154,16,0.603027950405059,0.635415735391171
154,17,0.582986314187263,0.614297691016578
154,18,0.562582514134243,0.592798031495399
154,19,0.541945459311869,0.571052589418529
154,20,0.521194300304503,0.549186914781014
154,21,0.500438031456357,0.52731585586034
154,22,0.47977536008777,0.505543421408509
154,23,0.459294785741557,0.483962864154585
154,24,0.439074841855862,0.462656935457471
154,25,0.419184460251959,0.441698269369829
154,26,0.399683425648522,0.421149861563677
154,27,0.380622893225704,0.401065614692106
154,28,0.362045947200294,0.381490926964731
154,29,0.343988182557103,0.362463305123046
154,30,0.32647829561585,0.344012986725832
154,31,0.309538672088065,0.326163559789773
154,32,0.293185963773678,0.308932570459603
154,33,0.277431647130672,0.29233211157776
154,34,0.262282558682816,0.276369386848111
154,35,0.247741403661573,0.261047246796305
154,36,0.233807235453409,0.246364693967522
155,0,0.767533756834478,0.799514298858558
155,1,0.767423356389278,0.799399298399293
155,2,0.766712420203491,0.79865873990131
155,3,0.764954970353884,0.796828063046023
155,4,0.761845036701191,0.793588548950794
155,5,0.757189658001989,0.788739196328228
155,6,0.750886140868981,0.782173032904062
155,7,0.742902976636808,0.773857237153159
155,8,0.733263894806135,0.763816527304415
155,9,0.722034600563167,0.75211934625746
155,10,0.709311804079334,0.738866433770269
155,11,0.695214201924204,0.724181432097989
155,12,0.679875116890145,0.708203219143921
155,13,0.663436542638678,0.691079704966381
155,14,0.64604437454967,0.67296286391347
155,15,0.62784463861505,0.654004806387518
155,16,0.608980556723639,0.634354721850227
155,17,0.589590309721978,0.614156548677798
155,18,0.569805379638608,0.593547247311288
155,19,0.54974936980518,0.572655571216146
155,20,0.529537216630822,0.551601245813878
155,21,0.50927471977967,0.530494479083661
155,22,0.489058328723358,0.509435739221196
155,23,0.468975133316957,0.488515744821977
155,24,0.449103014377239,0.467815621733648
155,25,0.429510917400663,0.447407188178881
155,26,0.410259218697926,0.427353336145538
155,27,0.391400158476458,0.407708482514234
155,28,0.372978319888869,0.388519068067127
155,29,0.355031136886878,0.369824086502404
155,30,0.337589416966211,0.351655628960195
155,31,0.320677867636619,0.33403943242882
155,32,0.304315617770939,0.316995422816707
155,33,0.288516726937425,0.300538245506884
155,34,0.273290677452408,0.28467777791181
155,35,0.258642845250617,0.269419619963275
155,36,0.244574946797594,0.254765559646149
156,0,0.760216706936286,0.790434790913498
156,1,0.760153299646063,0.790368863227705
156,2,0.759739174247507,0.789938276633339
156,3,0.758699095503791,0.788856855484841
156,4,0.756828485911687,0.786911890465887
156,5,0.753982095694245,0.783952358222181
156,6,0.750064163906445,0.779878691377915
156,7,0.745019895081529,0.774633916384739
156,8,0.738828095084056,0.768195996655107
156,9,0.731494827069681,0.760571236350885
156,10,0.723047963882473,0.751788616242253
156,11,0.71353252702976,0.741894947410065
156,12,0.703006714725849,0.73095074140706
156,13,0.691538532537181,0.719026706973524
156,14,0.67920295002592,0.706200793659437
156,15,0.666079515596568,0.692555711862911
156,16,0.652250369609372,0.678176866966231
156,17,0.637798602832383,0.663150652537538
156,18,0.622806913549083,0.647563054059413
156,19,0.60735652219938,0.631498520427613
156,20,0.591526307379885,0.61503906560796
156,21,0.575392131428584,0.598263567413473
156,22,0.559026327727095,0.58124723442725
156,23,0.542497325322284,0.564061215703051
156,24,0.525869389544822,0.546772331073628
156,25,0.509202460027001,0.529442902729859
156,26,0.492552069933428,0.512130671240917
156,27,0.475969332349796,0.494888781402011
156,28,0.45950098165704,0.477765825253128
156,29,0.443189459377949,0.460805931337991
156,30,0.42707303544512,0.444048890792331
156,31,0.411185957124727,0.427530312187272
156,32,0.395558618959543,0.411281798227466
156,33,0.380217748084407,0.395331138432725
156,34,0.365186600133598,0.379702512832573
156,35,0.350485161716235,0.364416702489905
156,36,0.336130356095498,0.349491303355811
157,0,0.765510406250644,0.788572035512107
157,1,0.765428644454196,0.788487810574437
157,2,0.764897878086522,0.787941054434324
157,3,0.76357391425046,0.786577205101091
157,4,0.761209303045419,0.784141358042804
157,5,0.757636471922873,0.780460892450382
157,6,0.752753269587176,0.775430579636557
157,7,0.74651061163258,0.768999856487576
157,8,0.738901956689708,0.761161984569941
157,9,0.729954374303856,0.751944848921214
157,10,0.71972099453328,0.741403180186264
157,11,0.708274654740304,0.729612010012734
157,12,0.69570258161113,0.716661192862334
157,13,0.68210196640319,0.702650847958897
157,14,0.66757630906877,0.687687593275714
157,15,0.652232422496826,0.671881459527686
157,16,0.636178001880504,0.655343386314041
157,17,0.619519676359934,0.638183215065267
157,18,0.602361470790858,0.620508104471263
157,19,0.584803614911967,0.602421303773857
157,20,0.566941645472376,0.584021227845143
157,21,0.548865754164583,0.565400785476375
157,22,0.530660340602382,0.546646918888984
157,23,0.51240373519005,0.527840318254961
157,24,0.494168061639584,0.509055280072323
157,25,0.47601921318795,0.490359682665879
157,26,0.458016920318128,0.47181505594843
157,27,0.440214891060241,0.453476725948587
157,28,0.422661007798916,0.435394017547112
157,29,0.405397566990801,0.417610501416123
157,30,0.388461550346379,0.400164273370484
157,31,0.371884917892698,0.383088256259287
157,32,0.35569491494329,0.366410516183496
157,33,0.339914386389598,0.350154586255657
157,34,0.324562092922053,0.334339792347399
157,35,0.309653024812943,0.318981576325264
157,36,0.295198709768693,0.304091813177295
158,0,0.768733214677579,0.804381173815785
158,1,0.768607134993862,0.804249247521921
158,2,0.767798326090413,0.803402932255809
158,3,0.765807488312392,0.801319774668515
158,4,0.762299997946218,0.797649633761342
158,5,0.757072704012868,0.792179937968697
158,6,0.750026194520578,0.784806665331987
158,7,0.74114172750203,0.775510204774985
158,8,0.730462132238133,0.76433537167264
158,9,0.718076081836967,0.751374951112681
158,10,0.704105221583844,0.736756229357128
158,11,0.688693709780673,0.720630049665893
158,12,0.671999790531566,0.703161994292724
158,13,0.654189072319576,0.6845253513738
158,14,0.635429233320291,0.664895574714326
158,15,0.61588591514448,0.64444598711441
158,16,0.595719601911203,0.623344514717482
158,17,0.575083311940835,0.601751271661724
158,18,0.554120955550702,0.579816841722838
158,19,0.532966234982974,0.557681127229025
158,20,0.511741981874287,0.535472655807519
158,21,0.490559844308283,0.513308252925024
158,22,0.469520249741654,0.491293003094546
158,23,0.448712582280569,0.46952043537255
158,24,0.428215523186024,0.448072879654332
158,25,0.408097512346251,0.427021949545995
158,26,0.388417295983192,0.406429115469343
158,27,0.36922453224192,0.386346338333913
158,28,0.350560431706725,0.366816739755278
158,29,0.332458414434007,0.347875289556109
158,30,0.314944768910789,0.329549495282125
158,31,0.298039301542805,0.31186008180847
158,32,0.28175596793832,0.294821651897642
158,33,0.266103479461255,0.278443320879903
158,34,0.251085880347395,0.262729320531723
158,35,0.236703092168888,0.247679568788365
158,36,0.222951423645001,0.233290203195766
159,0,0.770146323246828,0.777536580207722
159,1,0.770060997307464,0.777450435488085
159,2,0.769507617346518,0.776891745341287
159,3,0.768128709044715,0.775499605155662
159,4,0.765668641242674,0.773015930757511
159,5,0.761955649641811,0.769267309613021
159,6,0.756886460145613,0.764149476616451
159,7,0.750413175716083,0.757614075114008
159,8,0.742532131051096,0.749657404631646
159,9,0.73327445519609,0.740310892926407
159,10,0.722698113897345,0.729633061978819
159,11,0.710881231538621,0.717702785847416
159,12,0.697916517284098,0.704613663325434
159,13,0.683906641940643,0.690469350439848
159,14,0.668960431374574,0.675379717340501
159,15,0.65318975936044,0.659457711332926
159,16,0.636707037758873,0.642816822972169
159,17,0.619623215146152,0.62556906548737
159,18,0.602046206653722,0.607823389554167
159,19,0.58407968800309,0.58968446575725
159,20,0.565822195701877,0.571251776151973
159,21,0.547366483244126,0.55261896428682
159,22,0.528799090060098,0.533873400016881
159,23,0.510200086001349,0.515095921537022
159,24,0.491642959426831,0.496360722394082
159,25,0.473194621564779,0.477735355890606
159,26,0.454915503842686,0.459280833348796
159,27,0.436859728374435,0.441051796233621
159,28,0.419075334832069,0.423096745201627
159,29,0.401604549565253,0.405458311802848
159,30,0.384484085113253,0.388173560866876
159,31,0.367745460225645,0.37127431359446
159,32,0.351415332207379,0.354787483091722
159,33,0.335515834865194,0.338735415559482
159,34,0.320064916585656,0.323136231615458
159,35,0.305076674146702,0.30800416330904
159,36,0.29056167877788,0.29334988331037
160,0,0.760091836664397,0.784023163356997
160,1,0.760013389763241,0.783942246572165
160,2,0.759503697099351,0.783416506345252
160,3,0.758231052688972,0.782103793001515
160,4,0.755955813936787,0.77975691885048
160,5,0.752514536940675,0.7762072939942
160,6,0.747806352690166,0.77135087358328
160,7,0.741781301109791,0.765136124560103
160,8,0.734430373161614,0.757553754239128
160,9,0.725777040768148,0.748627973551261
160,10,0.715870080547502,0.738409094835856
160,11,0.704777520625069,0.726967288069086
160,12,0.692581560420919,0.714387340701943
160,13,0.679374331596136,0.700764285140884
160,14,0.665254384531291,0.686199774603849
160,15,0.650323799035586,0.670799102860701
160,16,0.634685830651046,0.654668776431821
160,17,0.618443015105927,0.637914559360639
160,18,0.601695663348935,0.620639920864336
160,19,0.584540688307292,0.602944825152634
160,20,0.567070712187588,0.58492481062222
160,21,0.549373409895353,0.566670312604016
160,22,0.531531050091117,0.548266189969494
160,23,0.513620200620196,0.529791421285979
160,24,0.495711569632936,0.511318940934602
160,25,0.47786995772531,0.492915589744053
160,26,0.460154299941943,0.474642158316058
160,27,0.442617779553137,0.456553504384656
160,28,0.42530799819607,0.438698728314252
160,29,0.408267189304,0.421121393248592
160,30,0.391532463777047,0.403859778516442
160,31,0.375136078610127,0.38694715671721
160,32,0.35910572072015,0.370412086484383
160,33,0.343464799534206,0.354278714285787
160,34,0.328232743038483,0.338567079793543
160,35,0.313425292966422,0.323293420366158
160,36,0.299054795644042,0.308470471051047
161,0,0.765028473385797,0.788497038956549
161,1,0.764990821507584,0.788458232042146
161,2,0.764742102001205,0.788201882636689
161,3,0.764109436854368,0.787549809397213
161,4,0.762956636316742,0.786361644718318
161,5,0.761179274657029,0.784529759429609
161,6,0.758700309868518,0.781974748128177
161,7,0.755466193508787,0.778641419680933
161,8,0.751443421816274,0.774495242540745
161,9,0.746615483769294,0.769519199181912
161,10,0.740980165878217,0.763711008212199
161,11,0.734547177262753,0.757080676595278
161,12,0.727336061994401,0.749648347950691
161,13,0.719374368807497,0.74144241611763
161,14,0.7106960511269,0.73249787610072
161,15,0.70134007295011,0.722854887185168
161,16,0.691349198478295,0.71255752543764
161,17,0.680768945534468,0.701652705018738
161,18,0.669646684756233,0.690189249741933
161,19,0.658030868321955,0.67821709813958
161,20,0.645970373578406,0.665786626955217
161,21,0.633513948398995,0.652948079487198
161,22,0.620709746427537,0.639751086575269
161,23,0.607604941565158,0.626244269261192
161,24,0.59424541214802,0.61247491327808
161,25,0.580675486251243,0.598488706541075
161,26,0.566937740448638,0.584329531733696
161,27,0.553072845167081,0.570039306918186
161,28,0.539119450506063,0.555657867852379
161,29,0.525114107054197,0.541222886377125
161,30,0.511091216831602,0.526769819853739
161,31,0.497083010025802,0.512331887186239
161,32,0.48311954367463,0.497940067463843
161,33,0.469228718887179,0.483623117710202
161,34,0.455436313587778,0.469407606631856
161,35,0.441766028122142,0.455317961623429
161,36,0.428239541383053,0.441376526615064
162,0,0.771577202795594,0.788108399032733
162,1,0.771452705759104,0.78798123462228
162,2,0.770653662388679,0.787165071587471
162,3,0.768685791249917,0.785155038415089
162,4,0.76521683069366,0.781611754683541
162,5,0.760044051923738,0.776328148091558
162,6,0.753067094612195,0.769201708071043
162,7,0.744265346195652,0.760211380430313
162,8,0.733679191964644,0.749398415722848
162,9,0.721394555331596,0.736850578287409
162,10,0.707530227939039,0.722689204901279
162,11,0.692227559048011,0.707058673261749
162,12,0.675642134245493,0.69011790240819
162,13,0.657937126086772,0.672033560900594
162,14,0.639278044860217,0.652974705118436
162,15,0.619828657119691,0.633108610346824
162,16,0.599747873755783,0.612597592174032
162,17,0.579187438856711,0.591596645835786
162,18,0.558290276043608,0.570251757120452
162,19,0.537189370878825,0.548698760832711
162,20,0.516007086799934,0.527062642071315
162,21,0.494854828228749,0.505457192120146
162,22,0.47383297839555,0.483984944940316
162,23,0.453031051311009,0.462737332398118
162,24,0.432528007480157,0.441795006743233
162,25,0.412392691617988,0.421228287702473
162,26,0.392684357998695,0.401097699084734
162,27,0.37345325532767,0.381454566183994
162,28,0.354741248321561,0.362341650676845
162,29,0.336582457651277,0.343793804276413
162,30,0.319003903662348,0.325838626244545
162,31,0.302026142437741,0.308497113082408
162,32,0.285663885397806,0.291784291405481
162,33,0.269926595816407,0.275709827240166
162,34,0.254819057437195,0.260278606822784
162,35,0.240341911856158,0.245491285495643
162,36,0.226492162544935,0.231344802529162
163,0,0.77334906279888,0.791950690063494
163,1,0.77322589346566,0.791824558096534
163,2,0.772435067500498,0.791014710126247
163,3,0.770486593129947,0.789019368440898
163,4,0.767050306139915,0.785500427274586
163,5,0.761923963917173,0.780250779403921
163,6,0.755006544316911,0.773166972764188
163,7,0.746275990971326,0.764226420458288
163,8,0.735770749406508,0.753468492755587
163,9,0.723574527856354,0.740978911352521
163,10,0.709803794593382,0.726876945972463
163,11,0.694597591380405,0.711304982796896
163,12,0.678109301552574,0.694420094542349
163,13,0.660500062381333,0.6763872943697
163,14,0.64193355572955,0.657374201237173
163,15,0.622571949440372,0.637546883666038
163,16,0.60257279516558,0.617066682951388
163,17,0.582086717094286,0.596087846297034
163,18,0.561255750869607,0.574755825777583
163,19,0.54021221338791,0.553206120952582
163,20,0.519078002607243,0.531563561833002
163,21,0.497964242338118,0.509941945128053
163,22,0.476971200591531,0.488443950629203
163,23,0.456188421713598,0.467161276523091
163,24,0.435695022503474,0.44617494263207
163,25,0.41556011101824,0.425555719292757
163,26,0.395843294013012,0.405364647001762
163,27,0.376595245119172,0.385653618260505
163,28,0.357858311078466,0.366465998391274
163,29,0.339667137756428,0.347837266608355
163,30,0.322049301368662,0.329795662427416
163,31,0.305025933466644,0.312362825684309
163,32,0.288612330831348,0.295554421098667
163,33,0.272818543587317,0.279380740534087
163,34,0.257649936640977,0.263847277940909
163,35,0.243107721020428,0.248955273476502
163,36,0.229189452897649,0.234702224530621
164,0,0.767213045036678,0.805836518390934
164,1,0.767066542564169,0.805682640608033
164,2,0.766131082307784,0.804700086881953
164,3,0.763840495587835,0.80229418614888
164,4,0.759826437094019,0.79807804965042
164,5,0.753876380277194,0.791828451705602
164,6,0.745898890389448,0.783449354506685
164,7,0.735895049544197,0.772941894643448
164,8,0.723935070013927,0.760379819054342
164,9,0.710139271716569,0.745889504870705
164,10,0.694662720371407,0.729633824218028
164,11,0.677682926669438,0.711799224130986
164,12,0.659390096213281,0.6925854856503
164,13,0.639979496865526,0.67219770692382
164,14,0.619645576180498,0.650840124494709
164,15,0.598577518243793,0.628711446460877
164,16,0.576955977777587,0.606001422166773
164,17,0.554950770892644,0.582888416701926
164,18,0.532719337340179,0.559537795738617
164,19,0.510405819371833,0.536100958019303
164,20,0.488140628077383,0.512714879862654
164,21,0.466040389964552,0.489502059054058
164,22,0.444208185116869,0.466570764992949
164,23,0.422734003984404,0.444015518479571
164,24,0.40169536313548,0.421917738465202
164,25,0.381158031476757,0.400346504832029
164,26,0.361176827838463,0.379359396130855
164,27,0.341796458682825,0.359003369461935
164,28,0.323052371253178,0.339315656573789
164,29,0.304971602932967,0.320324655981124
164,30,0.287573612095554,0.302050805641747
164,31,0.270871079440816,0.284507424634505
164,32,0.25487067185644,0.267701515475318
164,33,0.239573763316195,0.251634521307321
164,34,0.224977109324646,0.236303034298853
164,35,0.211073473015006,0.221699453260683
164,36,0.197852202269977,0.207812589820595
165,0,0.767417288177088,0.7917546014798
165,1,0.767314862457182,0.791648927505165
165,2,0.766653893230848,0.790966996781881
165,3,0.765016105143857,0.789277269075584
165,4,0.762110912885808,0.786279943664845
165,5,0.757751414814186,0.781782191644497
165,6,0.751834079618251,0.775677198387166
165,7,0.744321618324073,0.767926492363546
165,8,0.735228598857853,0.758545103496446
165,9,0.724609417411023,0.747589153058518
165,10,0.712548290910893,0.735145528771409
165,11,0.699150978813394,0.721323344069456
165,12,0.68453798092474,0.706246920202019
165,13,0.668838991668879,0.690050064627609
165,14,0.652188420715944,0.672871449586805
165,15,0.634721815676491,0.654850921348424
165,16,0.61657304509227,0.636126593863711
165,17,0.597872119609894,0.616832600842295
165,18,0.578743546356774,0.597097397940004
165,19,0.559305126456207,0.577042522139214
165,20,0.53966711859156,0.556781728786924
165,21,0.519931702797483,0.53642043838103
165,22,0.50019268842988,0.516055435279068
165,23,0.480535418731999,0.495774769237785
165,24,0.461036831735407,0.47565781824548
165,25,0.441765643555892,0.455775477630821
165,26,0.422782625592556,0.436190446052831
165,27,0.404140951825068,0.416957583812062
165,28,0.385886596427291,0.398124323073867
165,29,0.368058765361494,0.379731113149865
165,30,0.350690348561505,0.361811887021307
165,31,0.333808381821899,0.344394537876277
165,32,0.317434509641462,0.327501396631443
165,33,0.301585442073746,0.311149703270832
165,34,0.286273400159724,0.295352066404615
165,35,0.271506545796357,0.280116906770214
165,36,0.25728939296405,0.26544888150112
166,0,0.757880309642006,0.786859121894188
166,1,0.75781705442647,0.786793448010438
166,2,0.757403928840465,0.786364525881574
166,3,0.756366379679707,0.785287304305595
166,4,0.754500353774116,0.783349927800591
166,5,0.751660990682823,0.780401996946168
166,6,0.747752803848737,0.776344374098149
166,7,0.742721174913703,0.77112035247475
166,8,0.73654500510792,0.764708026559668
166,9,0.729230384837811,0.757113719636129
166,10,0.720805158005958,0.748366340264573
166,11,0.711314271386386,0.738512553833572
166,12,0.700815811712036,0.727612668118764
166,13,0.689377644156338,0.715737143231191
166,14,0.67707457574045,0.702963646562696
166,15,0.663985975991985,0.689374582466591
166,16,0.650193795027974,0.675055034558724
166,17,0.635780926231948,0.660091065788809
166,18,0.620829866929967,0.644568327905169
166,19,0.60542163602227,0.628570937700243
166,20,0.589634912467065,0.612180582552868
166,21,0.573545362904763,0.595475822343111
166,22,0.557225130612234,0.578531558865842
166,23,0.540742461439233,0.561418647464217
166,24,0.524161445449372,0.544203628791864
166,25,0.50754185570785,0.526948561436396
166,26,0.490939068064951,0.509710938635696
166,27,0.474404047911891,0.492543674527349
166,28,0.457983391764064,0.475495147321901
166,29,0.441719413183278,0.458609288510463
166,30,0.425650264009436,0.441925708731898
166,31,0.40981008315512,0.425479852256804
166,32,0.394229166343126,0.409303173215251
166,33,0.378934151154691,0.39342332772063
166,34,0.363948212620519,0.377864376939433
166,35,0.349291265341739,0.362646996940633
166,36,0.334980168786087,0.347788691841715
167,0,0.766060682427206,0.785432105167016
167,1,0.76597590257689,0.785345181483504
167,2,0.765426048538476,0.784781423252815
167,3,0.7640558821237,0.783376609357162
167,4,0.76161133008247,0.780870241780836
167,5,0.757921634173928,0.77708724430903
167,6,0.75288408165921,0.77192230689965
167,7,0.746450982696703,0.765326533775175
167,8,0.738618601223486,0.757296094398639
167,9,0.729417781425638,0.747862612914914
167,10,0.718906043339664,0.737085063873145
167,11,0.707160948938417,0.725042970560473
167,12,0.694274564639653,0.711830727483723
167,13,0.680348867893098,0.69755289080255
167,14,0.665491964672782,0.682320300173276
167,15,0.649815001611246,0.666246912800054
167,16,0.633429671415739,0.649447245770364
167,17,0.616446223330562,0.632034336207807
167,18,0.598971901956684,0.614118140614055
167,19,0.581109747889486,0.595804305178244
167,20,0.562957702548369,0.577193247970364
167,21,0.544607967390551,0.558379501951448
167,22,0.526146574552365,0.539451274757658
167,23,0.507653131957612,0.520490187363172
167,24,0.489200711173989,0.501571159100831
167,25,0.47085585087431,0.482762411210887
167,26,0.452678652748061,0.464125565177878
167,27,0.434722950180726,0.445715815675358
167,28,0.417036533035414,0.427582161031589
167,29,0.399661414488526,0.409767676812703
167,30,0.382634128137268,0.392309820443184
167,31,0.365986045554767,0.375240756791022
167,32,0.349743706156526,0.358587696375524
167,33,0.333929152693604,0.342373239344127
167,34,0.318560266932958,0.326615719641107
167,35,0.303651101150075,0.311329544882691
167,36,0.289212201966497,0.296525528383476
168,0,0.768126670581406,0.814625686503078
168,1,0.768014169582504,0.814506375187675
168,2,0.767290080224866,0.813738452639681
168,3,0.765501151525489,0.81184123005173
168,4,0.7623373905867,0.80848594891725
168,5,0.757604266920865,0.803466302727037
168,6,0.751199326661609,0.796673635507504
168,7,0.743092591588178,0.78807615428804
168,8,0.733310200285031,0.777701579968239
168,9,0.72192082083138,0.765622737491319
168,10,0.709024427410662,0.75194565303881
168,11,0.694743088247423,0.736799784309593
168,12,0.6792134602891,0.720330060862663
168,13,0.662580727908471,0.702690455895249
168,14,0.644993759363832,0.684038849496345
168,15,0.626601286483157,0.664532977065736
168,16,0.607548940621553,0.644327285841325
168,17,0.58797700189388,0.623570547880177
168,18,0.568018739460567,0.602404099872533
168,19,0.547799238643553,0.580960599256493
168,20,0.527434626221956,0.559363202616488
168,21,0.507031618711983,0.537725086618044
168,22,0.486687330043465,0.516149244041891
168,23,0.466489285043949,0.494728498084331
168,24,0.446515593738964,0.47354568720887
168,25,0.426835248856534,0.45267398066035
168,26,0.407508515245311,0.432177291456748
168,27,0.388587385318882,0.41211075940408
168,28,0.370116079246338,0.392521281566309
168,29,0.352131572528132,0.373448071778335
168,30,0.334664136920099,0.35492323431517
168,31,0.317737883478737,0.336972339810807
168,32,0.30137129886862,0.31961499403132
168,33,0.285577768059912,0.302865392214197
168,34,0.270366078204355,0.286732853446763
168,35,0.25574089985844,0.271222331020489
168,36,0.241703242863488,0.25633489590806
169,0,0.763180154917472,0.78956040555832
169,1,0.76308889189241,0.789465987915753
169,2,0.762498195491291,0.78885487337481
169,3,0.761029618467117,0.78733553319893
169,4,0.758415621184374,0.784631179919573
169,5,0.754479482548939,0.780558983862976
169,6,0.749118190690473,0.775012372428164
169,7,0.742287918311727,0.767946003374032
169,8,0.733991736347965,0.759363053786459
169,9,0.724269262595496,0.749304510899086
169,10,0.713187979916071,0.737840190200889
169,11,0.700835992078198,0.725061240874334
169,12,0.687316014768244,0.711073929098465
169,13,0.67274042524844,0.695994516592315
169,14,0.657227216959993,0.679945075383953
169,15,0.640896725426986,0.663050100541267
169,16,0.623869009430199,0.645433800822875
169,17,0.606261786873213,0.627217963194927
169,18,0.588188838308202,0.608520301172821
169,19,0.56975880294942,0.58945320921744
169,20,0.551074302376906,0.570122856148597
169,21,0.532231336197424,0.550628559916271
169,22,0.513318901840035,0.531062394253945
169,23,0.494418797558154,0.511508984871188
169,24,0.475605573710784,0.492045459050873
169,25,0.456946602611143,0.472741517912196
169,26,0.438502241756778,0.453659605283045
169,27,0.420326069176206,0.434855151181686
169,28,0.40246517301783,0.416376871415661
169,29,0.384960480433358,0.398267107833478
169,30,0.367847113328483,0.380562196372233
169,31,0.351154760719393,0.363292852285081
169,32,0.334908059290103,0.346484563852997
169,33,0.319126975332362,0.330157987526899
169,34,0.303827182602047,0.314329338845105
169,35,0.28902043177426,0.2990107746591
169,36,0.274714908150841,0.284210763205641
170,0,0.768506627936465,0.791980428600127
170,1,0.7683974945315,0.791867961748578
170,2,0.767694462037983,0.791143455341872
170,3,0.76595584088784,0.789351728538734
170,4,0.762877939649419,0.786179813745313
170,5,0.75826856910631,0.781429651384175
170,6,0.752024707134118,0.774995072551545
170,7,0.744113740573808,0.766842467929384
170,8,0.734557776480137,0.7569946198257
170,9,0.723420581855424,0.745517242986457
170,10,0.71079676939088,0.732507840018674
170,11,0.696802897827713,0.718086529914776
170,12,0.681570200199606,0.702388554181454
170,13,0.665238692205606,0.685558205254595
170,14,0.647952446975343,0.667743956933652
170,15,0.62985585213354,0.649094607119328
170,16,0.61109069088299,0.62975626973912
170,17,0.59179391127657,0.609870075882431
170,18,0.57209596735505,0.589570464268937
170,19,0.552119632754924,0.568983958618428
170,20,0.531979202061453,0.548228344609429
170,21,0.511780007880532,0.527412172200172
170,22,0.491618192578175,0.506634520395927
170,23,0.471580683107798,0.485984971307407
170,24,0.451745325505649,0.4655437487543
170,25,0.432181142652662,0.445381983900398
170,26,0.412948684925255,0.425562076614907
170,27,0.394100448517894,0.40613812657255
170,28,0.375681340630715,0.387156412650201
170,29,0.357729174475728,0.3686559030529
170,30,0.34027518025231,0.350668781896946
170,31,0.323344520953089,0.333220980770905
170,32,0.30695680415136,0.316332706155421
170,33,0.291126582848972,0.300018955569348
170,34,0.275863840079721,0.284290016975204
170,35,0.261174453311665,0.269151947366519
170,36,0.247060635810803,0.254607027612827
171,0,0.775558719349809,0.805951917236126
171,1,0.775405461081863,0.805792652964058
171,2,0.77442792194887,0.804776805267742
171,3,0.772037208102969,0.802292402269499
171,4,0.767852898886941,0.797944115091715
171,5,0.76165826142451,0.791506717361709
171,6,0.753363313422294,0.782886700490047
171,7,0.742974506553958,0.772090768983596
171,8,0.730569981299465,0.759200125552182
171,9,0.716279497952059,0.744349615636275
171,10,0.700268280963839,0.72771093863222
171,11,0.682724127734735,0.70947925149042
171,12,0.663847230845935,0.689862592094532
171,13,0.643842246760533,0.66907363714419
171,14,0.622912216041971,0.647323384114248
171,15,0.601254001808883,0.624816410948241
171,16,0.579054965872233,0.601747421937408
171,17,0.556490647018911,0.578298835019054
171,18,0.533723244283215,0.554639205609298
171,19,0.510900740709944,0.530922316027518
171,20,0.488156530861997,0.507286788406422
171,21,0.465609438855474,0.483856103433928
171,22,0.443364033616717,0.460738927964737
171,23,0.421511164867095,0.438029672009711
171,24,0.400128657500745,0.415809210325426
171,25,0.379282113914129,0.394145716186046
171,26,0.359025783807394,0.373095565271132
171,27,0.339403469292753,0.352704276244115
171,28,0.320449440061209,0.333007461783284
171,29,0.302189339087778,0.314031769780492
171,30,0.284641064078932,0.295795799331442
171,31,0.267815613740045,0.278310980167323
171,32,0.251717891098864,0.261582407459544
171,33,0.2363474586773,0.245609626585784
171,34,0.221699242355784,0.230387364577935
171,35,0.207764182404881,0.215906206666841
171,36,0.194529831438461,0.20215321766853
172,0,0.758300001387193,0.790096762852315
172,1,0.758230094841193,0.790023925010306
172,2,0.757774615037004,0.789549346191663
172,3,0.756633747616331,0.788360640330833
172,4,0.754587512447515,0.786228603168814
172,5,0.751482521705314,0.782993415077542
172,6,0.74722053957251,0.778552721051032
172,7,0.741748624311648,0.772851359418036
172,8,0.735050658283147,0.76587253669994
172,9,0.727140093640879,0.757630269121467
172,10,0.718053761195389,0.748162931869392
172,11,0.707846607547486,0.73752777554552
172,12,0.696587241285057,0.72579628560824
172,13,0.684354183005058,0.713050275151785
172,14,0.671232726351638,0.69937861432255
172,15,0.657312328312861,0.684874511186676
172,16,0.642684456838305,0.669633269094728
172,17,0.627440832559067,0.653750454674142
172,18,0.611672009127812,0.637320418640603
172,19,0.595466243554943,0.620435118765562
172,20,0.578908613992295,0.603183200667151
172,21,0.562080347792595,0.585649297694084
172,22,0.545058327427361,0.567913516125873
172,23,0.527914746045728,0.550051076288679
172,24,0.510716888162951,0.53213208404772
172,25,0.493527014234353,0.514221410541219
172,26,0.476402330747103,0.496378661018081
172,27,0.459395029991892,0.478658216277258
172,28,0.442552385898322,0.461109332521673
172,29,0.425916894266364,0.443776287469817
172,30,0.409526447432618,0.426698562346046
172,31,0.393414534902059,0.409911050925149
172,32,0.377610462778108,0.393444288163477
172,33,0.362139585958313,0.377324692130975
172,34,0.347023548049217,0.36157481398607
172,35,0.33228052480962,0.346213591626908
172,36,0.317925467671904,0.331256603423926
173,0,0.751399341284808,0.786414496247312
173,1,0.751333418625698,0.786345501597055
173,2,0.750903381624645,0.785895424902853
173,3,0.749824794906594,0.784766576121745
173,4,0.747887602590431,0.782739110783746
173,5,0.744943995966584,0.779658332304111
173,6,0.740897904909366,0.77542369369624
173,7,0.73569591862144,0.769979295223506
173,8,0.729319462966464,0.763305697196155
173,9,0.721778081010281,0.755412887386209
173,10,0.713103680695334,0.746334260643919
173,11,0.703345629027944,0.736121484474533
173,12,0.692566585953832,0.72484013877271
173,13,0.680838983404608,0.712566030792836
173,14,0.668242065971009,0.699382097917842
173,15,0.654859419435749,0.685375821021876
173,16,0.640776922104746,0.670637080333697
173,17,0.626081061622041,0.655256393815306
173,18,0.610857566841875,0.639323485279351
173,19,0.595190310451445,0.622926135874186
173,20,0.579160443471316,0.606149278252066
173,21,0.562845727580229,0.589074297780339
173,22,0.546320035482758,0.571778509626268
173,23,0.529652993320686,0.554334784504807
173,24,0.512909742474955,0.536811299380541
173,25,0.496150801061838,0.519271392509583
173,26,0.479432008037008,0.501773504938903
173,27,0.462804535122512,0.484371192989094
173,28,0.446314953798189,0.467113198367588
173,29,0.430005346381367,0.450043564424656
173,30,0.413913451783948,0.433201788702766
173,31,0.398072837908556,0.416623003366378
173,32,0.382513093847138,0.400338176356982
173,33,0.367260036095625,0.384374327217353
173,34,0.352335923914455,0.368754752487856
173,35,0.337759679762286,0.353499256412353
173,36,0.323547111423017,0.33862438341633
174,0,0.762604169955588,0.790399454411413
174,1,0.762544026414612,0.790337118767515
174,2,0.762150704182413,0.789929460784533
174,3,0.761161425384998,0.78890412489923
174,4,0.759379510853707,0.787057263409576
174,5,0.756663979669236,0.784242756944487
174,6,0.752920492280054,0.780362827478356
174,7,0.748093481888809,0.775359882923384
174,8,0.742159335507675,0.769209449649044
174,9,0.735120501082065,0.761914064823101
174,10,0.727000410539918,0.753498014416954
174,11,0.717839120693395,0.744002815227552
174,12,0.707689584738663,0.733483350481357
174,13,0.696614476792205,0.722004578631817
174,14,0.684683500580937,0.70963874395702
174,15,0.671971121170079,0.696463025613914
174,16,0.658554665558779,0.682557569004722
174,17,0.644512744181856,0.668003849745811
174,18,0.629923950901236,0.652883326276612
174,19,0.614865804020368,0.637276342276278
174,20,0.599413895269664,0.621261244631476
174,21,0.58364121764586,0.604913686776937
174,22,0.567617646492432,0.588306090862362
174,23,0.551409551326343,0.571507245431094
174,24,0.535079518688681,0.55458201816925
174,25,0.518686168759089,0.537591165836145
174,26,0.50228405065899,0.520591225751547
174,27,0.485923603305558,0.503634475222852
174,28,0.469651170393545,0.486768947072972
174,29,0.453509059599125,0.470038491002031
174,30,0.437535637439997,0.453482871904915
174,31,0.421765452408265,0.437137897492076
174,32,0.406229380034179,0.421035568640545
174,33,0.390954784455062,0.405204246851691
174,34,0.375965691868376,0.389668834026281
174,35,0.361282971953395,0.374450960498587
174,36,0.346924523963233,0.359569177911063
175,0,0.76027247501324,0.78911437923126
175,1,0.760186413509475,0.789025052874788
175,2,0.759628575668704,0.788446052745362
175,3,0.758239432857753,0.787004211033404
175,4,0.755762701297804,0.784433521508681
175,5,0.752026985287475,0.780556086355681
175,6,0.746930094091597,0.775265838103599
175,7,0.740425684343484,0.768514675291137
175,8,0.732511921982431,0.760300694280162
175,9,0.723221895065618,0.750658238365426
175,10,0.712615541793168,0.739649519578979
175,11,0.700772887247471,0.727357598856588
175,12,0.687788408101638,0.713880536964236
175,13,0.673766367279442,0.699326552172442
175,14,0.658816980590918,0.683810041468306
175,15,0.643053295027604,0.667448340424908
175,16,0.626588673949509,0.650359112985637
175,17,0.609534798073082,0.632658276617097
175,18,0.59200010318991,0.614458380760678
175,19,0.574088586100267,0.595867367467663
175,20,0.555898919503331,0.576987652711694
175,21,0.537523824697675,0.557915475291844
175,22,0.519049658045164,0.538740467608504
175,23,0.500556173357706,0.519545409035967
175,24,0.482116427784669,0.500406128239571
175,25,0.463796803502962,0.481391525688614
175,26,0.445657121624605,0.462563691885157
175,27,0.427750828311651,0.443978100539452
175,28,0.410125236190722,0.425683859142842
175,29,0.392821806846693,0.407724002178208
175,30,0.375876462498341,0.39013581461943
175,31,0.35931991696295,0.372951175451548
175,32,0.343178017741868,0.356196912733783
175,33,0.327472092539946,0.339895163264619
175,34,0.312219294799556,0.324063731224102
175,35,0.29743294391197,0.308716441291568
175,36,0.283122856689151,0.293863482692241
176,0,0.757258423194949,0.764969649910811
176,1,0.757219358677622,0.764930187596193
176,2,0.756961547661409,0.764669751268547
176,3,0.756306440534345,0.764007973130075
176,4,0.755114022774669,0.762803412879271
176,5,0.753277560242464,0.760948249493424
176,6,0.75071893406199,0.758363568605662
176,7,0.747384505851623,0.75499518563017
176,8,0.743241459600653,0.750809950388022
176,9,0.738274571541488,0.74579248408671
176,10,0.73248336396413,0.739942304151673
176,11,0.725879603106109,0.733271296637038
176,12,0.718485105060758,0.725801499791262
176,13,0.710329817112328,0.717563165854333
176,14,0.701450145057911,0.70859307134666
176,15,0.691887499940637,0.698933049003536
176,16,0.68168704022123,0.688628717138117
176,17,0.670896587778655,0.677728384603617
176,18,0.659565698276187,0.666282111692831
176,19,0.647744868375982,0.654340909279706
176,20,0.635484864050734,0.641956060291139
176,21,0.622836155841276,0.629178549213758
176,22,0.609848448358683,0.616058586804908
176,23,0.596570292642134,0.602645218503113
176,24,0.583048771171568,0.588986006233199
176,25,0.569329246408432,0.575126774386402
176,26,0.555455164708684,0.561111411736606
176,27,0.541467908329157,0.546981721939672
176,28,0.527406689039835,0.532777316062363
176,29,0.513308477568502,0.518535541308519
176,30,0.499207963747576,0.50429144076006
176,31,0.485137542812316,0.490077739535673
176,32,0.471127323820947,0.475924853296675
176,33,0.457205156635848,0.461860915502953
176,34,0.443396674325945,0.447911820247149
176,35,0.429725348228088,0.434101277876726
176,36,0.416212553243758,0.420450880955596
177,0,0.754215888739042,0.777353585651637
177,1,0.754175359809308,0.777311813382818
177,2,0.753908103484522,0.777036358217444
177,3,0.753229619674902,0.776337060005766
177,4,0.751995814457619,0.775065404337977
177,5,0.750097413927735,0.773108765024299
177,6,0.747455013383159,0.770385301399728
177,7,0.744014697137666,0.766839443762493
177,8,0.739744170391418,0.7624379065788
177,9,0.734629350170505,0.757166174839844
177,10,0.728671367423934,0.751025414189679
177,11,0.721883936982218,0.744029760199878
177,12,0.71429105627652,0.736203946490401
177,13,0.70592499752809,0.727581235323792
177,14,0.696824561578242,0.718201617866468
177,15,0.687033564670159,0.708110254548298
177,16,0.676599532343722,0.69735612888897
177,17,0.665572577189022,0.685990890823439
177,18,0.654004439546977,0.674067867973323
177,19,0.641947672367984,0.66164122549881
177,20,0.629454953361605,0.648765257146589
177,21,0.616578509309864,0.635493791902335
177,22,0.603369638990291,0.621879702278084
177,23,0.589878322577479,0.607974501731071
177,24,0.576152906677162,0.593828020035346
177,25,0.562239855307448,0.579488146623657
177,26,0.548183558189023,0.56500063299641
177,27,0.534026188650475,0.550408946267847
177,28,0.519807604305811,0.535754166796555
177,29,0.505565284427357,0.521074923637115
177,30,0.491334298626606,0.506407362260138
177,31,0.477147302075174,0.491785139626615
177,32,0.463034553054605,0.477239442276109
177,33,0.449023949123156,0.46279902360306
177,34,0.435141078635394,0.448490256956893
177,35,0.421409284751345,0.43433720161482
177,36,0.407849739430582,0.420361679045912
178,0,0.761791552370584,0.78724647900696
178,1,0.761719718446896,0.787172244784592
178,2,0.76125193948591,0.786688835197227
178,3,0.760080992411179,0.785478761445664
178,4,0.757982141268918,0.783309778123963
178,5,0.754799350321814,0.780020635629897
178,6,0.750433387040255,0.775508785622916
178,7,0.744831583276363,0.769719800072357
178,8,0.737979049340952,0.762638291756675
178,9,0.729891159271086,0.754280148429562
178,10,0.720607146575887,0.744685914570435
178,11,0.710184668449707,0.733915173963204
178,12,0.6986952130865,0.722041803548101
178,13,0.686220239534408,0.709149984291208
178,14,0.672847952689891,0.695330868416456
178,15,0.65867062772129,0.680679814425981
178,16,0.64378240858925,0.665294112059094
178,17,0.628277514536737,0.64927112885295
178,18,0.612248796580574,0.632706818399889
178,19,0.595786593262566,0.615694537864001
178,20,0.57897784131264,0.598324128927458
178,21,0.561905402529698,0.580681222179399
178,22,0.544647573179288,0.562846730120339
178,23,0.527277746613316,0.544896498508462
178,24,0.509864203700903,0.52690108978783
178,25,0.492470009079228,0.508925675872483
178,26,0.475152994240587,0.491030020668369
178,27,0.457965811113553,0.473268535444884
178,28,0.440956042113109,0.455690392562292
178,29,0.424166354664276,0.438339685158686
178,30,0.407634689978641,0.421255622234398
178,31,0.391394477412964,0.404472750173309
178,32,0.375474867089752,0.388021193136333
178,33,0.359900974634588,0.371926905976535
178,34,0.344694132904945,0.356211934379352
178,35,0.329872146468529,0.340894677844219
178,36,0.315449545352325,0.325990151912524
179,0,0.772130520125295,0.792567873761311
179,1,0.772009169501,0.792443311133917
179,2,0.771229716038068,0.79164322648798
179,3,0.769308418418412,0.789671074462405
179,4,0.765918535648575,0.786191465627938
179,5,0.760859126771905,0.780998140365752
179,6,0.754028917870464,0.773987144160756
179,7,0.745404501235776,0.765134449730963
179,8,0.735022230754714,0.754477373206316
179,9,0.722963264010245,0.742099220312073
179,10,0.709341276905954,0.728116675814415
179,11,0.694292442169828,0.712669516767443
179,12,0.677967320092019,0.695912288608655
179,13,0.660524359371681,0.678007633981123
179,14,0.642124748928849,0.659121008279104
179,15,0.62292839880369,0.639416554166597
179,16,0.603090860541801,0.619053940448993
179,17,0.58276102538645,0.59818599933927
179,18,0.562079462724347,0.57695702092445
179,19,0.541177282049778,0.555501585007307
179,20,0.520175419651031,0.53394382891226
179,21,0.499184266658211,0.512397065688060
179,22,0.478303568351026,0.49096368075038
179,23,0.457622535996081,0.469735246679302
179,24,0.437220122216574,0.448792805877715
179,25,0.417165419212206,0.428207279331624
179,26,0.397518146234866,0.408039966988716
179,27,0.378329198753024,0.388343111458471
179,28,0.359641236850124,0.369160501984738
179,29,0.341489294726118,0.350528100080035
179,30,0.323901396816727,0.332474671952734
179,31,0.306899169107645,0.31502241600201
179,32,0.290498436783857,0.298187576286202
179,33,0.274709801489408,0.28198103506195
179,34,0.259539193242857,0.266408879308173
179,35,0.244988393512154,0.25147293764611
179,36,0.231055527146518,0.237171285292023
180,0,0.763798253292098,0.781061334931808
180,1,0.763717237205187,0.780978487749687
180,2,0.763191218417308,0.78044058008246
180,3,0.761878835979082,0.779098535668607
180,4,0.759534431451957,0.776701143789686
180,5,0.755991403703101,0.77307803785655
180,6,0.751147936293166,0.768125100212876
180,7,0.744954795058952,0.761791983923375
180,8,0.73740492935064,0.754071478982086
180,9,0.72852464219877,0.744990482910777
180,10,0.718366122898446,0.734602364567429
180,11,0.707001160499925,0.722980535551484
180,12,0.694515878836806,0.710213066235124
180,13,0.681006353319434,0.696398203489087
180,14,0.666574987052219,0.681640664894337
180,15,0.651327539149891,0.666048599893448
180,16,0.635370711653118,0.649731122166591
180,17,0.618810213377964,0.632796329720842
180,18,0.60174922955473,0.615349739940374
180,19,0.584287235378682,0.597493076321507
180,20,0.566519099749857,0.579323351955572
180,21,0.548534432647786,0.560932202153249
180,22,0.530417135882266,0.542405425041569
180,23,0.512245122483331,0.52382269461165
180,24,0.494090174831644,0.505257415642596
180,25,0.476017915863912,0.486776694256117
180,26,0.45808787138729,0.468441401639336
180,27,0.440353604764687,0.450306311774199
180,28,0.422862908045185,0.432420296887756
180,29,0.405658036059915,0.414826566838982
180,30,0.388775972127453,0.397562940829549
180,31,0.372248715853165,0.380662141707901
180,32,0.356103585098258,0.364152104763298
180,33,0.340363525567236,0.34805629431045
180,34,0.325047422643939,0.332394022573559
180,35,0.310170411120292,0.317180766415442
180,36,0.295744179329383,0.302428478344505
181,0,0.757221750373148,0.793985101107166
181,1,0.757133269767351,0.793892324740527
181,2,0.756560230526926,0.793291464267326
181,3,0.755134569783655,0.791796587252986
181,4,0.752595168856966,0.789133897624044
181,5,0.748768633237618,0.785121582514076
181,6,0.743552901620179,0.779652625509633
181,7,0.736903311726751,0.772680195965378
181,8,0.728820796230546,0.764205271836095
181,9,0.719341922352159,0.754266195692278
181,10,0.70853052425784,0.742929900868737
181,11,0.696470708767221,0.730284577597272
181,12,0.683261042549586,0.716433577989519
181,13,0.669009753372868,0.701490384305096
181,14,0.653830799442031,0.685574487455147
181,15,0.637840679756164,0.668808042501284
181,16,0.621155875022364,0.651313185325046
181,17,0.603890823252566,0.633209909939324
181,18,0.586156346970731,0.614614419335975
181,19,0.568058460180093,0.595637874530956
181,20,0.549697493067993,0.576385476773309
181,21,0.531167481023034,0.556955826898904
181,22,0.512555772051113,0.537440513686406
181,23,0.493942813232352,0.517923889946618
181,24,0.475402082574106,0.498483001066928
181,25,0.457000137587349,0.479187635946105
181,26,0.438796756234474,0.460100474785147
181,27,0.420845149644939,0.441277312130345
181,28,0.403192229241655,0.422767336968734
181,29,0.385878913727181,0.404613454618569
181,30,0.368940463799667,0.386852637695827
181,31,0.352406834552112,0.369516295622558
181,32,0.336303037297673,0.352630654018927
181,33,0.320649504095904,0.336217136927314
181,34,0.305462449562969,0.320292746188524
181,35,0.290754225662253,0.304870433457594
181,36,0.276533666115827,0.289959461336541
182,0,0.77415902271281,0.789341145747814
182,1,0.77408120568705,0.789261802643271
182,2,0.773575268653395,0.788745943619344
182,3,0.772311057213517,0.787456939581227
182,4,0.770049164347273,0.785150688469739
182,5,0.766625431544508,0.781659812443004
182,6,0.761937620055917,0.77688006773566
182,7,0.755933980528123,0.770758690131716
182,8,0.748603480946022,0.76328443126593
182,9,0.739967480956912,0.754479069672139
182,10,0.730072665670166,0.74439020600685
182,11,0.71898507424841,0.733085174534421
182,12,0.706785078331856,0.720645923072692
182,13,0.693563182835796,0.70716473143942
182,14,0.679416537173215,0.692740654256078
182,15,0.6644460586959,0.677476587976429
182,16,0.648754082311388,0.661476874409836
182,17,0.632442460992287,0.644845363979453
182,18,0.615611051403519,0.627683871650922
182,19,0.598356527269846,0.610090967028715
182,20,0.580771470514138,0.59216104767061
182,21,0.562943696726432,0.573983651328436
182,22,0.544955777273273,0.555642968685455
182,23,0.526884725414062,0.537217523317094
182,24,0.508801818234417,0.518779990132226
182,25,0.490772530105798,0.500397127527859
182,26,0.472856556798122,0.482129801974625
182,27,0.455107912363264,0.464033086800282
182,28,0.437575083521578,0.446156419603921
182,29,0.420301228564865,0.428543805059646
182,30,0.403324409776573,0.411234051894792
182,31,0.386677850098298,0.394261034589944
182,32,0.370390206271587,0.377653971877355
182,33,0.354485851983159,0.361437715438961
182,34,0.338985165664128,0.34563304334967
182,35,0.323904818561339,0.330256953798098
182,36,0.309258059530431,0.315322955464737
183,0,0.760139985472191,0.776644367348952
183,1,0.760092802461153,0.776596159886568
183,2,0.759782596727469,0.776279218875189
183,3,0.758997713655306,0.775477294192007
183,4,0.757575317569621,0.774024014626139
183,5,0.755394306438205,0.7717956487426
183,6,0.752369071931111,0.768704729458326
183,7,0.74844401454419,0.764694450076456
183,8,0.743588732471133,0.759733748697765
183,9,0.737793811037326,0.753813006233467
183,10,0.731067146866123,0.746940290760715
183,11,0.723430747604399,0.739138087762854
183,12,0.714917954053659,0.73044046194663
183,13,0.705571036994082,0.720890601887776
183,14,0.695439125904971,0.710538703779232
183,15,0.684576431224712,0.69944015509229
183,16,0.673040725800666,0.687653983055284
183,17,0.660892054794791,0.675241536548307
183,18,0.648191646570633,0.662265373343055
183,19,0.635001000025132,0.648788327618523
183,20,0.621381126474632,0.634872735386613
183,21,0.607391926586172,0.620579797895183
183,22,0.593091684987603,0.605969065264983
183,23,0.578536667116043,0.591098024584774
183,24,0.563780804594422,0.576021778456669
183,25,0.548875456979019,0.560792801570669
183,26,0.533869239114183,0.545460764310852
183,27,0.51880790457915,0.530072413671561
183,28,0.503734276830241,0.514671502904536
183,29,0.488688220642356,0.499298762340339
183,30,0.473706647348204,0.483991904741339
183,31,0.45882354817255,0.468785659359724
183,32,0.444070050671458,0.453711829602166
183,33,0.42947449392159,0.438799369851657
183,34,0.415062518669943,0.424074477574596
183,35,0.40085716915694,0.409560697354702
183,36,0.386879003771989,0.39527903395115
184,0,0.77034226702159,0.796203443570118
184,1,0.770243088503268,0.796100935527658
184,2,0.76960243874986,0.795438778507821
184,3,0.76801323095352,0.793796219382918
184,4,0.765190996184348,0.790879239310585
184,5,0.760951110445874,0.786497016278258
184,6,0.755189483385347,0.780541965513753
184,7,0.747866238380541,0.772972871695912
184,8,0.73899197314972,0.763800688319226
184,9,0.728616242318881,0.753076633609088
184,10,0.716817949355923,0.74088225990339
184,11,0.703697375678023,0.727321215168885
184,12,0.689369610206361,0.712512451979363
184,13,0.673959173758382,0.696584671443267
184,14,0.657595659943243,0.679671817759547
184,15,0.640410238114313,0.661909463770712
184,16,0.622532884835024,0.643431949486154
184,17,0.604090228586553,0.624370154434475
184,18,0.585203908402504,0.604849801195845
184,19,0.565989361035258,0.584990201852306
184,20,0.546554963387359,0.564903371629689
184,21,0.527001467496559,0.54469344491454
184,22,0.507421674537463,0.524456338311657
184,23,0.487900302265569,0.504279613638103
184,24,0.468514007230886,0.484242500882548
184,25,0.449331529060115,0.464416047331158
184,26,0.43041392926523,0.444863364393215
184,27,0.4118149014845,0.425639948257257
184,28,0.39358113389012,0.406794054465094
184,29,0.375752707783732,0.388367109888596
184,30,0.358363519217338,0.370394148504841
184,31,0.3414417128835,0.352904259852462
184,32,0.325010119569269,0.335921041171346
184,33,0.309086690210015,0.319463046028094
184,34,0.293684921053758,0.303544223753553
184,35,0.278814265689763,0.288174345303633
184,36,0.264480530738801,0.273359412233295
185,0,0.757003036754681,0.788163444340922
185,1,0.756958744973675,0.788117329383678
185,2,0.756667185332971,0.78781376831524
185,3,0.755928451081842,0.78704462565193
185,4,0.754587774142811,0.785648762620066
185,5,0.752529103169394,0.783505350868207
185,6,0.749669432926934,0.78052796842911
185,7,0.745953806297435,0.776659395992802
185,8,0.741350917883446,0.77186703954224
185,9,0.735849255148651,0.766138912652224
185,10,0.729453719347216,0.759480118326544
185,11,0.722182674218447,0.751909776208476
185,12,0.714065375610685,0.743458346400659
185,13,0.705139739897216,0.734165306022618
185,14,0.695450413301291,0.724077139063701
185,15,0.685047108097566,0.713245604097806
185,16,0.67398317514001,0.701726248052461
185,17,0.662314385315226,0.689577137503288
185,18,0.650097895365695,0.676857781927573
185,19,0.637391376097516,0.663628226026547
185,20,0.624252283307266,0.649948290641514
185,21,0.610737253855659,0.635876943968172
185,22,0.5969016112029,0.621471786738397
185,23,0.582798966421189,0.606788636809274
185,24,0.568480902231105,0.591881200193524
185,25,0.553996728986673,0.57680081700021
185,26,0.539393302773034,0.561596272044799
185,27,0.524714896894163,0.546313661046932
185,28,0.510003119027782,0.530996304375214
185,29,0.495296867221577,0.515684701232096
185,30,0.480632318708713,0.500416518009009
185,31,0.466042946240609,0.485226605291446
185,32,0.451559557279029,0.470147038664307
185,33,0.437210351965205,0.4552071790672
185,34,0.423020996297627,0.440433748984435
185,35,0.409014707408443,0.425850921231644
185,36,0.395212348236574,0.411480417525916
186,0,0.773963993115798,0.804808270843946
186,1,0.773842094185954,0.804681513956263
186,2,0.773059167967042,0.803867386293936
186,3,0.771129446093188,0.801860760484053
186,4,0.767724945287839,0.798320582348364
186,5,0.762644088357298,0.793037241369912
186,6,0.755785425115574,0.785905244335205
186,7,0.747125712863967,0.776900422269562
186,8,0.73670171599494,0.766061004712588
186,9,0.724595171413362,0.753471985976239
186,10,0.710920442353235,0.739252286937224
186,11,0.695814449208801,0.723544284588163
186,12,0.67942852342182,0.706505341283181
186,13,0.66192188034977,0.688301017484631
186,14,0.643456450330605,0.669099696833671
186,15,0.624192844690589,0.649068391394063
186,16,0.604287265943467,0.628369528715548
186,17,0.583889199543177,0.607158551597493
186,18,0.563139748840734,0.585582186689912
186,19,0.542170495852083,0.563777259860247
186,20,0.52110278849933,0.541869955029493
186,21,0.500047370521253,0.519975429333777
186,22,0.479104283591161,0.498197711341385
186,23,0.458362982620448,0.47662982095143
186,24,0.437902615017558,0.455354059781943
186,25,0.417792423035264,0.434442429551636
186,26,0.398092235467051,0.41395714337153
186,27,0.378853021013847,0.393951201164652
186,28,0.360117480781998,0.374469005776441
186,29,0.341920661719475,0.355547000857825
186,30,0.324290576460864,0.337214315412481
186,31,0.307248818128905,0.319493403099662
186,32,0.290811161214962,0.302400667061157
186,33,0.274988141805202,0.285947063270839
186,34,0.259785612196325,0.27013867725314
186,35,0.245205266408738,0.254977270539148
186,36,0.231245134302999,0.240460794474748
187,0,0.763857096354224,0.784058235589416
187,1,0.763764517984741,0.783963208871228
187,2,0.763165523080155,0.783348372810584
187,3,0.761676914176806,0.78182039581618
187,4,0.759028353938998,0.779101791149391
187,5,0.755041829242924,0.775009837910682
187,6,0.749614174895161,0.769438642576362
187,7,0.742702249511091,0.7623439228349
187,8,0.734310406557248,0.753730147285603
187,9,0.724479948096033,0.743639710274645
187,10,0.71328028803547,0.732143861446117
187,11,0.700801586280842,0.71933514509475
187,12,0.687148645642579,0.705321135670035
187,13,0.672435890150249,0.690219283285561
187,14,0.656783266977702,0.674152707265532
187,15,0.640312934873988,0.657246796997179
187,16,0.623146620151561,0.639626497994815
187,17,0.605403537202823,0.621414177421894
187,18,0.587198784460669,0.602727977630754
187,19,0.568642138920748,0.583680578804545
187,20,0.549837183009105,0.56437830273381
187,21,0.530880706891305,0.544920499318939
187,22,0.511862337440051,0.52539916572538
187,23,0.492864352150997,0.505898755378231
187,24,0.473961642447761,0.486496140296803
187,25,0.455221796159178,0.46726069575309
187,26,0.436705273583838,0.448254480992547
187,27,0.41846565556638,0.42953249387107
187,28,0.400549945474305,0.41114298081795
187,29,0.382998909951306,0.393127786600853
187,30,0.36584744589357,0.37552273100725
187,31,0.34912496330201,0.358358001821658
187,32,0.332855775552754,0.341658555417302
187,33,0.317059490241306,0.325444517936635
187,34,0.301751395128814,0.309731581444427
187,35,0.286942834883436,0.294531390632525
187,36,0.272641575293679,0.279851916665248
188,0,0.752306641726899,0.789102321846981
188,1,0.752259719970549,0.789053105124933
188,2,0.751951263403702,0.788729561798865
188,3,0.751170895570031,0.787911025798662
188,4,0.749756848260491,0.786427816754278
188,5,0.747588895353086,0.784153828226195
188,6,0.74458213107307,0.781000001657335
188,7,0.740681502337165,0.776908591291611
188,8,0.73585701384165,0.771848134740547
188,9,0.730099532698369,0.765809052422034
188,10,0.723417126792844,0.758799806825758
188,11,0.715831877705233,0.750843559552595
188,12,0.707377115062716,0.741975270397842
188,13,0.698095024639611,0.732239188462353
188,14,0.688034587442759,0.7216866904376
188,15,0.677249811463208,0.710374425871481
188,16,0.665798221785367,0.698362733427985
188,17,0.653739578361997,0.685714295947939
188,18,0.641134794024363,0.672493005538518
188,19,0.628045028235121,0.658763013001147
188,20,0.614530934737362,0.644587938682703
188,21,0.600652043634401,0.630030224332516
188,22,0.586466260576453,0.615150607794041
188,23,0.572029467655197,0.60000770437897
188,24,0.557395212335985,0.58465768058497
188,25,0.542614472309131,0.569154007445738
188,26,0.527735485533255,0.553547282261679
188,27,0.512803635990638,0.537885108767501
188,28,0.497861386791078,0.522212026964152
188,29,0.482948253259524,0.506569484890151
188,30,0.468100809535432,0.490995845543728
188,31,0.453352723008803,0.475526423003141
188,32,0.438734811628728,0.460193542538213
188,33,0.424275119753633,0.445026620170442
188,34,0.409999008775961,0.430052257730192
188,35,0.395929259255008,0.415294349984882
188,36,0.382086181736141,0.400774200878434
189,0,0.770679397044391,0.797662503676542
189,1,0.770595829676742,0.797576010439588
189,2,0.770053553021467,0.797014747538061
189,3,0.768701467256987,0.795615322407175
189,4,0.766287708411383,0.793117052787616
189,5,0.762642259403297,0.789343968942418
189,6,0.757662057887396,0.784189400096771
189,7,0.751298280356062,0.777602813329365
189,8,0.743545520234811,0.769578612770174
189,9,0.734432611647691,0.760146642086573
189,10,0.724014880595917,0.749364164359446
189,11,0.712367631913301,0.737309121003222
189,12,0.699580703915117,0.724074495761547
189,13,0.685753943482126,0.70976363136448
189,14,0.670993472721214,0.694486365477074
189,15,0.655408634588804,0.678355869382631
189,16,0.639109519193873,0.661486087676393
189,17,0.622204985129197,0.643989690319428
189,18,0.604801101303979,0.625976459916541
189,19,0.586999944539216,0.607552047212926
189,20,0.568898696791173,0.588817036709535
189,21,0.550588993423761,0.569866272117104
189,22,0.532156480578005,0.550788398228192
189,23,0.513680545493525,0.531665581796649
189,24,0.495234188718408,0.512573379273292
189,25,0.476884011584915,0.493580723843103
189,26,0.458690296204357,0.474750008220899
189,27,0.440707158612249,0.45613724315842
189,28,0.422982758633731,0.437792274657575
189,29,0.405559552591905,0.419759045526637
189,30,0.388474577194933,0.402075889206816
189,31,0.371759754852624,0.384775845778632
189,32,0.355442212326569,0.367886991768653
189,33,0.339544606041874,0.35143277685108
189,34,0.324085448611932,0.335432361804839
189,35,0.30907943217558,0.319900953171447
189,36,0.294537745040872,0.304850130985158
190,0,0.759647361134178,0.795798057853842
190,1,0.759577731573611,0.795725114706925
190,2,0.759123993017016,0.795249783282654
190,3,0.757987308629189,0.794059005463226
190,4,0.755948248335287,0.791922908762631
190,5,0.752853643359117,0.788681035288361
190,6,0.74860522585179,0.784230440743761
190,7,0.743149836781951,0.77851543632364
190,8,0.736471009766027,0.771518772029199
190,9,0.728581760390632,0.763254082843034
190,10,0.719518430092042,0.753759439646305
190,11,0.7093354510547,0.743091864985104
190,12,0.698100914092486,0.731322690032573
190,13,0.685892835281153,0.718533643554902
190,14,0.672796029396018,0.704813576559713
190,15,0.658899509135656,0.690255737751965
190,16,0.644294338823719,0.674955525096041
190,17,0.629071879906002,0.659008647818152
190,18,0.613322373214436,0.642509641201987
190,19,0.597133809757449,0.625550683641364
190,20,0.580591047810551,0.608220671714219
190,21,0.563775139405264,0.590604514619964
190,22,0.546762834023778,0.572782614255578
190,23,0.52962623146782,0.554830501564916
190,24,0.51243255954327,0.536818603643617
190,25,0.495244055440866,0.518812119474853
190,26,0.478117932545858,0.500870985159497
190,27,0.461106416918791,0.483049912132985
190,28,0.444256839894155,0.465398484170614
190,29,0.427611775177673,0.44796130100914
190,30,0.411209210517353,0.430778158187428
190,31,0.395082745505233,0.413884254261358
190,32,0.379261808360672,0.397310417903563
190,33,0.363771885673614,0.381083348579893
190,34,0.348634760067029,0.365225865521932
190,35,0.333868751588895,0.349757160606525
190,36,0.319488959381038,0.334693051525346
191,0,0.76987354747781,0.788191309186577
191,1,0.769775353267271,0.788090778620729
191,2,0.769140899373781,0.787441229033571
191,3,0.767566609057718,0.785829481300033
191,4,0.764770043320378,0.782966376291475
191,5,0.76056747416924,0.778663814536971
191,6,0.754854856329894,0.77281527519122
191,7,0.747591737135045,0.765379343088187
191,8,0.738787702302853,0.756365832021021
191,9,0.728491006355859,0.745824144642171
191,10,0.716779081328511,0.733833555342612
191,11,0.703750656876931,0.720495142873745
191,12,0.689519259570037,0.705925134965792
191,13,0.674207889566574,0.690249458345903
191,14,0.657944699564653,0.673599314876031
191,15,0.640859524289394,0.656107628465964
191,16,0.623081129250615,0.637906228370118
191,17,0.604735065401782,0.619123652801955
191,18,0.585942031970014,0.599883472810448
191,19,0.566816663375491,0.580303050336422
191,20,0.5474666680572,0.560492656548191
191,21,0.527992257382183,0.540554887162731
191,22,0.508485811824962,0.52058432068244
191,23,0.489031739427812,0.500667373487729
191,24,0.469706488337312,0.480882312671856
191,25,0.450578681086835,0.461299393518427
191,26,0.431709343372153,0.441981093720306
191,27,0.413152204448123,0.422982420923707
191,28,0.394954050046818,0.404351274043372
191,29,0.377155111958968,0.386128842113408
191,30,0.359789481199564,0.368350027283431
191,31,0.342885534054827,0.351043881002552
191,32,0.326466362334193,0.334234044508437
191,33,0.310550200873705,0.317939186502385
191,34,0.295150846796771,0.302173432385634
191,35,0.280278066270058,0.286946780693288
191,36,0.265937985527461,0.272265503422005
192,0,0.770414200439638,0.800002579022559
192,1,0.770291680507242,0.799875353613367
192,2,0.769504989706495,0.799058449318077
192,3,0.767566608580634,0.797045623102086
192,4,0.764147949897075,0.793495668075187
192,5,0.759047647415605,0.788199484364343
192,6,0.75216501516882,0.781052519076385
192,7,0.743477924237404,0.772031793413008
192,8,0.733024445978309,0.761176840892325
192,9,0.720887699514851,0.748573972894606
192,10,0.707183418650919,0.734343368073798
192,11,0.692049820657706,0.718628552046845
192,12,0.67563941785871,0.701587894496005
192,13,0.658112463712796,0.68338780354345
192,14,0.639631769137107,0.664197342990876
192,15,0.620358662974263,0.64418403764519
192,16,0.600449903540029,0.623510666251675
192,17,0.580055376744754,0.602332871209925
192,18,0.559316440940001,0.580797439852976
192,19,0.538364799904993,0.559041134149894
192,20,0.517321803697383,0.537189964705141
192,21,0.496298092835815,0.515358821275696
192,22,0.475393514795803,0.49365138605988
192,23,0.454697253380902,0.472160268037137
192,24,0.434288121436132,0.450967306923348
192,25,0.414234975825285,0.430144004085682
192,26,0.394597220794511,0.409752045238264
192,27,0.375425371962732,0.38984388609309
192,28,0.35676165836387,0.370463377524182
192,29,0.338640644346558,0.351646411351855
192,30,0.321089856826389,0.33342157168509
192,31,0.304130406481993,0.31581077997515
192,32,0.287777594074153,0.298829924620877
192,33,0.272041495220435,0.282489468202051
192,34,0.256927518740084,0.266795027267983
192,35,0.242436935150468,0.251747921131284
192,36,0.228567373094549,0.237345687361039
193,0,0.760827012231173,0.787729586842767
193,1,0.760697638362312,0.787595638359566
193,2,0.759868595181317,0.78673728050431
193,3,0.757830430985007,0.784627047541407
193,4,0.754244028475699,0.780913831105224
193,5,0.74890583626707,0.775386882304262
193,6,0.741718896800325,0.767945815194669
193,7,0.732668807697455,0.758575718135434
193,8,0.721803873035847,0.74732660321907
193,9,0.709218804771318,0.734296531382723
193,10,0.695041424555773,0.719617844006793
193,11,0.679421894236646,0.703446012608639
193,12,0.662524070918588,0.685950688222297
193,13,0.644518640954025,0.667308592609369
193,14,0.625577737782525,0.647697945787091
193,15,0.605870792186932,0.627294169550986
193,16,0.585561401176006,0.6062666456423
193,17,0.56480503412507,0.584776340778594
193,18,0.543747422694602,0.562974139640422
193,19,0.522523505002014,0.540999751709402
193,20,0.501256815067494,0.518981079125071
193,21,0.480059226147567,0.49703395094282
193,22,0.459030971608188,0.475262144745045
193,23,0.438260879819373,0.453757629841573
193,24,0.417826770477696,0.432600977605981
193,25,0.397795969043902,0.411861894103544
193,26,0.378225903848669,0.391599838310442
193,27,0.359164757068413,0.371864696107844
193,28,0.340652146376899,0.352697486036474
193,29,0.322719818786341,0.334131077671694
193,30,0.305392342132768,0.316190907559543
193,31,0.288687782946346,0.298895681056317
193,32,0.272618362174537,0.282258051237867
193,33,0.257191082477834,0.266285268376289
193,34,0.242408322666025,0.250979795395245
193,35,0.228268396349437,0.236339886274921
193,36,0.214766073097474,0.222360125638538
194,0,0.76779850612333,0.79284444565077
194,1,0.767691814370525,0.79273427356404
194,2,0.767004089889684,0.792024115195114
194,3,0.765302156511662,0.790266663969471
194,4,0.762287082136275,0.787153236484676
194,5,0.757768592722237,0.782487351872917
194,6,0.751643475341625,0.776162430353212
194,7,0.743877414578304,0.768143037124806
194,8,0.73448977855117,0.758449172103521
194,9,0.723540933977761,0.747143171196915
194,10,0.711121725013235,0.734318841938167
194,11,0.697344799034473,0.720092506313272
194,12,0.682337504912008,0.704595667371347
194,13,0.666236126351219,0.687969054454766
194,14,0.649181245231715,0.670357835288548
194,15,0.631314058097964,0.651907812313221
194,16,0.612773493556623,0.63276244605033
194,17,0.593693999759128,0.613060570411693
194,18,0.57420388978247,0.592934684105744
194,19,0.554424148910884,0.572509719012194
194,20,0.53446762186978,0.55190220090317
194,21,0.514438510237915,0.531219730460732
194,22,0.494432120799653,0.510560723420278
194,23,0.474534814703274,0.490014358070364
194,24,0.454824115145457,0.469660686449915
194,25,0.435368938066384,0.449570872568697
194,26,0.416229916154576,0.429807526981348
194,27,0.397459791449017,0.410425112196362
194,28,0.379103856096223,0.391470397810854
194,29,0.361200424466498,0.372982948027465
194,30,0.343781322939484,0.354995627416944
194,31,0.326872386306912,0.337535113513779
194,32,0.310493951973458,0.320622407138119
194,33,0.294661345020354,0.304273333282374
194,34,0.279385348779018,0.288499027035183
194,35,0.264672656885759,0.273306400382341
194,36,0.250526303890068,0.258698586861737
195,0,0.780212035201933,0.794924854917368
195,1,0.780064892079306,0.794774937048725
195,2,0.779124974805421,0.793817295319469
195,3,0.776822466997695,0.79147136805557
195,4,0.772785708466505,0.787358486499068
195,5,0.766799297710121,0.781259187222349
195,6,0.7587694235897,0.773077890046476
195,7,0.748695312616329,0.762813806896494
195,8,0.736645837743446,0.750537109495027
195,9,0.722740472320878,0.736369524156194
195,10,0.707133891774208,0.72046864309172
195,11,0.690003628106742,0.703015346108122
195,12,0.6715402706453,0.684203816563431
195,13,0.651939782452621,0.664233712886624
195,14,0.63139756715273,0.643304123518369
195,15,0.610103976993414,0.621608990266954
195,16,0.588241001048559,0.59933373405852
195,17,0.565979913627124,0.576652859001002
195,18,0.543479698147693,0.553728346536942
195,19,0.520886091777109,0.53070868206644
195,20,0.498331121729951,0.50772838250241
195,21,0.475933025899609,0.48490791540496
195,22,0.453796468976648,0.462353919175203
195,23,0.432012980869479,0.440159649743428
195,24,0.410661557477458,0.418405592671252
195,25,0.389809375024496,0.397160190955753
195,26,0.369512578542014,0.376480648381217
195,27,0.34981711295269,0.356413776275006
195,28,0.330759571774136,0.336996858215644
195,29,0.312368043927116,0.318258512809685
195,30,0.294662943661618,0.300219539268081
195,31,0.27765781234856,0.282893734317656
195,32,0.261360083947454,0.266288672103537
195,33,0.245771808455718,0.250406441280895
195,34,0.230890329663448,0.235244335550446
195,35,0.216708915155021,0.220795495540285
195,36,0.203217337781467,0.207049501243359
196,0,0.771203973538732,0.777398533869913
196,1,0.77113274586556,0.777326734072979
196,2,0.770668679098744,0.776858939771447
196,3,0.769506362162392,0.775687286728652
196,4,0.767421763544193,0.773585943938548
196,5,0.764258724616986,0.770397498457255
196,6,0.759917291731525,0.766021193775415
196,7,0.754343663171438,0.760402796023825
196,8,0.747521552432045,0.753525887879321
196,9,0.739464791922285,0.745404412857235
196,10,0.730211021377088,0.73607631302705
196,11,0.719816323261136,0.725598121325985
196,12,0.708350683473345,0.714040385802386
196,13,0.695894169930569,0.701483817504572
196,14,0.682533734304033,0.68801606652778
196,15,0.668360553469122,0.673729042109615
196,16,0.653467837257595,0.658716702773426
196,17,0.637949038004981,0.643073251494193
196,18,0.621896405285074,0.626891678824196
196,19,0.605399836225862,0.610262603974296
196,20,0.588545978003507,0.593273370098866
196,21,0.571417544599805,0.57600735556522
196,22,0.554092814761469,0.558543467880338
196,23,0.536645282386103,0.540955791268638
196,24,0.519143434342105,0.523313362707246
196,25,0.501650634063553,0.505680054585887
196,26,0.48422509219628,0.48811454511717
196,27,0.466919908152236,0.470670360224736
196,28,0.44978316869575,0.453395972921396
196,29,0.432858091672878,0.436334948192955
196,30,0.416183204735388,0.419526123157771
196,31,0.399792550432478,0.403003813805833
196,32,0.383715910371072,0.386798040959586
196,33,0.367979042302227,0.370934769264696
196,34,0.352603924996627,0.355436154032455
196,35,0.337609006644279,0.340320791634717
196,36,0.323009453268203,0.325603969912912
197,0,0.762601450863806,0.808742672512221
197,1,0.762460609483823,0.808593309520689
197,2,0.76156035916859,0.807638589535503
197,3,0.759353406951624,0.805298105614269
197,4,0.755481271963105,0.801191686992333
197,5,0.749734647137077,0.795097362473985
197,6,0.742020552901636,0.78691652675578
197,7,0.732335243809126,0.776645207771649
197,8,0.720741976836394,0.764350489863553
197,9,0.707352877887174,0.7501512831161
197,10,0.692314253458682,0.734202746305122
197,11,0.675794789762997,0.716683772006577
197,12,0.65797616380336,0.697787029595755
197,13,0.639045661726274,0.677711136972578
197,14,0.619190460711629,0.656654596477326
197,15,0.598593283040703,0.634811186007906
197,16,0.577429175942405,0.612366544030599
197,17,0.555863209359921,0.589495728050023
197,18,0.534048916771987,0.566361561092241
197,19,0.512127332401064,0.543113610659207
197,20,0.490226502201776,0.519887670129528
197,21,0.468461366517514,0.496805634315221
197,22,0.446933929716653,0.473975679361758
197,23,0.42573364690165,0.451492672855018
197,24,0.404937970296968,0.429438753268424
197,25,0.384613008487474,0.407884029088579
197,26,0.36481426057677,0.386887357393866
197,27,0.345587394805842,0.366497169583444
197,28,0.326969047424743,0.346752318584675
197,29,0.30898762282334,0.327682927395813
197,30,0.291664080256335,0.309311223411839
197,31,0.275012696075952,0.29165234677606
197,32,0.259041793327601,0.274715124119974
197,33,0.243754432967694,0.258502801603246
197,34,0.229149062913135,0.243013733233949
197,35,0.215220122700905,0.228242022113098
197,36,0.201958602785525,0.214178113572419
198,0,0.765975009907076,0.782937288388367
198,1,0.765920615842458,0.782881689784098
198,2,0.765564046509541,0.782517224334147
198,3,0.764664812212611,0.78159807677325
198,4,0.763040656312985,0.779937954446116
198,5,0.760558711152365,0.777401047381459
198,6,0.757127757391019,0.773894116215623
198,7,0.752691463552438,0.769359582029066
198,8,0.747222495371174,0.763769505247526
198,9,0.740717396080057,0.7571203525548
198,10,0.733192149167562,0.749428461388747
198,11,0.724678344494983,0.740726121158318
198,12,0.715219877085501,0.731058198928339
198,13,0.704870115473177,0.720479245062465
198,14,0.693689483310975,0.709051021276674
198,15,0.681743404057078,0.696840399811289
198,16,0.669100564055021,0.683917588047575
198,17,0.655831454256416,0.670354637937352
198,18,0.6420071552601,0.656224204137223
198,19,0.627698334308497,0.641598518793726
198,20,0.612974426435756,0.626548554558258
198,21,0.597902975143809,0.611143350662603
198,22,0.582549110828737,0.595449479795219
198,23,0.566975147724244,0.579530636119141
198,24,0.551240282401783,0.563447327095498
198,25,0.535400378895323,0.547256653849924
198,26,0.519507827327556,0.531012166668091
198,27,0.503611464525806,0.514763783853684
198,28,0.487756546550227,0.498557763648238
198,29,0.471984764332111,0.482436720215762
198,30,0.456334294752814,0.46643967585278
198,31,0.440839880498625,0.450602142611568
198,32,0.425532932917232,0.434956227434345
198,33,0.410441652889324,0.419530755701536
198,34,0.395591165425026,0.404351408808804
198,35,0.381003664309178,0.389440872015456
198,36,0.366698563660588,0.374818989359926
199,0,0.759201106585249,0.759201106585249
199,1,0.759156985894761,0.759156985894761
199,2,0.758866511583592,0.758866511583592
199,3,0.758130411014239,0.758130411014239
199,4,0.756794297649187,0.756794297649187
199,5,0.75474229959651,0.75474229959651
199,6,0.751891431898208,0.751891431898208
199,7,0.748186634830112,0.748186634830112
199,8,0.74359640804509,0.74359640804509
199,9,0.738108977254473,0.738108977254473
199,10,0.731728936368367,0.731728936368367
199,11,0.724474313660846,0.724474313660846
199,12,0.716374015642941,0.716374015642941
199,13,0.707465606962392,0.707465606962392
199,14,0.697793388847649,0.697793388847649
199,15,0.687406742414157,0.687406742414157
199,16,0.676358706589703,0.676358706589703
199,17,0.664704763525407,0.664704763525407
199,18,0.65250180716991,0.65250180716991
199,19,0.639807273223769,0.639807273223769
199,20,0.626678410984059,0.626678410984059
199,21,0.613171679658376,0.613171679658376
199,22,0.599342253593624,0.599342253593624
199,23,0.585243622546984,0.585243622546984
199,24,0.570927274641556,0.570927274641556
199,25,0.556442451012894,0.556442451012894
199,26,0.541835962379383,0.541835962379383
199,27,0.527152058871955,0.527152058871955
199,28,0.51243234544893,0.51243234544893
199,29,0.497715736110399,0.497715736110399
199,30,0.483038440923346,0.483038440923346
199,31,0.468433980582461,0.468433980582461
199,32,0.453933223870362,0.453933223870362
199,33,0.43956444395201,0.43956444395201
199,34,0.425353389948146,0.425353389948146
199,35,0.411323370687472,0.411323370687472
199,36,0.39749534794272,0.39749534794272
200,0,0.768230335402112,0.786324997334377
200,1,0.768160750854278,0.786253773813424
200,2,0.767707174824608,0.785789514392928
200,3,0.76657052986722,0.784626097248485
200,4,0.764530864472206,0.782538390199715
200,5,0.761434306597918,0.77936889695005
200,6,0.757181781876445,0.775016209564272
200,7,0.751719282981443,0.769425048644021
200,8,0.745029500685718,0.76257769726587
200,9,0.73712464860103,0.754486656717247
200,10,0.728040332749953,0.745188371674072
200,11,0.717830334207925,0.734737889954755
200,12,0.706562188287649,0.723204337578062
200,13,0.694313457310883,0.710667103744913
200,14,0.68116860609803,0.69721264273421
200,15,0.667216400059804,0.682931810709951
200,16,0.652547755337934,0.667917665224814
200,17,0.637253978939215,0.652263663902853
200,18,0.621425344352308,0.636062206506822
200,19,0.605149954831132,0.619403471447686
200,20,0.588512852463411,0.602374503868447
200,21,0.571595336399748,0.585058517814992
200,22,0.554474458270654,0.567534379768328
200,23,0.537222666931923,0.549876245022399
200,24,0.519907578311488,0.532153322109987
200,25,0.502591849335943,0.514429743759737
200,26,0.48533313773957,0.496764525758537
200,27,0.468184132045004,0.479211597638341
200,28,0.451192638190435,0.461819891343761
200,29,0.434401711197098,0.444633476000806
200,30,0.417849821952954,0.427691728628949
200,31,0.401571050660768,0.411029532145605
200,32,0.385595299785198,0.394677493328924
200,33,0.369948520455607,0.378662174553218
200,34,0.35465294725791,0.363006334111026
200,35,0.339727337197212,0.347729170804205
200,36,0.325187209348078,0.332846569238846
201,0,0.767568696015065,0.787348831179371
201,1,0.767472436597027,0.787250091169942
201,2,0.766850197821326,0.786611817390271
201,3,0.765305420421559,0.785027231298559
201,4,0.762559830787768,0.782210888213847
201,5,0.758431667348734,0.777976342595305
201,6,0.75281718797033,0.772217178888893
201,7,0.745675016471011,0.764890954654807
201,8,0.73701294171542,0.756005659475614
201,9,0.726876831514535,0.745608343169197
201,10,0.715341366492067,0.733775610868227
201,11,0.702502336843614,0.720605721267899
201,12,0.688470278114231,0.706212058398402
201,13,0.673365251281518,0.690717777191504
201,14,0.65731259802535,0.674251449364185
201,15,0.640439524509281,0.656943559164583
201,16,0.622872386662624,0.638923718696179
201,17,0.604734567164222,0.620318490191747
201,18,0.586144849379875,0.60124971804738
201,19,0.567216206652644,0.581833286912981
201,20,0.548054936816922,0.562178233902882
201,21,0.528760081804902,0.54238615324566
201,22,0.509423080916389,0.522550840618754
201,23,0.490127613887405,0.502758132172978
201,24,0.470949596459266,0.483085899987409
201,25,0.451957296840577,0.463604171532592
201,26,0.433211546378712,0.444375345770996
201,27,0.414766022010438,0.425454482886345
201,28,0.396667581727857,0.406889648394476
201,29,0.378956637450157,0.388722295623934
201,30,0.361667552399175,0.370987673331854
201,31,0.344829052395044,0.353715247598632
201,32,0.328464642467833,0.336929129175589
201,33,0.312593021866456,0.3206484991886
201,34,0.297228491976275,0.304888027567677
201,35,0.282381352865818,0.289658279812635
201,36,0.268058285200884,0.274966108749073
202,0,0.762747253642115,0.784995405827606
202,1,0.762686072386452,0.784932440009783
202,2,0.762286120519755,0.784520822168604
202,3,0.761280608982977,0.783485981422723
202,4,0.759470270708603,0.7816228383939
202,5,0.756712675338402,0.77878480825167
202,6,0.752912932085737,0.774874232392598
202,7,0.748015619386204,0.769834072691364
202,8,0.741997797435388,0.763640720225101
202,9,0.734862975372172,0.756297786488823
202,10,0.726635918908193,0.747830759571493
202,11,0.717358196789488,0.738282420714876
202,12,0.707084375750314,0.72770892828008
202,13,0.695878783712895,0.716176486534862
202,14,0.683812770018713,0.70375852597013
202,15,0.670962399554096,0.69053333016675
202,16,0.657406524851623,0.676582051663152
202,17,0.643225186696483,0.661987065909855
202,18,0.628498299521827,0.646830618319851
202,19,0.613304583010304,0.631193724706611
202,20,0.597720705894087,0.615155290110094
202,21,0.581820612020423,0.598791415204672
202,22,0.565675002375825,0.582174863214774
202,23,0.549350949986166,0.565374663582219
202,24,0.532911627474158,0.548455831576958
202,25,0.516416129597735,0.531479185659192
202,26,0.499919375346826,0.514501246720448
202,27,0.483472076172297,0.497574205385815
202,28,0.467120758687127,0.480745945377277
202,29,0.450907831740682,0.464060112544441
202,30,0.434871689144503,0.447556220586668
202,31,0.419046840542187,0.431269785740239
202,32,0.403464063984625,0.415232483803962
202,33,0.3881505747109,0.399472323843157
202,34,0.373130205459126,0.384013833759876
202,35,0.358423594353006,0.368878253659821
202,36,0.344048377040602,0.354083733595504
203,0,0.763729529631824,0.786605953855283
203,1,0.763699557357867,0.786575083804786
203,2,0.76350071931158,0.786370289849605
203,3,0.762992507154838,0.785846854925585
203,4,0.762061920062432,0.784888393429641
203,5,0.760620043571155,0.783403327593166
203,6,0.758598978968322,0.781321724894786
203,7,0.755949091039328,0.778592463368129
203,8,0.752636544744953,0.775180694493836
203,9,0.748641103926629,0.771065575968191
203,10,0.743954167459101,0.766238249031551
203,11,0.738577020401202,0.760700037234847
203,12,0.732519279651683,0.754460845537256
203,13,0.72579751541201,0.747537740476899
203,14,0.718434031404644,0.739953693852298
203,15,0.710455788305097,0.731736473907386
203,16,0.701893456230164,0.722917669438381
203,17,0.692780583392963,0.713531833547076
203,18,0.683152869197193,0.703615734961676
203,19,0.673047531106779,0.693207705941937
203,20,0.662502755600823,0.682347076788248
203,21,0.651557224414605,0.671073687891869
203,22,0.640249708082211,0.659427471102708
203,23,0.628618719541179,0.647448092958184
203,24,0.616702221240151,0.63517465301772
203,25,0.604537379812199,0.62264543118765
203,26,0.592160362943914,0.609897678505815
203,27,0.579606173588185,0.596967446388427
203,28,0.566908517140781,0.583889449828111
203,29,0.554099697631268,0.570696960475372
203,30,0.541210539370858,0.557421725939515
203,31,0.52827033085674,0.544093912012717
203,32,0.515306788057242,0.530742064855441
203,33,0.502346034497447,0.517393090485547
203,34,0.489412595833232,0.50407224918981
203,35,0.476529406845368,0.49080316272751
203,36,0.463717829006353,0.477607832423459
204,0,0.765241325523077,0.772646350665597
204,1,0.765187364992837,0.772591867974478
204,2,0.76483358218694,0.772234661711842
204,3,0.763941218460134,0.771333662832159
204,4,0.762329181788795,0.769706026935213
204,5,0.759865309512504,0.767218312459676
204,6,0.756458718617213,0.763778756942129
204,7,0.752053122405992,0.759330529015104
204,8,0.746621004965697,0.753845846501699
204,9,0.740158556161615,0.747320862397601
204,10,0.732681280094981,0.739771230832872
204,11,0.724220199146772,0.731228274383348
204,12,0.714818584002597,0.721735682452895
204,13,0.704529147495417,0.711346677961738
204,14,0.693411646795306,0.700121596333284
204,15,0.681530844490573,0.6881258268452
204,16,0.668954784508069,0.675428071866283
204,17,0.655753343671691,0.662098884398809
204,18,0.64199702405093,0.648209448740973
204,19,0.627755955154465,0.633830573024989
204,20,0.613099078521546,0.619031865917998
204,21,0.598093490396167,0.603881072935484
204,22,0.582803920972033,0.588443550647034
204,23,0.567292331202777,0.572781859585009
204,24,0.551617610411485,0.556955458927915
204,25,0.535835359932996,0.541020488049075
204,26,0.519997749806,0.525029621821975
204,27,0.504153437121406,0.509031988178513
204,28,0.488347536048648,0.493073137845253
204,29,0.472621630820278,0.477195057453675
204,30,0.457013824073572,0.461436218349562
204,31,0.441558813940315,0.445831654428764
204,32,0.426287994155695,0.430413063214818
204,33,0.411229572235972,0.415208925180187
204,34,0.396408701463039,0.400244637008
204,35,0.38184762302167,0.385542655104724
204,36,0.367565815170812,0.371122646214941
205,0,0.773140945806849,0.782622049958197
205,1,0.773089872836885,0.782570350675333
205,2,0.772754541415978,0.782230907051931
205,3,0.771907357394146,0.781373333928357
205,4,0.770374414549055,0.779821592453015
205,5,0.768027537300329,0.777445935215665
205,6,0.764777292649578,0.77415583249218
205,7,0.76056686567314,0.769893772631852
205,8,0.755366703618928,0.764629840474263
205,9,0.749169843348205,0.758356987491012
205,10,0.741987845613744,0.751086916205532
205,11,0.733847267565324,0.742846509440565
205,12,0.724786612001308,0.733674742158113
205,13,0.714853698313663,0.723620020164092
205,14,0.704103405868944,0.712737895816175
205,15,0.692595745789311,0.701089116158871
205,16,0.680394221799882,0.688737963669778
205,17,0.667564445040996,0.675750854085165
205,18,0.654172971551193,0.662195159626876
205,19,0.640286334549397,0.648138229417301
205,20,0.625970246720094,0.6336465819821
205,21,0.611288950466549,0.618785247535505
205,22,0.596304696574814,0.603617240251134
205,23,0.581077333952943,0.588203142970141
205,24,0.565663995100552,0.572600788813655
205,25,0.550118863746114,0.55686502597059
205,26,0.534493012683892,0.541047553545954
205,27,0.518834301267606,0.525196817797469
205,28,0.503187323290702,0.509357959376698
205,29,0.487593397118717,0.493572803340396
205,30,0.472090590951344,0.477879884722365
205,31,0.456713776993057,0.462314503368385
205,32,0.441494709112641,0.446908802548085
205,33,0.426462119283962,0.431691866578379
205,34,0.411641828732021,0.41668983333251
205,35,0.39705687026794,0.401926018075252
205,36,0.382727618791712,0.387421045566018
206,0,0.762664414531215,0.791441769895116
206,1,0.76258594606325,0.791360340603301
206,2,0.762076073186116,0.790831228867377
206,3,0.760802866483616,0.789509980692073
206,4,0.758526416775665,0.78714763448631
206,5,0.755082994504034,0.783574282740469
206,6,0.750371444306093,0.778684953231238
206,7,0.744341532737064,0.772427517072456
206,8,0.736984000212014,0.764792365290442
206,9,0.728322097654161,0.755803626127544
206,10,0.718404414453233,0.745511722380302
206,11,0.707298827512474,0.733987092127925
206,12,0.695087421713902,0.721314917533192
206,13,0.681862250343623,0.707590725297353
206,14,0.667721820147541,0.692916739087646
206,15,0.65276819996072,0.677398879067559
206,16,0.637104664474949,0.661144316757485
206,17,0.620833795861018,0.64425950502616
206,18,0.604055975807729,0.6268486132303
206,19,0.586868209224165,0.609012306532024
206,20,0.569363228505108,0.590846816365833
206,21,0.551628833997612,0.57244325601923
206,22,0.533747432232976,0.553887141440962
206,23,0.515795738694852,0.535258082793772
206,24,0.497844616463188,0.516629617009952
206,25,0.479959026078192,0.498069155763544
206,26,0.462198065473797,0.479638026910601
206,27,0.444615081894071,0.461391590628493
206,28,0.427257840380234,0.443379414260395
206,29,0.410168735746356,0.42564549228939
206,30,0.393385036988973,0.408228499970304
206,31,0.37693915483607,0.391162070974033
206,32,0.360858924666182,0.374475090981922
206,33,0.34516789834717,0.358192000536405
206,34,0.329885639681845,0.342333101634566
206,35,0.315028019126265,0.326914863566955
206,36,0.300607504286096,0.311950224375132
207,0,0.776697025300789,0.792339453073992
207,1,0.77657328155066,0.792213217164616
207,2,0.77577877525918,0.791402709772481
207,3,0.77382125469598,0.789405765376014
207,4,0.770369052999375,0.785884037449827
207,5,0.765219027411677,0.780630292006558
207,6,0.758269729172234,0.773541037140215
207,7,0.749499041835794,0.764593710987464
207,8,0.738945629068622,0.753827755888347
207,9,0.726693622958754,0.741328998324041
207,10,0.712860062209334,0.727216834119451
207,11,0.697584657715983,0.71163378790261
207,12,0.681021522236165,0.694737076212247
207,13,0.663332552261309,0.676691856082955
207,14,0.64468219478565,0.657665886418432
207,15,0.625233370293646,0.637825368869187
207,16,0.605144356718975,0.617331769035473
207,17,0.584566468027714,0.596339448297876
207,18,0.563642386029503,0.5749939620317
207,19,0.542505025534283,0.553430901908321
207,20,0.521276831495803,0.531775178883395
207,21,0.50006942270814,0.510140659717539
207,22,0.478983510290191,0.488630083819126
207,23,0.458109030904833,0.46733519914644
207,24,0.43752544467542,0.446337066124109
207,25,0.417302156310665,0.425706487249314
207,26,0.397499025228587,0.405504527489457
207,27,0.378166936654468,0.385783096881862
207,28,0.359348410907603,0.366585572091348
207,29,0.341078232518245,0.3479474381974
207,30,0.323384084543864,0.329896935785339
207,31,0.306287176581486,0.312455701606645
207,32,0.289802857586758,0.295639393739981
207,33,0.273941206784641,0.279458294402652
207,34,0.258707597756063,0.263917885397773
207,35,0.244103232265001,0.249019392692463
207,36,0.230125641599541,0.234760297855742
208,0,0.766802623783854,0.79515796439295
208,1,0.7667221216769,0.795074485425209
208,2,0.766199302656365,0.794532333253033
208,3,0.764894518702929,0.793179300125334
208,4,0.762562983785865,0.790761548149714
208,5,0.759038332201886,0.78710655964057
208,6,0.754218512502276,0.782108509422418
208,7,0.748053720334382,0.775715751443918
208,8,0.740536108583756,0.767920148414776
208,9,0.731691044324585,0.758748005449822
208,10,0.721569709694664,0.748252397334198
208,11,0.710242868288586,0.736506704406056
208,12,0.6977956403502,0.723599194542588
208,13,0.684323149247899,0.70962850864777
208,14,0.669926918706819,0.694699924658985
208,15,0.654711915294214,0.678922290667466
208,16,0.638784143926194,0.662405531510052
208,17,0.622248715879876,0.645258645339012
208,18,0.605208319128771,0.627588117392467
208,19,0.587762029925626,0.609496687631144
208,20,0.570004412574372,0.591082417221094
208,21,0.552024861384413,0.57243800615432
208,22,0.533907144996163,0.553650320724086
208,23,0.515729118704357,0.534800095210318
208,24,0.497562575172264,0.515961777073437
208,25,0.479473208103256,0.497203489282545
208,26,0.461520667085018,0.478587087187699
208,27,0.443758685007557,0.460168290649675
208,28,0.426235262233444,0.441996875020575
208,29,0.408992894115937,0.42411690707527
208,30,0.39206883056064,0.406567014171304
208,31,0.375495358147406,0.389380676803287
208,32,0.359300096904976,0.372586536351869
208,33,0.34350630519137,0.356208711238196
208,34,0.328133187304784,0.340267115909856
208,35,0.313196199456196,0.324777778127943
208,36,0.298707350596707,0.309753150918587
209,0,0.757367162596934,0.790850094376492
209,1,0.757287865313177,0.790767291388139
209,2,0.75677283557698,0.790229492371238
209,3,0.755487391938829,0.788887219728915
209,4,0.753190234959346,0.786488506259754
209,5,0.74971727683211,0.782862009894012
209,6,0.744967766001542,0.777902524885819
209,7,0.738892415517291,0.771558585326351
209,8,0.731483278256316,0.763821892753098
209,9,0.722765142673475,0.75471833150965
209,10,0.71278824982819,0.744300363794727
209,11,0.701622156452263,0.732640621418403
209,12,0.689350590106208,0.719826533506738
209,13,0.676067161317578,0.705955849075279
209,14,0.66187181427186,0.69113293080626
209,15,0.646867912373426,0.675465711763246
209,16,0.631159868024228,0.65906322038319
209,17,0.614851237471986,0.642033591098542
209,18,0.598043211727703,0.624482488538762
209,19,0.580833443496358,0.60651188260004
209,20,0.563315157940078,0.58821911989563
209,21,0.54557650202072,0.569696244333091
209,22,0.527700093256423,0.551029525921534
209,23,0.509762734070157,0.532299162491619
209,24,0.491835262593129,0.513579123903038
209,25,0.473982514888151,0.494937112597782
209,26,0.456263377145347,0.476434618103412
209,27,0.438730909535189,0.458127046361586
209,28,0.421432526135098,0.440063907609156
209,29,0.404410217723436,0.422289049021799
209,30,0.387700806300617,0.404840920487415
209,31,0.371336221988895,0.387752863747563
209,32,0.35534379451315,0.371053416764498
209,33,0.339746552804183,0.354766626569827
209,34,0.324563527419653,0.338912365055368
209,35,0.309810051468863,0.323506643201707
209,36,0.295498056576471,0.308561920126372
210,0,0.762595099192078,0.783640708282146
210,1,0.762496039824016,0.783538915137353
210,2,0.761856315910571,0.782881536534779
210,3,0.760269839488475,0.781251277556717
210,4,0.75745324580297,0.778356953330151
210,5,0.753223031882197,0.774009996686223
210,6,0.74747618050441,0.768104547400157
210,7,0.740173794664263,0.760600635012069
210,8,0.731327327828111,0.751510029073713
210,9,0.720987048202272,0.740884385061036
210,10,0.709232421763438,0.728805362001644
210,11,0.69616413966335,0.715376429856927
210,12,0.681897551482375,0.700716121550785
210,13,0.666557297255612,0.684952516853844
210,14,0.650272958750822,0.668218773648151
210,15,0.633175574600643,0.650649546886253
210,16,0.615394884990322,0.632378157239587
210,17,0.597057190037741,0.613534390375458
210,18,0.578283722094553,0.594242824337991
210,19,0.559189446228329,0.574621596926755
210,20,0.53988221536564,0.554781537524021
210,21,0.520462217205718,0.53482559874471
210,22,0.501021659248625,0.51484853277217
210,23,0.481644646292827,0.494936765475001
210,24,0.462407211696328,0.475168428530922
210,25,0.443377469697034,0.45561351595077
210,26,0.424615861269435,0.436334136720177
210,27,0.406175470459943,0.417384839864927
210,28,0.38810239198351,0.398812992192269
210,29,0.370436134159811,0.380659192347076
210,30,0.3532100440888,0.362957707721118
210,31,0.336451744374788,0.345736923229576
210,32,0.320183572759694,0.329019793077004
210,33,0.304423017767319,0.312824288424234
210,34,0.289183144933223,0.297163835381075
210,35,0.2744730094354,0.282047739024499
210,36,0.260298051981417,0.267481590211221
211,0,0.762190632710254,0.791091384318756
211,1,0.762075187689795,0.790971561852921
211,2,0.76133286806192,0.790201094942386
211,3,0.759500889927024,0.788299651843272
211,4,0.756264596077849,0.784940644173363
211,5,0.751428386070062,0.779921054708833
211,6,0.744891310058078,0.773136105786897
211,7,0.736626657988417,0.764558074562014
211,8,0.726664964825924,0.754218653824118
211,9,0.715079930287242,0.7421943378364
211,10,0.701976819447531,0.728594383116135
211,11,0.687482969783999,0.713550955524196
211,12,0.671740081792439,0.697211128557111
211,13,0.654898015202398,0.679730444327069
211,14,0.637109851851833,0.661267789230603
211,15,0.618528020192675,0.641981371503123
211,16,0.599301305826281,0.622025618399826
211,17,0.579572597976396,0.60154883721939
211,18,0.559477243892649,0.580691507309735
211,19,0.539141902275056,0.559585090016658
211,20,0.518683803301577,0.538351260653116
211,21,0.498210337061622,0.517101481326943
211,22,0.477818904442401,0.49593684617311
211,23,0.45759697503959,0.474948141460246
211,24,0.437622305694344,0.454216072414146
211,25,0.417963280992586,0.433811616628106
211,26,0.398679343672016,0.413796470790115
211,27,0.379821488518333,0.394223563306639
211,28,0.361432798126146,0.375137610378517
211,29,0.343549002966797,0.356575697305438
211,30,0.326199051644881,0.338567870365461
211,31,0.309405680124741,0.32113772762544
211,32,0.293185971143341,0.30430299956572
211,33,0.277551897062687,0.288076112516443
211,34,0.262510841110429,0.272464729662554
211,35,0.248066093361117,0.257472265831681
211,36,0.234217318965713,0.243098373477978
212,0,0.771183238906128,0.784696949564049
212,1,0.771110183409649,0.784622613890834
212,2,0.77063450353104,0.784138598509168
212,3,0.769443930202542,0.7829271623524
212,4,0.767310178052203,0.780756019725037
212,5,0.764074886465877,0.777464035005113
212,6,0.759637490787729,0.772948881307543
212,7,0.753944786650922,0.767156421946964
212,8,0.746981977509847,0.760071601092782
212,9,0.738765019583293,0.751710654570125
212,10,0.729334099922263,0.742114473641594
212,11,0.71874810246318,0.731342974087198
212,12,0.707079933965267,0.719470340236521
212,13,0.694412596882949,0.706581029024709
212,14,0.68083590969028,0.692766432846005
212,15,0.666443787134141,0.678122112147888
212,16,0.651332003507446,0.662745519509334
212,17,0.635596371447084,0.646734146525214
212,18,0.619331277103396,0.630184033307028
212,19,0.602628519914468,0.613188587926173
212,20,0.585576411753478,0.595837669775325
212,21,0.568259095993517,0.578216896701012
212,22,0.550756052135292,0.560407140950723
212,23,0.533141756143019,0.542484183556758
212,24,0.515485470599548,0.524518500814164
212,25,0.497851142282652,0.506575160062221
212,26,0.480297387833741,0.488713805102024
212,27,0.46287755088549,0.470988714325175
212,28,0.445639816378446,0.453448917033602
212,29,0.428627369866379,0.436138355536472
212,30,0.411878591419714,0.41909608245146
212,31,0.395427275315926,0.402356484244855
212,32,0.379302868081997,0.385949523445319
212,33,0.363530718650843,0.369900993183886
212,34,0.348132335432154,0.35423277876955
212,35,0.333125645997265,0.338963121924679
212,36,0.318525255854173,0.32410688409464
213,0,0.767060818893155,0.789751289055096
213,1,0.766972991108064,0.789660863231248
213,2,0.766403875045602,0.789074912113838
213,3,0.764987123355573,0.787616251410654
213,4,0.76246203711421,0.785016470448085
213,5,0.758654708872406,0.781096517410776
213,6,0.753461922657471,0.77575012308842
213,7,0.746837450577004,0.768929692118673
213,8,0.738780429489159,0.760634335827041
213,9,0.729325539954869,0.750899760662123
213,10,0.718534743938125,0.739789761488327
213,11,0.706490367973216,0.727389100145884
213,12,0.693289345221066,0.713797577181121
213,13,0.679038453390125,0.699125128900018
213,14,0.663850406256593,0.683487803271466
213,15,0.647840674801129,0.667004487029837
213,16,0.631124930066841,0.649794272890013
213,17,0.61381701398746,0.631974370350509
213,18,0.596027356858563,0.61365847635182
213,19,0.577861771027213,0.594955533282128
213,20,0.559420559933013,0.575968811662847
213,21,0.540797890003142,0.55679526346365
213,22,0.522081380224823,0.537525099534056
213,23,0.503351870614436,0.518241551223614
213,24,0.484683336382839,0.499020782008147
213,25,0.466142919458653,0.479931919945523
213,26,0.447791053261445,0.461037186139767
213,27,0.429681660291276,0.442392098175512
213,28,0.411862405287476,0.424045730765482
213,29,0.394374989467602,0.406041018693346
213,30,0.377255473740081,0.388415089587336
213,31,0.360534620837782,0.37119961617449
213,32,0.344238248085894,0.354421179483776
213,33,0.328387584032329,0.338101636026002
213,34,0.312999623464569,0.322258483312436
213,35,0.298087476441507,0.306905219211376
213,36,0.283660707907433,0.292051691608278
214,0,0.766133132948658,0.790817603478104
214,1,0.766024626287402,0.790705600780237
214,2,0.765325578493604,0.789984029975851
214,3,0.763596665172821,0.788199411832918
214,4,0.760535684231596,0.785039807440252
214,5,0.755951251926952,0.780307666755364
214,6,0.749740625913409,0.773896937119869
214,7,0.741871076736681,0.765773834550946
214,8,0.732364304652003,0.755960758476449
214,9,0.721283464726955,0.744522898792291
214,10,0.708722421039134,0.731557143835114
214,11,0.694796901384181,0.717182950098926
214,12,0.679637268141153,0.70153488018095
214,13,0.663382659569651,0.684756555313944
214,14,0.646176289516504,0.666995803631509
214,15,0.6281617228889,0.648400815638614
214,16,0.609479969835141,0.629117144768145
214,17,0.590267263830325,0.609285413877482
214,18,0.570653408203617,0.58903960850162
214,19,0.550760592428841,0.568505855005157
214,20,0.530702594049889,0.547801596794107
214,21,0.510584294707818,0.527035094749588
214,22,0.490501449624357,0.506305189284204
214,23,0.470540659294103,0.485701271122164
214,24,0.450779500235482,0.465303416262994
214,25,0.431286778616209,0.445182647778684
214,26,0.412122876549202,0.425401293267111
214,27,0.393340165978643,0.406013412073324
214,28,0.374983469455804,0.387065270911363
214,29,0.35709055083928,0.368595850374637
214,30,0.339692622130662,0.350637368101617
214,31,0.322814855350061,0.333215807143762
214,32,0.306476890632119,0.316351440432162
214,33,0.290693333639806,0.300059344217786
214,34,0.275474237000474,0.28434989501919
214,35,0.260825561810031,0.269229245996155
214,36,0.246749616364664,0.254699779817148
215,0,0.769181113160626,0.812109637219613
215,1,0.769050997643995,0.811972259866997
215,2,0.768217071144533,0.81109179135918
215,3,0.766166540575481,0.80892681927647
215,4,0.762557727205621,0.805116595563946
215,5,0.757185200704939,0.799444224684357
215,6,0.749950715815273,0.791805978244483
215,7,0.740839089225248,0.782185825541955
215,8,0.729898273406407,0.770634395308553
215,9,0.717222987694015,0.757251693230433
215,10,0.702941356750741,0.742172994695327
215,11,0.687204084470598,0.725557414484655
215,12,0.67017575888634,0.707578726401864
215,13,0.652027942069998,0.688418067515575
215,14,0.632933749531863,0.66825821503112
215,15,0.613063667251076,0.647279169866755
215,16,0.592582392106237,0.625654820746528
215,17,0.57164651389996,0.603550496857047
215,18,0.550402885071519,0.581121246572673
215,19,0.528987548164409,0.558510705064308
215,20,0.507525111682706,0.535850435321874
215,21,0.486128482586987,0.513259645720651
215,22,0.464898878744311,0.490845203166091
215,23,0.443926057503279,0.468701874425815
215,24,0.423288707515837,0.446912739819262
215,25,0.403054960234231,0.425549733261628
215,26,0.383282985402286,0.404674270989932
215,27,0.364021641532877,0.384337938344071
215,28,0.34531115798983,0.364583209916184
215,29,0.327183830021492,0.345444183374521
215,30,0.309664712053862,0.326947311449731
215,31,0.292772297855101,0.309112120059827
215,32,0.276519178927001,0.291951903446928
215,33,0.260912674745842,0.275474389592294
215,34,0.245955430336944,0.259682371141916
215,35,0.231645978185962,0.244574298678468
215,36,0.21797926271883,0.23014483447284
216,0,0.767412337313193,0.798379876119489
216,1,0.767273344432259,0.798235274431888
216,2,0.76638437350899,0.79731043069263
216,3,0.764203595893344,0.795041651735128
216,4,0.760374729052664,0.791058277888621
216,5,0.754688341531123,0.785142426469149
216,6,0.747049745483196,0.777195588674199
216,7,0.737452475451126,0.767211038144146
216,8,0.725956493559602,0.75525115666692
216,9,0.712670383801814,0.741428909946637
216,10,0.697736904046976,0.725892816588478
216,11,0.681321355958954,0.708814848706396
216,12,0.663602312056712,0.690380784790827
216,13,0.644764307310132,0.670782606387063
216,14,0.62499216138189,0.650212591221456
216,15,0.6044666481471,0.628858807972344
216,16,0.583361272537544,0.606901763049653
216,17,0.561839952016799,0.584511988510144
216,18,0.540055431924027,0.561848393455258
216,19,0.518148291248495,0.539057229685466
216,20,0.496246418740968,0.516271546671085
216,21,0.474464859177225,0.493611031612029
216,22,0.452905946536765,0.471182147990711
216,23,0.43165965525766,0.449078501001143
216,24,0.410804112933174,0.427381370934503
216,25,0.390406228136672,0.40616036633879
216,26,0.370522395766327,0.385474157826431
216,27,0.351199249621968,0.365371261020023
216,28,0.332474438063735,0.345890843511278
216,29,0.314377403728919,0.327063536041938
216,30,0.296930152548992,0.308912232553092
216,31,0.280148000842016,0.291452867425156
216,32,0.264040292167231,0.274695161259826
216,33,0.248611078013877,0.258643329036873
216,34,0.23385975833708,0.243296746497695
216,35,0.219781679519972,0.228650572237122
216,36,0.20636868859328,0.21469632428753
217,0,0.76912964304366,0.771377785752126
217,1,0.7690820354187,0.771330038971517
217,2,0.768769019443853,0.771016108060432
217,3,0.767976973090949,0.770221746579969
217,4,0.76654149741362,0.768782075050606
217,5,0.764340279330508,0.766574422873544
217,6,0.761286805169709,0.763512023500029
217,7,0.757324834187817,0.759538471796662
217,8,0.752423550295443,0.754622861599557
217,9,0.746573318387593,0.748755529640596
217,10,0.739781979069427,0.741944339442793
217,11,0.732071622256331,0.73421144548969
217,12,0.723475786176313,0.725590484040521
217,13,0.714037033771178,0.716124142447284
217,14,0.70380486343429,0.705862063785652
217,15,0.692833915485535,0.694859048087515
217,16,0.68118243981286,0.683173515503481
217,17,0.668910993744743,0.670866200369271
217,18,0.656081342495911,0.657999048437469
217,19,0.642755537483021,0.644634292499145
217,20,0.628995150468188,0.630833684288818
217,21,0.614860643883962,0.616657862968901
217,22,0.60041085984858,0.602165842651362
217,23,0.585702612318086,0.587414603357726
217,24,0.570790368562861,0.572458771564557
217,25,0.555726007719103,0.5573503780492
217,26,0.540558645568069,0.542138682156859
217,27,0.52533451595282,0.52687005287072
217,28,0.510096900368059,0.511587898195988
217,29,0.494886098266136,0.496332635379093
217,30,0.479739431522992,0.481141695386693
217,31,0.464691277312386,0.466049555875989
217,32,0.449773124354522,0.451087797607759
217,33,0.435013648144995,0.436285179895208
217,34,0.420438801339547,0.421667731252906
217,35,0.406071915976481,0.407258851917998
217,36,0.391933814668272,0.393079425366828
218,0,0.752516583039655,0.781413290072552
218,1,0.752459536958276,0.781354053416322
218,2,0.752086132667784,0.78096631036622
218,3,0.751145995007833,0.779990071332369
218,4,0.749450828959411,0.778229810749451
218,5,0.74686478109545,0.775544458406118
218,6,0.743296029934184,0.771838666867132
218,7,0.738689464985369,0.767055209394279
218,8,0.733020329167936,0.761168378232267
218,9,0.726288712662809,0.754178267024976
218,10,0.718514798292746,0.746105833617442
218,11,0.709734769324548,0.736988650717287
218,12,0.699997300287648,0.726877261960419
218,13,0.689360560105507,0.715832069962391
218,14,0.677889664640394,0.703920691040658
218,15,0.665654522746989,0.691215718556449
218,16,0.652728026195976,0.677792843331245
218,17,0.639184539437991,0.663729285417527
218,18,0.62509865019663,0.649102496714441
218,19,0.610544146365906,0.633989098578017
218,20,0.59559318869614,0.618464022738124
218,21,0.58031565233113,0.602599827550606
218,22,0.564778613452201,0.586466164928411
218,23,0.549045960130765,0.570129376250857
218,24,0.533178109025862,0.55365219818233
218,25,0.517231811818811,0.53709356167401
218,26,0.50126003728248,0.520508469504588
218,27,0.485311916663777,0.503947939565438
218,28,0.469432741638228,0.487459002736655
218,29,0.453664005496029,0.471084745654652
218,30,0.438043479458703,0.454864389959385
218,31,0.422605317121618,0.43883340074747
218,32,0.407380180985352,0.42302361796237
218,33,0.392395385892217,0.407463405338893
218,34,0.377675054935356,0.39217781229921
218,35,0.363240284068041,0.377188744883166
218,36,0.349109312219977,0.362515142397071
219,0,0.758854621351775,0.794689707364972
219,1,0.758794853498778,0.794627117118736
219,2,0.75840397609693,0.79421778147084
219,3,0.757420812460602,0.793188190294267
219,4,0.755649849910456,0.791333598293202
219,5,0.752950912380474,0.788507209923745
219,6,0.749230166568673,0.7846107608317
219,7,0.744432307552519,0.779586334452464
219,8,0.738533786358133,0.77340926976845
219,9,0.731536956846445,0.766082031796016
219,10,0.723465032626441,0.757628930351051
219,11,0.71435775667634,0.74809158517842
219,12,0.704267697084409,0.737525046768041
219,13,0.693257091935457,0.725994492248725
219,14,0.681395174978187,0.713572424766591
219,15,0.668755921413246,0.700336312823381
219,16,0.655416160032824,0.68636661326638
219,17,0.641454004102083,0.671745128071996
219,18,0.626947558874627,0.656553650826753
219,19,0.611973868545427,0.640872863952597
219,20,0.596608069825425,0.624781452311095
219,21,0.58092272322675,0.608355402910203
219,22,0.564987296625132,0.591667464079156
219,23,0.548867778760781,0.574786740717853
219,24,0.532626403090534,0.557778405108587
219,25,0.516321464848223,0.540703505337529
219,26,0.500007216339233,0.52361885564482
219,27,0.483733827418087,0.506576995035808
219,28,0.467547399800687,0.489626202269148
219,29,0.451490025369045,0.472810556914837
219,30,0.435599879956944,0.456170037568674
219,31,0.419911345278978,0.439740649539108
219,32,0.404455152699756,0.423554575405595
219,33,0.389258543450032,0.407640342800553
219,34,0.374345440695722,0.392023004603923
219,35,0.359736629566529,0.376724327473212
219,36,0.345449941864155,0.361762985274109
220,0,0.74715647182263,0.765409451706747
220,1,0.74711710521927,0.765369123380044
220,2,0.746857410436355,0.765103084271908
220,3,0.746197829545947,0.76442738986689
220,4,0.744997851808662,0.763198096758159
220,5,0.74315065109823,0.761305769064717
220,6,0.740578329256789,0.758670605582204
220,7,0.737227704069579,0.755238124858105
220,8,0.733066586323599,0.750975351299216
220,9,0.728080495673226,0.745867450806093
220,10,0.722269769821401,0.739914769331738
220,11,0.715647025878681,0.733130232221826
220,12,0.708234936721765,0.725537066249835
220,13,0.70006428877229,0.71716680994751
220,14,0.691172290887256,0.708057581181602
220,15,0.681601107023082,0.698252573971009
220,16,0.6713965880324,0.687798759301459
220,17,0.660607180400339,0.676745767202292
220,18,0.649282991947239,0.665144929624365
220,19,0.637474996537729,0.653048465720222
220,20,0.625234361660171,0.640508792996357
220,21,0.612611884392676,0.627577949499913
220,22,0.599657522767418,0.614307113734264
220,23,0.586420010898084,0.600746210384056
220,24,0.572946547458702,0.586943591183595
220,25,0.559282548207645,0.572945781395024
220,26,0.545471454248918,0.558797283385454
220,27,0.531554588623844,0.544540429715191
220,28,0.517571054638702,0.53021527898153
220,29,0.503557670066096,0.515859548412659
220,30,0.489548932017069,0.501508577881609
220,31,0.475577007874182,0.48719532061783
220,32,0.461671748208999,0.47295035644024
220,33,0.447860718086304,0.458801923826212
220,34,0.434169243587137,0.444775967571159
220,35,0.420620470767866,0.430896199187972
220,36,0.407235434617473,0.417184167548929
221,0,0.771732823069476,0.799351784357222
221,1,0.771620329281667,0.799235264614474
221,2,0.77089618800698,0.798485207596365
221,3,0.769106858304371,0.796631840928747
221,4,0.765941894061071,0.793353608178135
221,5,0.76120622470032,0.788448457534696
221,6,0.754796826731528,0.781809678478194
221,7,0.746683164740704,0.77340564278584
221,8,0.736890862203136,0.763262890952067
221,9,0.725488134054121,0.751452079204807
221,10,0.712574575509401,0.738076367097517
221,11,0.698271956273147,0.72326188225805
221,12,0.682716716968329,0.707149948279456
221,13,0.666053906219456,0.689890804821566
221,14,0.648432333058356,0.671638586529901
221,15,0.630000740868563,0.652547360052251
221,16,0.610904836513398,0.63276804684447
221,17,0.591285032118145,0.612446084135009
221,18,0.571274777647714,0.591719697828461
221,19,0.550999380333722,0.570718679682013
221,20,0.530575222506989,0.549563577145546
221,21,0.510109302789086,0.528365218133226
221,22,0.489699037158213,0.507224504969891
221,23,0.469432266366417,0.486232422073706
221,24,0.449387424753642,0.465470210811782
221,25,0.429633832860884,0.445009672585434
221,26,0.41023208254855,0.424913567731252
221,27,0.391234488716223,0.405236083407125
221,28,0.372685586318008,0.386023348394886
221,29,0.354622655279902,0.367313976803557
221,30,0.337076259245072,0.349139626095375
221,31,0.320070786880654,0.331525557765007
221,32,0.303624986846303,0.314491191453679
221,33,0.287752489511879,0.298050645338233
221,34,0.272462310172919,0.282213257355787
221,35,0.257759329894366,0.266984083256018
221,36,0.243644751256008,0.252364368656934
222,0,0.765346477542406,0.78402533408197
222,1,0.765263284056325,0.783940110196277
222,2,0.76472346780464,0.783387119322875
222,3,0.763377612509429,0.782008417416724
222,4,0.760975151559501,0.77954732259999
222,5,0.757347032293643,0.775830656354085
222,6,0.752390871476871,0.770753536704157
222,7,0.746058281882476,0.764266395496829
222,8,0.738344088154313,0.756363931067493
222,9,0.729277184037536,0.747075742334892
222,10,0.718912813107828,0.736458421135731
222,11,0.707326081724244,0.72458890685626
222,12,0.694606536459149,0.711558931520306
222,13,0.680853659059643,0.697470404801845
222,14,0.666173150371264,0.682431607255067
222,15,0.650673890877004,0.666554076673062
222,16,0.63446547981401,0.649950087144805
222,17,0.617656267441761,0.632730633299371
222,18,0.600351806140932,0.615003843602689
222,19,0.582653655792271,0.596873756580797
222,20,0.564658487471967,0.578439402640224
222,21,0.546457437039657,0.55979414187982
222,22,0.528135666807914,0.541025215062464
222,23,0.50977209927524,0.522213470849603
222,24,0.491439291973458,0.503433237594209
222,25,0.473203426909871,0.484752312525261
222,26,0.45512439194982,0.466232045116507
222,27,0.437255934853251,0.447927494882407
222,28,0.419645873608851,0.429887646845634
222,29,0.402336349253849,0.412155670527132
222,30,0.385364109573296,0.394769210569292
222,31,0.36876081398083,0.377760699057558
222,32,0.352553351530105,0.361157681293168
222,33,0.336764165424573,0.344983148222835
222,34,0.321411578611665,0.329255869979308
222,35,0.306510116090891,0.313990726055637
222,36,0.292070820456188,0.29919902854857
223,0,0.761010420535396,0.779922042970157
223,1,0.760935041872431,0.779844791096556
223,2,0.760444777592039,0.779342343417996
223,3,0.759219222046331,0.778086331990045
223,4,0.757025562827344,0.775838158859316
223,5,0.753703694830878,0.772433740201739
223,6,0.749153408467899,0.767770376152378
223,7,0.743323393561588,0.761795481441899
223,8,0.736201830434555,0.754496942665953
223,9,0.727808366354157,0.745894895339748
223,10,0.718187299214852,0.736034738190309
223,11,0.707401811409712,0.724981223735807
223,12,0.695529115560479,0.712813483383734
223,13,0.682656390389792,0.699620862306807
223,14,0.66887739975672,0.685499454459262
223,15,0.654289700940565,0.670549241484616
223,16,0.638992359829506,0.654871751125214
223,17,0.623084100912779,0.638568161240462
223,18,0.606661829033107,0.62173778482381
223,19,0.589819467860232,0.604476879611568
223,20,0.572647067112885,0.586877733118737
223,21,0.555230136789526,0.569027980324937
223,22,0.537649172160385,0.551010116862174
223,23,0.519979338107913,0.532901175510948
223,24,0.502290285653615,0.514772538167643
223,25,0.484646077242514,0.496689859272266
223,26,0.46710520063115,0.478713080041572
223,27,0.449720654093496,0.460896515792402
223,28,0.432540088168343,0.443289001211588
223,29,0.41560599136319,0.425934080674707
223,30,0.39895590914057,0.408870232674373
223,31,0.382622687176075,0.392131119123376
223,32,0.366634731322303,0.375745851778919
223,33,0.351016277965792,0.359739269318097
223,34,0.335787669547629,0.344132219705386
223,35,0.320965630953515,0.32894184345118
223,36,0.306563543283729,0.31418185418513
224,0,0.774608456120445,0.774608456120445
224,1,0.77450327948301,0.77450327948301
224,2,0.77382488213028,0.77382488213028
224,3,0.772144810192463,0.772144810192463
224,4,0.769166248020233,0.769166248020233
224,5,0.764699124940494,0.764699124940494
224,6,0.75863907338068,0.75863907338068
224,7,0.750949705894117,0.750949705894117
224,8,0.741647747086382,0.741647747086382
224,9,0.730790616541967,0.730790616541967
224,10,0.71846611156687,0.71846611156687
224,11,0.704783884768414,0.704783884768414
224,12,0.689868451960879,0.689868451960879
224,13,0.673853501297987,0.673853501297987
224,14,0.656877305495416,0.656877305495416
224,15,0.639079066053075,0.639079066053075
224,16,0.620596041990303,0.620596041990303
224,17,0.601561336184921,0.601561336184921
224,18,0.5821022303279,0.5821022303279
224,19,0.562338975094553,0.562338975094553
224,20,0.542383955677777,0.542383955677777
224,21,0.522341164581958,0.522341164581958
224,22,0.502305923760812,0.502305923760812
224,23,0.482364806995066,0.482364806995066
224,24,0.462595721019424,0.462595721019424
224,25,0.443068110474809,0.443068110474809
224,26,0.423843257415183,0.423843257415183
224,27,0.404974650955767,0.404974650955767
224,28,0.386508406814444,0.386508406814444
224,29,0.368483720060896,0.368483720060896
224,30,0.350933337428133,0.350933337428133
224,31,0.333884038127746,0.333884038127746
224,32,0.317357114304584,0.317357114304584
224,33,0.301368844121514,0.301368844121514
224,34,0.285930952027152,0.285930952027152
224,35,0.271051052069378,0.271051052069378
224,36,0.256733071210486,0.256733071210486
225,0,0.757340555065247,0.805936193983936
225,1,0.75721747157141,0.805805212694341
225,2,0.756427669278134,0.8049647318169
225,3,0.754483023297447,0.802895305361603
225,4,0.751055845910404,0.799248219145306
225,5,0.745946638116288,0.793811173081521
225,6,0.739057137308761,0.786479599429309
225,7,0.730367884239481,0.777232790314993
225,8,0.719919638381958,0.766114120591179
225,9,0.707798063027188,0.753214750233716
225,10,0.694121181642387,0.738660275823077
225,11,0.679029176711102,0.72259987481516
225,12,0.66267616277049,0.705197550685921
225,13,0.645223617831198,0.686625142870661
225,14,0.626835202826651,0.667056813797244
225,15,0.60767273808577,0.646664767184493
225,16,0.587893139840241,0.625615987976889
225,17,0.567646149151376,0.60406982554537
225,18,0.547072710973922,0.582176268741889
225,19,0.526303882891493,0.560074784612576
225,20,0.505460171821244,0.537893612541301
225,21,0.484651213096669,0.515749422740442
225,22,0.46397572014885,0.493747262703375
225,23,0.443521644825234,0.47198072781029
225,24,0.423366498479169,0.450532303020814
225,25,0.4035777925666,0.429473831742105
225,26,0.384213564802143,0.408867075746343
225,27,0.365322963132365,0.388764336615337
225,28,0.346946865033773,0.369209114776493
225,29,0.329118514070546,0.350236786906007
225,30,0.311864159368864,0.331875286435821
225,31,0.295203686781627,0.314145775217747
225,32,0.279151233116771,0.297063297164471
225,33,0.26371577696005,0.280637406983161
225,34,0.24890170140432,0.264872769012933
225,35,0.234709325458643,0.249769722732436
225,36,0.221135402100525,0.235324812770194
226,0,0.778317073437518,0.79327718551153
226,1,0.778159956915142,0.793117049036407
226,2,0.777158489583203,0.792096332398452
226,3,0.774711125399038,0.78960192717699
226,4,0.770431013914359,0.785239547231699
226,5,0.764099542070274,0.778786377519722
226,6,0.755628075155252,0.770152079672673
226,7,0.745026605382025,0.759346837964627
226,8,0.732378205649451,0.746455322047128
226,9,0.717818348854802,0.731615608755862
226,10,0.701518293135586,0.715002247998514
226,11,0.683671853713989,0.69681278033948
226,12,0.66448498525707,0.677257119121537
226,13,0.644167687168515,0.656549300168389
226,14,0.622927820004842,0.634901179345572
226,15,0.600966486006726,0.612517724300495
226,16,0.578474682069426,0.589593603099278
226,17,0.555630980658419,0.566310820567019
226,18,0.532600034344979,0.542837194078907
226,19,0.509531733776783,0.519325495346088
226,20,0.48656087786276,0.495913114261106
226,21,0.463807239476278,0.472722125863979
226,22,0.441375930702762,0.449859662610276
226,23,0.41935798912642,0.427418511926922
226,24,0.397831121339658,0.405477874012685
226,25,0.376860552176328,0.384104227394618
226,26,0.356499938467502,0.363352260247233
226,27,0.336792314698357,0.343265834225946
226,28,0.317771045066453,0.323878954824971
226,29,0.299460762328167,0.305216728269415
226,30,0.281878278662085,0.287296289886469
226,31,0.265033457739314,0.27012769293787
226,32,0.248930040410656,0.253714750177698
226,33,0.233566419018652,0.238055823047543
226,34,0.218936357420309,0.22314455553887
226,35,0.205029655450439,0.208970551428074
226,36,0.191832757839347,0.195519994898234
227,0,0.772929116654784,0.795996071369305
227,1,0.772811212179685,0.795874648205197
227,2,0.77205323393591,0.795094049193945
227,3,0.7701830434245,0.793168045544041
227,4,0.766880026144888,0.78976645447756
227,5,0.761945283267593,0.784684441316321
227,6,0.755276616803244,0.777816758119357
227,7,0.74684761966249,0.769136209715822
227,8,0.736690273989748,0.758675732711107
227,9,0.724880541463086,0.746513555750003
227,10,0.711526499310929,0.732760981469941
227,11,0.696758636861975,0.717552393465435
227,12,0.68072198062631,0.701037146353596
227,13,0.663569762179056,0.683373044684904
227,14,0.645458383342123,0.664721157868071
227,15,0.62654346809019,0.645241754250847
227,16,0.606976820908453,0.625091168704349
227,17,0.586904137585791,0.60441944509814
227,18,0.566463337150672,0.583368618455177
227,19,0.545783403298734,0.562071521803464
227,20,0.524983640615464,0.540651020201773
227,21,0.504173265511386,0.519219589466882
227,22,0.483451264364185,0.497879170082152
227,23,0.462906462168251,0.476721237895821
227,24,0.44261775425999,0.455827042761821
227,25,0.422654461620519,0.435267974445971
227,26,0.403076777034053,0.415106022099318
227,27,0.383936275155785,0.395394299548255
227,28,0.365276464453087,0.37617761370761
227,29,0.347133363146655,0.357493057709927
227,30,0.329536084796922,0.339370613967863
227,31,0.312507422145323,0.321833755439347
227,32,0.296064420307893,0.304900035927318
227,33,0.280218932497965,0.288581662387165
227,34,0.264978153184258,0.272886043996151
227,35,0.250345125021393,0.257816314212535
227,36,0.236319217065966,0.243371823263315
228,0,0.776324051474673,0.810563752144548
228,1,0.776125350694828,0.810356287685139
228,2,0.774868824156903,0.809044342160181
228,3,0.771825372192099,0.805866659027245
228,4,0.766551108665727,0.800359774594624
228,5,0.758820436198226,0.792288141531143
228,6,0.748571901158521,0.781587595798999
228,7,0.73586465202543,0.768319894615211
228,8,0.72084366910423,0.752636412628045
228,9,0.703712226206619,0.73474938902191
228,10,0.684710293245654,0.714909377560741
228,11,0.6640977992025,0.693387771369436
228,12,0.642141853119751,0.670463460310271
228,13,0.619107171414343,0.64641283609333
228,14,0.595249086954023,0.621502493018934
228,15,0.570808622495729,0.595984084130483
228,16,0.546009201232304,0.570090886680126
228,17,0.521054642894873,0.544035709849426
228,18,0.496128157300903,0.518009843907946
228,19,0.471392100292656,0.492182805387396
228,20,0.446988301274445,0.46670267906488
228,21,0.423038808391778,0.441696896008103
228,22,0.399646927961958,0.417273318849963
228,23,0.376898460051946,0.393521531861459
228,24,0.354863052945636,0.37051425515762
228,25,0.333595616362697,0.348308820246235
228,26,0.313137747290261,0.326948658745717
228,27,0.293519133679961,0.306464767992066
228,28,0.274758910480004,0.286877126878614
228,29,0.256866949881902,0.268196043008971
228,30,0.239845073573267,0.25042341841611
228,31,0.223688179462181,0.233553925980823
228,32,0.208385278993998,0.217576092499272
228,33,0.193920444001456,0.202473287293849
228,34,0.180273664167582,0.188224617494397
228,35,0.167421617766156,0.174805732772113
228,36,0.155338359483573,0.162189543497728
229,0,0.77744428518749,0.800243077103216
229,1,0.777336423152859,0.800132051981364
229,2,0.776641124371233,0.799416363349888
229,3,0.774920361129418,0.797645138198669
229,4,0.771871773394015,0.794507149693667
229,5,0.767302825288138,0.789804215784402
229,6,0.761108988674325,0.78342874301375
229,7,0.753255393114332,0.775344838357177
229,8,0.743761454089404,0.765572486660867
229,9,0.732688055040024,0.754174356790852
229,10,0.720126914581499,0.741244857038942
229,11,0.706191819108517,0.726901110620719
229,12,0.691011443747208,0.71127556609982
229,13,0.674723521980377,0.694509996035642
229,14,0.65747015690835,0.676750670745477
229,15,0.639394095586754,0.658144523386106
229,16,0.620635812708905,0.638836148114272
229,17,0.601331271520385,0.618965495339403
229,18,0.581610248660551,0.598666147440574
229,19,0.561595125966935,0.57806407514021
229,20,0.541400066459837,0.557276789324165
229,21,0.521130504015084,0.536412815748988
229,22,0.500882886870267,0.515571431026392
229,23,0.480744624302285,0.494842607737109
229,24,0.460794193745416,0.474307124690227
229,25,0.441101372450446,0.454036805375795
229,26,0.421727563658419,0.434094853703719
229,27,0.402726192301504,0.414536261308674
229,28,0.38414314955737,0.39540826514118
229,29,0.366017269267816,0.376750837857347
229,30,0.348380822370857,0.358597196750337
229,31,0.331260018161291,0.340974319710549
229,32,0.314675503451791,0.323903459024767
229,33,0.298642852610889,0.30740064578465
229,34,0.283173043054335,0.291477179322031
229,35,0.268272912105024,0.276140097466395
229,36,0.253945592250749,0.261392624566697
230,0,0.759713364551378,0.797056804296701
230,1,0.75962231888689,0.796961283315015
230,2,0.759033063439932,0.796343063226517
230,3,0.757568164012665,0.794806157189852
230,4,0.754960886090974,0.792070719450904
230,5,0.75103512870181,0.787951992856041
230,6,0.745688336765371,0.782342381267052
230,7,0.738876996741118,0.775196232250817
230,8,0.730604369144415,0.766516966592172
230,9,0.720910154565385,0.756346236349601
230,10,0.709861827800337,0.744754833018984
230,11,0.697547408184337,0.731835102494441
230,12,0.684069463703629,0.717694654455034
230,13,0.669540172424345,0.702451181039767
230,14,0.654077287604613,0.686228223626215
230,15,0.637800872921051,0.66915174757824
230,16,0.620830691857839,0.651347403311416
230,17,0.603284150761511,0.632938368239407
230,18,0.585274708609645,0.614043678375409
230,19,0.566910678400984,0.594776970805027
230,20,0.548294355446759,0.575245569129064
230,21,0.529521416904461,0.555549853481599
230,22,0.510680544802146,0.535782865024181
230,23,0.49185323169188,0.516030102046233
230,24,0.473113734067625,0.496369471093223
230,25,0.454529143894135,0.476871362011526
230,26,0.436159553115004,0.457598820542812
230,27,0.41805828992471,0.438607796209959
230,28,0.400272208976079,0.419947446789557
230,29,0.382842020617053,0.401660483732195
230,30,0.365802646767334,0.383783545532097
230,31,0.3491835932077,0.366347588316181
230,32,0.333009329907723,0.349378284866654
230,33,0.317299672601215,0.332896424952664
230,34,0.30207016016789,0.316918311262022
230,35,0.287332423525236,0.301456146425818
230,36,0.273094542703576,0.286518407645388
231,0,0.761486769439866,0.77380974155802
231,1,0.761434866505409,0.773756998689844
231,2,0.761094318665731,0.77341093983973
231,3,0.76023461530535,0.772537324089844
231,4,0.758680240419948,0.770957795099153
231,5,0.756302435125035,0.768541510306595
231,6,0.753011974004241,0.765197800380602
231,7,0.748752843612141,0.76086974542254
231,8,0.743496722898454,0.755528566068829
231,9,0.737238175655708,0.749168738139055
231,10,0.72999047441606,0.741803748951826
231,11,0.721781983630063,0.733462421973334
231,12,0.712653037537566,0.724185744163517
231,13,0.702653254967049,0.714024137321392
231,14,0.691839239446176,0.703035120977002
231,15,0.680272618537884,0.691281319998517
231,16,0.668018381291845,0.678828775139041
231,17,0.655143477174035,0.66574551929296
231,18,0.641715643855862,0.652100386315453
231,19,0.627802434852802,0.637962022925607
231,20,0.61347042124056,0.623398077504135
231,21,0.598784544580591,0.608474542547431
231,22,0.583807600789042,0.593255230184076
231,23,0.568599837013477,0.577801362527909
231,24,0.553218645666968,0.562171260760742
231,25,0.537718341633563,0.546420118732389
231,26,0.522150010324758,0.530599848558269
231,27,0.506561415753311,0.514758987205606
231,28,0.490996959116552,0.498942654406495
231,29,0.475497679562452,0.483192553436367
231,30,0.460101289862885,0.467547007364553
231,31,0.444842240653036,0.452041024333253
231,32,0.429751807725633,0.436706386264437
231,33,0.414858197604617,0.42157175614199
231,34,0.40018666727461,0.406662799678735
231,35,0.385759654518984,0.392002317763734
231,36,0.371596915828387,0.377610386602559
232,0,0.77559285674415,0.798018884079598
232,1,0.775467786947339,0.797890197928333
232,2,0.774665053221058,0.797064253404877
232,3,0.772688054045242,0.795030089909955
232,4,0.76920293129685,0.79144419591626
232,5,0.764005944887017,0.786096940253331
232,6,0.7569961915595,0.778884502078512
232,7,0.748152885975852,0.76978549505173
232,8,0.737516528579333,0.75884159067402
232,9,0.725173377344236,0.746141541042301
232,10,0.711242721092168,0.731808084177524
232,11,0.695866522097096,0.715987287148857
232,12,0.679201056529168,0.698839944803526
232,13,0.661410234064984,0.680534706215686
232,14,0.642660323738846,0.661242648037289
232,15,0.623115852720315,0.641133054690068
232,16,0.60293647896284,0.620370200587767
232,17,0.582274668264161,0.599110960029466
232,18,0.561274031814262,0.577503096678247
232,19,0.540068202308497,0.555684107177476
232,20,0.518780145633924,0.53378051293477
232,21,0.497521821399694,0.511907510836713
232,22,0.476394119530462,0.490168908008898
232,23,0.455487012083644,0.468657278022929
232,24,0.434879869655874,0.447454286451665
232,25,0.414641900446037,0.426631142627638
232,26,0.394832677446322,0.406249142077662
232,27,0.375502725516928,0.386360270572627
232,28,0.356694145419504,0.367007846204671
232,29,0.338441256373733,0.34822718052309
232,30,0.320771242477938,0.330046243645991
232,31,0.303704791499521,0.31248632152117
232,32,0.287256717182809,0.295562656227781
232,33,0.271436558416402,0.279285062468437
232,34,0.25624915041565,0.263658515267243
232,35,0.241695164565172,0.248683705421695
232,36,0.227771614780675,0.234357560505799
233,0,0.749713635439152,0.792536842382777
233,1,0.749639688750882,0.792458671902668
233,2,0.749158687335879,0.791950195966514
233,3,0.747956144676577,0.790678964769718
233,4,0.745803416036957,0.788403273521882
233,5,0.742543131003998,0.784956762903497
233,6,0.738076652957098,0.780235162227543
233,7,0.732353313238996,0.774184908672514
233,8,0.72536119700472,0.766793406824425
233,9,0.7171192837136,0.758080720238286
233,10,0.707670768344221,0.748092511164741
233,11,0.697077409959159,0.736894066308115
233,12,0.685414772499452,0.72456526577782
233,13,0.672768238893831,0.711196369525833
233,14,0.659229693945044,0.696884510761407
233,15,0.644894784202291,0.681730799309023
233,16,0.629860674321801,0.665837949813575
233,17,0.614224229414818,0.649308360265142
233,18,0.598080561725551,0.63224257566402
233,19,0.581521887797464,0.614738079909018
233,20,0.564636649187971,0.596888366287885
233,21,0.547508855880369,0.578782243385318
233,22,0.530217616908206,0.560503338896863
233,23,0.512836827431934,0.542129768831573
233,24,0.49543498566295,0.523733943978853
233,25,0.478075116680147,0.505382489373455
233,26,0.460814783386492,0.487136255877895
233,27,0.443706167659006,0.46905040596767
233,28,0.426796207200461,0.451174558399841
233,29,0.410126775745795,0.433552978712741
233,30,0.393734896146835,0.416224804481964
233,31,0.377652977487532,0.399224295979494
233,32,0.361909068797235,0.382581104378928
233,33,0.346527123156879,0.366320550947256
233,34,0.331527267054996,0.350463911786334
233,35,0.31692607076716,0.335028703656239
233,36,0.302736816321544,0.320028967246874
234,0,0.744261957699515,0.775361254911968
234,1,0.744206440246615,0.775303417639078
234,2,0.743842908664341,0.77492469573758
234,3,0.742927251740259,0.773970777705924
234,4,0.741275531897765,0.77225004005893
234,5,0.738754693387474,0.76962386725707
234,6,0.735274448844547,0.7659981992402
234,7,0.730780210481524,0.761316167247327
234,8,0.725246946311501,0.755551693319506
234,9,0.718673854503117,0.748703942120514
234,10,0.711079760393956,0.740792525612544
234,11,0.702499150957156,0.731853371821328
234,12,0.692978770739667,0.721935178534266
234,13,0.682574711571962,0.711096381402427
234,14,0.671349935780155,0.699402573659059
234,15,0.659372179296281,0.686924321610449
234,16,0.646712187036287,0.673735326278448
234,17,0.633442238266713,0.659910887148982
234,18,0.619634924471814,0.645526628971838
234,19,0.60536214651899,0.630657457022236
234,20,0.590694301752395,0.615376710226801
234,21,0.575699635068088,0.599755485123119
234,22,0.560443731080445,0.583862106806111
234,23,0.54498912721586,0.567761725854691
234,24,0.529395029999773,0.55151602276373
234,25,0.513717118967029,0.535183003660723
234,26,0.498007424550862,0.518816873092324
234,27,0.482314268017129,0.502467971448693
234,28,0.466682253029906,0.486182766176669
234,29,0.451152299782403,0.470003887336848
234,30,0.435761713821182,0.453970199303661
234,31,0.42054428274833,0.438116901508281
234,32,0.405530394919929,0.42247565209696
234,33,0.390747175083229,0.407074709235856
234,34,0.376218632620979,0.391939085549821
234,35,0.361965818710199,0.37709071184811
234,36,0.348006989263635,0.362548606874421
235,0,0.767455195068764,0.800459306821888
235,1,0.767335573713641,0.800334541196978
235,2,0.766567041224073,0.799532958267027
235,3,0.764672147135876,0.797556574996596
235,4,0.761327917424278,0.794068527988771
235,5,0.756335241991414,0.78886114449348
235,6,0.749593220336627,0.781829184823332
235,7,0.741077748073904,0.772947507992583
235,8,0.730823723466709,0.762252513050925
235,9,0.718910337317072,0.749826796369985
235,10,0.705448982892572,0.735786541641429
235,11,0.690573386439438,0.72027122595662
235,12,0.674431614389465,0.703435283286586
235,13,0.657179661658357,0.68544141704762
235,14,0.638976367363806,0.666455297171807
235,15,0.619979440663293,0.64664141503752
235,16,0.600342410926929,0.626159902485634
235,17,0.580212343736867,0.605164149596384
235,18,0.55972818778318,0.58379908049414
235,19,0.539019638081625,0.562199967678299
235,20,0.518206418487607,0.540491683682038
235,21,0.497397901587508,0.518788304617215
235,22,0.476692997032672,0.497192993706209
235,23,0.456180250521997,0.475798104521209
235,24,0.43593810518048,0.454685453603253
235,25,0.416035285236644,0.433926720639544
235,26,0.396531268857729,0.413583941632738
235,27,0.377476822920525,0.393710066669388
235,28,0.358914577519323,0.374349559134388
235,29,0.340879622264199,0.355539017652827
235,30,0.323400110009978,0.337307805782088
235,31,0.306497856672305,0.31967867762277
235,32,0.290188928313184,0.302668390151616
235,33,0.274484208784695,0.286288295276528
235,34,0.259389942967207,0.270544906436519
235,35,0.244908252080131,0.255440436073218
235,36,0.231037618724831,0.240973301532851
236,0,0.772446336403554,0.79158121487609
236,1,0.772300124331363,0.791431380869144
236,2,0.771366261221639,0.790474384298527
236,3,0.769078878061374,0.788130338562846
236,4,0.765069163630577,0.784021296327997
236,5,0.759123647360428,0.777928498977048
236,6,0.751149688991522,0.769757011385536
236,7,0.741147063576276,0.759506603033526
236,8,0.729184689719088,0.747247899762613
236,9,0.715381686588078,0.733102971535942
236,10,0.699892064011376,0.717229643280771
236,11,0.682892452373843,0.699808920832772
236,12,0.664572367224271,0.681035014380123
236,13,0.645126579377813,0.661107519559719
236,14,0.624749226499643,0.640225383174216
236,15,0.603629358117023,0.618582337846076
236,16,0.581947653975474,0.596363539081543
236,17,0.559874096715553,0.573743180295459
236,18,0.53756641494293,0.550882897313397
236,19,0.515169142715279,0.527930804560365
236,20,0.492813166986137,0.505021031294032
236,21,0.470615656245241,0.482273648477365
236,22,0.448680282011814,0.459794895758696
236,23,0.427097660434985,0.437677634011374
236,24,0.405945954435014,0.416001962391111
236,25,0.385291587926927,0.39483595025221
236,26,0.365190033004115,0.374236443831112
236,27,0.345686638782043,0.354249915622052
236,28,0.326817477134396,0.334913331063594
236,29,0.308610185987875,0.316255012723359
236,30,0.291084795342793,0.298295486780622
236,31,0.274254524896588,0.28104830040839
236,32,0.258126545188457,0.264520801772951
236,33,0.242702696659981,0.248714876906919
236,34,0.227980163028439,0.23362763976321
236,35,0.213952096972979,0.219252073400576
236,36,0.200608197404249,0.205577621553242
237,0,0.759316398285312,0.780269166317657
237,1,0.759273539082224,0.780225124446918
237,2,0.758991199756096,0.779934994178279
237,3,0.758275230396366,0.779199268179622
237,4,0.756974757447753,0.777862909652763
237,5,0.754976100825904,0.775809101596454
237,6,0.752197394249156,0.772953718690229
237,7,0.748583835994933,0.769240446998968
237,8,0.744103504303943,0.76463648390631
237,9,0.73874367802719,0.759128757232668
237,10,0.732507608896466,0.752720608438941
237,11,0.725411697050518,0.745428890213437
237,12,0.717483026213765,0.737281433635691
237,13,0.708757219245718,0.728314844551375
237,14,0.69927657869668,0.718572592818026
237,15,0.689088480555088,0.708103361729044
237,16,0.678243992586958,0.696959628227249
237,17,0.666796691578614,0.685196447510307
237,18,0.654801656427578,0.672870418336717
237,19,0.642314616408479,0.660038807788756
237,20,0.629391236093871,0.646758816461219
237,21,0.616086520354979,0.63308696704361
237,22,0.602454324623589,0.619078601068068
237,23,0.588546957181026,0.604787470223815
237,24,0.574414861669224,0.590265410107352
237,25,0.560106369306744,0.575562085601065
237,26,0.545667511452401,0.56072479826468
237,27,0.531141884202871,0.545798347196554
237,28,0.516570557649237,0.530824935786211
237,29,0.501992023260726,0.515844117646178
237,30,0.487442173621003,0.500892775789119
237,31,0.472954309421528,0.486005129814166
237,32,0.458559169225048,0.471212766491713
237,33,0.44428497805718,0.456544689695845
237,34,0.430157511371316,0.44202738613431
237,35,0.416200171367414,0.427684903773268
237,36,0.402434073033704,0.413538940253256
238,0,0.758094131357286,0.785543605194419
238,1,0.758065426509648,0.785513860986454
238,2,0.757874873584614,0.785316408420183
238,3,0.757387484591318,0.784811371788069
238,4,0.756494364597153,0.783885913232109
238,5,0.75510950533587,0.782450910253195
238,6,0.753166903467289,0.780437969627246
238,7,0.750617974035316,0.777796747208345
238,8,0.747429232159434,0.774492545677685
238,9,0.743580218283325,0.770504164668498
238,10,0.739061644408289,0.765821979877306
238,11,0.733873740672889,0.760446229775651
238,12,0.728024783417176,0.75438549037769
238,13,0.721529787501968,0.747655320210271
238,14,0.714409347152473,0.740277059185219
238,15,0.706688610971409,0.732276766499178
238,16,0.698396378029345,0.723684283994718
238,17,0.689564303098281,0.714532412616591
238,18,0.680226200156641,0.70485619069766
238,19,0.670417434267543,0.69469226381798
238,20,0.660174392824491,0.684078336905071
238,21,0.649534027975911,0.673052700090323
238,22,0.638533462788341,0.661653820611929
238,23,0.627209654392979,0.649919993764466
238,24,0.615599107986927,0.637889046544552
238,25,0.603737636133465,0.625598088235722
238,26,0.59166015832938,0.613083302718401
238,27,0.579400536285907,0.600379777786597
238,28,0.566991440806644,0.587521367205672
238,29,0.554464246544605,0.574540581658692
238,30,0.541848951284189,0.561468505105723
238,31,0.529174116725448,0.54833473342398
238,32,0.516466828050047,0.53516733250973
238,33,0.503752669823374,0.521992813307858
238,34,0.491055716037505,0.508836121494295
238,35,0.478398532327261,0.495720639772321
238,36,0.465802188598417,0.482668200958017
239,0,0.769504028064982,0.799973320528377
239,1,0.76943912815606,0.799905850841737
239,2,0.769015365380777,0.799465308749563
239,3,0.76795139553313,0.798359209936664
239,4,0.766038393962714,0.796370461128799
239,5,0.763128383239454,0.793345225579462
239,6,0.759124102667913,0.789182391457336
239,7,0.753970237437681,0.783824453705987
239,8,0.747645845235476,0.777249640779999
239,9,0.740157836088381,0.769465136315985
239,10,0.731535377267037,0.760501262492251
239,11,0.721825109443139,0.750406506765192
239,12,0.711087073138846,0.73924328702234
239,13,0.699391255981701,0.727084362122334
239,14,0.686814681526761,0.714009805446016
239,15,0.673438969553817,0.70010446859114
239,16,0.659348305904947,0.685455870823588
239,17,0.644627767198446,0.670152457456645
239,18,0.629361952231052,0.654282177062211
239,19,0.61363387764426,0.637931333409899
239,20,0.597524100556524,0.621183673358977
239,21,0.581110035418467,0.604119676663755
239,22,0.564465436392708,0.586816017857728
239,23,0.54766002014797,0.569345174111827
239,24,0.53075920713696,0.551775156267937
239,25,0.513823962243093,0.534169343175867
239,26,0.49691071817132,0.516586402050755
239,27,0.48007136715845,0.499080279855159
239,28,0.463353308519871,0.481700252728435
239,29,0.446799541260674,0.464491022264894
239,30,0.430448792485343,0.447492849007999
239,31,0.414335673663834,0.430741714903966
239,32,0.398490857973619,0.414269507665836
239,33,0.382941272954948,0.39810422105713
239,34,0.367710303606777,0.382270166029554
239,35,0.352818001827699,0.366788188456964
239,36,0.33828129878305,0.351675889911361
240,0,0.768860576702055,0.78779969738954
240,1,0.768798715862243,0.787736312749514
240,2,0.768394350230598,0.787321986495967
240,3,0.767377823310513,0.786280419761636
240,4,0.765547802454746,0.784405320530286
240,5,0.762760455497886,0.781549313660285
240,6,0.758920034903053,0.777614293093311
240,7,0.753970705649702,0.772543048440872
240,8,0.747889470823746,0.766312016312535
240,9,0.74068006477958,0.758925023049967
240,10,0.732367698007133,0.750407900145819
240,11,0.722994550619443,0.740803866723684
240,12,0.712615922825271,0.7301695851864
240,13,0.701296961000413,0.71857180664164
240,14,0.689109887141388,0.706084532109519
240,15,0.676131667684605,0.69278662391846
240,16,0.662442065001448,0.678759809203321
240,17,0.648122021423381,0.664087024124659
240,18,0.63325233149109,0.648851053411759
240,19,0.617912563329971,0.633133425168689
240,20,0.60218019469578,0.617013525638402
240,21,0.586129933367494,0.600567902855031
240,22,0.569833195242161,0.583869731882807
240,23,0.55335771675607,0.566988417690103
240,24,0.536767281160725,0.549989314682852
240,25,0.520121540759271,0.532933544562162
240,26,0.503475919493658,0.515877896511954
240,27,0.486881582296189,0.498874795795539
240,28,0.470385459408819,0.481972328673978
240,29,0.454030315455016,0.465214313179368
240,30,0.437854854444431,0.448640406706057
240,31,0.421893853120394,0.432286242642859
240,32,0.406178316142434,0.416183589378133
240,33,0.390735647546824,0.400360525983866
240,34,0.375589833762184,0.384841629739455
240,35,0.360761634187471,0.369648171404138
240,36,0.346268775977812,0.354798314800938
241,0,0.760866188575816,0.774074560761508
241,1,0.760839329744289,0.774047235670014
241,2,0.760660809624636,0.773865616503225
241,3,0.760203561183135,0.773400430387942
241,4,0.759364476332559,0.772546779316435
241,5,0.758061530392946,0.77122121468885
241,6,0.756231191002354,0.769359101243555
241,7,0.753826086262752,0.76691224472286
241,8,0.750812908987874,0.763846759739339
241,9,0.747170535838047,0.760141156259497
241,10,0.742888341894136,0.755784624919297
241,11,0.737964692850153,0.750775503041771
241,12,0.732405598502568,0.745119904751362
241,13,0.726223512593505,0.738830499982825
241,14,0.719436265334224,0.731925428473679
241,15,0.712066116102702,0.724427336016954
241,16,0.704138914882784,0.716362521343218
241,17,0.69568336199937,0.707760183005019
241,18,0.686730356611142,0.698651756559681
241,19,0.67731242525565,0.689070333194121
241,20,0.667463222506834,0.67905015171397
241,21,0.657217096507619,0.668626156533957
241,22,0.646608712784886,0.657833614962443
241,23,0.635672730345562,0.64670778767465
241,24,0.6244435245948,0.635283646820801
241,25,0.612954952114286,0.623595636721053
241,26,0.601240152794028,0.611677472562371
241,27,0.589331385227997,0.599561972936686
241,28,0.577259891665633,0.587280922448015
241,29,0.565055789160424,0.57486496097141
241,30,0.552747983876042,0.562343496471484
241,31,0.540364105802328,0.549744638585083
241,32,0.527930461399939,0.537095150443865
241,33,0.515472001935796,0.524420416460058
241,34,0.50301230549345,0.511744424024537
241,35,0.490573570844895,0.49908975727225
241,36,0.478176621554754,0.486477601257655
242,0,0.771326558775572,0.792065690487634
242,1,0.771264399980758,0.792001860391064
242,2,0.770858101852282,0.79158463787485
242,3,0.769836759572932,0.790535834137296
242,4,0.76799814852049,0.788647787218359
242,5,0.765197838559751,0.785772183600932
242,6,0.761339724709201,0.781810334269741
242,7,0.756367809291158,0.77670473590309
242,8,0.750259088538931,0.770431766217865
242,9,0.743017412659073,0.762995378943487
242,10,0.734668202713501,0.754421678653609
242,11,0.72525392056037,0.744754268904485
242,12,0.714830199622943,0.734050278969456
242,13,0.703462554577183,0.722376985057885
242,14,0.691223597282745,0.709808951389167
242,15,0.678190694538259,0.696425624970645
242,16,0.664444010619347,0.682309325504135
242,17,0.65006488414584,0.667543578610981
242,18,0.63513449470388,0.652211746602801
242,19,0.619732779891475,0.636395916408976
242,20,0.603937568128122,0.620176009069602
242,21,0.587823896729312,0.603629079474633
242,22,0.571463488448066,0.586828778830874
242,23,0.554924362976058,0.569844955717299
242,24,0.538270562819303,0.552743374590178
242,25,0.521561975556521,0.535585533262405
242,26,0.504854236787023,0.518428563241877
242,27,0.488198700110485,0.501325198904098
242,28,0.471642462281466,0.48432380332304
242,29,0.455228433272235,0.467468440217796
242,30,0.438995442381036,0.45079898291384
242,31,0.42297837275969,0.434351252487756
242,32,0.407208317822716,0.418157178381827
242,33,0.391712753956197,0.402244975756634
242,34,0.376515724783191,0.386639334710919
242,35,0.361638032976636,0.371361617251887
242,36,0.347097436252195,0.356430058557825
243,0,0.757667448235069,0.807421990367944
243,1,0.757530333038134,0.807275871083716
243,2,0.75665334919904,0.806341297428042
243,3,0.754501916499309,0.804048584343158
243,4,0.750724461514815,0.800023071264551
243,5,0.745114262809783,0.79404446176334
243,6,0.737577789962028,0.786013083457114
243,7,0.728108549605272,0.77592201657291
243,8,0.71676559108879,0.763834188115487
243,9,0.70365594505228,0.749863657217697
243,10,0.688920372614493,0.73416042850615
243,11,0.672721893093492,0.716898226459266
243,12,0.655236636063989,0.698264746737069
243,13,0.636646630728237,0.678453972044151
243,14,0.617134203442312,0.657660201752433
243,15,0.596877704030017,0.636073497570458
243,16,0.576048324305994,0.613876293145118
243,17,0.554807808953673,0.591240954617428
243,18,0.533306890377959,0.568328112695049
243,19,0.51168430608689,0.545285615507316
243,20,0.490066280168645,0.522247976031851
243,21,0.468566370057295,0.499336208797722
243,22,0.447285596489355,0.47665796837599
243,23,0.426312788748641,0.454307917296115
243,24,0.405725089330762,0.432368263850791
243,25,0.385588572335642,0.410909421097086
243,26,0.365958938480588,0.389990747509667
243,27,0.34688225684626,0.369661337435782
243,28,0.328395729520842,0.349960835952116
243,29,0.3105284603644,0.330920258112406
243,30,0.293302213323102,0.312562797058675
243,31,0.276732149208494,0.294904609183366
243,32,0.260827532729584,0.277955567590838
243,33,0.245592403919076,0.261719977614857
243,34,0.231026210010264,0.246197250189606
243,35,0.217124395367022,0.23138253051923
243,36,0.203878948305244,0.217267280807966
244,0,0.769570861480285,0.806812768020117
244,1,0.769451453894924,0.806687581933571
244,2,0.768684192963577,0.805883190880325
244,3,0.766792152076222,0.803899588301353
244,4,0.76345244811086,0.800398265764949
244,5,0.758465761771208,0.795170258299588
244,6,0.75173078715308,0.788109357496061
244,7,0.743222898457805,0.779189745837378
244,8,0.732976417427604,0.768447406000681
244,9,0.721069948521936,0.755964746357551
244,10,0.707614321586909,0.741857960152039
244,11,0.692742745114287,0.726266702245496
244,12,0.676602828305965,0.709345725104173
244,13,0.659350178078287,0.691258165942823
244,14,0.641143318758398,0.672170220569505
244,15,0.6221397183337,0.652246977333
244,16,0.602492736410728,0.631649217384002
244,17,0.58234933613206,0.61053101586464
244,18,0.56184842572531,0.589038003199911
244,19,0.541119715586825,0.567306166872131
244,20,0.520282994246857,0.545461092347836
244,21,0.499447741583682,0.523617557574131
244,22,0.478713010567847,0.501879409000184
244,23,0.458167519901139,0.480339658699279
244,24,0.437889909410088,0.459080752121593
244,25,0.417949118172373,0.438174964519311
244,26,0.398404852281182,0.417684891347541
244,27,0.379308115048559,0.397664004125839
244,28,0.360701777454657,0.378157248493255
244,29,0.34262117088808,0.359201665633214
244,30,0.325094687799734,0.340827021994853
244,31,0.308144378901539,0.323056435392024
244,32,0.291786538062519,0.305906988204307
244,33,0.276032268158119,0.289390320609519
244,34,0.260888022874648,0.273513198607744
244,35,0.246356120912074,0.258278053107994
244,36,0.232435230210334,0.243683487587708
245,0,0.773434892750967,0.780422073001796
245,1,0.773318307042149,0.780304434062292
245,2,0.772568548298251,0.779547902027536
245,3,0.77071792179383,0.777680557036421
245,4,0.767448160987285,0.774381257339988
245,5,0.762561150053395,0.769450097342482
245,6,0.755954335979318,0.762783597571197
245,7,0.747600159182615,0.754353949471515
245,8,0.737528920902928,0.744191728023278
245,9,0.725814583619283,0.732371563879626
245,10,0.712563068827946,0.719000335427434
245,11,0.697902675893982,0.704207501083163
245,12,0.681976297432111,0.688137244347763
245,13,0.664935151720353,0.670942149599201
245,14,0.646933791832729,0.652778166137862
245,15,0.628126185224386,0.633800652354797
245,16,0.60866268705608,0.614161321713341
245,17,0.588687756169458,0.594005938090604
245,18,0.568338284816088,0.573472630417348
245,19,0.547742432437635,0.552690715922567
245,20,0.527018870374408,0.531779938018766
245,21,0.506276358680578,0.510850039294149
245,22,0.48561358854099,0.490000602505823
245,23,0.465119234374657,0.469321103153998
245,24,0.444872168799744,0.448891126388954
245,25,0.424941801421795,0.428780708859867
245,26,0.405388509064186,0.40905077283195
245,27,0.386264130738353,0.38975362562822
245,28,0.367612505483336,0.370933502327861
245,29,0.349470035304732,0.35262713379075
245,30,0.331866258912692,0.33486432557858
245,31,0.314824424884634,0.317668536295497
245,32,0.298362055336891,0.301057446351941
245,33,0.282491493246919,0.285043510231337
245,34,0.267220428281235,0.269634487068347
245,35,0.25255239740392,0.254833945779845
245,36,0.238487257709463,0.240641742169319
246,0,0.76479167625135,0.796767859930405
246,1,0.764681732685436,0.796653319588968
246,2,0.763973727187772,0.795915712155846
246,3,0.762223490324627,0.794092297331753
246,4,0.759126263041383,0.79086557398889
246,5,0.754489818158622,0.786035277868212
246,6,0.74821181993234,0.779494794535654
246,7,0.740260824634725,0.771211365591122
246,8,0.730660403333018,0.761209547615691
246,9,0.719475936524918,0.749557454686499
246,10,0.706803690197557,0.736355377702277
246,11,0.692761835245607,0.721726428320457
246,12,0.677483117923734,0.70580890295891
246,13,0.661108928924233,0.688750103899832
246,14,0.643784553472079,0.670701390789743
246,15,0.625655415143152,0.651814267410574
246,16,0.606864152489182,0.63223733607735
246,17,0.587548390481389,0.612113975905192
246,18,0.567839088692634,0.591580621928432
246,19,0.54785936540218,0.570765540040818
246,20,0.527723711759973,0.54978800830376
246,21,0.507537523080555,0.528757828643481
246,22,0.487396885506841,0.507775104595152
246,23,0.467388565916464,0.486930230787204
246,24,0.447590161235945,0.466304048498383
246,25,0.428070370454233,0.445968129044256
246,26,0.408889358739237,0.425985153117574
246,27,0.39009918829218,0.406409359656783
246,28,0.371744295041662,0.387287042470815
246,29,0.353861994084176,0.368657076812238
246,30,0.336483000009882,0.350551461458015
246,31,0.319631950989433,0.332995864708565
246,32,0.303327927807668,0.316010165122418
246,33,0.28758496097225,0.299608979827236
246,34,0.27241252065147,0.283802174942063
246,35,0.257815985550268,0.268595354057205
246,36,0.243797087956191,0.253990321887707
247,0,0.763843312624482,0.786755330594165
247,1,0.763779615529127,0.786689722859587
247,2,0.76336359540752,0.786261223921522
247,3,0.762318752562517,0.785185040279728
247,4,0.760439564490506,0.783249484638397
247,5,0.757580105413679,0.780304254073269
247,6,0.75364416346725,0.776250250776936
247,7,0.748576679210676,0.771030763762167
247,8,0.742356348452021,0.764623849802789
247,9,0.734989249682113,0.757035769718245
247,10,0.726503371911851,0.748295352069519
247,11,0.716943932574247,0.738449170618365
247,12,0.706369387557123,0.727557434678117
247,13,0.694848046521023,0.715690502905682
247,14,0.682455216563736,0.70292594128827
247,15,0.669270806138449,0.689346055189385
247,16,0.655377329025602,0.675035833448406
247,17,0.640858255197003,0.660081249777716
247,18,0.625796661682837,0.644567873161511
247,19,0.610274142137289,0.628579744713084
247,20,0.594369938768126,0.612198483566017
247,21,0.578160264714001,0.595502588925716
247,22,0.561717788878365,0.578566909450556
247,23,0.545111258712692,0.561462254720223
247,24,0.528405239530998,0.544255126730785
247,25,0.51165995167438,0.527007552174869
247,26,0.494931189266224,0.509776998759878
247,27,0.478270306439739,0.492616361022403
247,28,0.461724258809911,0.475574003044161
247,29,0.445335689629108,0.458693847191901
247,30,0.429143051533904,0.442015499516104
247,31,0.413180756081982,0.425574403773354
247,32,0.397479344412024,0.40940201720529
247,33,0.382065673353677,0.393526002231076
247,34,0.366963112184848,0.377970429106563
247,35,0.352191745993669,0.362755985386242
247,36,0.337768582265104,0.347900188706565
248,0,0.766786683705421,0.804091784131085
248,1,0.766619206666993,0.803916159131992
248,2,0.765554428307119,0.802799578015902
248,3,0.762959811016825,0.80007872945342
248,4,0.758435507541347,0.795334313136788
248,5,0.751762638396127,0.788336800829553
248,6,0.742860939441326,0.779002023444303
248,7,0.73175426489094,0.767354995731424
248,8,0.718542658611215,0.753500628812368
248,9,0.703379901654645,0.737600185373997
248,10,0.686455611045757,0.719852507538629
248,11,0.667981107752392,0.700479197295014
248,12,0.648178393892083,0.679713057432457
248,13,0.627271683437692,0.65778921020503
248,14,0.605481019508543,0.634938404096194
248,15,0.583017586931806,0.611382098330617
248,16,0.560080393007527,0.587328982154412
248,17,0.536854043927478,0.562972643074059
248,18,0.513507390478448,0.538490146671536
248,19,0.490192855708407,0.514041331560617
248,20,0.467046290185558,0.489768657604108
248,21,0.444187228228333,0.465797474609739
248,22,0.421719441796238,0.442236603168471
248,23,0.399731708266813,0.419179139784735
248,24,0.378298724649114,0.396703415567505
248,25,0.357482114384661,0.37487405201333
248,26,0.337331484179037,0.353743069254074
248,27,0.317885497647331,0.333351011936507
248,28,0.29917294024894,0.313728065967472
248,29,0.281213756291912,0.294895145969746
248,30,0.264020043925735,0.276864938682438
248,31,0.247596998203014,0.259642891903751
248,32,0.231943795635446,0.243228142081679
248,33,0.217054416334159,0.227614376452468
248,34,0.202918401924314,0.212790627828683
248,35,0.189521549056666,0.198742001850943
248,36,0.17684653958691,0.185450337826259
249,0,0.762280862073981,0.78663243780248
249,1,0.76216176999979,0.78650954125174
249,2,0.761396690171656,0.785720020433021
249,3,0.759510453401489,0.783773526558372
249,4,0.756181763749381,0.78033849967261
249,5,0.751212681397265,0.775210676636819
249,6,0.744503052081463,0.768286703691886
249,7,0.736029166881134,0.75954211451952
249,8,0.725826032586761,0.749013034225715
249,9,0.71397271696134,0.736781056446425
249,10,0.700580306477345,0.722960816386332
249,11,0.68578207790335,0.70768984843018
249,12,0.669725540603004,0.691120374227623
249,13,0.652566054631857,0.673412716915861
249,14,0.634461771584978,0.654730080349221
249,15,0.615569681460589,0.635234469677193
249,16,0.596042580265034,0.61508356207749
249,17,0.576026800309193,0.594428364545254
249,18,0.555660568677456,0.573411519922217
249,19,0.535072879662257,0.552166143310396
249,20,0.514382784466033,0.530815089083101
249,21,0.493699016542851,0.509470564257848
249,22,0.473119883902772,0.488234017360314
249,23,0.45273337081254,0.467196243373927
249,24,0.432617400840267,0.44643765518768
249,25,0.412840221322733,0.426028680345511
249,26,0.393460876267757,0.406030249055848
249,27,0.374529740603199,0.386494345507564
249,28,0.356089093690014,0.367464599704284
249,29,0.338173714252643,0.348976901400233
249,30,0.320811482453119,0.331060021408005
249,31,0.304023977838803,0.313736228648141
249,32,0.287827064408603,0.297021893905683
249,33,0.272231456139108,0.28092807342242
249,34,0.257243258051137,0.265461067248175
249,35,0.242864479331463,0.250622948754547
249,36,0.22909351619946,0.236412062927054
250,0,0.765332981129751,0.780428289021693
250,1,0.765231901231101,0.780325215438948
250,2,0.76457942718514,0.779659872097061
250,3,0.762962161444528,0.778010707660197
250,4,0.760092414048538,0.775084357815883
250,5,0.755784653014632,0.770691631177809
250,6,0.749935564889491,0.764727176554277
250,7,0.742507230868661,0.757152327236271
250,8,0.733512986916327,0.747980682224446
250,9,0.723005591705891,0.737266040796018
250,10,0.711067374848601,0.725092356418596
250,11,0.697802080570763,0.711565419553364
250,12,0.683328159440033,0.696806017068427
250,13,0.667773293547733,0.680944349436686
250,14,0.651269969276392,0.664115516181335
250,15,0.633951936905689,0.64645590565163
250,16,0.615951418266106,0.628100347600733
250,17,0.59739694281813,0.609179906584088
250,18,0.578411709252475,0.589820211244093
250,19,0.559112384270585,0.570140229397948
250,20,0.539608262877466,0.550251411768224
250,21,0.520000725532284,0.530257138426389
250,22,0.500382937060947,0.510252411766792
250,23,0.480839740519316,0.490323748276444
250,24,0.461447706364821,0.470549228676489
250,25,0.442275303488191,0.450998672327335
250,26,0.423383163998973,0.431733907236766
250,27,0.404824418257084,0.412809111699598
250,28,0.386645080593062,0.394271207625823
250,29,0.368884469545872,0.37616028906711
250,30,0.3515756493425,0.358510072404081
250,31,0.334745881812784,0.341348357174638
250,32,0.318417080032444,0.324697488664576
250,33,0.302606256766626,0.308574815196157
250,34,0.28732596228887,0.292993134582551
250,35,0.272584707414014,0.277961125504576
250,36,0.258387368641361,0.263483760644842
251,0,0.764652304064802,0.774258469213098
251,1,0.764606269360565,0.77421185618461
251,2,0.76430341756638,0.773905199727397
251,3,0.763536585962573,0.77312873458036
251,4,0.762145871719993,0.77172054908893
251,5,0.760011843169554,0.769559711189224
251,6,0.757049552869191,0.766560206262434
251,7,0.753203267687026,0.762665601013134
251,8,0.748441839464844,0.757844355975387
251,9,0.742754647390141,0.752085716909667
251,10,0.73614805005837,0.745396122293117
251,11,0.728642291413952,0.73779607039055
251,12,0.720268810377701,0.729317395083291
251,13,0.711067909053054,0.720000904781579
251,14,0.701086739002612,0.70989434340312
251,15,0.690377569244465,0.699050636610623
251,16,0.678996303375097,0.687526390305628
251,17,0.667001216619203,0.675380611812153
251,18,0.654451886670222,0.662673627285595
251,19,0.64140829494927,0.649466171680977
251,20,0.627930077402509,0.635818630138236
251,21,0.614075906202974,0.621790411916509
251,22,0.599902985745805,0.607439440057648
251,23,0.585466648146508,0.592821741802824
251,24,0.570820035089597,0.577991126444293
251,25,0.556013854346904,0.562998938784896
251,26,0.541096200607002,0.547893877716604
251,27,0.526112431443722,0.532721870630859
251,28,0.511105090315847,0.517525995450912
251,29,0.496113869443397,0.502346443041749
251,30,0.481175606259472,0.487220513617351
251,31,0.466324307899835,0.472182641537931
251,32,0.451591198874417,0.457264443580336
251,33,0.437004787673579,0.442494786381061
251,34,0.422590948604544,0.427899869300775
251,35,0.408373015636574,0.413503319448462
251,36,0.394371885463143,0.399326296038335
252,0,0.760425869726146,0.781935480247099
252,1,0.760372663067823,0.781880768570939
252,2,0.760023762859348,0.781521999277398
252,3,0.759143544879452,0.780616883215157
252,4,0.757553134907446,0.778981486479249
252,5,0.755121832819417,0.776481411926929
252,6,0.751759601396539,0.773024075522399
252,7,0.747410501537892,0.768551955856299
252,8,0.742046967806123,0.763036707767906
252,9,0.735664829266891,0.756474042342707
252,10,0.728278990526251,0.748879285782453
252,11,0.719919696827568,0.740283538855589
252,12,0.710629315135023,0.730730366929632
252,13,0.700459570389719,0.720272958051271
252,14,0.689469182654066,0.708971693254383
252,15,0.677721856730747,0.696892079312819
252,16,0.665284581117797,0.684102999579274
252,17,0.652226197898822,0.670675243423034
252,18,0.638616209419466,0.656680279151769
252,19,0.624523791415287,0.642189239224486
252,20,0.610016985675124,0.627272090078349
252,21,0.595162048386728,0.611996962041443
252,22,0.58002293305303,0.596429617622671
252,23,0.564660889319843,0.580633038991788
252,24,0.549134161247776,0.564667117716555
252,25,0.533497770518781,0.548588431837008
252,26,0.51780337181461,0.53245009715311
252,27,0.502099169161801,0.516301681203447
252,28,0.486429883424884,0.500189169838943
252,29,0.470836762363699,0.484154977564659
252,30,0.455357625767665,0.468237993950741
252,31,0.440026939153756,0.452473659415039
252,32,0.424875910378543,0.436894064567943
252,33,0.409932604279486,0.421528068096449
252,34,0.395222071137061,0.406401428859996
252,35,0.380766485346623,0.391536948484848
252,36,0.366585291215608,0.376954621285346
253,0,0.765377724822259,0.779782689040362
253,1,0.765280007487777,0.779683132594732
253,2,0.764648651821261,0.779039894356395
253,3,0.763082096653451,0.777443855483474
253,4,0.760299357893378,0.774608743560494
253,5,0.756117698110056,0.770348381905407
253,6,0.750433681076044,0.764557387545905
253,7,0.74320715268031,0.757194850641451
253,8,0.73444774740723,0.748270587004404
253,9,0.724203570445753,0.737833607198282
253,10,0.712551750236563,0.725962491276993
253,11,0.699590595594312,0.712757398298426
253,12,0.685433126086235,0.698333474940088
253,13,0.670201774665988,0.682815458432674
253,14,0.654024088147766,0.666333296113982
253,15,0.637029274399671,0.64901862763796
253,16,0.61934546552614,0.631001996648236
253,17,0.601097584141673,0.612410676893569
253,18,0.582405715417378,0.593367013635137
253,19,0.563383901178125,0.573987195047712
253,20,0.544139284180278,0.554380380392089
253,21,0.524771541019458,0.534648122249751
253,22,0.505372551091181,0.514884029253118
253,23,0.486026256819576,0.495173623683657
253,24,0.466808677126165,0.47559435519416
253,25,0.447788041960483,0.456215737871326
253,26,0.42902502077029,0.437099583005953
253,27,0.410573022151123,0.418300304382101
253,28,0.392478545670841,0.399865276723243
253,29,0.374781570091996,0.381835231221255
253,30,0.357515964981293,0.364244674892667
253,31,0.340709915060885,0.347122322916555
253,32,0.324386348673241,0.330491535163434
253,33,0.30856336344592,0.314370749871346
253,34,0.293254643695033,0.298773908905163
253,35,0.278469865331968,0.283710870283946
253,36,0.264215085067863,0.269187804710533
254,0,0.757589848222929,0.78549904805442
254,1,0.75753590881284,0.785443121545667
254,2,0.757182340464683,0.785076527930995
254,3,0.756290732602799,0.784152073718216
254,4,0.754680458936543,0.782482478441935
254,5,0.752219893796762,0.779931267414613
254,6,0.748818725301122,0.776404801713066
254,7,0.744421242769681,0.771845318306068
254,8,0.739000488562661,0.766224866448986
254,9,0.732553176001675,0.75954003838398
254,10,0.72509528538404,0.751807403113871
254,11,0.716658259416231,0.743059561677412
254,12,0.707285727775875,0.733341751045935
254,13,0.697030698051829,0.722708931579171
254,14,0.68595315709,0.711223300005951
254,15,0.674118032862555,0.698952176209783
254,16,0.661593472446813,0.685966217769418
254,17,0.648449396607965,0.672337921293179
254,18,0.634756295881715,0.658140374149943
254,19,0.620584236998668,0.643446224290732
254,20,0.606002052026702,0.628326839519538
254,21,0.591076685771481,0.61285163085242
254,22,0.575872679805371,0.597087517538327
254,23,0.560451774024732,0.581098513937972
254,24,0.54487260889493,0.564945420799716
254,25,0.52919051355865,0.548685605561904
254,26,0.513457366780836,0.532372858175093
254,27,0.497721519305003,0.51605731059801
254,28,0.482027767620798,0.499785409598727
254,29,0.466417370409709,0.483599933806219
254,30,0.450928100060944,0.467540047124063
254,31,0.435594322647566,0.451641381652845
254,32,0.420447100637147,0.435936144184626
254,33,0.405514313393531,0.420453241143919
254,34,0.390820791217477,0.40521841756632
254,35,0.376388459283746,0.390254406338155
254,36,0.362236488369243,0.375581084477374
255,0,0.750900133218446,0.788209574117708
255,1,0.750833028690902,0.788139135415227
255,2,0.75039547583303,0.787679842179682
255,3,0.74929858372181,0.786528449570212
255,4,0.747329516673463,0.784461546887781
255,5,0.74433901105869,0.781322454147294
255,6,0.740230573065503,0.77700988311735
255,7,0.734951154930372,0.771468150287919
255,8,0.72848312985391,0.764678753049368
255,9,0.720837406094176,0.756653141650617
255,10,0.712047538837174,0.747426538510333
255,11,0.702164714603787,0.73705267341766
255,12,0.691253497366437,0.725599318289202
255,13,0.679388238398069,0.713144518636726
255,14,0.666650063323633,0.699773430916414
255,15,0.653124360036319,0.685575685628979
255,16,0.638898700209069,0.670643205558799
255,17,0.624061135194653,0.655068417003588
255,18,0.608698814271,0.638942799365471
255,19,0.592896879548083,0.622355725149887
255,20,0.576737597493951,0.605393548340378
255,21,0.560299692037566,0.588138904365777
255,22,0.54365784863365,0.570670189523882
255,23,0.526882362591893,0.553061191837442
255,24,0.510038908434766,0.535380848952221
255,25,0.493188410104724,0.517693111895276
255,26,0.4763869945371,0.500056896341057
255,27,0.459686013489368,0.482526105525294
255,28,0.44313212060632,0.46514971113925
255,29,0.426767392535887,0.447971880463335
255,30,0.410629484520373,0.4310321396891
255,31,0.394751812298195,0.414365564858992
255,32,0.379163753384542,0.398002993147905
255,33,0.363890861875994,0.38197124834064
255,34,0.348955091862168,0.366293375344055
255,35,0.334375025343008,0.350988879428708
255,36,0.320166101257761,0.336073966637442
256,0,0.768778461477663,0.7708606459318
256,1,0.768692541829224,0.770774493575806
256,2,0.768135437652836,0.770215880520446
256,3,0.766747602380092,0.768824286389753
256,4,0.764272253116998,0.766342232810641
256,5,0.760537178286358,0.762597041782504
256,6,0.755439183774919,0.757485239697816
256,7,0.748930835454543,0.750959263956312
256,8,0.741009197217768,0.743016170498281
256,9,0.731706300206529,0.733688077219839
256,10,0.721081111241259,0.723034110649063
256,11,0.709212797042699,0.711133651924403
256,12,0.696195106096996,0.698080703443435
256,13,0.682131712317474,0.683979219913267
256,14,0.667132384335273,0.668939267265948
256,15,0.651309861601007,0.653073890299269
256,16,0.634777333764126,0.636496585229187
256,17,0.617646433250006,0.61931928682995
256,18,0.600025662785889,0.601650791701097
256,19,0.58201919002134,0.583595549623224
256,20,0.563725950512284,0.565252764112517
256,21,0.545239008336928,0.546715751304943
256,22,0.526645130617646,0.528071513325756
256,23,0.508024538351377,0.509400488445039
256,24,0.48945080130528,0.490776445688689
256,25,0.470990849405981,0.472266496258507
256,26,0.452705077120759,0.453931198196105
256,27,0.434647520869646,0.435824734275501
256,28,0.416866092582239,0.417995146192512
256,29,0.399402855178777,0.400484610791952
256,30,0.382294328061507,0.383329746386397
256,31,0.365571812693962,0.366561939217277
256,32,0.349261730061492,0.350207681829393
256,33,0.333385963280768,0.334288916608359
256,34,0.317962199889601,0.318823378997482
256,35,0.303004269427955,0.303824935993102
256,36,0.288522472840447,0.289303916439248
257,0,0.765069637774426,0.797766522073372
257,1,0.764999149810986,0.797693021656332
257,2,0.764539874978427,0.797214118733307
257,3,0.763389482892666,0.796014562185818
257,4,0.761326129529427,0.793863027011597
257,5,0.758195109866739,0.790598196539286
257,6,0.753897326129724,0.786116737839036
257,7,0.748379350728684,0.78036293997904
257,8,0.741624887992111,0.773319810857481
257,9,0.733647461114669,0.765001451611615
257,10,0.72448417064564,0.755446548361905
257,11,0.714190388586767,0.744712839550801
257,12,0.702835267975548,0.732872433618489
257,13,0.690497961903634,0.720007866432976
257,14,0.677264458442348,0.706208800949385
257,15,0.663224949082016,0.69156928318393
257,16,0.648471658185937,0.676185478904964
257,17,0.633097069745153,0.660153824604326
257,18,0.61719249551519,0.643569534440354
257,19,0.60084693552682,0.626525412050141
257,20,0.584146188084741,0.609110922512104
257,21,0.567172171786368,0.591411485389802
257,22,0.550002426884007,0.573507954783766
257,23,0.532709767546159,0.555476256731436
257,24,0.515362060308735,0.53738715819002
257,25,0.498022107299569,0.519306145270361
257,26,0.480747615718788,0.501293391412982
257,27,0.46359123760722,0.48340379885608
257,28,0.446600666174343,0.465687099080259
257,29,0.429818776921322,0.448187999962761
257,30,0.413283803514673,0.430946369167463
257,31,0.397029539870001,0.413997444865102
257,32,0.381085561217935,0.397372066246926
257,33,0.365477458067985,0.381096917487501
257,34,0.350227077980403,0.365194779849209
257,35,0.335352770918726,0.349684787520453
257,36,0.320869634702269,0.334582683558089
258,0,0.768074951588919,0.785467567630485
258,1,0.768005338723216,0.785396378421428
258,2,0.767551584804093,0.784932349505476
258,3,0.766414512887869,0.783769529248923
258,4,0.764374115930565,0.781682928674671
258,5,0.761276500383335,0.778515169402867
258,6,0.757022596162283,0.774164937964475
258,7,0.751558419233114,0.768577027887759
258,8,0.74486669712207,0.761733775573714
258,9,0.736959689158484,0.753647717957143
258,10,0.727873052436875,0.744355319566987
258,11,0.717660621596925,0.733911634097417
258,12,0.706389985772991,0.722385781199909
258,13,0.694138759654576,0.709857133104023
258,14,0.680991457699249,0.696412118048667
258,15,0.667036891306227,0.682141558516177
258,16,0.652366018332636,0.667138472052096
258,17,0.63707018284148,0.651496271153265
258,18,0.621239690523918,0.635307306431338
258,19,0.604962671940044,0.618661704112316
258,20,0.588324191663473,0.601646455008215
258,21,0.571405566677178,0.584344717478372
258,22,0.554283862024769,0.566835301660041
258,23,0.537031535838386,0.549192306458137
258,24,0.519716209500487,0.531484884502477
258,25,0.502400541904839,0.513777113561483
258,26,0.485142189609125,0.496127955792465
258,27,0.467993837159998,0.478591288753366
258,28,0.451003284058935,0.461215994337918
258,29,0.434213576757638,0.444046093759992
258,30,0.417663175755088,0.427120918434473
258,31,0.401386149341719,0.410475308108661
258,32,0.385412386823476,0.394139828914663
258,33,0.369767825181266,0.37814100516142
258,34,0.354474684098576,0.362501559684387
258,35,0.339551705138835,0.347240658438928
258,36,0.325014391589637,0.332374155775681
259,0,0.760605337535587,0.797915509379476
259,1,0.760480702399514,0.797784760483592
259,2,0.759681139070717,0.796945975966453
259,3,0.757712999929122,0.794881293182627
259,4,0.754245394227222,0.791243590114537
259,5,0.749077381791304,0.785822069817762
259,6,0.742110569196803,0.778513512349439
259,7,0.733326313831639,0.769298360616578
259,8,0.722766849926483,0.758220920576574
259,9,0.710519745173052,0.745373055401949
259,10,0.696705178738395,0.730880839439751
259,11,0.68146560286737,0.714893712681931
259,12,0.664957412210602,0.697575741446669
259,13,0.647344298717542,0.679098647307271
259,14,0.628792016443589,0.659636315096014
259,15,0.609464320856852,0.63936053302066
259,16,0.589519882000553,0.618437754407411
259,17,0.569110000877802,0.597026702066917
259,18,0.548376984294932,0.575276663418364
259,19,0.527453055668819,0.553326347868359
259,20,0.506459698445926,0.531303198022521
259,21,0.485507345209444,0.509323063542326
259,22,0.46469533962721,0.48749016122644
259,23,0.444112110431991,0.465897257525301
259,24,0.423835506902215,0.444626020478283
259,25,0.403933254064797,0.423747497245694
259,26,0.384463493280879,0.403322681212018
259,27,0.365475380181699,0.383403139252482
259,28,0.347009717253084,0.364031675347884
259,29,0.329099602860391,0.345243011446322
259,30,0.311771082279991,0.327064470429897
259,31,0.295043789461758,0.309516649357742
259,32,0.278931570878738,0.292614073917556
259,33,0.263443085002613,0.276365827307287
259,34,0.248582372743326,0.260776148656687
259,35,0.234349395666115,0.245844997645644
259,36,0.220740539998696,0.23156858323456
260,0,0.771236877822717,0.809591304058207
260,1,0.771071657741215,0.809417867407178
260,2,0.770020561307338,0.808314498835131
260,3,0.767457456310855,0.805623927914302
260,4,0.762984835361475,0.800928878791147
260,5,0.756383331283467,0.7939990749281
260,6,0.747570319811348,0.784747783067504
260,7,0.736566149902905,0.773196364142355
260,8,0.723466759911098,0.759445527621448
260,9,0.70842162486834,0.74365218208877
260,10,0.691616140457858,0.726010943151102
260,11,0.673257686539237,0.706739503887943
260,12,0.653564730533657,0.686067196336561
260,13,0.632758431309144,0.664226177829572
260,14,0.611056289818981,0.641444765872873
260,15,0.588667465698214,0.617942521831546
260,16,0.565789441096383,0.593926748851444
260,17,0.542605765759488,0.569590124801714
260,18,0.519284662101378,0.545109237974897
260,19,0.495978306872251,0.520643833032047
260,20,0.472822638030168,0.496336608269758
260,21,0.449937562403632,0.472313433610031
260,22,0.427427462434148,0.448683882543667
260,23,0.405381919339293,0.425541991257009
260,24,0.383876585982523,0.402967174910485
260,25,0.362974156042141,0.381025245005379
260,26,0.342725387138813,0.359769483392555
260,27,0.323170144751565,0.339241738103505
260,28,0.304338441319914,0.319473514128131
260,29,0.286251451145547,0.300487038788554
260,30,0.26892248678506,0.282296286688899
260,31,0.252357926748322,0.264907953549083
260,32,0.236558087640692,0.248322371719583
260,33,0.221518036543667,0.23253436296264
260,34,0.207228341529975,0.217534026291255
260,35,0.193675759850549,0.203307460380432
260,36,0.18084386459278,0.189837421389813
261,0,0.75974020889673,0.797653468166746
261,1,0.75963228566476,0.797540159249739
261,2,0.758937055386764,0.796810234946769
261,3,0.757217746944131,0.795005127982499
261,4,0.754174067105159,0.791809559614372
261,5,0.749615993633599,0.78702402494058
261,6,0.743441684246822,0.780541599450623
261,7,0.735618923867779,0.772328460440853
261,8,0.726169607987785,0.762407596051662
261,9,0.715156825980916,0.75084524400148
261,10,0.702674166002348,0.737739662768244
261,11,0.688836913649337,0.723211891037818
261,12,0.673774860737329,0.707398197616983
261,13,0.657626479115085,0.690443964504893
261,14,0.640534248092222,0.672498781145581
261,15,0.622640953380319,0.653712558675395
261,16,0.604086800984354,0.634232499789178
261,17,0.585007211691614,0.614200783167713
261,18,0.565531181101703,0.593752841668442
261,19,0.545780106886461,0.573016131062215
261,20,0.525866999481334,0.55210930133585
261,21,0.505896004970932,0.531141695768292
261,22,0.485962179787959,0.510213114386351
261,23,0.466151466213353,0.489413788242234
261,24,0.446540825737016,0.468824519429363
261,25,0.427198494280099,0.448516949040999
261,26,0.40818432923832,0.428553921532037
261,27,0.389550223409753,0.408989919303003
261,28,0.371340565232686,0.389871545905127
261,29,0.35359272847812,0.37123804016993
261,30,0.336337577703516,0.353121806886595
261,31,0.319599978454879,0.335548952464623
261,32,0.30339930346902,0.318539816397074
261,33,0.287749928034259,0.302109491341213
261,34,0.272661709265949,0.286268326311291
261,35,0.258140445386554,0.271022408878036
261,36,0.244188312206508,0.256374023431187
262,0,0.760492062505643,0.777859962632301
262,1,0.760463651756708,0.777830903046811
262,2,0.760275005743459,0.777637948789888
262,3,0.759792363914645,0.777144284525084
262,4,0.758907698380369,0.776239415252462
262,5,0.757535566084228,0.774835946591545
262,6,0.75561027827612,0.772866689611352
262,7,0.753083358627062,0.770282060894366
262,8,0.749921263737957,0.767047750986943
262,9,0.74610334201204,0.763142636657058
262,10,0.741620008900417,0.758556914466632
262,11,0.736471118405644,0.753290435083972
262,12,0.730664512452238,0.747351219525225
262,13,0.72421473131723,0.740754140134109
262,14,0.717141869769184,0.733519750597761
262,15,0.709470564900615,0.725673250663566
262,16,0.701229102865722,0.71724357247682
262,17,0.692448632861404,0.708262576610868
262,18,0.68316247772259,0.698764346918007
262,19,0.673405531450313,0.688784574298484
262,20,0.663213734859526,0.678360020373298
262,21,0.65262362132953,0.667528052860615
262,22,0.641671925369029,0.656326245201338
262,23,0.630395247375368,0.644792033662212
262,24,0.618829768578528,0.632962425769799
262,25,0.607011010719487,0.620873754500431
262,26,0.594973635523636,0.608561473174069
262,27,0.5827512794972,0.596059986477839
262,28,0.570376420001361,0.583402513481608
262,29,0.557880268948507,0.570620978906488
262,30,0.545292690820646,0.557745929270981
262,31,0.532642142034365,0.544806470871174
262,32,0.519955628972393,0.531830226853839
262,33,0.507258682271157,0.518843310916772
262,34,0.494575345198899,0.505870315421495
262,35,0.48192817418205,0.492934311931653
262,36,0.469338249740309,0.48005686239782
263,0,0.773361583789239,0.793295834600301
263,1,0.773264392286564,0.79319613787907
263,2,0.772636164436947,0.79255171676128
263,3,0.771076619053933,0.79095197236985
263,4,0.768304964796097,0.788108875655734
263,5,0.764137889093411,0.783834388964519
263,6,0.758470866203823,0.778021292287454
263,7,0.75126233705588,0.770626955322022
263,8,0.742520369614267,0.761659653993626
263,9,0.732291457903206,0.751167080761427
263,10,0.72065116130492,0.739226742634353
263,11,0.707696323998226,0.725937980057124
263,12,0.693538648021125,0.711415374311406
263,13,0.678299422968324,0.695783341365458
263,14,0.662105241246996,0.679171736685867
263,15,0.645084550534884,0.661712318831439
263,16,0.627364914989271,0.643535940066806
263,17,0.60907087417613,0.624770350103097
263,18,0.590322303920482,0.605538514697409
263,19,0.57123319658287,0.58595736448955
263,20,0.551910789873767,0.566136901360672
263,21,0.532454983432245,0.546179599973621
263,22,0.512957991198167,0.526180051184625
263,23,0.493504185258195,0.506224801864266
263,24,0.474170093486415,0.486392352477287
263,25,0.455024519054835,0.466753279673612
263,26,0.436128754867573,0.447370456249803
263,27,0.41753687027202,0.428299345250525
263,28,0.39929605110636,0.409588348781169
263,29,0.381446977330616,0.391279195372755
263,30,0.364024225224257,0.373407352546626
263,31,0.347056683475587,0.356002453629
263,32,0.330567974487814,0.339088729916675
263,33,0.314576873928863,0.322685441041199
263,34,0.299097722996072,0.306807297860145
263,35,0.284140829087477,0.291464873456142
263,36,0.269712851598705,0.276664998878109
264,0,0.764716108715229,0.808145064326781
264,1,0.764595291529012,0.808017385817574
264,2,0.76381938389967,0.807197413655513
264,3,0.761907157081387,0.80517658965631
264,4,0.758533875880418,0.80161173660551
264,5,0.753500143634104,0.796292133914212
264,6,0.746705815942632,0.789111949886825
264,7,0.738128246550602,0.780047252165555
264,8,0.72780422831346,0.769136923107124
264,9,0.715815078938593,0.756466898528913
264,10,0.702274396743314,0.742157228104792
264,11,0.687318077413201,0.726351525165654
264,12,0.671096239897687,0.709208434058944
264,13,0.653766759221012,0.690894795681782
264,14,0.635490147060639,0.671580237322557
264,15,0.616425558282062,0.651432952403044
264,16,0.596727733947265,0.630616469877409
264,17,0.576544719273191,0.609287242591363
264,18,0.556016219167168,0.587592909426881
264,19,0.535272474799638,0.565671108074429
264,20,0.514433562621244,0.54364873424056
264,21,0.493609032668145,0.521641559412247
264,22,0.472897816256049,0.499754133308776
264,23,0.452388344528156,0.478079909162128
264,24,0.432158829046795,0.456701540243693
264,25,0.412277663923065,0.435691304831232
264,26,0.392803916054957,0.415111624288087
264,27,0.373787876059649,0.395015645283451
264,28,0.355271647585642,0.375447862572092
264,29,0.337289757001842,0.356444763308266
264,30,0.319869769094092,0.338035477708239
264,31,0.303032897450643,0.320242424100127
264,32,0.286794600769868,0.303081939096496
264,33,0.271165158448311,0.286564885870604
264,34,0.256150220567238,0.270697235377209
264,35,0.241751328845365,0.2554806168907
264,36,0.227966406310902,0.240912835486082
265,0,0.765055217394685,0.780307626712337
265,1,0.764970635736445,0.780221358804474
265,2,0.764422052478695,0.779661838798367
265,3,0.763055011784467,0.778267544301083
265,4,0.760615961681177,0.775779868438925
265,5,0.756934456386177,0.772024967362302
265,6,0.751907930622941,0.766898231017342
265,7,0.745488713610873,0.760351038242034
265,8,0.737672990356583,0.752379497985942
265,9,0.728491453255037,0.743014914538388
265,10,0.718001418327442,0.732315746592895
265,11,0.706280208127869,0.720360858233109
265,12,0.693419627842871,0.707243884906002
265,13,0.679521382745284,0.693068559516423
265,14,0.66469330426388,0.677944863258354
265,15,0.649046268779087,0.661985882982655
265,16,0.632691708105087,0.645305272047263
265,17,0.61573962369639,0.628015224934294
265,18,0.598297028123677,0.610224887654592
265,19,0.580466747478612,0.592039136276874
265,20,0.562346527250086,0.573557664978402
265,21,0.544028392006872,0.554874332962049
265,22,0.525598216050237,0.536076726549291
265,23,0.507135468176965,0.517245898854734
265,24,0.4887130989181,0.498456254776812
265,25,0.470397543180213,0.47977555369171
265,26,0.452248815192622,0.461265006293483
265,27,0.434320676125521,0.442979445553883
265,28,0.416660857752238,0.424967554843623
265,29,0.399311328138553,0.407272138918571
265,30,0.382308587601732,0.389930425779129
265,31,0.365683985134589,0.372974389402633
265,32,0.349464047173336,0.356431085065636
265,33,0.333670812035944,0.340322990449754
265,34,0.318322164599685,0.324668346991446
265,35,0.303432166848628,0.309481497019433
265,36,0.289011380827281,0.294773213146848
266,0,0.767143909336472,0.779158560034788
266,1,0.767043969313332,0.779057054797542
266,2,0.766398609616148,0.778401587777283
266,3,0.764798300052039,0.776776214909942
266,4,0.761957407807013,0.773890829933396
266,5,0.757691094557771,0.769557699672593
266,6,0.751895739185671,0.763671580143181
266,7,0.744532405260968,0.756192925111181
266,8,0.735612933459758,0.747133760695846
266,9,0.725188292715998,0.736545854082844
266,10,0.713338871050541,0.724510852292778
266,11,0.700166428416046,0.711132108995303
266,12,0.685787470222889,0.696527954254283
266,13,0.670327832062531,0.68082619443962
266,14,0.653918294049084,0.664159657882676
266,15,0.636691067624733,0.646662626659681
266,16,0.618777019034318,0.628468016581666
266,17,0.600303512335116,0.609705186422468
266,18,0.581392771094055,0.590498273957609
266,19,0.562160672122819,0.57096497080744
266,20,0.542715896964954,0.551215660635237
266,21,0.523159377602046,0.531352856172284
266,22,0.503583982185883,0.511470880028119
266,23,0.48407439470465,0.491655742472119
266,24,0.464707149507448,0.471985176498722
266,25,0.445550787678345,0.452528796650541
266,26,0.426666107488173,0.433348353392615
266,27,0.408106485664544,0.414498059414009
266,28,0.389918250100498,0.396024968173654
266,29,0.372141087951231,0.377969388388489
266,30,0.354808475917785,0.360365321056061
266,31,0.337948121949254,0.34324090807446
266,32,0.321582409665873,0.326618883625759
266,33,0.305728838562553,0.31051702127381
266,34,0.290400454538209,0.294948571236322
266,35,0.275606266547539,0.279922683562046
266,36,0.261351646220953,0.265444814009367
267,0,0.776737881274373,0.804510492567385
267,1,0.776611754148846,0.80437985570992
267,2,0.775802400757807,0.803541563525409
267,3,0.773809558920227,0.801477466734185
267,4,0.770297339417783,0.797839666248286
267,5,0.765061196117558,0.792416302296079
267,6,0.758000319001567,0.785102960352174
267,7,0.749094654893184,0.775878870229622
267,8,0.738385869097625,0.764787186995313
267,9,0.725961655550563,0.751918740120918
267,10,0.711942885148901,0.737398722296467
267,11,0.696473153261658,0.721375863207797
267,12,0.679710349340104,0.704013697714318
267,13,0.66181992525318,0.685483593490746
267,14,0.642969585509586,0.665959251395701
267,15,0.623325162806653,0.645612433548979
267,16,0.603047477170055,0.624609710168396
267,17,0.582290007020577,0.603110047364503
267,18,0.561197226439834,0.581263084954497
267,19,0.53990348524496,0.559207976493475
267,20,0.518532327694094,0.537072683619933
267,21,0.497196162142044,0.514973633899818
267,22,0.475996208108876,0.49301566600253
267,23,0.455022659327627,0.471292198578481
267,24,0.434355011675281,0.449885569915388
267,25,0.414062513702577,0.428867504576979
267,26,0.394204704971641,0.408299670989124
267,27,0.374832013767105,0.388234300522389
267,28,0.355986391124191,0.368714844190074
267,29,0.337701962653215,0.349776647778997
267,30,0.3200056834532,0.331447630179835
267,31,0.302917984601059,0.313748952991818
267,32,0.286453402366572,0.296695672235572
267,33,0.270621183514611,0.280297365298194
267,34,0.255425861881699,0.264558728125565
267,35,0.240867802911903,0.249480139228369
267,36,0.226943714057067,0.235058188331913
268,0,0.765159731546804,0.800215079582302
268,1,0.765064195347279,0.800115166447365
268,2,0.764446557981665,0.799469232385102
268,3,0.762912998977757,0.797865414267446
268,4,0.760186974756385,0.795014498831999
268,5,0.756087662859068,0.790727379344526
268,6,0.750511649626317,0.784895904308879
268,7,0.743417425119361,0.777476662032587
268,8,0.73481230364616,0.768477301924373
268,9,0.724741436331811,0.757945043681871
268,10,0.713278624507269,0.745957069801085
268,11,0.700518679938825,0.732612535794229
268,12,0.686571110671065,0.718025966753256
268,13,0.671554940029006,0.702321838987585
268,14,0.655594491583381,0.685630171880031
268,15,0.638815995037329,0.668082978274158
268,16,0.621344887406929,0.649811442009972
268,17,0.603303700865272,0.630943709000805
268,18,0.584810443486095,0.611603193791649
268,19,0.565977392111943,0.591907317123285
268,20,0.546910227908052,0.571966601882063
268,21,0.527707455045063,0.551884065149903
268,22,0.50846005155732,0.531754853066877
268,23,0.48925130890414,0.511666073042061
268,24,0.470156823256385,0.491696784640917
268,25,0.451244607161309,0.471918116365986
268,26,0.43257529511191,0.452393480644297
268,27,0.414202420757487,0.433178863738152
268,28,0.396172747122843,0.414323171093136
268,29,0.378526634328134,0.395868611904834
268,30,0.361298431984128,0.377851109491449
268,31,0.344516885735534,0.360300726462686
268,32,0.328205549387977,0.343242095728071
268,33,0.312383195725936,0.326694850136285
268,34,0.297064220548138,0.310674045021202
268,35,0.282259035647143,0.295190569185601
268,36,0.267974447470773,0.28025154091075
269,0,0.763528360552416,0.781204287284531
269,1,0.763434779573342,0.781108539875741
269,2,0.76282947974156,0.780489227158478
269,3,0.761325709686684,0.778950644343939
269,4,0.758651099363362,0.776214115932757
269,5,0.754626768191621,0.772096620202091
269,6,0.749149557459585,0.766492610282759
269,7,0.742176969369012,0.759358604538842
269,8,0.733714447030054,0.75070017209024
269,9,0.723804675500393,0.740560986167427
269,10,0.712518624314085,0.729013659271963
269,11,0.699948087478486,0.716152110471951
269,12,0.686199508185895,0.702085247153773
269,13,0.671388902981133,0.686931771682517
269,14,0.65563772428336,0.67081594813985
269,15,0.63906952136749,0.653864186006073
269,16,0.621807278511454,0.636202316684642
269,17,0.603971325315597,0.617953455444795
269,18,0.585677728470286,0.599236355958049
269,19,0.56703708672741,0.580164177372915
269,20,0.548153661733609,0.560843595026636
269,21,0.529124786896144,0.541374195626103
269,22,0.510040504743094,0.521848106212838
269,23,0.490983390455775,0.50234981361012
269,24,0.472028525523273,0.482956137467617
269,25,0.453243590912374,0.46373632558823
269,26,0.434689053862719,0.444752245047616
269,27,0.416418426496846,0.426058646791133
269,28,0.398478577957258,0.407703484996983
269,29,0.380910084817805,0.389728275599732
269,30,0.363747607126234,0.372168481038361
269,31,0.347020279673,0.355053910583082
269,32,0.330752109996279,0.338409127554287
269,33,0.314962376266422,0.322253856418161
269,34,0.299666019581995,0.306603384164502
269,35,0.28487402638624,0.291468951576239
269,36,0.270593797705854,0.276858131016215
270,0,0.765999414043234,0.780010383567842
270,1,0.765933428206317,0.779943190777585
270,2,0.765502791056762,0.77950467680219
270,3,0.764422169812951,0.778404289810472
270,4,0.762480349301353,0.776426951271691
270,5,0.759528216822752,0.773420821051797
270,6,0.755468345337169,0.76928669006338
270,7,0.750245984758109,0.763968806780805
270,8,0.743841292211262,0.757446965381827
270,9,0.736262650959287,0.749729702468174
270,10,0.727540944547859,0.740848466479447
270,11,0.717724667791502,0.730852639253525
270,12,0.706875769673634,0.719805302888684
270,13,0.695066135248378,0.70777965729554
270,14,0.682374624350359,0.694856004741596
270,15,0.668884594476436,0.681119227423766
270,16,0.654681843720344,0.666656692777032
270,17,0.639852917225705,0.651556528950628
270,18,0.624483727372137,0.635906219755833
270,19,0.608658443910733,0.619791474500815
270,20,0.592458615597735,0.603295333558021
270,21,0.575962489609413,0.586497475330406
270,22,0.559244499220564,0.56947369455901
270,23,0.54237489395068,0.552295525704095
270,24,0.52541948967689,0.535029988487379
270,25,0.508439519127232,0.517739435650662
270,26,0.491491565742833,0.500481485608275
270,27,0.474627566170149,0.483309024984912
270,28,0.457894868647638,0.466270268070246
270,29,0.441336336314711,0.449408862017529
270,30,0.42499048602123,0.432764028192054
270,31,0.408891654576744,0.416370731461283
270,32,0.393070185571553,0.400259870433066
270,33,0.377552630945366,0.384458482711217
270,34,0.362361962390905,0.368989960165913
270,35,0.347517788474326,0.353874270025496
270,36,0.333036574045428,0.339128178299927
271,0,0.7567248946093,0.773406874180338
271,1,0.75668892985312,0.773370116582094
271,2,0.756451193137955,0.773127138967555
271,3,0.755846002596336,0.772508607017025
271,4,0.754742401276512,0.771380676836339
271,5,0.75303955090968,0.76964028717982
271,6,0.750662628629475,0.767210965713064
271,7,0.747559177456018,0.764039099043508
271,8,0.743695865835875,0.760090620824536
271,9,0.739055615620444,0.755348076420226
271,10,0.733635061600879,0.749808026435797
271,11,0.727442309127458,0.743478754903751
271,12,0.720494959452619,0.736378251095654
271,13,0.712818375274836,0.728532436829973
271,14,0.704444161548113,0.719973613791058
271,15,0.695408838980393,0.710739107784857
271,16,0.685752689792906,0.700870089053064
271,17,0.675518757269401,0.690410549767439
271,18,0.664751982405631,0.679406421646755
271,19,0.653498462590337,0.667904818295425
271,20,0.641804818723275,0.655953388369663
271,21,0.62971765851596,0.643599767046708
271,22,0.617283124938545,0.630891114517225
271,23,0.604546519882106,0.617873731351239
271,24,0.591551994109369,0.60459274161383
271,25,0.578342295477491,0.591091835537494
271,26,0.564958568242054,0.577413064401801
271,27,0.551440196999484,0.563596681035528
271,28,0.537824689502432,0.549681020048702
271,29,0.524147593195607,0.53570241252848
271,30,0.51044244087385,0.521695130499245
271,31,0.496740721365083,0.507691356959269
271,32,0.483071871593034,0.493721177768456
271,33,0.46946328678267,0.479812592078757
271,34,0.45594034593912,0.465991538374774
271,35,0.442526450062126,0.452281933530649
271,36,0.429243070856202,0.43870572259403
272,0,0.769070470640927,0.782745714313357
272,1,0.769016583481561,0.782690868958269
272,2,0.768663231918185,0.782331234266213
272,3,0.767771815023194,0.781423966621884
272,4,0.76616122803398,0.779784740944313
272,5,0.763699169571804,0.777278903334853
272,6,0.760294528586716,0.773813722650394
272,7,0.75589073099699,0.769331618835916
272,8,0.750459938411514,0.763804258491339
272,9,0.743998002521578,0.757227419544708
272,10,0.736520088840229,0.749616537174978
272,11,0.728056892558115,0.741002852380011
272,12,0.718651377469897,0.73143009291614
272,13,0.7083559762915,0.720951623832792
272,14,0.697230197314324,0.709628011569374
272,15,0.685338588299288,0.697524951644251
272,16,0.672749013865929,0.684711515413202
272,17,0.659531207438244,0.671258676266651
272,18,0.645755563122736,0.657238080025473
272,19,0.631492136763291,0.6427210282331
272,20,0.616809828885611,0.627777646571461
272,21,0.601775725350532,0.61247621379012
272,22,0.586454574316286,0.596882629368124
272,23,0.570908380597037,0.581060000659618
272,24,0.555196100728003,0.565068332536762
272,25,0.539373424032727,0.548964304564044
272,26,0.523492626759389,0.532801122540912
272,27,0.507602487932126,0.516628432856807
272,28,0.491748256969691,0.500492289534027
272,29,0.475971664374996,0.484435165107349
272,30,0.460310967911168,0.468495997621165
272,31,0.44480102766693,0.452710267029642
272,32,0.429473404289533,0.437110095176381
272,33,0.414356475438556,0.421724364318946
272,34,0.399475566199465,0.406578849861373
272,35,0.384853089801076,0.391696363573805
272,36,0.370508695514761,0.37709690412157
273,0,0.760987033730437,0.78716022588405
273,1,0.760886113286513,0.787055834408355
273,2,0.760234742612158,0.786382060658695
273,3,0.75862041784676,0.784712213222857
273,4,0.755756263551073,0.781749549941581
273,5,0.751457465059074,0.777302899680796
273,6,0.74562131869435,0.771266026400276
273,7,0.738210403532461,0.763600222129942
273,8,0.729238441718607,0.754319680970921
273,9,0.718758469997355,0.743479263799922
273,10,0.706852993975331,0.731164313900166
273,11,0.69362583951393,0.717482228093002
273,12,0.679195453242096,0.702555526830239
273,13,0.663689437113397,0.686516200774189
273,14,0.647240130759933,0.669501141212195
273,15,0.629981080607329,0.651648487731268
273,16,0.612044256743283,0.633094749364332
273,17,0.59355789775969,0.613972575308403
273,18,0.574644880553806,0.594409068657111
273,19,0.555421526676284,0.57452455169458
273,20,0.535996769517347,0.554431704438015
273,21,0.516471617659998,0.534235009533624
273,22,0.496938859306671,0.51403044651739
273,23,0.477482960984417,0.493905387036354
273,24,0.45818012091348,0.473938650052732
273,25,0.439098443625569,0.454200682467965
273,26,0.420298207765263,0.434753836134821
273,27,0.401832203609688,0.415652716985625
273,28,0.383746120793618,0.39694458609269
273,29,0.366078970113698,0.378669795979959
273,30,0.34886352618029,0.360862248499307
273,31,0.332126780153306,0.343549863137651
273,32,0.315890393896071,0.326755046790868
273,33,0.300171148658407,0.310495157878766
273,34,0.284981382900203,0.29478295922705
273,35,0.270329415127767,0.279627055446588
273,36,0.256219948670316,0.265032311631697
274,0,0.761296718781199,0.814395981053232
274,1,0.761219400399906,0.814313269835079
274,2,0.760716835935012,0.813775652280278
274,3,0.759461417686518,0.812432670561203
274,4,0.757215927812949,0.810030561260826
274,5,0.753818046504631,0.806395683015166
274,6,0.74916703673783,0.801420272549736
274,7,0.743212332136794,0.795050236562708
274,8,0.735943786439324,0.787274721105872
274,9,0.727383371477286,0.778117230512201
274,10,0.717578135826813,0.767628094922848
274,11,0.706594258694527,0.755878109441186
274,12,0.694512053491288,0.742953189213589
274,13,0.681421793176872,0.728949903598398
274,14,0.667420245082516,0.713971769297724
274,15,0.652607816752076,0.698126197125468
274,16,0.637086226582786,0.681522000178892
274,17,0.62095662386814,0.664267382757418
274,18,0.604318092405014,0.646468339598673
274,19,0.587266480264562,0.628227404027724
274,20,0.569893505766644,0.609642691574614
274,21,0.552286096252191,0.590807192627126
274,22,0.534525922016474,0.571808273856625
274,23,0.516689092837606,0.552727353579891
274,24,0.498845988987936,0.533639720983825
274,25,0.481061202521928,0.514614473318243
274,26,0.463393568055486,0.495714548822019
274,27,0.445896265244576,0.476996836349424
274,28,0.4286169777851,0.458512345459999
274,29,0.411598096035823,0.44030642317411
274,30,0.394876952350917,0.422419005719584
274,31,0.378486079933591,0.404884895439958
274,32,0.362453487518198,0.387734054635253
274,33,0.346802943482971,0.370991909491122
274,34,0.331554264113321,0.354679658448068
274,35,0.316723601698368,0.338814580392259
274,36,0.302323728970061,0.323410338933835
275,0,0.762158994855189,0.79048923893007
275,1,0.762117693239535,0.790446402090322
275,2,0.761845388049533,0.790163975032643
275,3,0.761154218715679,0.78944711421439
275,4,0.759897591049982,0.788143776388844
275,5,0.757964455987395,0.786138784681485
275,6,0.755274240847175,0.783348571441064
275,7,0.751772366473163,0.779716528747312
275,8,0.747426289948313,0.775208904029043
275,9,0.742222018342218,0.769811184224045
275,10,0.736161044190709,0.76352491734726
275,11,0.729257658169589,0.756364925273805
275,12,0.721536598752001,0.748356866031649
275,13,0.713031002569052,0.739535107975007
275,14,0.703780622761188,0.729940881909982
275,15,0.693830285845395,0.71962068060191
275,16,0.683228560559885,0.708624878139617
275,17,0.672026614810279,0.697006544393093
275,18,0.660277239253849,0.684820432303358
275,19,0.64803401824358,0.672122118009634
275,20,0.635350630831902,0.658967275870668
275,21,0.622280266323794,0.645411072293334
275,22,0.608875140487422,0.631507663960315
275,23,0.595186099993204,0.617309787565753
275,24,0.58126230397334,0.602868429538022
275,25,0.567150972786373,0.588232565465597
275,26,0.552897195147053,0.573448960057745
275,27,0.538543785751458,0.558562019477412
275,28,0.524131186400763,0.543613688789667
275,29,0.50969740441325,0.528643388084419
275,30,0.495277982821198,0.513687981565496
275,31,0.480905997484697,0.498781774557175
275,32,0.466612076824871,0.483956533970913
275,33,0.452424440390685,0.469241528305713
275,34,0.438368952932038,0.454663583731186
275,35,0.424469191062301,0.440247153227987
275,36,0.410746519960439,0.426014396141049
276,0,0.76980275875339,0.782544162740458
276,1,0.769683960113797,0.782423397803079
276,2,0.768920491396403,0.781647292519695
276,3,0.767037468057716,0.779733102286889
276,4,0.763713077421861,0.776353687940582
276,5,0.758748346907641,0.77130678360138
276,6,0.752041792616211,0.764489225657889
276,7,0.743568244512181,0.755875427472432
276,8,0.733361238803097,0.74549948032769
276,9,0.721498450467124,0.733440344840602
276,10,0.708089710672555,0.719809670051987
276,11,0.693267216375742,0.704741840978461
276,12,0.67717759382074,0.688385910750953
276,13,0.659975525001782,0.67089912158546
276,14,0.641818687274765,0.652441760637427
276,15,0.622863791995289,0.63317313307323
276,16,0.603263539003059,0.613248466146674
276,17,0.583164330567156,0.592816585306586
276,18,0.562704611581568,0.57201822692007
276,19,0.542013722818936,0.550984872545853
276,20,0.521211171318726,0.529838007246281
276,21,0.500406236860247,0.508688719546864
276,22,0.479697846262849,0.487637573655953
276,23,0.459174658238297,0.466774695721551
276,24,0.438915310932548,0.446180025470279
276,25,0.418988792344721,0.425923692757345
276,26,0.399454900682323,0.406066485541345
276,27,0.380364767562938,0.386660381745738
276,28,0.361761421942514,0.367749122520997
276,29,0.343680376860003,0.349368808700767
276,30,0.326150224642865,0.331548505858923
276,31,0.309193229209433,0.314310846415434
276,32,0.292825906612026,0.297672619788353
276,33,0.277059587058162,0.281645343717329
276,34,0.261900953386169,0.266235811651805
276,35,0.247352552407955,0.251446612557292
276,36,0.23341327671056,0.237276620691465
277,0,0.761353086582728,0.77270542552641
277,1,0.761315167618828,0.772666941162647
277,2,0.761064742341073,0.77241278185835
277,3,0.760427905146755,0.771766448949352
277,4,0.759267813961212,0.770589059944208
277,5,0.757479695679555,0.768774279493365
277,6,0.754986405505714,0.766243812514653
277,7,0.751734485174661,0.762943403640679
277,8,0.747690670131186,0.758839292317058
277,9,0.742838800378629,0.753915077589597
277,10,0.737177093941435,0.748168950912166
277,11,0.73071574574121,0.74161125922021
277,12,0.723474818198846,0.734262364080188
277,13,0.715482393074717,0.726150765972341
277,14,0.706772956971669,0.717311465720328
277,15,0.697385995576215,0.707784537771523
277,16,0.687364774124561,0.697613892478877
277,17,0.67675528377253,0.68684620676044
277,18,0.665605335541079,0.675530004534937
277,19,0.653963785319335,0.663714870169021
277,20,0.641879875050736,0.651450779840012
277,21,0.629402676719641,0.638787537231934
277,22,0.61658062710893,0.625774301356008
277,23,0.603461142525922,0.612459195531847
277,24,0.590090303805527,0.598888987693772
277,25,0.576512602906216,0.585108833208337
277,26,0.562770743325407,0.571162072313766
277,27,0.548905487384897,0.557090075128292
277,28,0.534955544181696,0.542932127930257
277,29,0.52095749267236,0.528725355095579
277,30,0.506945734966048,0.514504671694366
277,31,0.492952475449122,0.500302762304257
277,32,0.47900772185756,0.486150082098819
277,33,0.465139304857772,0.472074876720329
277,34,0.45137291309607,0.458103217851861
277,35,0.437732141036322,0.44425905176823
277,36,0.424238547227785,0.430564258472645
278,0,0.76627813574723,0.786532226456905
278,1,0.766212822306023,0.786465186665564
278,2,0.765786465911488,0.786027560915051
278,3,0.764716284072083,0.784929092270843
278,4,0.762792665692909,0.782954629244895
278,5,0.759867351761429,0.779951994075919
278,6,0.755843182776844,0.775821459165121
278,7,0.750665227122248,0.770506640955499
278,8,0.744313125083428,0.76398664158947
278,9,0.736794501571269,0.75626928751784
278,10,0.728139317023869,0.747385331086245
278,11,0.718395040645662,0.737383496194416
278,12,0.707622543260873,0.726326262590463
278,13,0.695892618776943,0.714286295390406
278,14,0.683283053713621,0.701343437149727
278,15,0.669876173584713,0.68758218939163
278,16,0.655756803238299,0.67308961903543
278,17,0.641010585672616,0.657953632775761
278,18,0.625722610443014,0.642261569235894
278,19,0.609976308645312,0.626099064743537
278,20,0.593852576678926,0.609549153933477
278,21,0.577429095627938,0.592691571138673
278,22,0.560779817211435,0.57560222275336
278,23,0.543974590901537,0.558352804495136
278,24,0.527078910038174,0.541010540809108
278,25,0.510153757628648,0.523638026591662
278,26,0.493255535047389,0.506293154005624
278,27,0.476436059082978,0.489029109449236
278,28,0.459742614747855,0.471894427761712
278,29,0.443218052999845,0.454933092527719
278,30,0.426900924049787,0.438184672908571
278,31,0.410825638269191,0.421684488802947
278,32,0.395022647886713,0.405463797345939
278,33,0.379518643690948,0.38954999481104
278,34,0.364336761856063,0.373966828902549
278,35,0.349496796791007,0.358734617230766
278,36,0.335015416595622,0.343870468462984
279,0,0.76165776888985,0.808525366891033
279,1,0.761550019535566,0.808410987323512
279,2,0.760855828159943,0.807674079804684
279,3,0.759138863498063,0.805851464005454
279,4,0.756098924024328,0.802624465898534
279,5,0.751545834548919,0.797791208116685
279,6,0.745377436790057,0.791243246204102
279,7,0.737561100216733,0.782945941753441
279,8,0.728118254225576,0.772922042790755
279,9,0.71711150822286,0.761238011308883
279,10,0.704633983533187,0.747992698729305
279,11,0.690800531226954,0.733308023330315
279,12,0.675740553812742,0.717321350231786
279,13,0.659592187040711,0.700179315183581
279,14,0.642497631482599,0.68203286888053
279,15,0.624599452687314,0.663033349453017
279,16,0.606037694082822,0.643329417715126
279,17,0.586947668867648,0.623064713183123
279,18,0.567458316316322,0.602376109238339
279,19,0.547691024571777,0.58139246348167
279,20,0.527758836430201,0.560233774647446
279,21,0.507765967118445,0.539010670707926
279,22,0.487807573865648,0.51782416426581
279,23,0.467969726394351,0.496765621229563
279,24,0.448329535491114,0.475916897295459
279,25,0.428955403728512,0.45535060409742
279,26,0.409907368344931,0.435130473185461
279,27,0.391237511373507,0.415311791391373
279,28,0.372990416458783,0.395941885754978
279,29,0.355203655506968,0.377060640119776
279,30,0.337908291468948,0.358701028854029
279,31,0.321129386229097,0.34088965599184
279,32,0.304886504833025,0.323647290487883
279,33,0.289194209190622,0.306989390299811
279,34,0.274062535986888,0.29092660970669
279,35,0.259497454865385,0.275465285686159
279,36,0.245501304055321,0.260607900347251
280,0,0.762145903260707,0.791819189562986
280,1,0.762084520163187,0.791755416584186
280,2,0.76168328689453,0.7913385617533
280,3,0.760674661166702,0.790290666326763
280,4,0.75885891399757,0.788404225101057
280,5,0.756093383523132,0.785531021834318
280,6,0.752283126759963,0.781572417045744
280,7,0.747372806602894,0.776470919142744
280,8,0.741339668968656,0.770202888137622
280,9,0.734187480806431,0.762772237641457
280,10,0.725941313871347,0.754205015549723
280,11,0.716643071859472,0.744544757031369
280,12,0.706347669879945,0.73384851525302
280,13,0.695119785424266,0.722183485850951
280,14,0.683031109104366,0.709624150629755
280,15,0.670158031578053,0.696249874430858
280,16,0.656579710360526,0.68214289667753
280,17,0.642376466721828,0.667386665857364
280,18,0.627628468671974,0.652064471230914
280,19,0.612414661209468,0.636258331430661
280,20,0.596811909619771,0.620048104404774
280,21,0.580894325715995,0.603510787425747
280,22,0.564732750567123,0.586719979679237
280,23,0.548394370506593,0.569745483322368
280,24,0.531942446098438,0.552653021897484
280,25,0.515436136297728,0.535504057646471
280,26,0.498930402310961,0.518355691628065
280,27,0.482475977671295,0.501260632627992
280,28,0.466119392820786,0.484267222698295
280,29,0.449903044062045,0.46741950879354
280,30,0.433865298127264,0.450757351411121
280,31,0.418040624833533,0.434316562411362
280,32,0.402459751367728,0.418129065309304
280,33,0.387149832688128,0.402223072310732
280,34,0.372134633357874,0.386623273225094
280,35,0.357434716850176,0.37135103214111
280,36,0.343067638998659,0.356424588408872
281,0,0.763513200965971,0.780321496006365
281,1,0.763450192802489,0.780257100755141
281,2,0.76303857126482,0.779836417610887
281,3,0.762004490957905,0.778779572632879
281,4,0.760144135324872,0.776878262362363
281,5,0.757312527775112,0.773984318634164
281,6,0.753413810158012,0.769999773036744
281,7,0.74839281641382,0.764868245061917
281,8,0.742227788032538,0.758567497198858
281,9,0.734924094799469,0.751103017445542
281,10,0.726508839397134,0.742502505134139
281,11,0.717026237944046,0.732811149775065
281,12,0.706533680640303,0.72208760497999
281,13,0.695098387501685,0.710400570573895
281,14,0.682794583827419,0.697825905882407
281,15,0.669701128678716,0.684444206002691
281,16,0.655899537350958,0.670338780741517
281,17,0.641472345696827,0.655593982929929
281,18,0.626501770286279,0.640293839087418
281,19,0.611068623849042,0.624520940988533
281,20,0.595251450305658,0.608355561652131
281,21,0.579125848016346,0.591874963691965
281,22,0.562763953719368,0.575152871894255
281,23,0.546234063042627,0.558259085375074
281,24,0.529600366499331,0.541259207764104
281,25,0.512922782561571,0.524214476603438
281,26,0.496256871781296,0.507181675577969
281,27,0.479653818029287,0.490213115341354
281,28,0.463160464779005,0.473356670598632
281,29,0.446819396000122,0.456655862780577
281,30,0.430669052669906,0.440149979120011
281,31,0.41474387718079,0.423874220238424
281,32,0.399074479038608,0.407859869491957
281,33,0.383687816225042,0.392134478326438
281,34,0.368607387455399,0.376722062767601
281,35,0.353853431312382,0.361643306938671
281,36,0.339443128890491,0.346915770165858
282,0,0.774083949336263,0.788888551085276
282,1,0.773982443090179,0.788785103499949
282,2,0.773327087559867,0.788117214086667
282,3,0.771702319518944,0.78646137184016
282,4,0.768818605165023,0.783522505531978
282,5,0.764488887471952,0.779109980610846
282,6,0.7586086355958,0.773117267047192
282,7,0.751139004016305,0.765504776387825
282,8,0.742092671681098,0.756285430069281
282,9,0.731521986443119,0.745512577113838
282,10,0.719509088422462,0.733269928597515
282,11,0.706157728362859,0.719663219530017
282,12,0.69158653428239,0.704813346728004
282,13,0.675923512351062,0.688850764520199
282,14,0.659301596508087,0.671910949249686
282,15,0.641855086340286,0.6541307690256
282,16,0.623716834605923,0.635645617457465
282,17,0.605016064882536,0.616587189564841
282,18,0.585876716476097,0.597081795032351
282,19,0.566416228247018,0.577249118775966
282,20,0.546744685646294,0.557201351665946
282,21,0.526964266242532,0.5370426254494
282,22,0.507168928560607,0.516868695637875
282,23,0.487444297324319,0.496766824555251
282,24,0.467867705356559,0.476815824039252
282,25,0.448508358580166,0.457086223598006
282,26,0.429427595903486,0.437640535265991
282,27,0.410679220374298,0.418533591091389
282,28,0.392309881939167,0.39981293321583
282,29,0.374359495535688,0.381519239962787
282,30,0.3568616811457,0.363686774306946
282,31,0.33984421491256,0.346343843619241
282,32,0.32332948253134,0.32951326172828
282,33,0.307334927906567,0.313212806158816
282,34,0.291873491581213,0.297455664945819
282,35,0.276954034710574,0.282250868717
282,36,0.262581745418735,0.267603704820966
283,0,0.773466510954206,0.80229860618448
283,1,0.773353450110625,0.802181330832626
283,2,0.772625716536457,0.801426469925321
283,3,0.77082767105457,0.799561399668829
283,4,0.767647581425121,0.796262767548219
283,5,0.762889719381426,0.791327549239459
283,6,0.756450881689381,0.784648694456977
283,7,0.748300708558356,0.776194711704554
283,8,0.738465255284613,0.76599262752772
283,9,0.727013345225309,0.754113830774911
283,10,0.714045295328648,0.740662377855267
283,11,0.699683660583804,0.725765392174396
283,12,0.684065691874124,0.70956524084302
283,13,0.667337243675237,0.692213215275631
283,14,0.649647904591572,0.673864480210631
283,15,0.631147155535991,0.654674088680492
283,16,0.611981388014377,0.634793889148548
283,17,0.592291638996482,0.614370175943834
283,18,0.572211919690642,0.593541955738441
283,19,0.55186803359299,0.572439721537782
283,20,0.53137679480303,0.551184641857737
283,21,0.51084557109579,0.52988808676415
283,22,0.490372087887528,0.508651424531075
283,23,0.470044439265216,0.487566033081394
283,24,0.449941260878575,0.466713479323658
283,25,0.430132026900391,0.446165827182039
283,26,0.410677439606526,0.425986041698494
283,27,0.391629885551778,0.406228462213255
283,28,0.373033936944396,0.386939322428812
283,29,0.354926880757826,0.368157299245071
283,30,0.337339261456906,0.349914075716462
283,31,0.320295426038987,0.332234906410263
283,32,0.30381406246959,0.315139175913239
283,33,0.287908724589314,0.298640943305216
283,34,0.272588338237728,0.282749467149485
283,35,0.257857684727892,0.267469706989542
283,36,0.243717858952677,0.252802798531991
284,0,0.772447722128083,0.77883701949849
284,1,0.77235215537055,0.778740662261012
284,2,0.771734167431994,0.778117562638393
284,3,0.77019931146428,0.776570011117417
284,4,0.767470205032101,0.773818330895387
284,5,0.763365080084839,0.769679250428185
284,6,0.757779550669208,0.76404752033465
284,7,0.750671166936645,0.756880339642514
284,8,0.74204637780985,0.748184210616707
284,9,0.731949572103925,0.73800388923419
284,10,0.720453909677518,0.726413140495003
284,11,0.707653690965919,0.713507044840004
284,12,0.693658045596836,0.699395634562059
284,13,0.678585749221858,0.684198667764946
284,14,0.662561002666641,0.668041372600815
284,15,0.645710029413789,0.651051016609159
284,16,0.628158366641963,0.633354175348768
284,17,0.61002874187039,0.615074591478914
284,18,0.591439441980963,0.596331530290827
284,19,0.572503094259967,0.577238550666813
284,20,0.553325790338976,0.557902621774832
284,21,0.534006493715293,0.538423525688247
284,22,0.514636680069557,0.51889349472832
284,23,0.495300167024827,0.499397039815151
284,24,0.4760730964431,0.480010932617755
284,25,0.457024037951218,0.460804309936291
284,26,0.438214187234287,0.441838873635662
284,27,0.419697636824077,0.423169163673736
284,28,0.401521700724727,0.404842885412195
284,29,0.383727277330822,0.386901275536485
284,30,0.366349237767368,0.369379493607943
284,31,0.34941682907352,0.352307028582459
284,32,0.332954083611505,0.33570811160582
284,33,0.316980227752444,0.319602128079977
284,34,0.30151008430978,0.304004023425199
284,35,0.286554464392244,0.288924698174248
284,36,0.27212054536103,0.274371389055823
285,0,0.762883237951935,0.793102526780837
285,1,0.762799534742634,0.793015507924616
285,2,0.762256542041733,0.792451006226736
285,3,0.760903133665056,0.79104398671194
285,4,0.758487859484713,0.788533038823714
285,5,0.754841409476867,0.784742145838877
285,6,0.749861605555203,0.77956508219838
285,7,0.743500595401067,0.77295210006016
285,8,0.735753961563937,0.764898606989887
285,9,0.726651493716097,0.755435572686702
285,10,0.716249402591931,0.744621434501508
285,11,0.704623781261872,0.732535299699255
285,12,0.691865143373608,0.719271267349259
285,13,0.678073889186967,0.704933714760915
285,14,0.663356568944577,0.689633412839197
285,15,0.647822829635161,0.67348435190331
285,16,0.631582945767453,0.656601174649757
285,17,0.614745847600444,0.639097126276954
285,18,0.597417571566553,0.621082443526642
285,19,0.579700067553127,0.602663114719495
285,20,0.56169030643028,0.583939951930396
285,21,0.543479638868078,0.565007924407125
285,22,0.525153363196718,0.545955709312639
285,23,0.506790465939437,0.526865421979987
285,24,0.488463503786708,0.50781249321127
285,25,0.470238600268569,0.488865665818159
285,26,0.452175534296412,0.470087086670993
285,27,0.434327901154596,0.451532474067586
285,28,0.41674332948616,0.433251343314161
285,29,0.399463740389511,0.415287276085369
285,30,0.382525636971571,0.397678221447194
285,31,0.365960414629677,0.380456818429725
285,32,0.349794683996643,0.363650731764695
285,33,0.334050599913751,0.347282993889745
285,34,0.318746191024113,0.3313723475976
285,35,0.303895685629367,0.315933584800603
285,36,0.289509830348876,0.300977877812609
286,0,0.765205891715149,0.79044761746274
286,1,0.765118280248634,0.790357115970634
286,2,0.764550565241607,0.789770673838443
286,3,0.763137299454953,0.788310788876765
286,4,0.760618422750001,0.785708822384258
286,5,0.756820452066058,0.781785568641939
286,6,0.751640421449283,0.776434665174329
286,7,0.745032212688942,0.769608472476571
286,8,0.736994960821854,0.761306097053078
286,9,0.727563257418942,0.751563271541454
286,10,0.716798908731825,0.740443840986368
286,11,0.704784035953644,0.72803263549977
286,12,0.691615331484162,0.714429537058329
286,13,0.677399308583091,0.699744572457807
286,14,0.662248402502508,0.684093885834165
286,15,0.646277799425629,0.667596462999028
286,16,0.629602885586298,0.650371496413693
286,17,0.612337223052113,0.632536294199721
286,18,0.594590971046847,0.614204649385782
286,19,0.576469682562964,0.59548559682421
286,20,0.558073415548667,0.576482495058924
286,21,0.539496106302539,0.557292379050334
286,22,0.520825160011368,0.538005537206303
286,23,0.502141219746527,0.518705272758446
286,24,0.48351808080068,0.49946781527308
286,25,0.465022722096651,0.480362353096162
286,26,0.446715430619912,0.461451161890421
286,27,0.428649998491517,0.442789808209104
286,28,0.410873975476825,0.424427410334158
286,29,0.393428962476521,0.406406941448602
286,30,0.37635093392314,0.388765562667888
286,31,0.359670579054915,0.371534975571299
286,32,0.343413653800546,0.35474178569428
286,33,0.327601336519583,0.33840787000358
286,34,0.312250582135601,0.322550742712156
286,35,0.297374470301279,0.307183914929124
286,36,0.282982544170781,0.292317244607162
287,0,0.768158380237195,0.793360385359664
287,1,0.768051773582208,0.793250281116765
287,2,0.767364573177545,0.79254053480417
287,3,0.765663868811694,0.790784033142809
287,4,0.762650848427116,0.787672160546084
287,5,0.758135250899886,0.783008413737481
287,6,0.752013800162054,0.776686128332189
287,7,0.744252066253098,0.768669744779663
287,8,0.734869270689097,0.758979115222112
287,9,0.723925616502004,0.74767641785333
287,10,0.711511778474268,0.734855302345307
287,11,0.69774023740339,0.72063193980435
287,12,0.682738184496762,0.705137694370858
287,13,0.666641758944446,0.688513171736404
287,14,0.649591413987186,0.670903433180106
287,15,0.631728234954967,0.652454192808121
287,16,0.613191057297737,0.633308841031735
287,17,0.594114254005622,0.613606159396484
287,18,0.574626080410283,0.593478611079196
287,19,0.55484748051524,0.573051108055977
287,20,0.534891273023348,0.552440170424606
287,21,0.514861647380693,0.531753405914454
287,22,0.49485391067237,0.511089248478341
287,23,0.474954435293427,0.49053690424665
287,24,0.45524076515901,0.470176461222042
287,25,0.435781844970962,0.450079126067923
287,26,0.416638342863878,0.430307557339973
287,27,0.397863041734688,0.410916269654615
287,28,0.379501278824147,0.391952087692438
287,29,0.361591416760493,0.37345463269602
287,30,0.344165332377775,0.355456827325578
287,31,0.327248912256293,0.337985407457268
287,32,0.310862546163474,0.321061431813041
287,33,0.295021611455642,0.304700782254831
287,34,0.279736943082639,0.288914649209253
287,35,0.26501528516029,0.273709998055409
287,36,0.250859721176698,0.259090013445545
288,0,0.758718508093005,0.802596424525138
288,1,0.758571628265639,0.802441050400188
288,2,0.757634163086513,0.80144937009602
288,3,0.755339779057638,0.799022298133994
288,4,0.751321061140115,0.794771171270243
288,5,0.745367078057127,0.78847285973162
288,6,0.737388333291822,0.780032691273192
288,7,0.727387954280438,0.769453974195883
288,8,0.715438138033445,0.756813080779859
288,9,0.701661014404793,0.742239203845726
288,10,0.686213211477322,0.725898029531262
288,11,0.669273513661071,0.707978681637625
288,12,0.651033094393165,0.6886833894705
288,13,0.631687883770656,0.668219414080817
288,14,0.611432698770993,0.646792839026407
288,15,0.590456821423209,0.624603892821677
288,16,0.568940759694332,0.601843522500854
288,17,0.547053968086328,0.578690982393374
288,18,0.524953340985593,0.555312240341336
288,19,0.502782322525707,0.531859036084186
288,20,0.480670502857055,0.508468454179956
288,21,0.458733592907214,0.485262897306004
288,22,0.437073688520464,0.46235036567414
288,23,0.415779750765217,0.439824965115007
288,24,0.394928242610972,0.417767580575098
288,25,0.37458387346129,0.396246663707267
288,26,0.354800412496566,0.375319093250433
288,27,0.335621539697697,0.355031075269319
288,28,0.317081710019429,0.33541905730434
288,29,0.299207011658511,0.316510636274784
288,30,0.282016003887124,0.298325444765514
288,31,0.265520523642618,0.280876004263079
288,32,0.249726453105618,0.264168537124106
288,33,0.234634442967484,0.248203731670489
288,34,0.220240588076524,0.232977456909307
288,35,0.206537053738558,0.218481425053366
288,36,0.193512652198148,0.204703801341263
289,0,0.767938630504428,0.792199603931673
289,1,0.767858029426017,0.7921164564771
289,2,0.767334564278529,0.791576453844027
289,3,0.766028158398266,0.790228775553329
289,4,0.763693708023116,0.787820574443069
289,5,0.760164622809842,0.784179997192306
289,6,0.755338704275897,0.779201616629935
289,7,0.749166065219719,0.772833969501276
289,8,0.741638828262929,0.765068929563187
289,9,0.732782372805502,0.755932678010112
289,10,0.722647927317211,0.745478061738734
289,11,0.711306328387272,0.733778155231429
289,12,0.69884278966052,0.72092086423093
289,13,0.685352543007998,0.707004429205323
289,14,0.670937231285628,0.692133704145546
289,15,0.655701947070539,0.676417101748487
289,16,0.639752825048696,0.659964109742521
289,17,0.62319510745437,0.642883295209696
289,18,0.606131612305438,0.625280724429014
289,19,0.58866154329369,0.607258735168394
289,20,0.570879588214451,0.588915006631584
289,21,0.5528752598784,0.570341879547839
289,22,0.534732439650248,0.551625885289932
289,23,0.516529089202061,0.532847448521085
289,24,0.498337100840488,0.514080732793681
289,25,0.48022226094475,0.495393602832186
289,26,0.462244304704987,0.476847681000794
289,27,0.444457043539718,0.458498478746313
289,28,0.426908549351533,0.440395586674916
289,29,0.409641382199915,0.422582909417687
289,30,0.392692850072491,0.405098933608645
289,31,0.376095291259069,0.387977019179638
289,32,0.359876371410418,0.371245705803905
289,33,0.344059388725875,0.35492902772527
289,34,0.328663581886948,0.339046831420084
289,35,0.313704436361771,0.323615091578559
289,36,0.299193985568129,0.308646221782228
290,0,0.7686538981431,0.774373850284879
290,1,0.768586339737286,0.774305789141944
290,2,0.768145651258419,0.773861821271643
290,3,0.767040402985554,0.772748348273397
290,4,0.765055424019686,0.770748598049991
290,5,0.762039355820192,0.767710085723433
290,6,0.757893872518607,0.7635337537315
290,7,0.752564368334958,0.758164589944297
290,8,0.746031934681029,0.751583545065004
290,9,0.738306469434958,0.743800590627
290,10,0.729420778653079,0.734848776813491
290,11,0.719425546865188,0.724779165324137
290,12,0.70838506627357,0.713656526792829
290,13,0.696373627820289,0.701555704999045
290,14,0.683472488359655,0.688558561471473
290,15,0.669767338215923,0.674751424200494
290,16,0.655346202348327,0.6602229731847
290,17,0.640297716301709,0.64506250355197
290,18,0.624709725194874,0.62935851412218
290,19,0.608668160283458,0.613197575609988
290,20,0.592256153213192,0.596663438286796
290,21,0.575553353027976,0.579836343906333
290,22,0.558635415382694,0.562792511116432
290,23,0.541573637293526,0.545603767491332
290,24,0.524434714193003,0.528337304778855
290,25,0.507280599091836,0.51105553701418
290,26,0.490168446328116,0.49381604385046
290,27,0.473150624746082,0.476671583835652
290,28,0.456274787225998,0.459670164459806
290,29,0.439583985315309,0.442855157639251
290,30,0.423116819316977,0.426265450921814
290,31,0.406907615598847,0.409935626115639
290,32,0.390986624120402,0.39389615828584
290,33,0.375380230250348,0.378173629148329
290,34,0.360111175887862,0.362790949836546
290,35,0.345198785718112,0.347767588840659
290,36,0.3306591951428,0.333119801634258
291,0,0.769364366336886,0.788575491262755
291,1,0.769243409161127,0.788451513771115
291,2,0.768466490660435,0.787655195517812
291,3,0.766551463079162,0.785692349457142
291,4,0.763172681905505,0.782229199692913
291,5,0.75812990076014,0.777060499668541
291,6,0.751322218689411,0.770082828920875
291,7,0.742726346819235,0.761272317049719
291,8,0.73237856022398,0.750666144922607
291,9,0.72035978708192,0.738347261504597
291,10,0.70678336229122,0.724431831680505
291,11,0.691785038085823,0.709058997434617
291,12,0.675514901031331,0.692382593012943
291,13,0.65813089416281,0.674564505307987
291,14,0.639793685886295,0.655769414636075
291,15,0.620662664426526,0.636160689165951
291,16,0.600892868787795,0.615897239245332
291,17,0.580632695036794,0.595131166409345
291,18,0.560022240772398,0.574006066511518
291,19,0.539192171404978,0.552655867693942
291,20,0.518263009754412,0.531204102246457
291,21,0.497344765865602,0.509763527178609
291,22,0.476536837160409,0.48843602187838
291,23,0.455928120381877,0.467312702851658
291,24,0.435597286490603,0.446474205482815
291,25,0.415613177962788,0.425991091253335
291,26,0.396035295005562,0.405924346097998
291,27,0.37691434321392,0.38632594173688
291,28,0.358292820290071,0.367239437045155
291,29,0.340205623756245,0.34870060094057
291,30,0.322680665225906,0.330738041993084
291,31,0.305739479851131,0.313373833090228
291,32,0.289397822118569,0.296624122110165
291,33,0.273666241294589,0.280499721735769
291,34,0.258550631584229,0.265006673351118
291,35,0.24405275352219,0.250146781451687
291,36,0.23017072430387,0.235918116219007
292,0,0.779874410441576,0.798009881348621
292,1,0.779765425044587,0.797898361567288
292,2,0.779063027903555,0.79717963063873
292,3,0.777325094534086,0.795401282761953
292,4,0.774246808109239,0.792251412793457
292,5,0.769634439209511,0.787531786262405
292,6,0.76338322121431,0.781135200268758
292,7,0.755458749702047,0.773026450338534
292,8,0.745881408426768,0.763226394236688
292,9,0.73471338948548,0.751798670296894
292,10,0.722047932269673,0.738838686131893
292,11,0.708000455669292,0.72446454462266
292,12,0.692701301618338,0.708809618719881
292,13,0.676289846190421,0.69201652559688
292,14,0.658909767734334,0.674232284748769
292,15,0.640705290570855,0.655604474338865
292,16,0.621818248070468,0.636278225980201
292,17,0.602385830954542,0.61639392067492
292,18,0.582538905812751,0.596085468229906
292,19,0.562400805462464,0.57547906948678
292,20,0.542086507204489,0.554692375468512
292,21,0.521702127529511,0.533833970335582
292,22,0.501344672643418,0.513003116109948
292,23,0.481101993520867,0.492289706683399
292,24,0.461052902252293,0.471774386870144
292,25,0.441267413385094,0.45152879936023
292,26,0.421807079919342,0.431615928528609
292,27,0.402725398729175,0.412090515284347
292,28,0.384068264554102,0.392999521619193
292,29,0.365874455437385,0.374382627334522
292,30,0.348176135666685,0.356272744677532
292,31,0.330999364969902,0.338696539378103
292,32,0.314364605001819,0.321674948913459
292,33,0.298287216081704,0.305223690797076
292,34,0.282777938758039,0.289353755341887
292,35,0.267843356127377,0.274071878730065
292,36,0.253486333957551,0.259380993371004
293,0,0.767839778216497,0.805384099236078
293,1,0.7677200448594,0.805258511392507
293,2,0.766950802576674,0.804451656211852
293,3,0.76505418551152,0.802462302091435
293,4,0.761706963949291,0.798951414665023
293,5,0.756709895630037,0.793710009516059
293,6,0.749962041819599,0.786632212406459
293,7,0.741439329749467,0.777692773504771
293,8,0.731176739697072,0.766928383485312
293,9,0.719253579278736,0.754422227792424
293,10,0.705781380989509,0.740291292417987
293,11,0.690894022987522,0.724676001631301
293,12,0.674739728764919,0.707731826465635
293,13,0.657474649709913,0.689622553493019
293,14,0.639257776557477,0.670514947465039
293,15,0.620246962150859,0.650574579603163
293,16,0.600595869496808,0.629962626425966
293,17,0.580451686412068,0.608833472650899
293,18,0.559953471669862,0.58733297647389
293,19,0.539231017938357,0.56559727691001
293,20,0.518404134375473,0.543752041310015
293,21,0.497582266871113,0.521912067033918
293,22,0.476864386928676,0.500181164899259
293,23,0.45633909133241,0.47865226372179
293,24,0.436084864300304,0.457407685286605
293,25,0.416170461987541,0.436519547652288
293,26,0.396655386169681,0.416050261995327
293,27,0.377590419860421,0.396053094417457
293,28,0.359018202647944,0.376572769413677
293,29,0.340973827790124,0.357646096163043
293,30,0.323485446699729,0.339302602570798
293,31,0.306574869469755,0.321565165157019
293,32,0.290258152617429,0.30445062553897
293,33,0.274546167333604,0.287970386465636
293,34,0.259445143273376,0.272130982197548
293,35,0.244957184366653,0.256934619538449
293,36,0.231080754309789,0.242379687065533
294,0,0.770130190817245,0.803325812502731
294,1,0.769965381537215,0.803153899298487
294,2,0.768916862426537,0.802060184915447
294,3,0.766359943344789,0.799393052626205
294,4,0.761897940032551,0.794738719529109
294,5,0.75531184426022,0.787868737283751
294,6,0.746519050253712,0.778696939484275
294,7,0.735539683200364,0.767244318792264
294,8,0.722469292669572,0.753610543337059
294,9,0.707456860038111,0.737951016175147
294,10,0.690687228691838,0.720458548164875
294,11,0.672367202528342,0.701348857260218
294,12,0.652714675268919,0.680849229253614
294,13,0.63195025304075,0.659189779258683
294,14,0.610290917982034,0.636596842191966
294,15,0.587945353305691,0.613288096328612
294,16,0.565110612105643,0.589469088521176
294,17,0.54196986473701,0.565330884483103
294,18,0.518691004172718,0.541048614030748
294,19,0.495425926477016,0.516780720542498
294,20,0.472310335427545,0.492668757159278
294,21,0.44946394721138,0.468837600303802
294,22,0.426990993748811,0.445395974699569
294,23,0.404980942190857,0.422437203881537
294,24,0.383509364033849,0.40004011677294
294,25,0.362638900561461,0.378270054741644
294,26,0.342420282359949,0.357179935060482
294,27,0.322893369797701,0.336811336235533
294,28,0.30408818890787,0.317195578539353
294,29,0.286025943312914,0.298354779553412
294,30,0.268719987895721,0.280302869808257
294,31,0.252176754035747,0.263046557900937
294,32,0.236396619545162,0.246586237928803
294,33,0.221374719091281,0.230916834844315
294,34,0.207101692989297,0.216028585523662
294,35,0.193564373888329,0.20190775505167
294,36,0.180746412134264,0.188537289040221
295,0,0.763578562908544,0.787229848840286
295,1,0.763474285476302,0.787122341491065
295,2,0.762801796091096,0.786429022240396
295,3,0.761136655646208,0.784712305291541
295,4,0.758185110265089,0.781669337957082
295,5,0.75375932997955,0.777106472373332
295,6,0.747756485692089,0.770917694386914
295,7,0.740141132757406,0.763066461480635
295,8,0.730930438011504,0.753570472220655
295,9,0.72018184718316,0.742488951675065
295,10,0.707982842330993,0.729912091595085
295,11,0.694442485135714,0.715952331766992
295,12,0.679684482316518,0.700737210634877
295,13,0.663841544818764,0.684403549768292
295,14,0.647050843343656,0.6670927686303
295,15,0.629450389795758,0.648947153942985
295,16,0.611176197784617,0.630106932237688
295,17,0.59236009585103,0.610708015347567
295,18,0.57312808496599,0.590880307031274
295,19,0.55359914739709,0.570746474944872
295,20,0.53388442754062,0.550421106100807
295,21,0.514086717031287,0.530010176029277
295,22,0.49430018658856,0.509610772318715
295,23,0.474610315835841,0.489311022261164
295,24,0.455093979908935,0.469190182143374
295,25,0.435819658205733,0.44931885246236
295,26,0.416847736253517,0.42975928914282
295,27,0.398230876501151,0.410565785814347
295,28,0.380014437983805,0.391785106474956
295,29,0.362236928348199,0.373456951517479
295,30,0.344930474745839,0.355614443208378
295,31,0.328121302669817,0.338284619356157
295,32,0.311830213988078,0.321488926151364
295,33,0.296073057265786,0.305243703056843
295,34,0.280861185017852,0.289560654223329
295,35,0.266201893830269,0.274447302243214
295,36,0.252098844370878,0.259907421170842
296,0,0.768924656354745,0.805808934183082
296,1,0.768816236968557,0.805695314065289
296,2,0.768117663725136,0.804963231206354
296,3,0.766389680540677,0.803152359001064
296,4,0.763329904670431,0.799945809812576
296,5,0.758746610057596,0.795142660743948
296,6,0.752536617922547,0.788634783668772
296,7,0.744666719652495,0.780387377001929
296,8,0.73515813190061,0.770422675130803
296,9,0.724073549391043,0.758806380160834
296,10,0.711506418355736,0.745636420813572
296,11,0.697572103776427,0.731033695973202
296,12,0.682400667533394,0.715134506412833
296,13,0.666131012933431,0.698084418443389
296,14,0.648906184576404,0.680033338321101
296,15,0.630869641716654,0.661131606847091
296,16,0.612162348706937,0.641526950243836
296,17,0.592920548240822,0.621362146583007
296,18,0.573274102342294,0.600773287194585
296,19,0.553345302747874,0.579888529984617
296,20,0.53324806680326,0.558827256760098
296,21,0.513087447531691,0.53769955979599
296,22,0.492959397370006,0.516605994238004
296,23,0.472950734425897,0.495637542741266
296,24,0.453139268175563,0.474875747197515
296,25,0.433594048460833,0.454392969676287
296,26,0.41437570760481,0.43425275095138
296,27,0.395536870572923,0.414510240336777
296,28,0.377122612474115,0.395212675133552
296,29,0.359170946422778,0.376399891893883
296,30,0.341713327951857,0.358104855030171
296,31,0.324775164856305,0.340354191114994
296,32,0.308376323619308,0.323168719599921
296,33,0.292531625488682,0.306563972688018
296,34,0.277251326877326,0.290550698778467
296,35,0.262541580103134,0.275135345307546
296,36,0.24840487159802,0.260320517977952
297,0,0.769665516667586,0.778835876355581
297,1,0.769577039445526,0.778746344950979
297,2,0.769003775042269,0.778166250255004
297,3,0.767576863976907,0.77672233792425
297,4,0.765033976274944,0.774149152392426
297,5,0.761200271626556,0.770269770173975
297,6,0.75597214691517,0.764979353748775
297,7,0.749303406311597,0.758231156876633
297,8,0.741193533544154,0.750024657134626
297,9,0.731677785229856,0.740395531212974
297,10,0.720818858859038,0.729407223625914
297,11,0.708699919676542,0.717143890510036
297,12,0.695418797752438,0.703704527554644
297,13,0.681083190389951,0.689198115247655
297,14,0.665806726039451,0.673739635892167
297,15,0.649705764396939,0.657446835578976
297,16,0.632896823649982,0.64043762077883
297,17,0.61549454014857,0.622827993703301
297,18,0.597610078349528,0.604730443304118
297,19,0.5793499199127,0.586252719941749
297,20,0.560814970494147,0.567496931536277
297,21,0.542099931245267,0.548558907578104
297,22,0.523292889428406,0.52952778486585
297,23,0.504475089024395,0.510485775380745
297,24,0.485720847846973,0.491508082413489
297,25,0.467097592591543,0.472662936030609
297,26,0.448665987518808,0.454011723291317
297,27,0.430480136184601,0.43560919238091
297,28,0.412587838844372,0.417503713082154
297,29,0.39503089094468,0.399737578823223
297,30,0.377845410518272,0.382347337973607
297,31,0.361062184371189,0.365364144155944
297,32,0.344707024731466,0.348814117144093
297,33,0.328801129556286,0.332718707463252
297,34,0.313361441000309,0.317095059129342
297,35,0.298400997660837,0.30195636609108
297,36,0.283929277160753,0.287312218894702
298,0,0.757245366363941,0.792151069392586
298,1,0.757134976665446,0.792035591211276
298,2,0.756424381183985,0.79129224038267
298,3,0.754668526635903,0.789455448611147
298,4,0.751562780338591,0.786206540978353
298,5,0.746915728304818,0.781345280148522
298,6,0.740626282323437,0.774765918185622
298,7,0.732664486194727,0.766437118039999
298,8,0.723055491551825,0.756385190725196
298,9,0.711866243922557,0.744680167665387
298,10,0.699194481078045,0.731424291915934
298,11,0.685159699343879,0.716742568060964
298,12,0.669895790358941,0.700775059558947
298,13,0.653545091587881,0.683670665009787
298,14,0.636253629459233,0.665582142022395
298,15,0.618167364958664,0.646662179746183
298,16,0.599429278425502,0.627060349289446
298,17,0.580177153682193,0.606920785706878
298,18,0.560541941912205,0.586380476459386
298,19,0.5406466032806,0.565568049638435
298,20,0.520605339504649,0.544602971161522
298,21,0.500523143729691,0.523595073899278
298,22,0.480495605411523,0.502644353563786
298,23,0.460608917682495,0.481840976414227
298,24,0.440940043087172,0.461265452632222
298,25,0.421557000792849,0.440988936771509
298,26,0.402519244566451,0.421073623157918
298,27,0.383878106098763,0.401573209648914
298,28,0.365677282769058,0.382533407882043
298,29,0.347953352782393,0.363992482157807
298,30,0.330736303869236,0.345981802510033
298,31,0.31405006449234,0.328526400399067
298,32,0.297913028828157,0.31164551789253
298,33,0.282338568740056,0.295353143238272
298,34,0.267335527590796,0.279658527439441
298,35,0.252908692097654,0.264566677860067
298,36,0.239059239555191,0.250078826062844
299,0,0.763770722793758,0.79255792716182
299,1,0.763666412057821,0.79244968486058
299,2,0.762993709167993,0.791751627194783
299,3,0.761328043603562,0.790023181199548
299,4,0.758375573841152,0.78695943020063
299,5,0.753948417171415,0.782365410020657
299,6,0.747943719259779,0.776134389652828
299,7,0.740326031572218,0.768229584476039
299,8,0.731112533309493,0.758668821190556
299,9,0.720360694624989,0.747511736051447
299,10,0.708158030631832,0.734849142695036
299,11,0.694613641910504,0.720794253800653
299,12,0.679851277684212,0.705475482810844
299,13,0.664003693221913,0.689030588659863
299,14,0.647208103965058,0.671601958562361
299,15,0.629602565890036,0.653332851948444
299,16,0.611323135188192,0.634364453089479
299,17,0.592501680887652,0.614833601275675
299,18,0.573264241925691,0.594871085965029
299,19,0.553729835733175,0.574600410462246
299,20,0.534009638901247,0.554136941704024
299,21,0.51420647221858,0.533587375886884
299,22,0.494414532518417,0.5130494602073
299,23,0.474719322555113,0.492611920095216
299,24,0.455197737712916,0.472354549190959
299,25,0.435918274887589,0.452348426099802
299,26,0.416941334507984,0.432656227796994
299,27,0.398319591497225,0.413332614570813
299,28,0.380098415115044,0.394424665689129
299,29,0.362316321164321,0.375972348650017
299,30,0.345005443065445,0.358009008011337
299,31,0.328192010871028,0.340561862459933
299,32,0.311896829471575,0.323652501041318
299,33,0.296135749083049,0.307297371380327
299,34,0.280920122656155,0.291508254330571
299,35,0.266257246145172,0.276292720837396
299,36,0.252150778656472,0.261654567922181
300,0,0.763216027592587,0.80093013681622
300,1,0.763095564450581,0.80080372102132
300,2,0.762321908470788,0.799991835044949
300,3,0.760415169758478,0.79799087536576
300,4,0.757051459512546,0.794460948306993
300,5,0.752031843288371,0.789193289133383
300,6,0.745256343768083,0.782082980175513
300,7,0.736702259466533,0.773106198160611
300,8,0.726406164898098,0.762301324922583
300,9,0.714449044103765,0.749753346306435
300,10,0.700944084662574,0.735581043024165
300,11,0.686026724770668,0.719926545912977
300,12,0.669846602882233,0.702946887769941
300,13,0.652561108839612,0.684807235812996
300,14,0.63433027831551,0.665675533833414
300,15,0.615312809574189,0.645718322126356
300,16,0.595663013756305,0.62509753707488
300,17,0.575528537739682,0.603968121486498
300,18,0.555048722683868,0.582476302025678
300,19,0.534353482118994,0.560758411863763
300,20,0.513562601317542,0.538940155429393
300,21,0.492785375066376,0.51713622828114
300,22,0.47212051416393,0.495450218984281
300,23,0.451656262290735,0.473974731756451
300,24,0.431470674591332,0.452791678815602
300,25,0.411632017580916,0.431972700047923
300,26,0.392199257041921,0.411579675013702
300,27,0.373222606570691,0.39166529860028
300,28,0.354744114517538,0.372273696965585
300,29,0.336798271361105,0.353441064925739
300,30,0.31941262317995,0.335196309741163
300,31,0.302608379925988,0.31756168944769
300,32,0.286401009748773,0.300553436549209
300,33,0.27080081273829,0.284182360111811
300,34,0.255813469209314,0.268454421141454
300,35,0.241440559096034,0.25337127764434
300,36,0.227680050208304,0.238930797010207
301,0,0.769331151488128,0.783355737849025
301,1,0.769223686826977,0.783246314151875
301,2,0.76853108204664,0.782541083474956
301,3,0.766817353948079,0.780796114827158
301,4,0.763781897436036,0.77770532320758
301,5,0.75923363759913,0.773074150488814
301,6,0.753069218682667,0.76679735678382
301,7,0.74525466660261,0.758840348675164
301,8,0.735810034764437,0.749223545133551
301,9,0.724796607046543,0.738009347216945
301,10,0.712306287955906,0.725291334813197
301,11,0.698452859111904,0.711185363733201
301,12,0.683364824200465,0.695822280231539
301,13,0.667179602106125,0.679342008281758
301,14,0.650038860728582,0.661888798330346
301,15,0.632084812600935,0.643607455385627
301,16,0.613457318359467,0.624640389685013
301,17,0.59429166581966,0.605125355284499
301,18,0.574716911287315,0.585193761132568
301,19,0.554854686127185,0.564969455883079
301,20,0.534818385832882,0.544567902182246
301,21,0.514712671162447,0.524095668710126
301,22,0.494633221563019,0.503650179110313
301,23,0.474666690315633,0.483319666317054
301,24,0.454890818772154,0.46318328887467
301,25,0.435374673893095,0.443311372805586
301,26,0.416178979170005,0.423765748565304
301,27,0.397356514054463,0.404600157752813
301,28,0.378952561326887,0.385860708634755
301,29,0.361005385518641,0.367586363288957
301,30,0.343546728634142,0.349809442363351
301,31,0.326602312079572,0.332556136154639
301,32,0.310192335955475,0.315847013002779
301,33,0.294331968768176,0.299697517929649
301,34,0.279031822208522,0.284118456072798
301,35,0.264298406978479,0.269116456821576
301,36,0.250134566753855,0.254694415690817
302,0,0.765994550099466,0.802345185993432
302,1,0.765878126632543,0.802223237595483
302,2,0.765129590615515,0.801439179445557
302,3,0.76328247900175,0.799504412271163
302,4,0.760019827336795,0.796086929918827
302,5,0.755144796089266,0.790980551743533
302,6,0.74855601489454,0.784079096801764
302,7,0.740226967772475,0.775354790784921
302,8,0.730188832702796,0.764840291238595
302,9,0.718516267810315,0.752613799224439
302,10,0.705315705225559,0.738786797660383
302,11,0.690715773677581,0.723494019413028
302,12,0.674859523130894,0.706885302951026
302,13,0.657898170254038,0.689119041001886
302,14,0.639986123045297,0.670356969068928
302,15,0.621277077282218,0.650760076635962
302,16,0.601921007257402,0.630485455097014
302,17,0.582061899086057,0.60968392349691
302,18,0.561836097224174,0.588498296582683
302,19,0.541371154161553,0.567062179908235
302,20,0.520785089939044,0.545499194211617
302,21,0.500185982524133,0.523922546351695
302,22,0.479671822461565,0.502434877061146
302,23,0.459330575857063,0.481128326919101
302,24,0.439240408880957,0.4600847715087
302,25,0.419470034794648,0.439376184911865
302,26,0.400079151181131,0.419065097688798
302,27,0.381118940753916,0.399205121453035
302,28,0.362632613960053,0.379841517223957
302,29,0.344655975698746,0.361011789039295
302,30,0.327218001948547,0.342746287946454
302,31,0.310341415021701,0.325068814555819
302,32,0.294043248620384,0.307997210912009
302,33,0.278335395923227,0.291543934590107
302,34,0.263225135639344,0.27571660971383
302,35,0.248715632381409,0.260518551074055
302,36,0.234806408872485,0.245949258744439
303,0,0.767117031130875,0.781556482644703
303,1,0.767014788226862,0.78145231522149
303,2,0.766354973235752,0.780780080526234
303,3,0.764719974245799,0.779114305934016
303,4,0.761819600546901,0.776159338472109
303,5,0.757467138129542,0.771724949611338
303,6,0.751559086999533,0.765705691176094
303,7,0.744058074385313,0.758063486926762
303,8,0.734978502573817,0.748813010244668
303,9,0.724374546915417,0.738009456223345
303,10,0.712330169407211,0.725738367277397
303,11,0.698950857011441,0.712107215951207
303,12,0.684356832213897,0.697238487679611
303,13,0.66867751691478,0.681264040472527
303,14,0.652047060137729,0.664320548442001
303,15,0.634600765742191,0.646545862273374
303,16,0.61647227877308,0.628076142613569
303,17,0.597791408671353,0.609043642307945
303,18,0.57868248464592,0.589575030815347
303,19,0.559263153376902,0.569790169280527
303,20,0.539643542152696,0.54980125791893
303,21,0.519925721776832,0.529712288813834
303,22,0.50020341332526,0.509618747153938
303,23,0.480561891275902,0.489607512539508
303,24,0.461078042833,0.469756919423399
303,25,0.441820549572918,0.450136942175969
303,26,0.422850162971858,0.430809475799062
303,27,0.404220050050731,0.411828688076953
303,28,0.385976189385847,0.393241423041152
303,29,0.368157801171945,0.375087639128512
303,30,0.350797797961676,0.357400868404993
303,31,0.333923245209006,0.340208685777869
303,32,0.31755582287091,0.323533179286161
303,33,0.301712281122839,0.307391414394039
303,34,0.28640488476303,0.291795886760161
303,35,0.27164184215746,0.276754959256656
303,36,0.257427715644839,0.262273280099182
304,0,0.773676059370878,0.78588426513289
304,1,0.773551141879725,0.785757376508707
304,2,0.772749415510144,0.78494299931406
304,3,0.770774979720543,0.782937407954772
304,4,0.767294524638769,0.779402033102289
304,5,0.762104722403953,0.774130338487866
304,6,0.755104962160787,0.767020125669235
304,7,0.746274646582951,0.75805047230498
304,8,0.735654374246669,0.74726261759574
304,9,0.723330424851916,0.734744202690275
304,10,0.709422044912599,0.720616355750449
304,11,0.694071101615416,0.70502318255337
304,12,0.677433733404558,0.688123285326659
304,13,0.659673678649027,0.670082986145603
304,14,0.640957009512269,0.651070977706002
304,15,0.621448037765854,0.631254164533708
304,16,0.601306193555779,0.610794492499488
304,17,0.580683707730235,0.58984659457513
304,18,0.559723953874713,0.568556106706722
304,19,0.538560328202214,0.547058530030116
304,20,0.517315564375421,0.525478534881348
304,21,0.496101396598077,0.503929618571775
304,22,0.475018498257818,0.482514043062719
304,23,0.454156635340845,0.461322990800949
304,24,0.433594984039408,0.440436887337843
304,25,0.413402570670901,0.419925848190176
304,26,0.393638799427225,0.399850214917096
304,27,0.374354039753095,0.380261151766956
304,28,0.355590250467344,0.361201279646922
304,29,0.337381622226703,0.342705328724503
304,30,0.319755223704284,0.324800794802392
304,31,0.302731640016475,0.307508587819407
304,32,0.286325594570407,0.290843663510382
304,33,0.270546547695732,0.274815631484052
304,34,0.255399267235164,0.259429334817208
304,35,0.240884367755027,0.24468539777371
304,36,0.226998816249093,0.230580739488072
305,0,0.761010728278197,0.786629470187029
305,1,0.760957768259269,0.786574727316683
305,2,0.760610443750498,0.786215710440618
305,3,0.759734083199455,0.7853098479996
305,4,0.758150424945527,0.783672877314492
305,5,0.755729108272882,0.781170049193175
305,6,0.75238021896527,0.777708422538158
305,7,0.748047772398753,0.773230128053474
305,8,0.742704029283871,0.767706492631428
305,9,0.736344550058797,0.761132927256333
305,10,0.728983903751621,0.753524491409511
305,11,0.720651955975017,0.744912056102633
305,12,0.711390668682506,0.735338995900655
305,13,0.701251351486329,0.724858347707781
305,14,0.690292310788614,0.713530380758739
305,15,0.678576848779274,0.701420528254749
305,16,0.666171569568446,0.688597636473428
305,17,0.653144954405123,0.675132492023441
305,18,0.639566172138483,0.661096592261083
305,19,0.625504094850889,0.646561127785442
305,20,0.611026491973932,0.63159614942509
305,21,0.596199379229551,0.616269895261888
305,22,0.581086501451811,0.600648256042422
305,23,0.565748930772767,0.584794359837161
305,24,0.550244763826426,0.568768259051059
305,25,0.534628903563776,0.552626704893582
305,26,0.51895291300245,0.536422996204991
305,27,0.503264929777876,0.520206891130926
305,28,0.487609631737589,0.504024571558489
305,29,0.472028245044082,0.487918651491864
305,30,0.456558587339406,0.471928221670018
305,31,0.441235139490891,0.456088923727679
305,32,0.426089140294274,0.44043304808655
305,33,0.411148699269655,0.424989650548453
305,34,0.396438923357303,0.409784683256226
305,35,0.381982053913572,0.394841136301488
305,36,0.367797610930445,0.380179186799199
306,0,0.763235176670115,0.781878826792713
306,1,0.763162335231128,0.781804206045925
306,2,0.762688135873813,0.781318423356007
306,3,0.761501511675651,0.780102813326146
306,4,0.75937528414664,0.777924648146272
306,5,0.756152084935356,0.774622715406704
306,6,0.751732215100997,0.770094880806964
306,7,0.746063203447993,0.764287391430408
306,8,0.739130852736829,0.75718570323961
306,9,0.730951586927139,0.748806641384511
306,10,0.721565934288943,0.739191724124731
306,11,0.711033000515429,0.728401500936315
306,12,0.699425803137306,0.716510772959189
306,13,0.686827353800485,0.7036045795761
306,14,0.673327388528131,0.689774848804332
306,15,0.659019658126851,0.675117621514276
306,16,0.643999701577814,0.659730770430873
306,17,0.628363034723084,0.643712144574731
306,18,0.612203694946269,0.627158078393499
306,19,0.595613089972065,0.610162212440876
306,20,0.578679105476304,0.592814579188125
306,21,0.561485432000806,0.575200913497387
306,22,0.544111076789717,0.557402152533573
306,23,0.526630030681277,0.539494094519255
306,24,0.509111064168436,0.521547189813627
306,25,0.491617630243392,0.503626441383814
306,26,0.47420785471874,0.485791394889589
306,27,0.456934597419289,0.468096201369937
306,28,0.439845570006645,0.450589737945753
306,29,0.422983498271299,0.433315774076258
306,30,0.40638631853837,0.416313172762378
306,31,0.39008739941354,0.399616117709295
306,32,0.374115781472013,0.383254358870314
306,33,0.358496428689605,0.367253470019709
306,34,0.343250486452638,0.351635113065047
306,35,0.328395541881078,0.336417304729278
306,36,0.313945882974264,0.321614682026659
307,0,0.763996835688622,0.787365156852445
307,1,0.763930111002254,0.787296391262467
307,2,0.763494794850922,0.786847760124531
307,3,0.762402834422571,0.785722399974093
307,4,0.760441377722685,0.783700948326622
307,5,0.757460526060335,0.780628921549751
307,6,0.753362723220581,0.776405779482984
307,7,0.74809358566267,0.77097547515977
307,8,0.7416339998498,0.76431831041881
307,9,0.733993332280319,0.75644393825092
307,10,0.725203615186651,0.747385370656322
307,11,0.715314586408437,0.737193866802699
307,12,0.704389475820537,0.72593459057295
307,13,0.692501443076287,0.713682939349935
307,14,0.679730582465933,0.700521457262711
307,15,0.666161420528415,0.686537256257925
307,16,0.651880840816637,0.671819877390023
307,17,0.636976378014382,0.656459532760426
307,18,0.621534830538243,0.640545675683209
307,19,0.60564114692107,0.624165853006431
307,20,0.589377546746238,0.607404799158479
307,21,0.572822841757719,0.590343736492974
307,22,0.556051927075338,0.573059850941865
307,23,0.53913541625686,0.555625915915182
307,24,0.522139397321594,0.53811004086215
307,25,0.505125289831602,0.520575523980955
307,26,0.488149785758999,0.503080791277348
307,27,0.47126485918933,0.485679406564822
307,28,0.454517831955899,0.4684201391065
307,29,0.43795148409878,0.451347077452735
307,30,0.421604199622394,0.43449977965698
307,31,0.40551013941165,0.417913451480891
307,32,0.389699434380434,0.401619145450643
307,33,0.374198392987381,0.385643974719973
307,34,0.359029718179836,0.370011336649788
307,35,0.344212729633209,0.354741141845146
307,36,0.32976358785358,0.339850045112466
308,0,0.771519428968324,0.794249655970392
308,1,0.771393523737066,0.794120041364645
308,2,0.770585713732645,0.793288431953384
308,3,0.768597002404052,0.791241129929284
308,4,0.76509265871229,0.78763354252827
308,5,0.759869152935204,0.782256143708958
308,6,0.752826529995592,0.775006033553734
308,7,0.743945421651742,0.765863273200737
308,8,0.73326800796497,0.754871285405028
308,9,0.720882333376942,0.742120708541841
308,10,0.70690946526005,0.727736176826806
308,11,0.69149305450162,0.71186557333785
308,12,0.674790919912562,0.694671366486742
308,13,0.656968332211808,0.676323696138693
308,14,0.638192720081001,0.656994923698745
308,15,0.618629561231682,0.636855402123063
308,16,0.59843925638794,0.616070257803984
308,17,0.577774814269324,0.59479700734874
308,18,0.556780201681857,0.573183859061437
308,19,0.535589235231799,0.551368572004901
308,20,0.51432491044202,0.529477765351711
308,21,0.49309908058924,0.507626587759463
308,22,0.472012411754262,0.485918671096706
308,23,0.451154552703068,0.464446305329013
308,24,0.43060446857003,0.443290782033049
308,25,0.410430896136116,0.422522863088019
308,26,0.390692885994281,0.402203338814138
308,27,0.371440403253525,0.382383646374417
308,28,0.352714963810931,0.363106524792317
308,29,0.334550287755158,0.344406687605581
308,30,0.316972955274765,0.326311498098691
308,31,0.30000305363428,0.308841635339914
308,32,0.283654806439731,0.292011741986026
308,33,0.26793717862123,0.275831047088675
308,34,0.252854452380324,0.260303959010085
308,35,0.238406770842142,0.245430625092084
308,36,0.224590647366896,0.231207455972763
309,0,0.755274591164763,0.782546828890062
309,1,0.755213132241678,0.782483150744484
309,2,0.754811499650678,0.782067015587626
309,3,0.753802141631733,0.781021210623205
309,4,0.751985576680258,0.779139051261724
309,5,0.749219569084412,0.776273165796841
309,6,0.745409717414237,0.772325744053923
309,7,0.740501290942461,0.767240079031875
309,8,0.734472166912714,0.76099324914291
309,9,0.72732673765324,0.753589805318015
309,10,0.719090670947543,0.745056342179621
309,11,0.709806419984335,0.735436845860178
309,12,0.699529390768284,0.724788723021796
309,13,0.688324685216221,0.713179426348792
309,14,0.676264347413287,0.700683601368801
309,15,0.663425048770731,0.687380688023854
309,16,0.649886155211403,0.673352918063801
309,17,0.63572812610058,0.658683656164071
309,18,0.621031200519642,0.643456038761955
309,19,0.605874331721502,0.627751870036253
309,20,0.590334335275439,0.611650739292433
309,21,0.57448522056441,0.595229328320956
309,22,0.558397678993486,0.578560881125416
309,23,0.542138705551837,0.561714811819485
309,24,0.525771333285884,0.544756429512154
309,25,0.509354462826857,0.527746761679693
309,26,0.492942771406876,0.510742459896388
309,27,0.476586687825345,0.493795773896996
309,28,0.460332421620073,0.476954581801212
309,29,0.444222036280493,0.460262465970541
309,30,0.428293557736334,0.443758825414393
309,31,0.412581110584555,0.427479016936041
309,32,0.397115075598559,0.411454518329344
309,33,0.381922263013,0.395713107920693
309,34,0.367026096909647,0.38027905561288
309,35,0.352446806757831,0.365173321341883
309,36,0.338201622798775,0.350413757516329
310,0,0.761052711472161,0.769009898254683
310,1,0.760999088993032,0.768955715125712
310,2,0.760647516345597,0.768600466610389
310,3,0.759760709827575,0.767704388086633
310,4,0.758158679608789,0.766085607840563
310,5,0.755710051280091,0.763611377877867
310,6,0.752324467338645,0.760190395962819
310,7,0.747945948334367,0.755766097352185
310,8,0.74254710587031,0.750310807289626
310,9,0.736124110888719,0.743820656682674
310,10,0.728692330801241,0.736311173616951
310,11,0.720282558142051,0.727813472577979
310,12,0.710937761632839,0.718370971546929
310,13,0.700710297935736,0.708036574601021
310,14,0.689659529013543,0.696870264362072
310,15,0.677849795987832,0.684937054670263
310,16,0.665348705749628,0.672305259280483
310,17,0.652225691393431,0.659045037244965
310,18,0.638550811866725,0.645227180012533
310,19,0.624393760102278,0.63092210919043
310,20,0.609823052373236,0.616199057423706
310,21,0.59490537472095,0.601125407989635
310,22,0.579705065088667,0.585766171516842
310,23,0.564283712282941,0.57018358075366
310,24,0.548699855108526,0.554436786557328
310,25,0.533008767007961,0.538581640281876
310,26,0.517262313308206,0.5226705495322
310,27,0.501508869755177,0.506752395846837
310,28,0.485793292422464,0.490872504292065
310,29,0.470156930330629,0.475072656213139
310,30,0.454637673224224,0.459391137510841
310,31,0.439270027939431,0.443862815807588
310,32,0.424085217669064,0.428519240750293
310,33,0.409111299205233,0.413388762478859
310,34,0.394373293923828,0.39849666398018
310,35,0.379893328878714,0.383865303657536
310,36,0.365690784905513,0.36951426498288
311,0,0.762970546524902,0.791247176110461
311,1,0.762874106412317,0.791147161808344
311,2,0.762250833050862,0.790500789167299
311,3,0.760703858942073,0.788896482289832
311,4,0.757955041623149,0.786045790410377
311,5,0.753823050693081,0.78176066279959
311,6,0.748204765506948,0.775934157034252
311,7,0.741059536486653,0.768524117012757
311,8,0.732395919146796,0.759539415327632
311,9,0.72226053938104,0.74902840588567
311,10,0.710728792068022,0.737069277792714
311,11,0.697897113321421,0.723762041203767
311,12,0.683876600334164,0.709221910710767
311,13,0.668787782291731,0.693573882459483
311,14,0.652756371732966,0.676948328050515
311,15,0.635909848443444,0.659477451827538
311,16,0.618374747852957,0.641292478779456
311,17,0.60027454330873,0.622521458328047
311,18,0.581728026805197,0.60328758504559
311,19,0.562848106031383,0.583707951119339
311,20,0.543740947179741,0.563892657391795
311,21,0.524505403050637,0.543944220270042
311,22,0.505232674765763,0.523957220901839
311,23,0.486006163031629,0.504018150926755
311,24,0.466901471512403,0.48420541597401
311,25,0.447986530604502,0.464589464024305
311,26,0.429321814863597,0.445233010894939
311,27,0.410960631615151,0.426191339546613
311,28,0.392949461967804,0.407512653735189
311,29,0.375328338620072,0.389238469820368
311,30,0.358131247571297,0.371404033364551
311,31,0.341386543175722,0.354038749569327
311,32,0.325117367965188,0.33716661865731
311,33,0.309342070356116,0.320806669059867
311,34,0.294074614789653,0.304973382757561
311,35,0.279324980064473,0.289677108375653
311,36,0.265099542640111,0.274924458693133
312,0,0.765113405999986,0.8001232034486
312,1,0.764991603122645,0.799995827156873
312,2,0.764209540314204,0.799177978986026
312,3,0.76228262835346,0.797162896047074
312,4,0.758884316570692,0.793609085476481
312,5,0.753814548843478,0.788307337052223
312,6,0.746973364604797,0.781153116245856
312,7,0.738338895304679,0.772123553853782
312,8,0.727949108308109,0.761258354538683
312,9,0.715886738680358,0.748644039128638
312,10,0.702266926327127,0.73440101606176
312,11,0.687227142946618,0.71867304741918
312,12,0.67091905146724,0.701618735869692
312,13,0.653501991189657,0.683404711707165
312,14,0.635137825692861,0.664200245008856
312,15,0.615986928550318,0.644173047667333
312,16,0.596205114779566,0.623486064430396
312,17,0.575941354370704,0.60229508180598
312,18,0.555336128779221,0.580747009351948
312,19,0.534520312428734,0.558978709999016
312,20,0.51361447948926,0.537116275108817
312,21,0.492728551861325,0.515274656350591
312,22,0.471961717742249,0.493557580541255
312,23,0.451402561672326,0.472057685642189
312,24,0.431129356812431,0.450856826410782
312,25,0.411210478614912,0.430026506999934
312,26,0.391704906212185,0.409628405289023
312,27,0.372662783932566,0.389714960093386
312,28,0.354126020509017,0.370329997791445
312,29,0.336128907902729,0.35150937946422
312,30,0.318698745332097,0.333281653478403
312,31,0.301856457176061,0.315668701663502
312,32,0.285617195993542,0.298686369924048
312,33,0.269990924041183,0.282345076366213
312,34,0.254982968442991,0.266650391870722
312,35,0.240594546622903,0.251603589567982
312,36,0.226823259801852,0.237202160916411
313,0,0.763064709064242,0.776456601161489
313,1,0.763024327095641,0.776415510483705
313,2,0.762757957672831,0.776144466240364
313,3,0.762081491392336,0.775456127882275
313,4,0.760850918958213,0.774203958730259
313,5,0.758956815839675,0.772276613837749
313,6,0.756319451031578,0.769592962909338
313,7,0.752884456675902,0.766097683923513
313,8,0.748619001268786,0.761757369178939
313,9,0.74350841460876,0.756557091010066
313,10,0.737553217583838,0.750497379446562
313,11,0.730766514390507,0.743591568665393
313,12,0.723171708865164,0.735863473243549
313,13,0.714800510323775,0.727345358999914
313,14,0.705691197680999,0.718076176649441
313,15,0.695887113685515,0.708100029612094
313,16,0.685435363891077,0.697464850150667
313,17,0.674385697507829,0.686221260580883
313,18,0.66278954956846,0.674421598627429
313,19,0.650699225919701,0.662119088111945
313,20,0.638167214430583,0.649367138072885
313,21,0.625245607512154,0.636218755150378
313,22,0.611985622584988,0.622726055637875
313,23,0.598437208525321,0.608939865021357
313,24,0.584648727381334,0.594909394109697
313,25,0.570666701790085,0.580681982018726
313,26,0.55653561955402,0.566302897318027
313,27,0.542297787763848,0.551815189593654
313,28,0.52799322969127,0.537259584531312
313,29,0.513659618428802,0.522674416391542
313,30,0.499332241932589,0.508095592439046
313,31,0.485043994734583,0.493556584509399
313,32,0.470825392139081,0.479088443454746
313,33,0.456704603211339,0.464719832711367
313,34,0.442707499307928,0.450477077681752
313,35,0.428857715294602,0.436384228026845
313,36,0.415176720952036,0.422463130324966
314,0,0.759328331330672,0.791920108443965
314,1,0.759277453733347,0.791867047086014
314,2,0.758943508297399,0.791518768093992
314,3,0.758100118218757,0.790639178152486
314,4,0.756574581992766,0.789048163088679
314,5,0.754239879820348,0.786613251178668
314,6,0.75100765826161,0.783242296689422
314,7,0.74682208597954,0.77887707189963
314,8,0.741654484342348,0.773487667237553
314,9,0.735498646519613,0.767067609464125
314,10,0.728366767613601,0.759629617117967
314,11,0.720285916402828,0.75120192081966
314,12,0.711294986522096,0.741825083590784
314,13,0.701442071435958,0.731549263156388
314,14,0.690782213448628,0.720431864338239
314,15,0.679375482293872,0.708535535174232
314,16,0.667285343619302,0.695926465375019
314,17,0.654577281971222,0.68267295020481
314,18,0.641317646744686,0.668844186897475
314,19,0.627572693030411,0.654509274334828
314,20,0.613407792403427,0.63973638996087
314,21,0.598886791492121,0.624592120819424
314,22,0.584071498671744,0.609140928215585
314,23,0.569021281471664,0.593444727842939
314,24,0.553792759296151,0.577562569315364
314,25,0.538439577857532,0.561550400918427
314,26,0.523012253328868,0.545460907072821
314,27,0.507558075660119,0.529343407500665
314,28,0.492121061783929,0.513243808422805
314,29,0.476741950580488,0.497204597307559
314,30,0.461458232489205,0.481264873753369
314,31,0.446304207560966,0.465460410032776
314,32,0.431311066550005,0.449823735664905
314,33,0.416506990359164,0.434384241129099
314,34,0.40191726378599,0.419168296493201
314,35,0.387564400078042,0.404199381315018
314,36,0.373468273301692,0.389498222692629
315,0,0.768013125438156,0.796150685963523
315,1,0.767902810762816,0.796036329709007
315,2,0.767192398586263,0.795299890287667
315,3,0.765436165524366,0.793479314426878
315,4,0.762328242641825,0.790257527125464
315,5,0.757675658957844,0.785434487559061
315,6,0.751375634137128,0.778903649847481
315,7,0.743396521920145,0.770632208312799
315,8,0.733761884230017,0.760644588112129
315,9,0.722537244519081,0.749008713268901
315,10,0.709819128955798,0.735824646363671
315,11,0.695726056535988,0.721215248551669
315,12,0.680391185044285,0.705318556095643
315,13,0.66395635979804,0.688281611074652
315,14,0.646567346987938,0.670255520089432
315,15,0.628370063814635,0.651391546283214
315,16,0.609507644061795,0.63183806740668
315,17,0.590118200730471,0.611738256482385
315,18,0.570333167317156,0.591228362312495
315,19,0.550276116625882,0.570436485015929
315,20,0.53006197099622,0.549481757321607
315,21,0.509796530796199,0.528473855786857
315,22,0.489576259229265,0.507512777720387
315,23,0.469488271163159,0.486688829601879
315,24,0.449610482004222,0.466082781410584
315,25,0.430011879787132,0.445766148683557
315,26,0.410752889779867,0.425801570478594
315,27,0.391885806150314,0.406243256855724
315,28,0.373455269721448,0.38713748413583
315,29,0.355498774658619,0.36852312015134
315,30,0.338047190174651,0.350432165064947
315,31,0.321125286084275,0.332890296178688
315,32,0.304752253357056,0.315917407558274
315,33,0.288942212766776,0.299528137317766
315,34,0.273704706366987,0.283732377101241
315,35,0.259045167882171,0.268535759707578
315,36,0.244965369230637,0.253940121972543
316,0,0.76363199917689,0.766231638850633
316,1,0.763596437965785,0.76619595657816
316,2,0.763361276245594,0.765959994294689
316,3,0.762762376443603,0.765359055652409
316,4,0.761669752934118,0.764262712514324
316,5,0.759983072769762,0.762570290368652
316,6,0.757627644373762,0.760206843365373
316,7,0.754550846791625,0.757119571411979
316,8,0.750718956388204,0.753274636067633
316,9,0.746114331794827,0.748654335906981
316,10,0.740732921491582,0.743254605617487
316,11,0.734582061680126,0.737082806375506
316,12,0.727678535088274,0.730155778042453
316,13,0.720046864072998,0.722498126456995
316,14,0.711717813875065,0.714140721594298
316,15,0.702727084146441,0.705119384638996
316,16,0.693114168939255,0.69547374409319
316,17,0.682921367229379,0.685246242931563
316,18,0.672192927764228,0.674481280537958
316,19,0.660974313587261,0.663224474726107
316,20,0.649311573014224,0.651522030574473
316,21,0.637250805130206,0.6394202041037
316,22,0.624837709053253,0.626964850005775
316,23,0.612117207279638,0.614201043707054
316,24,0.599133134397255,0.601172769021933
316,25,0.585927983335386,0.587922663538779
316,26,0.572542702119244,0.574491814682554
316,27,0.559016534823184,0.560919600126591
316,28,0.545386901074,0.547243566885674
316,29,0.53168930905112,0.533499344020064
316,30,0.517957297469491,0.519720584420873
316,31,0.504222402518229,0.505938931636168
316,32,0.490514146168634,0.492184008139173
316,33,0.476860042662829,0.47848342183901
316,34,0.463285620353186,0.464862787994462
316,35,0.449814456386157,0.451345764015886
316,36,0.436468222015524,0.437954094932718
317,0,0.761959235100497,0.7982778256641
317,1,0.761867161120905,0.798181363002001
317,2,0.761271382207998,0.797557186440759
317,3,0.759790633178963,0.796005857890884
317,4,0.757155816006087,0.793245452836526
317,5,0.75318961055875,0.789090199228741
317,6,0.747789120130551,0.783432295816134
317,7,0.740911147982183,0.776226486897952
317,8,0.732559751101531,0.767477022837365
317,9,0.722775761474559,0.757226681866421
317,10,0.711628004039987,0.745547569446809
317,11,0.699205974760389,0.73253344734309
317,12,0.685613772409417,0.718293376170136
317,13,0.67096510421846,0.702946482985215
317,14,0.655379208862995,0.686617689944538
317,15,0.638977560769693,0.669434261522016
317,16,0.621881237719117,0.651523046639419
317,17,0.604208849497679,0.633008308588057
317,18,0.586074939175887,0.614010050104374
317,19,0.567588780687758,0.594642753636291
317,20,0.54885350696269,0.575014467917703
317,21,0.529965512096828,0.555226181644506
317,22,0.511014079106332,0.535371433484814
317,23,0.492081191821632,0.515536115007205
317,24,0.473241495585456,0.49579842950543
317,25,0.454562376718997,0.476228975252314
317,26,0.436104135318365,0.456890926532508
317,27,0.417920229923977,0.43784028997398
317,28,0.400057576045551,0.419126217302126
317,29,0.382556883492228,0.40079135874865
317,30,0.365453020010836,0.382872244022545
317,31,0.348775390927719,0.365399680047457
317,32,0.332548326367261,0.348399156636877
317,33,0.316791469223835,0.331891252958677
317,34,0.301520158429125,0.315892039070766
317,35,0.286745803215089,0.300413468023203
317,36,0.272476245051702,0.285463755047608
318,0,0.759932925894346,0.784233014439889
318,1,0.759853512550211,0.784151061725201
318,2,0.759337703801507,0.783618759154688
318,3,0.758050245251159,0.78229013202787
318,4,0.755749358279609,0.779915670461462
318,5,0.752270563940757,0.776325636028142
318,6,0.74751280120343,0.77141573610626
318,7,0.7414265485463,0.76513486564348
318,8,0.734003692250917,0.757474651472037
318,9,0.725268915222332,0.748460565772926
318,10,0.715272407216089,0.738144403200576
318,11,0.704083721336501,0.72659794093268
318,12,0.691786622927445,0.713907622845925
318,13,0.678474795801572,0.700170128444903
318,14,0.664248287413306,0.685488704363752
318,15,0.649210589313651,0.66997015146377
318,16,0.633466262243543,0.653722373985269
318,17,0.617119026717366,0.636852409074398
318,18,0.600270250089219,0.619464865470908
318,19,0.583017770033052,0.601660709367145
318,20,0.565455002239083,0.583536343571621
318,21,0.547670287053664,0.565182933256623
318,22,0.529746435875318,0.54668593784953
318,23,0.51176044346194,0.528124814140571
318,24,0.493783336988381,0.509572860513776
318,25,0.475880136795738,0.491097176441167
318,26,0.458109907361302,0.472758715082548
318,27,0.44052588015126,0.454612410066622
318,28,0.423175632750378,0.436707360348637
318,29,0.406101311041451,0.419087059494388
318,30,0.389339883274382,0.40178965787356
318,31,0.372923416657719,0.384848248095735
318,32,0.356879368657557,0.368291165624046
318,33,0.341230886529135,0.35214229788478
318,34,0.32599710976134,0.336421396383042
318,35,0.311193471106649,0.321144387358615
318,36,0.29683199271912,0.306323677393442
319,0,0.767745466496516,0.785819306701782
319,1,0.767708289989307,0.785781255005751
319,2,0.767462632555496,0.785529814440162
319,3,0.766837533498366,0.784889999645898
319,4,0.765698103335525,0.78372374564679
319,5,0.763940708794606,0.781924979493147
319,6,0.761488686828085,0.779415233378277
319,7,0.758288535590048,0.776139745945325
319,8,0.75430653508733,0.772064003383652
319,9,0.749525754571502,0.767170676370488
319,10,0.743943407711375,0.761456912980374
319,11,0.737568520210324,0.754931951394813
319,12,0.730419877838023,0.747615019627706
319,13,0.722524225859254,0.739533492566103
319,14,0.713914693588122,0.730721279436144
319,15,0.704629420296928,0.721217417363836
319,16,0.694710360986166,0.711064849031148
319,17,0.684202252594597,0.700309364549173
319,18,0.67315172311386,0.688998689600005
319,19,0.661606527786587,0.677181703653848
319,20,0.649614898125315,0.664907773662901
319,21,0.637224990905257,0.652226190082609
319,22,0.624484425569407,0.639185693386623
319,23,0.611439899651157,0.625834080435902
319,24,0.598136872877746,0.612217881145503
319,25,0.584619311577163,0.598382096874452
319,26,0.570929485880246,0.584369992853687
319,27,0.557107812996635,0.5702229377725
319,28,0.543192740555288,0.555980284372717
319,29,0.529220664644162,0.541679285558918
319,30,0.515225877765453,0.527355041128468
319,31,0.501240542448144,0.513040470762862
319,32,0.487294686733575,0.498766309407023
319,33,0.473416218177053,0.484561121600527
319,34,0.459630953393391,0.470451331718691
319,35,0.445962660520614,0.456461267435932
319,36,0.432433112287448,0.442613214042545
320,0,0.776648779721659,0.810674431579055
320,1,0.776429411528866,0.810445452676825
320,2,0.775047023278689,0.809002500806952
320,3,0.771711822990732,0.805521182522244
320,4,0.765955132025225,0.799512285968113
320,5,0.757551453611447,0.790740435166128
320,6,0.746455917962059,0.779158794544924
320,7,0.732754399208696,0.764857000455795
320,8,0.716624041391593,0.748019957771928
320,9,0.698302304123971,0.72889552941669
320,10,0.678062953583369,0.707769475499614
320,11,0.656197689922015,0.684946275807795
320,12,0.633002325524624,0.660734702521266
320,13,0.608766616167143,0.635437205866044
320,14,0.583767004497399,0.609342339680417
320,15,0.558261667017095,0.58271959140096
320,16,0.532487365853976,0.555816095908123
320,17,0.506657698443092,0.528854808524528
320,18,0.480962414652823,0.502033792223692
320,19,0.455567534328991,0.475526340323853
320,20,0.430616050755417,0.449481710767735
320,21,0.406229048893566,0.42402629335324
320,22,0.382507102951331,0.399265068530917
320,23,0.35953184709686,0.375283246932122
320,24,0.337367637038456,0.352148003744159
320,25,0.316063239631062,0.329910242339882
320,26,0.29565350339819,0.308606337986627
320,27,0.276160975510217,0.288259825665724
320,28,0.257597440869187,0.268883006585923
320,29,0.239965366964096,0.250478456339037
320,30,0.223259244453802,0.233040424214946
320,31,0.2074668183203,0.216556118292751
320,32,0.192570208174216,0.201006874827823
320,33,0.178546919104387,0.186369213387569
320,34,0.165370746524501,0.172615781340183
320,35,0.153012579931347,0.159716192826242
320,36,0.141441111474398,0.147637768371323
321,0,0.776831708201203,0.802450108464732
321,1,0.776748365724816,0.802364017515418
321,2,0.776207400219709,0.801805212019111
321,3,0.77485816887865,0.800411485650134
321,4,0.772448747225605,0.797922605952754
321,5,0.768808693061371,0.794162509875226
321,6,0.763834276528265,0.789024046750719
321,7,0.757475860793666,0.782455942820323
321,8,0.749727155403631,0.774451700183146
321,9,0.740616097660356,0.765040177459326
321,10,0.730197146894002,0.754277629941911
321,11,0.718544802644346,0.742241014020741
321,12,0.70574818091098,0.729022384567909
321,13,0.691906503102977,0.714724235121763
321,14,0.677125370415562,0.69945564939975
321,15,0.661513712345941,0.683329149182232
321,16,0.645181312168705,0.666458138182875
321,17,0.628236824632992,0.648954854373313
321,18,0.610786212106376,0.630928754554107
321,19,0.592931535041237,0.612485264933041
321,20,0.574770041127035,0.593724840239411
321,21,0.556393504949135,0.574742281606078
321,22,0.537887776519651,0.555626270211738
321,23,0.519332502783341,0.536459079602625
321,24,0.500800991225435,0.517316434802389
321,25,0.482360189101467,0.498267490856962
321,26,0.464070755645725,0.479374907424313
321,27,0.445987207960398,0.460694999474727
321,28,0.428158124200188,0.442277947176056
321,29,0.410626390198755,0.424168050653422
321,30,0.39342947787978,0.406404017581737
321,31,0.376599745697222,0.389019273533894
321,32,0.360164752992554,0.372042286704899
321,33,0.344147581573234,0.355496900095367
321,34,0.328567159034523,0.339402665495875
321,35,0.313438579390966,0.323775174692236
321,36,0.298773417476306,0.308626384233718
322,0,0.762474843244234,0.787373221591648
322,1,0.762428109066829,0.787324961324246
322,2,0.762120771906625,0.787007588164872
322,3,0.761342913327088,0.786204328855873
322,4,0.759932813649294,0.78474818281262
322,5,0.757769986375684,0.782514729088531
322,6,0.754769040210662,0.779415787961866
322,7,0.750874280649344,0.775393846241046
322,8,0.746054971822033,0.770417164386129
322,9,0.740301187177523,0.764475491697471
322,10,0.733620184737594,0.757576323205293
322,11,0.726033249125937,0.749741638576039
322,12,0.717572948429088,0.741005069396958
322,13,0.708280759241228,0.731409446667487
322,14,0.698205018030314,0.721004685267878
322,15,0.687399161286756,0.709845966640478
322,16,0.675920220820414,0.697992184951122
322,17,0.663827544095962,0.685504625637446
322,18,0.651181712675908,0.672445848533999
322,19,0.63804363470708,0.658878750724157
322,20,0.624473789969384,0.644865786936188
322,21,0.610531608331845,0.630468327702968
322,22,0.596274964554489,0.615746137666771
322,23,0.58175977425763,0.600756958355064
322,24,0.567039677572603,0.585556181500951
322,25,0.552165798508067,0.570196600551659
322,26,0.537186569430317,0.554728229417309
322,27,0.522147611279528,0.539198178775657
322,28,0.507091661240152,0.523650581380593
322,29,0.492058540565203,0.508126558835734
322,30,0.477085156132062,0.492664223201041
322,31,0.462205530091946,0.477298707610473
322,32,0.447450852675424,0.462062220801857
322,33,0.432849553840894,0.446984121105021
322,34,0.41842739000907,0.432091006008569
322,35,0.404207542621324,0.417406813936614
322,36,0.390210725699321,0.402952935320746
323,0,0.767147303657024,0.784960515828399
323,1,0.767058080601476,0.784869221007478
323,2,0.76648016163045,0.784277882718937
323,3,0.765042161542845,0.782806492172237
323,4,0.76248041838406,0.780185265164394
323,5,0.758619663993069,0.776234863795853
323,6,0.753356535302669,0.770849524902014
323,7,0.74664555316936,0.763982713310595
323,8,0.73848724112386,0.755634964708734
323,9,0.728918096748271,0.745843624154852
323,10,0.718002163994482,0.734674222705723
323,11,0.705823986189019,0.722213266789621
323,12,0.692482747193195,0.708562243323815
323,13,0.678087432623516,0.693832668578181
323,14,0.662752864559274,0.678142030808444
323,15,0.646596482104642,0.661610496062702
323,16,0.62973575682686,0.644358263605914
323,17,0.612286146723554,0.626503472378206
323,18,0.594359505214383,0.60816057304319
323,19,0.576062872913031,0.589439091704825
323,20,0.557497589799436,0.570442721464224
323,21,0.538758674042975,0.55126868681907
323,22,0.519934421270443,0.532007333626571
323,23,0.501106184657024,0.512741904088132
323,24,0.482348301958382,0.493548462087118
323,25,0.463728140598693,0.474495939323844
323,26,0.445306236272748,0.45564627713602
323,27,0.427136504289343,0.43705464274955
323,28,0.409266506148444,0.418769702045641
323,29,0.391737756668027,0.400833933819144
323,30,0.374586059412885,0.383283972996042
323,31,0.357841860275509,0.366150972424506
323,32,0.341530610861055,0.349460974697681
323,33,0.325673134872049,0.333235287045872
323,34,0.310285992007026,0.317490853684931
323,35,0.29538183500992,0.30224062115636
323,36,0.280969756459385,0.287493893169103
324,0,0.767139648122427,0.797081010144814
324,1,0.766977570624191,0.79691260678262
324,2,0.765945999823586,0.795840773906044
324,3,0.763429229062534,0.793225773905155
324,4,0.759035173847312,0.788660219278754
324,5,0.752546224982259,0.781918007572198
324,6,0.743878907544928,0.772912405847529
324,7,0.733050937666658,0.761661821694418
324,8,0.720154478344925,0.748262015220307
324,9,0.705334575225945,0.732863693184369
324,10,0.688771907475756,0.715654586637308
324,11,0.670669120992837,0.696845250721016
324,12,0.6512401243303,0.676657942811982
324,13,0.630701824413698,0.65531803568523
324,14,0.60926786173416,0.633047508192841
324,15,0.587143975134013,0.610060129137756
324,16,0.564524686286526,0.586558012349191
324,17,0.541591044976129,0.562729273961427
324,18,0.518509219583558,0.538746567885778
324,19,0.495429753871718,0.514766313588897
324,20,0.472487342201553,0.490928462535349
324,21,0.449801001501519,0.467356676869037
324,22,0.427474540374646,0.444158816829443
324,23,0.40559724426072,0.421427652655613
324,24,0.384244711100469,0.399241732866199
324,25,0.363479784922314,0.377666354283987
324,26,0.34335354557595,0.35675459039865
324,27,0.323906321801054,0.336548343975402
324,28,0.305168702227038,0.317079397513932
324,29,0.287162524993173,0.298370441493288
324,30,0.269901831664765,0.280436065519264
324,31,0.253393775176905,0.263283701705093
324,32,0.237639474813452,0.246914513020138
324,33,0.222634813853281,0.231324222068178
324,34,0.208371177597499,0.216503877919725
324,35,0.194836131122464,0.202440560317666
324,36,0.182014037362373,0.189118021883524
325,0,0.764846717674092,0.784202582491125
325,1,0.764783126431079,0.78413738195376
325,2,0.764367768574033,0.783711512695741
325,3,0.763324507079929,0.782641849534504
325,4,0.761448012176651,0.780717866447203
325,5,0.758592419531202,0.777790007733351
325,6,0.754661479531989,0.773759588006408
325,7,0.749600022278827,0.768570041189539
325,8,0.743386582092246,0.76219935837444
325,9,0.736027042553483,0.754653572037285
325,10,0.727549178488728,0.745961159897756
325,11,0.717997985096361,0.736168255841184
325,12,0.707431696747417,0.725334567967376
325,13,0.695918409014336,0.713529915133534
325,14,0.683533227334093,0.700831303459022
325,15,0.670355874508614,0.687320473279137
325,16,0.656468697095882,0.673081855084246
325,17,0.641955017746547,0.65820088015922
325,18,0.626897786780653,0.642762598035807
325,19,0.611378491856177,0.626850558568311
325,20,0.595476289526412,0.610545921513423
325,21,0.579267326880631,0.593926761003748
325,22,0.562824225369463,0.57706753631042
325,23,0.546215702384618,0.560038703846203
325,24,0.529506309238421,0.542906448514108
325,25,0.512756266913902,0.525732515300838
325,26,0.496021383368266,0.508574124487467
325,27,0.479353038305222,0.491483956036405
325,28,0.462798223214974,0.474510190644674
325,29,0.446399626141865,0.457696596656757
325,30,0.430195752102908,0.44108265353054
325,31,0.414221071367568,0.424703703869592
325,32,0.398506188939663,0.40859112719412
325,33,0.383078029573579,0.392772529639357
325,34,0.367960033524747,0.377271944659875
325,35,0.353172358992542,0.362110040595675
325,36,0.33873208787485,0.34730433163375
326,0,0.767845354748705,0.78951714830786
326,1,0.76773662400767,0.789405348732509
326,2,0.767036129235861,0.78868508308107
326,3,0.765303627870282,0.786903683312051
326,4,0.762236277519058,0.78374975956011
326,5,0.757642280222535,0.77902610052844
326,6,0.751418661604803,0.772626825475411
326,7,0.74353260529063,0.764518191811021
326,8,0.734005838527467,0.754722540016125
326,9,0.722901631153591,0.74330492566732
326,10,0.710314028009068,0.730362047941704
326,11,0.696358985583725,0.71601313610414
326,12,0.681167128008841,0.70039250104287
326,13,0.66487787619787,0.683643498710134
326,14,0.647634737707179,0.66591368704317
326,15,0.629581574321513,0.647350988205392
326,16,0.610859690000934,0.628100694343067
326,17,0.591605604123832,0.608303177979972
326,18,0.571949394336462,0.588092188095239
326,19,0.552013510136279,0.567593630221075
326,20,0.531911972893825,0.546924743885935
326,21,0.511749890637385,0.526193603704378
326,22,0.491623226833434,0.505498881631537
326,23,0.471618771811587,0.484929817581562
326,24,0.451814273596344,0.464566353951982
326,25,0.432278691887167,0.444479396772158
326,26,0.413072544920416,0.424731172355103
326,27,0.394248324080533,0.405375653610724
326,28,0.375850955516524,0.386459034691049
326,29,0.357918291762273,0.368020236486098
326,30,0.340481619542016,0.350091428761759
326,31,0.323566172641187,0.332698557505976
326,32,0.307191641003678,0.315861868394854
326,33,0.291372669137212,0.299596419265111
326,34,0.27611933851902,0.28391257613525
326,35,0.261437630038242,0.268816488700007
326,36,0.247329863627368,0.254310542370031
327,0,0.756570327835809,0.771276427279954
327,1,0.756524429293875,0.771229636569114
327,2,0.75622252201687,0.770921860864185
327,3,0.755458220330675,0.770142702797572
327,4,0.75407235126201,0.768729895415852
327,5,0.751946155043442,0.766562370517216
327,6,0.748995290733139,0.76355414775338
327,7,0.745164561601803,0.759648957489382
327,8,0.740423283361447,0.754815519000693
327,9,0.734761225942633,0.749043403367333
327,10,0.728185066439731,0.742339417472023
327,11,0.720715297103036,0.734724451890315
327,12,0.712383537921484,0.7262307412357
327,13,0.703230208464548,0.716899490747122
327,14,0.693302518286049,0.706778827630557
327,15,0.682652739381022,0.695922039936164
327,16,0.671336727970664,0.684386069609907
327,17,0.65941266630685,0.672230229841461
327,18,0.646939998271057,0.65951511997347
327,19,0.633978535323546,0.646301714072297
327,20,0.62058771186565,0.632650601816168
327,21,0.606825971336641,0.618621362659077
327,22,0.592750266400248,0.604272056302002
327,23,0.57841565840567,0.589658814368311
327,24,0.563875002953309,0.57483551985756
327,25,0.549178709873824,0.559853562459061
327,26,0.534374567256558,0.544761659159802
327,27,0.519507620354386,0.529605730795456
327,28,0.504620097259631,0.514428826281614
327,29,0.489751374202041,0.499271087237212
327,30,0.474937974175514,0.484169746584572
327,31,0.460213593365357,0.469159155490346
327,32,0.445609150531144,0.454270833708276
327,33,0.431152855109846,0.439533539006094
327,34,0.416870290347135,0.424973351912729
327,35,0.40278450824833,0.410613772514885
327,36,0.38891613357022,0.396475826470253
328,0,0.773354509569048,0.79201303939743
328,1,0.773247928907134,0.791903887290681
328,2,0.772560761382007,0.791200140647431
328,3,0.770859764199432,0.78945810393347
328,4,0.767845545898597,0.786371162345475
328,5,0.7633271265115,0.781743728189772
328,6,0.757200453148223,0.775469238118525
328,7,0.749430321468625,0.767511638425332
328,8,0.740035224509232,0.75788986832356
328,9,0.729074712621397,0.746664914920917
328,10,0.71663890287476,0.733929069518928
328,11,0.702839824101561,0.719797063841304
328,12,0.687804325610319,0.70439880765794
328,13,0.671668314196181,0.687873486753063
328,14,0.654572116051442,0.670364812933729
328,15,0.636656788091412,0.652017246359982
328,16,0.618061227550995,0.632973035405394
328,17,0.598919949911201,0.613369940972168
328,18,0.579361423666449,0.59333953108179
328,19,0.5595068664817,0.573005947987349
328,20,0.539469421211824,0.552485064312929
328,21,0.519353642327305,0.53188395708844
328,22,0.499255233742209,0.51130063925222
328,23,0.479260988076128,0.490823997447576
328,24,0.459448885181169,0.470533892926902
328,25,0.43988831448548,0.450501389259633
328,26,0.420640391485058,0.430789076459974
328,27,0.401758343677133,0.411451466231598
328,28,0.383287945478117,0.392535437378757
328,29,0.36526798530042,0.374080714152133
328,30,0.347730751057337,0.356120363467387
328,31,0.330702522995453,0.33868129962801
328,32,0.314204064982314,0.321784787466157
328,33,0.298251107258218,0.305446936741681
328,34,0.282854815242863,0.289679182259552
328,35,0.268022240311837,0.274488745522126
328,36,0.253756749560972,0.259879074862308
329,0,0.771361696062131,0.795901174962731
329,1,0.771243248258614,0.79577895895632
329,2,0.770481923777874,0.794993414312554
329,3,0.768603883167428,0.793055627232754
329,4,0.765287736186853,0.789633983026588
329,5,0.760334483895041,0.784523151961129
329,6,0.75364230501569,0.777618073500106
329,7,0.745185489161109,0.768892219326291
329,8,0.734996912862873,0.758379511878721
329,9,0.723153535846356,0.746159359217403
329,10,0.709764466050437,0.732344340353189
329,11,0.694961203816171,0.717070139072932
329,12,0.678889729578212,0.7004873799151
329,13,0.66170414628434,0.682755068334372
329,14,0.64356162851623,0.664035379137803
329,15,0.624618465657648,0.64448957377357
329,16,0.605027017130777,0.624274858703634
329,17,0.584933424291221,0.603542024506825
329,18,0.564475946559134,0.582433729076985
329,19,0.543783809225539,0.561083308774325
329,20,0.522976467510813,0.539614019071266
329,21,0.502163206218583,0.518138621470038
329,22,0.481443007031204,0.49675924657641
329,23,0.460904626402722,0.475567474470676
329,24,0.440626836357945,0.454644583167314
329,25,0.420678788508626,0.43406192421168
329,26,0.40112046843026,0.413881391511992
329,27,0.38200321336331,0.394155955510277
329,28,0.363370271148239,0.374930239898916
329,29,0.345257382494438,0.356241122413403
329,30,0.327693372223444,0.338118344884903
329,31,0.310700738107482,0.320585120811618
329,32,0.29429622842442,0.303658731287624
329,33,0.278491401438232,0.287351102282181
329,34,0.263293161749467,0.271669358053234
329,35,0.248704269894698,0.256616346958839
329,36,0.234723822751934,0.24219113714581
330,0,0.771318439748884,0.785714708791261
330,1,0.771225661525141,0.785620198908839
330,2,0.770625251997548,0.785008583040714
330,3,0.769132788458335,0.783488263423468
330,4,0.766476751982503,0.780782653368525
330,5,0.762478036150445,0.776709303525434
330,6,0.757032501098343,0.771162130312424
330,7,0.75009616833617,0.76409633440317
330,8,0.741672701766527,0.755515648085162
330,9,0.73180286445835,0.745461595249429
330,10,0.720555679642193,0.734004487410252
330,11,0.708021058689635,0.721235914089544
330,12,0.694303689044727,0.707262516669615
330,13,0.679518001658121,0.692200861897004
330,14,0.66378406085098,0.67617325503278
330,15,0.647224240075657,0.659304353567966
330,16,0.62996056507217,0.641718460791374
330,17,0.612112621735453,0.623537394608259
330,18,0.593795939867386,0.604878841125893
330,19,0.575120776119461,0.585855114880469
330,20,0.556191230040602,0.566572258386407
330,21,0.537104636410862,0.54712942312826
330,22,0.517951185125517,0.52761848235014
330,23,0.498813726937501,0.508123833172432
330,24,0.479767729494492,0.488722351808334
330,25,0.460881353431555,0.469483471076733
330,26,0.442215622899149,0.450469354113032
330,27,0.423824668906345,0.431735142254238
330,28,0.405756027316909,0.413329258597004
330,29,0.388050976319173,0.395293751766195
330,30,0.370744900758919,0.377664667047863
330,31,0.353867672930461,0.360472434287606
330,32,0.337444041311109,0.343742263880562
330,33,0.321494020338812,0.327494543824053
330,34,0.306033275708044,0.311745232204828
330,35,0.291073500826242,0.296506240681866
330,36,0.27662278106005,0.281785805531094
331,0,0.756715468858661,0.787895819258286
331,1,0.756664239857435,0.787842479373546
331,2,0.756328063849264,0.787492451282045
331,3,0.755479255436093,0.786608667842152
331,4,0.753944316728849,0.785010482209607
331,5,0.751595839303658,0.782565236115032
331,6,0.74834540059268,0.779180863551594
331,7,0.744137345407121,0.774799416066569
331,8,0.738943354472531,0.769391407493939
331,9,0.732757711951227,0.762950886475765
331,10,0.725593193035385,0.75549115460415
331,11,0.717477500909741,0.747041056569513
331,12,0.708450189789267,0.737641776412477
331,13,0.698560017410968,0.727344080925482
331,14,0.687862676369756,0.716205957508679
331,15,0.676418859099159,0.70429059941846
331,16,0.66429261616587,0.691664696415764
331,17,0.651549971924656,0.678396993379257
331,18,0.638257765514281,0.664557083544655
331,19,0.624482688708535,0.650214406710549
331,20,0.610290495308109,0.635437426053385
331,21,0.595745359604002,0.620292960156454
331,22,0.580909363993425,0.604845649513078
331,23,0.565842098113527,0.589157539142703
331,24,0.550600353903017,0.57328776108758
331,25,0.535237902830516,0.557292302461844
331,26,0.519805343162733,0.541223846426394
331,27,0.504350006604712,0.525131674982269
331,28,0.488915914946067,0.509061623830498
331,29,0.473543778507077,0.49305608075416
331,30,0.458271029211216,0.477154020053672
331,31,0.443131882029082,0.461391066522498
331,32,0.428157419354399,0.445799583299858
331,33,0.413375693596531,0.430408778690547
331,34,0.398811843915122,0.415244827709612
331,35,0.384488223589834,0.400331004700338
331,36,0.370424535019338,0.385687823895858
332,0,0.769629114510021,0.782699637746497
332,1,0.769579299557317,0.782648976792149
332,2,0.769252083589055,0.782316203752517
332,3,0.76842499330891,0.781475067092732
332,4,0.766927650512108,0.779952295094449
332,5,0.764634103788413,0.777619797329037
332,6,0.761456087950053,0.774387809611133
332,7,0.757337110714572,0.77019888025631
332,8,0.752247276300784,0.76502260576675
332,9,0.746178764753301,0.758851033381655
332,10,0.739141894087112,0.751694656345682
332,11,0.731161699820134,0.743578935352089
332,12,0.722274973212658,0.734541286482929
332,13,0.712527705625928,0.724628482165476
332,14,0.701972891909094,0.713894417254345
332,15,0.690668650680396,0.70239819738962
332,16,0.678676623835524,0.690202511324257
332,17,0.66606062163986,0.677372253006077
332,18,0.652885483383726,0.663973362883656
332,19,0.639216126839,0.650071861219967
332,20,0.625116762686137,0.635733049178108
332,21,0.61065025271429,0.621020856121807
332,22,0.595877592962308,0.605997313978668
332,23,0.580857505090954,0.590722141672701
332,24,0.565646121180097,0.575252424568469
332,25,0.55029674885038,0.559642375603839
332,26,0.534859705136134,0.543943166341584
332,27,0.51938220890274,0.528202817559674
332,28,0.503908322823013,0.512466140242258
332,29,0.488478937018012,0.496774718942644
332,30,0.473131787440786,0.481166930479257
332,31,0.457901502948982,0.465677991807674
332,32,0.442819675784388,0.450340031697111
332,33,0.427914950864183,0.435182181538099
332,34,0.413213129898537,0.420230681228302
332,35,0.398737286890146,0.405508996633566
332,36,0.384507892050442,0.391037945608581
333,0,0.767152725225151,0.790118016667611
333,1,0.767086480297222,0.790049788648146
333,2,0.766654177123535,0.78960454415515
333,3,0.765569445205763,0.788487339974934
333,4,0.763620366793722,0.786479914440729
333,5,0.760657397572694,0.783428246516746
333,6,0.756582895495249,0.779231771167729
333,7,0.751342066226435,0.773834053749266
333,8,0.744915154898955,0.767214748017312
333,9,0.737310732865687,0.759382681914613
333,10,0.728559945117857,0.750369932781035
333,11,0.718711599212943,0.740226769264848
333,12,0.707827990111408,0.729017351172816
333,13,0.695981367421817,0.716816090959653
333,14,0.683250962349397,0.703704591676061
333,15,0.669720501268401,0.689769086108017
333,16,0.65547614141499,0.675098310673082
333,17,0.640604771833928,0.659781755504655
333,18,0.625192629507218,0.64390823915339
333,19,0.609324186634365,0.627564762557355
333,20,0.593081270401326,0.610835602460609
333,21,0.576542381339925,0.593801609367193
333,22,0.559782180605425,0.576539679469978
333,23,0.542871120244749,0.55912237385068
333,24,0.5258751938429,0.541617661661701
333,25,0.508855787867076,0.524088767020113
333,26,0.491869616618013,0.506594102011724
333,27,0.474968725983692,0.489187270557157
333,28,0.458200553204993,0.471917129966629
333,29,0.441608031636001,0.454827898836336
333,30,0.425229731040306,0.437959301544631
333,31,0.409100025332713,0.421346741015207
333,32,0.393249280874602,0.405021492649216
333,33,0.377704059480026,0.38901091340851
333,34,0.362487331205501,0.37333866097545
333,35,0.347618692794608,0.358024918736818
333,36,0.333114588342664,0.343086623054239
334,0,0.76532759233263,0.793055593894444
334,1,0.765244368358392,0.792969354695731
334,2,0.764704359728671,0.792409781424309
334,3,0.763358040048793,0.791014684260697
334,4,0.760954778010722,0.788524351464675
334,5,0.757325491414709,0.784763574947992
334,6,0.752367794182178,0.779626259159977
334,7,0.746033316000316,0.773062281319825
334,8,0.738316912537964,0.765066310716031
334,9,0.729247518118812,0.755668329969744
334,10,0.718880422808145,0.74492563231853
334,11,0.707290782489232,0.732916096561267
334,12,0.694568194055222,0.719732565707955
334,13,0.680812188661972,0.705478176952012
334,14,0.666128514379768,0.690262509641582
334,15,0.650626095818065,0.67419843475075
334,16,0.634414572618789,0.65739956419187
334,17,0.617602331335536,0.639978211389275
334,18,0.600294956330365,0.622043786051695
334,19,0.58259403509769,0.603701556212741
334,20,0.564596262018501,0.585051719513936
334,21,0.546392792093465,0.566188733523402
334,22,0.528068802820942,0.547200861740622
334,23,0.509703228183249,0.528169897944953
334,24,0.491368633776836,0.509171036801748
334,25,0.473131206554454,0.49027286323287
334,26,0.455050836515149,0.471537437066345
334,27,0.437181271047967,0.453020452971968
334,28,0.419570325566959,0.434771458727666
334,29,0.402260136621053,0.416834117499605
334,30,0.385287445869286,0.39924650210591
334,31,0.368683905221069,0.382041411212232
334,32,0.352476395089131,0.365246699115078
334,33,0.33668734912197,0.348885612239393
334,34,0.3213350800015,0.332977126739931
334,35,0.306434101935476,0.317536282677663
334,36,0.291995446365419,0.302574511165874
335,0,0.765594429474911,0.766481921293554
335,1,0.765518229365193,0.7664056328512
335,2,0.765022682274431,0.7659095113127
335,3,0.763784088807971,0.764669482044821
335,4,0.761567400512828,0.762450224121882
335,5,0.758211129542162,0.759090062497219
335,6,0.753614364323676,0.754487968619893
335,7,0.747725628381973,0.748592406341988
335,8,0.740533349988591,0.741391790520869
335,9,0.732057737467185,0.732906352906071
335,10,0.722343879123713,0.723181234070783
335,11,0.711455908223641,0.712280641624989
335,12,0.699472092488304,0.700282934019477
335,13,0.686480724488657,0.687276506175651
335,14,0.672576704308053,0.673356368186868
335,15,0.657858719133436,0.658621321640164
335,16,0.642426936201878,0.643171649888401
335,17,0.626381135942542,0.627107249028138
335,18,0.609819221361565,0.610526135556566
335,19,0.592836047851504,0.593523274824441
335,20,0.575522524786761,0.576189681590061
335,21,0.557964946597726,0.558611750317987
335,22,0.54024451659403,0.540870778450289
335,23,0.522437031715747,0.523042650792315
335,24,0.504612700706268,0.505197657474785
335,25,0.486836071989026,0.48740042174691
335,26,0.469166050852468,0.469709917181279
335,27,0.451655988456993,0.452179556783988
335,28,0.434353827721851,0.434857339050642
335,29,0.417302293371384,0.417786038232906
335,30,0.400539115356501,0.401003428018976
335,31,0.384097276552296,0.384542529518331
335,32,0.368005277096132,0.368431875906242
335,33,0.352287408998824,0.35269578735329
335,34,0.33696403575828,0.337354650963144
335,35,0.322051872650926,0.322425201388901
335,36,0.307564264189959,0.307920798612973
336,0,0.761299415347271,0.78500645010833
336,1,0.761239736188175,0.784944912526817
336,2,0.760849396519422,0.78454241759312
336,3,0.759867466014633,0.783529909551897
336,4,0.758098504362676,0.781705862036838
336,5,0.755402277578241,0.778925674144836
336,6,0.751684800141767,0.775092433626146
336,7,0.746890550018436,0.770148889477316
336,8,0.740995720027216,0.764070493156351
336,9,0.734002383775869,0.756859382843623
336,10,0.725933467611216,0.748539198817545
336,11,0.716828431904953,0.739150630254645
336,12,0.706739575638671,0.728747604738548
336,13,0.695728887789459,0.71739404159701
336,14,0.683865377559542,0.705161098994313
336,15,0.671222823139532,0.692124852590489
336,16,0.657877885534738,0.678364350631772
336,17,0.643908540099001,0.663959996642031
336,18,0.629392783883687,0.648992216518327
336,19,0.614407581787172,0.633540371863259
336,20,0.599028018841887,0.617681885874025
336,21,0.583326629855558,0.601491552108558
336,22,0.56737288107932,0.585041000012649
336,23,0.551232781651405,0.568398294263921
336,24,0.534968605300723,0.551627647809187
336,25,0.518638705225117,0.534789230977976
336,26,0.502297407216492,0.517939061279551
336,27,0.485994968018,0.501128960463334
336,28,0.46977758759296,0.484406567169876
336,29,0.453687465484319,0.467815395045368
336,30,0.437762892768269,0.451394927558714
336,31,0.422038372274729,0.435180741965705
336,32,0.406544760777744,0.41920465592726
336,33,0.391309427765515,0.403494891223589
336,34,0.376356426196348,0.38807624982752
336,35,0.361706671345404,0.372970298320581
336,36,0.347378124458772,0.358195557266098
337,0,0.754035629943964,0.792088362676777
337,1,0.753974317450349,0.792023956021772
337,2,0.753573634818577,0.791603052768465
337,3,0.752566644573512,0.790545244327099
337,4,0.7507543048226,0.788641444070313
337,5,0.74799467528084,0.785742548635504
337,6,0.744193531920132,0.781749578938427
337,7,0.739296225768613,0.776605128123322
337,8,0.733280639257751,0.770285962449037
337,9,0.726151109540718,0.762796637945048
337,10,0.7179332025685,0.754164010759065
337,11,0.708669234576422,0.744432532633449
337,12,0.698414449153133,0.733660235048336
337,13,0.68723376837204,0.721915316397522
337,14,0.675199045683734,0.709273256246918
337,15,0.662386756507497,0.695814389380771
337,16,0.648876069819842,0.681621880072082
337,17,0.634747250607904,0.666780043915119
337,18,0.620080348916294,0.651372970714464
337,19,0.604954136440472,0.635483407413105
337,20,0.589445256273558,0.619191864930856
337,21,0.573627555555767,0.60257591713566
337,22,0.557571574459716,0.585709664040319
337,23,0.541344168218414,0.56866333475596
337,24,0.525008241809085,0.551503008786569
337,25,0.508622579483719,0.534290436956722
337,26,0.492241753621335,0.517082945664045
337,27,0.475916099398597,0.499933410271565
337,28,0.459691743562838,0.482890285332778
337,29,0.443610677169951,0.465997681000293
337,30,0.427710863541647,0.449295476431201
337,31,0.412026373922605,0.43281946229021
337,32,0.396587544396233,0.416601505584239
337,33,0.381421148564556,0.40066973105667
337,34,0.366550581327636,0.385048714241268
337,35,0.35199604982409,0.369759682038601
337,36,0.337774768228463,0.354820717343946
338,0,0.764642603671745,0.792143262771596
338,1,0.764560407277309,0.79205811015289
338,2,0.764026907829438,0.791505423196535
338,3,0.762696373224712,0.790127035413853
338,4,0.760320477820064,0.787665690036543
338,5,0.75673128409513,0.783947409608098
338,6,0.751826660874416,0.778866389766847
338,7,0.745557826188476,0.772372094081449
338,8,0.737918740002707,0.764458265285185
338,9,0.72893710498566,0.755153602383507
338,10,0.718666762684648,0.744513883355246
338,11,0.707181298335039,0.732615339956463
338,12,0.694568690417426,0.719549114846927
338,13,0.68092686132138,0.705416652231814
338,14,0.666360003368225,0.690325891748507
338,15,0.650975570249383,0.674388151700893
338,16,0.634881837884411,0.657715602192738
338,17,0.618185951001887,0.640419241453119
338,18,0.600992382582251,0.622607299872547
338,19,0.583401742839958,0.604384006149717
338,20,0.565509882810196,0.585848658638382
338,21,0.54740724497425,0.567094952617712
338,22,0.529178419824172,0.548210520908654
338,23,0.510901872935862,0.529276651131083
338,24,0.492649812082372,0.510368148037792
338,25,0.474488168258609,0.49155331385674
338,26,0.456476668277657,0.47289402349833
338,27,0.438668979902617,0.454445874906966
338,28,0.421112913353847,0.436258397815579
338,29,0.403850665530875,0.418375306751076
338,30,0.386919095456432,0.400834786384815
338,31,0.370350021327147,0.383669799266845
338,32,0.354170531177129,0.36690840766262
338,33,0.338403300558286,0.35057410265881
338,34,0.323066911842809,0.334686134949614
338,35,0.308176170783207,0.319259842782007
338,36,0.293742416845535,0.304306973450208
339,0,0.759897721810636,0.7925861350335
339,1,0.759857709210073,0.792544401216538
339,2,0.759593749538986,0.792269086829474
339,3,0.758923326999141,0.7915698248177
339,4,0.757703607211451,0.790297636515773
339,5,0.755825988699178,0.78833924875253
339,6,0.753211269883287,0.785612052945773
339,7,0.749805369322132,0.782059641240099
339,8,0.74557554279242,0.777647860858579
339,9,0.740507046147898,0.772361333408096
339,10,0.734600197751613,0.766200390946674
339,11,0.727867798698609,0.759178385232261
339,12,0.720332873066472,0.751319330765943
339,13,0.712026694086085,0.742655846054771
339,14,0.702987065446288,0.733227360983538
339,15,0.693256829962909,0.723078561331447
339,16,0.682882580581747,0.712258044326478
339,17,0.671913551170817,0.700817161723011
339,18,0.660400666812074,0.688809029240075
339,19,0.6483957353472,0.676287683329976
339,20,0.635950763784753,0.663307368179433
339,21,0.623117384853983,0.649921937595534
339,22,0.609946380509704,0.636184358013287
339,23,0.596487290566919,0.622146300294938
339,24,0.582788095886643,0.607857809287438
339,25,0.568894966657278,0.593367041275676
339,26,0.554852067330063,0.578720060526871
339,27,0.540701410682309,0.563960687076052
339,28,0.526482754307495,0.549130388763496
339,29,0.512233533575121,0.534268211310718
339,30,0.49798882577296,0.519410740920236
339,31,0.483781340746984,0.504592094512857
339,32,0.469641433895975,0.489843933281275
339,33,0.455597137864393,0.475195495746267
339,34,0.441674209713685,0.460673646957163
339,35,0.42789619074357,0.446302940886455
339,36,0.414284476485297,0.432105693433944
340,0,0.766374098112668,0.794608415894566
340,1,0.766267277698994,0.794497660064087
340,2,0.76557878317014,0.79378380041216
340,3,0.763875108801925,0.79201736024376
340,4,0.760857248933172,0.788888318101538
340,5,0.75633503652037,0.784199500916139
340,6,0.750205486586572,0.777844129596784
340,7,0.742434586075982,0.769786937998058
340,8,0.733042044058493,0.760048361300177
340,9,0.722088579732332,0.748691355683465
340,10,0.70966538130806,0.735810468862569
340,11,0.695885417561236,0.721522831544302
340,12,0.680876326443399,0.705960784044873
340,13,0.6647746423747,0.689265890907731
340,14,0.647721156354412,0.671584130073914
340,15,0.629857231389663,0.653062072565895
340,16,0.611321920463232,0.633843894277203
340,17,0.592249755783905,0.614069083775593
340,18,0.57276909678068,0.593870729434996
340,19,0.553000940561812,0.573374286070177
340,20,0.533058112666533,0.552696735874586
340,21,0.513044768160268,0.531946071135213
340,22,0.493056143700037,0.511221037163722
340,23,0.473178510333652,0.490611083356706
340,24,0.453489284677424,0.470196478469333
340,25,0.434057262903156,0.450048553222766
340,26,0.41494294779754,0.430230039412882
340,27,0.396198944159448,0.410795479874576
340,28,0.377870402081899,0.391791688094863
340,29,0.359995491320577,0.373258240057815
340,30,0.342605893063345,0.355227984131563
340,31,0.325727298057827,0.337727557547614
340,32,0.309379902290773,0.320777900341753
340,33,0.293578893299063,0.304394759581439
340,34,0.278334921776446,0.288589178347211
340,35,0.263654554464713,0.273367965309017
340,36,0.249540705419806,0.258734141880789
341,0,0.780568271288214,0.789627289555625
341,1,0.780446558247728,0.789504163953679
341,2,0.779664596269722,0.788713126782504
341,3,0.777736615292037,0.786762770292595
341,4,0.774334036677456,0.783320702471292
341,5,0.769254318519176,0.77818203077713
341,6,0.76239484760183,0.771242951099564
341,7,0.753731147788091,0.762478703239276
341,8,0.743298772854114,0.751925253597838
341,9,0.731178337486063,0.739664152448911
341,10,0.717483214821938,0.725810088701792
341,11,0.702349493940116,0.710500730839881
341,12,0.685927847257174,0.693888499934195
341,13,0.668377006957007,0.676133970362077
341,14,0.649858592258254,0.657400637041583
341,15,0.630533066352112,0.637850825446859
341,16,0.610556633923554,0.617642553123004
341,17,0.590078917934024,0.596927179506271
341,18,0.569241278344133,0.575847705134417
341,19,0.548175656174357,0.554537602291944
341,20,0.527003844163916,0.53312007720449
341,21,0.505837100664295,0.511707679451324
341,22,0.484776036619165,0.49040218763359
341,23,0.463910716821216,0.4692947118063
341,24,0.443320926347245,0.448465963005573
341,25,0.423076561372972,0.427986648599123
341,26,0.403238110648153,0.407917959349214
341,27,0.38385719993614,0.388312120170804
341,28,0.364977176834233,0.36921298173913
341,29,0.346633717717784,0.350656634477805
341,30,0.328855442201171,0.332672030151026
341,31,0.31166452357772,0.315281599388058
341,32,0.295077286270793,0.298501856068146
341,33,0.279104783471364,0.282343981661955
341,34,0.263753349915407,0.266814384424318
341,35,0.249025126221226,0.251915229816853
341,36,0.234918552408798,0.237644939754921
342,0,0.755353321356633,0.784497670652287
342,1,0.755293594943085,0.78443563977087
342,2,0.754903024012348,0.784029999156439
342,3,0.753920731275375,0.783009805900825
342,4,0.75215152200855,0.78117233393972
342,5,0.749455540020235,0.778372330907821
342,6,0.74573926105397,0.774512664033923
342,7,0.740947668899089,0.769536194376692
342,8,0.735057476138988,0.763418736004107
342,9,0.728071266421278,0.756162972250546
342,10,0.72001244855071,0.747793215119781
342,11,0.710920924737158,0.738350906397816
342,12,0.70084938611466,0.727890770239225
342,13,0.68986015830757,0.716477537023481
342,14,0.678022528468793,0.704183167260354
342,15,0.665410492953984,0.691084512360973
342,16,0.652100871716199,0.677261356278792
342,17,0.638171741690376,0.662794788448198
342,18,0.62370114696077,0.64776586418539
342,19,0.608766048434352,0.632254513836265
342,20,0.593441480139896,0.616338666522375
342,21,0.577799883190731,0.60009355840547
342,22,0.56191059193817,0.583591199014818
342,23,0.545839449946993,0.566899972405585
342,24,0.529648536183915,0.550084352782632
342,25,0.513395984260828,0.533204716769492
342,26,0.497135879749204,0.516317236760769
342,27,0.480918222509381,0.499473841797961
342,28,0.464788942685023,0.482722234181036
342,29,0.448789960522121,0.466105951595475
342,30,0.432959281504881,0.44966446591886
342,31,0.417331119476643,0.433433311092255
342,32,0.401936041449682,0.417444233517314
342,33,0.386801128718678,0.401725359386101
342,34,0.371950149692528,0.386301374181407
342,35,0.357403740560359,0.371193710313529
342,36,0.343179590521039,0.356420739496622
343,0,0.767324685568526,0.80343552188428
343,1,0.767209037658943,0.803314431503196
343,2,0.766465306753734,0.802535700101475
343,3,0.764629550104264,0.800613551460281
343,4,0.761386046324006,0.797217406123845
343,5,0.756538255802672,0.792141475190374
343,6,0.749984432356989,0.785279224230054
343,7,0.741697220592705,0.77660201048465
343,8,0.731706662007278,0.766141289225499
343,9,0.720086110218728,0.753973866143183
343,10,0.706940623227144,0.740209743340747
343,11,0.692397459503957,0.724982168162282
343,12,0.676598356020105,0.708439547819698
343,13,0.659693311001384,0.690738939560197
343,14,0.641835633059678,0.67204086680615
343,15,0.623178052116132,0.652505247055602
343,16,0.603869716843264,0.632288248021902
343,17,0.584053928767293,0.611539915101308
343,18,0.563866485181696,0.590402436302895
343,19,0.543434522060242,0.569008930708268
343,20,0.522875764602051,0.547482663746746
343,21,0.50229810722543,0.525936607423414
343,22,0.481799457043347,0.504473276428449
343,23,0.461467785357266,0.48318478205428
343,24,0.441381340721714,0.462153055287134
343,25,0.42160898485564,0.441450198526607
343,26,0.402210619279692,0.421138932300803
343,27,0.38323767619111,0.401273109242131
343,28,0.364733651880727,0.381898272607288
343,29,0.346734665063958,0.363052240883698
343,30,0.329270025939201,0.34476570362819
343,31,0.312362804689437,0.327062816722691
343,32,0.296030390581669,0.30996178778527
343,33,0.280285034859615,0.293475444611742
343,34,0.265134372324927,0.277611781302864
343,35,0.250581917910494,0.262374478206725
343,36,0.236627535709003,0.247763393020119
344,0,0.78592703209768,0.801519260591373
344,1,0.785755051305037,0.801343867823183
344,2,0.784661706907049,0.800228832256702
344,3,0.781997666199327,0.79751193889252
344,4,0.777352638339476,0.792774757012266
344,5,0.770502205844758,0.785788416851345
344,6,0.761364294211556,0.776469215606868
344,7,0.749963720651769,0.764842462846412
344,8,0.736403497316985,0.751013214408754
344,9,0.720841765279181,0.735142748771288
344,10,0.703473407561058,0.717429815296077
344,11,0.684515536649378,0.698095833825864
344,12,0.664196177635183,0.677373353305912
344,13,0.642745575395318,0.655497186506244
344,14,0.620389645646259,0.632697731149081
344,15,0.597345167499061,0.609196067087525
344,16,0.573816381254439,0.585200486603333
344,17,0.549992711266541,0.560904172093947
344,18,0.526047381211055,0.536483783868512
344,19,0.502136729257582,0.512098761733756
344,20,0.478400064535756,0.487891178612504
344,21,0.454959934818496,0.463986013537574
344,22,0.431922699314597,0.440491735808164
344,23,0.409379320545807,0.417501112577194
344,24,0.387406306063703,0.395092169251181
344,25,0.366066744739134,0.373329246338908
344,26,0.345411393960108,0.352264108218551
344,27,0.325479783669502,0.331937069078693
344,28,0.306301311075112,0.312378109346643
344,29,0.287896306339075,0.293607962520372
344,30,0.27027705482959,0.275639157700969
344,31,0.253448765789428,0.258477007478845
344,32,0.237410480708169,0.242120534327421
344,33,0.222155917418514,0.226563331445704
344,34,0.207674248090231,0.211794356187081
344,35,0.193950810968845,0.197798655918384
344,36,0.180967756984726,0.184558027457248
345,0,0.762616668324878,0.811343890719317
345,1,0.762476319804796,0.811194574661762
345,2,0.761579121703354,0.810240050287192
345,3,0.759379381824813,0.807899758518398
345,4,0.755519415492197,0.803793160495527
345,5,0.749790123487802,0.797697796652873
345,6,0.742098317024145,0.789514523926103
345,7,0.732439758775241,0.77923883424623
345,8,0.720877035453907,0.766937313290166
345,9,0.707521504106334,0.7527284332378
345,10,0.692518663780422,0.736766989766333
345,11,0.67603639875481,0.719231594083045
345,12,0.658255621052104,0.700314717543989
345,13,0.639362910214296,0.680214861149488
345,14,0.619544808784079,0.659130486536511
345,15,0.598983483914997,0.637255400388357
345,16,0.577853510160811,0.61477533166107
345,17,0.556319566758749,0.591865481735109
345,18,0.534534875482613,0.568688862455436
345,19,0.512640233148784,0.545395266819693
345,20,0.49076351676139,0.522120742504746
345,21,0.469019559647948,0.49898746008803
345,22,0.447510314254023,0.476103886243944
345,23,0.426325231961015,0.453565187830004
345,24,0.405541802733754,0.431453806015108
345,25,0.385226207914104,0.409840150783237
345,26,0.365434048329584,0.388783375564417
345,27,0.34621111732149,0.368332199655302
345,28,0.327594194521482,0.348525752713933
345,29,0.30961184139751,0.329394421136904
345,30,0.292285183902846,0.310960680715572
345,31,0.275628671128121,0.293239903762001
345,32,0.259650801789484,0.276241132015915
345,33,0.244354812783934,0.25996780919513
345,34,0.229739325989366,0.244418469122733
345,35,0.215798951053661,0.229587377031257
345,36,0.202524843165687,0.21546512297233
346,0,0.761204876233505,0.79576239966149
346,1,0.761157547309223,0.795712922077286
346,2,0.760846393432955,0.795387642296542
346,3,0.760059143055385,0.794564651970089
346,4,0.758632515653916,0.793073257892277
346,5,0.756445107411881,0.790786544701035
346,6,0.753411126193706,0.787614825430595
346,7,0.749474885051482,0.783499885031787
346,8,0.744605972528014,0.778409931414322
346,9,0.738795026196782,0.772335177112004
346,10,0.732050043278175,0.76528398240665
346,11,0.724393168864937,0.757279497743949
346,12,0.715857908342509,0.748356749601989
346,13,0.706486716060872,0.738560119692544
346,14,0.696328917257254,0.727941172542281
346,15,0.68543892469244,0.716556791167123
346,16,0.673874715492055,0.704467584764479
346,17,0.661696537318352,0.691736536147236
346,18,0.648965816274863,0.678427860068972
346,19,0.635744241898974,0.664606046676603
346,20,0.622093007256804,0.650335067106757
346,21,0.608072184548312,0.63567772074431
346,22,0.593740218783474,0.620695105912249
346,23,0.579153524025742,0.605446197785204
346,24,0.564366168437374,0.589987519136333
346,25,0.549429635921793,0.574372891158603
346,26,0.534392653557745,0.55865325306473
346,27,0.519301075274517,0.542876540481432
346,28,0.504197813340804,0.527087613827998
346,29,0.48912281024487,0.511328228919847
346,30,0.474113044442018,0.495637042976931
346,31,0.459202564247636,0.480049650055466
346,32,0.444422544869718,0.464598640669647
346,33,0.429801364212445,0.44931368103659
346,34,0.415364693649988,0.434221607971125
346,35,0.401135600474167,0.419346535984428
346,36,0.387134659167516,0.4047099736087
347,0,0.764998626114388,0.791799577111629
347,1,0.764868263469354,0.791664647343541
347,2,0.764032938167255,0.790800057266677
347,3,0.761979478915327,0.788674657152495
347,4,0.758366431837428,0.784935030634608
347,5,0.752988984101867,0.779369189471489
347,6,0.745749739454049,0.771876325229543
347,7,0.736634473803497,0.762441715491711
347,8,0.725692119785934,0.751116007198979
347,9,0.71301833409367,0.737998208278857
347,10,0.698742092357131,0.723221812892175
347,11,0.683014835234082,0.706943567266549
347,12,0.66600175767006,0.689334453784892
347,13,0.647874892390621,0.670572532164822
347,14,0.628807689761461,0.650837329429683
347,15,0.60897084024621,0.630305516010381
347,16,0.588529123713383,0.609147644671004
347,17,0.567639102588884,0.587525762843262
347,18,0.546447504013489,0.565591738104492
347,19,0.52509016035272,0.543486161569384
347,20,0.503691398149107,0.521337715434789
347,21,0.482363783365822,0.499262909298236
347,22,0.46120814594879,0.477366105580542
347,23,0.440313819682213,0.455739767784434
347,24,0.419759044335186,0.434464876729966
347,25,0.399611486460281,0.413611469598754
347,26,0.37992884313913,0.393239264831166
347,27,0.360759499675614,0.373398342861131
347,28,0.34214321788788,0.354129858521768
347,29,0.324111836396777,0.335466765867718
347,30,0.306689968280691,0.317434540271605
347,31,0.289895684778124,0.300051886079442
347,32,0.273741176466991,0.283331420953681
347,33,0.258233385617791,0.267280330380224
347,34,0.243374605278856,0.251900987742027
347,35,0.229163042168385,0.237191536931479
347,36,0.215593341673482,0.223146435742253
348,0,0.769148793055312,0.78637316525365
348,1,0.769098250738124,0.786321491088254
348,2,0.768766365507997,0.785982173596928
348,3,0.767927780475362,0.785124809232059
348,4,0.766410197895406,0.783573241801012
348,5,0.764086529035682,0.781197536537321
348,6,0.760867998547038,0.77790693005042
348,7,0.756698099450765,0.77364364994034
348,8,0.751547305379724,0.7683775086244
348,9,0.745408456222199,0.762101185646837
348,10,0.738292741908247,0.75482612152579
348,11,0.730226216835156,0.746578954122554
348,12,0.721246784429117,0.737398435675312
348,13,0.711401597655128,0.727332775095879
348,14,0.700744826980997,0.716437355949332
348,15,0.689335752432511,0.704772785782526
348,16,0.67723714099866,0.69240323719282
348,17,0.664513874806558,0.679395045282249
348,18,0.651231799229288,0.665815529969813
348,19,0.637456763456122,0.651732015076164
348,20,0.623253829079755,0.637211019187881
348,21,0.608686624971984,0.622317596086195
348,22,0.59381682915766,0.607114805017986
348,23,0.578703760583599,0.591663293322738
348,24,0.563404065639089,0.576020975932968
348,25,0.547971486039794,0.560242798060102
348,26,0.532456696257423,0.544380568983536
348,27,0.516907200081699,0.528482856296202
348,28,0.501367277155461,0.512594931242375
348,29,0.485877971443095,0.496758756927871
348,30,0.470477114590454,0.48101301220308
348,31,0.45519937802321,0.465393144928022
348,32,0.440076348421258,0.449931449136924
348,33,0.425136621909363,0.434657161338181
348,34,0.410405912927707,0.419596571822958
348,35,0.395907174298579,0.404773147420661
348,36,0.381660725494413,0.390207662639422
349,0,0.761711433101897,0.791795828706694
349,1,0.761673287391024,0.791756176400794
349,2,0.761421391911234,0.791494332109767
349,3,0.760780893752046,0.790828536969114
349,4,0.75961427870153,0.789615845534323
349,5,0.75781633029367,0.787746885731822
349,6,0.755309648918509,0.785141200992829
349,7,0.752040675267604,0.78174311664165
349,8,0.74797616755013,0.777518077976631
349,9,0.74310008662281,0.772449412375846
349,10,0.737410847468508,0.766535472220653
349,11,0.730918899369046,0.759787119495525
349,12,0.723644600680228,0.752225516625633
349,13,0.715616357360963,0.743880191485704
349,14,0.706868997361025,0.734787347582939
349,15,0.69744235565857,0.724988393209469
349,16,0.68738004718192,0.71452866589971
349,17,0.676728407071363,0.70345633083697
349,18,0.665535579755249,0.691821433951882
349,19,0.653850740147915,0.679675092360924
349,20,0.641723431941371,0.667068806523414
349,21,0.629203009472866,0.654053880065192
349,22,0.616338171020108,0.640680934640968
349,23,0.603176572617378,0.626999508497794
349,24,0.589764512610464,0.613057728571251
349,25,0.576146678186607,0.59890204700439
349,26,0.562365946037026,0.584577033937265
349,27,0.548463230142748,0.570125219280952
349,28,0.534477370427359,0.555586976972541
349,29,0.520445056700158,0.541000445914374
349,30,0.506400782926725,0.526401482438489
349,31,0.492376827417055,0.511823639712267
349,32,0.478403255019808,0.497298170019348
349,33,0.464507937859855,0.482854046316225
349,34,0.450716591559775,0.468517999884331
349,35,0.437052824248499,0.454314571274327
349,36,0.423538195985726,0.440266172077522
350,0,0.773311130413017,0.78673914781841
350,1,0.773188701197275,0.786614592703305
350,2,0.77240248888351,0.785814728351934
350,3,0.770464999020238,0.783843595306011
350,4,0.767047392399723,0.78036664429049
350,5,0.761947877382332,0.775178579692317
350,6,0.755065248166045,0.76817643834013
350,7,0.746376820668934,0.759337142258476
350,8,0.735920118884341,0.748698867019106
350,9,0.723777752755785,0.73634565703055
350,10,0.710065005410947,0.722394797232936
350,11,0.694919714407243,0.706986518638326
350,12,0.678494089720864,0.690275674244757
350,13,0.660948161651195,0.672425073168006
350,14,0.642444595574984,0.653600205357523
350,15,0.623144648414072,0.633965127851
350,16,0.60320507451829,0.613679316930044
350,17,0.582775817061589,0.592895319428981
350,18,0.561998345574997,0.571757061400221
350,19,0.541004521394358,0.550398693861267
350,20,0.519915891021729,0.528943873885821
350,21,0.498843323070064,0.507505395244263
350,22,0.477886917916608,0.486185096488235
350,23,0.457136130724296,0.465073986108224
350,24,0.436670058358519,0.444252534432439
350,25,0.416557849152367,0.423791090507349
350,26,0.396859201651962,0.403750389503386
350,27,0.377624924574668,0.384182122396443
350,28,0.358897535385013,0.36512954493766
350,29,0.340711879264785,0.346628107371509
350,30,0.323095753937196,0.328706090109598
350,31,0.306070528897381,0.311385233713691
350,32,0.289651750187482,0.294681354172288
350,33,0.273849724007181,0.278604936645161
350,34,0.258670074233356,0.263161702663952
350,35,0.244114270390259,0.248353147270196
350,36,0.230180123811713,0.234177043793026
351,0,0.759457055213451,0.774806240734233
351,1,0.759388483445131,0.774736283080053
351,2,0.758941474693901,0.774280239953272
351,3,0.757821190467772,0.773137313959178
351,4,0.755810706163976,0.771086196289277
351,5,0.752758178228858,0.767971974520042
351,6,0.748565745266561,0.763694809404847
351,7,0.743179953522622,0.758200166849547
351,8,0.736583520738948,0.751470415308905
351,9,0.728788273426574,0.743517620316439
351,10,0.719829111391844,0.734377387029243
351,11,0.709758870113694,0.724103618770132
351,12,0.698643966514825,0.712764074796651
351,13,0.686560726986753,0.700436624112813
351,14,0.673592308387984,0.68720610423838
351,15,0.659826133288679,0.673161704617937
351,16,0.64535177012144,0.658394803927972
351,17,0.63025919723964,0.64299719905054
351,18,0.614637397292688,0.627059671039824
351,19,0.598573234901328,0.610670840114427
351,20,0.582150576444621,0.593916267654596
351,21,0.56544961593374,0.576877768451438
351,22,0.5485463755179,0.559632901117705
351,23,0.531512353208947,0.542254608692633
351,24,0.514414293980967,0.524810985115315
351,25,0.497314063551477,0.507365146454907
351,26,0.480268606927358,0.489975188618752
351,27,0.463329976243239,0.472694215753395
351,28,0.446545414569378,0.455570425746282
351,29,0.429957484253362,0.438647241161339
351,30,0.413604230014668,0.421963475629802
351,31,0.397519368459745,0.405553527195525
351,32,0.381732496951197,0.389447591405574
351,33,0.36626931586912,0.373671888063626
351,34,0.351151859264152,0.358248896544684
351,35,0.33639872973721,0.343197595421907
351,36,0.32202533410498,0.328533702895075
352,0,0.774825587525378,0.820555398444754
352,1,0.774645797729863,0.820364997547223
352,2,0.773505037055394,0.819156909759674
352,3,0.770731547914051,0.81621973070403
352,4,0.765906531067182,0.811109943824211
352,5,0.758806744944931,0.80359113194679
352,6,0.749357714820618,0.793584424884707
352,7,0.737595802266082,0.781128330251225
352,8,0.723637653430621,0.766346378591868
352,9,0.707655773766119,0.749421256542292
352,10,0.689859172336752,0.73057430877502
352,11,0.670478185530442,0.710049466014089
352,12,0.649752731912341,0.688100806695978
352,13,0.627923370649504,0.664983087667069
352,14,0.605224638427269,0.640944687848223
352,15,0.581880226688413,0.616222500837062
352,16,0.558099634609617,0.591038390344803
352,17,0.534075995425359,0.565596888230901
352,18,0.509984826184978,0.540083870471413
352,19,0.485983495217257,0.51466599319361
352,20,0.462211238708991,0.489490710233
352,21,0.438789588935186,0.464686726637468
352,22,0.415823102713533,0.440364770114747
352,23,0.393400300369315,0.416618585414562
352,24,0.371594743551792,0.393526075757185
352,25,0.350466195205744,0.371150531265911
352,26,0.330061817355722,0.349541897443924
352,27,0.310417372517976,0.328738047492938
352,28,0.291558402867071,0.308766031073632
352,29,0.2735013680495,0.289643279272437
352,30,0.256254728008686,0.271378751334322
352,31,0.239819961579824,0.253974013374581
352,32,0.224192515110988,0.237424242987074
352,33,0.209362678122836,0.221719156584923
352,34,0.19531638516288,0.206843858579808
352,35,0.18203594465093,0.192779613243502
352,36,0.169500696741879,0.179504541397376
353,0,0.763773567107572,0.790197391798779
353,1,0.763707944471781,0.790129498855271
353,2,0.763279651055418,0.789686388023593
353,3,0.762204836204643,0.788574388435855
353,4,0.76027331168943,0.786576040103512
353,5,0.757336620882834,0.783537750333051
353,6,0.753297693668954,0.779359090730887
353,7,0.748101898530804,0.773983539725586
353,8,0.741729324131994,0.767390497119971
353,9,0.734188141373967,0.759588416499352
353,10,0.725508913606003,0.750608918595222
353,11,0.715739737588799,0.740501764143605
353,12,0.704942111144863,0.729330578570992
353,13,0.693187435333149,0.717169233156758
353,14,0.680554069607882,0.70409879831106
353,15,0.667124867894637,0.690204994407984
353,16,0.652985131959167,0.67557607434828
353,17,0.63822092596348,0.660301079805127
353,18,0.622917702795305,0.644468420029533
353,19,0.60715919870818,0.628164728248925
353,20,0.591026558097587,0.611473956163693
353,21,0.574597654934095,0.594476671904341
353,22,0.55794658153991,0.577249531121553
353,23,0.54114327908736,0.55986489470124
353,24,0.524253287467084,0.542390569979072
353,25,0.507337595065754,0.524889655321052
353,26,0.490452571548685,0.507420470580636
353,27,0.473649968998366,0.490036558276659
353,28,0.456976978748562,0.472786742393694
353,29,0.440476333004508,0.455715233517934
353,30,0.424186441879229,0.438861770614486
353,31,0.408141557827667,0.422261791150321
353,32,0.39237196064514,0.405946622493017
353,33,0.376904157233555,0.389943688588172
353,34,0.361761091244539,0.374276726855425
353,35,0.346962358498266,0.358966011060014
353,36,0.332524424763706,0.344028576627426
354,0,0.765245979890113,0.794870082665361
354,1,0.765168237699353,0.794789330929031
354,2,0.7646629222226,0.79426445374531
354,3,0.763400642312429,0.792953308619544
354,4,0.761142898516325,0.790608163339456
354,5,0.757726503700458,0.787059513492127
354,6,0.753050192767269,0.782202173818724
354,7,0.747063146395258,0.775983357686785
354,8,0.739755185887884,0.768392492363395
354,9,0.731148424802835,0.759452547463408
354,10,0.721290188425602,0.749212680322608
354,11,0.710247034695286,0.737742025462373
354,12,0.698099730192876,0.725124476089061
354,13,0.684939052537875,0.711454323993567
354,14,0.670862306254308,0.696832640539986
354,15,0.655970453082023,0.6813642958859
354,16,0.640365770020855,0.665155526365048
354,17,0.624149959279917,0.648311971269226
354,18,0.607422643919407,0.630937110253573
354,19,0.590280191458713,0.613131041404344
354,20,0.572814815207871,0.594989547781233
354,21,0.555113909671916,0.576603407093977
354,22,0.537259582179453,0.558057905199401
354,23,0.519328347987252,0.539432519402937
354,24,0.501390960591523,0.52080074220093
354,25,0.483512352904758,0.502230020180331
354,26,0.465751668397908,0.483781786366439
354,27,0.448162364317506,0.465511567435759
354,28,0.430792371716332,0.447469149941747
354,29,0.413684299328834,0.429698792082633
354,30,0.39687567031853,0.412239469613758
354,31,0.38039918265915,0.395125146308555
354,32,0.364282985415583,0.37838506093485
354,33,0.34855096449263,0.36204402406548
354,34,0.333223032543578,0.346122719209777
354,35,0.318315418698646,0.330638003757935
354,36,0.303840954604581,0.315603206093741
355,0,0.74935645677766,0.781891571105738
355,1,0.749294301149478,0.781826716841345
355,2,0.748888297620868,0.78140308569226
355,3,0.747868467723247,0.780338977424826
355,4,0.746034001196025,0.778424863117627
355,5,0.743242185594705,0.775511834121866
355,6,0.739398790163366,0.771501568426535
355,7,0.734449733051047,0.766337636086934
355,8,0.728373879646001,0.759997984881274
355,9,0.721176836552142,0.752488464837674
355,10,0.71288562073296,0.743837265926126
355,11,0.703544096775597,0.734090157220406
355,12,0.693209087240268,0.723306428368959
355,13,0.681947071800931,0.71155544542081
355,14,0.669831400481121,0.698913743067322
355,15,0.656939954860619,0.685462584304531
355,16,0.643353198779013,0.671285926503304
355,17,0.629152566885795,0.656468739994458
355,18,0.614419145468593,0.64109563162198
355,19,0.59923260540823,0.625249731369759
355,20,0.583670351930483,0.609011805197766
355,21,0.567806860111937,0.592459561697305
355,22,0.551713168907103,0.575667124150094
355,23,0.535456509846172,0.558704643105038
355,24,0.51910004955278,0.541638027716784
355,25,0.502702727889442,0.524528776863852
355,26,0.48631917589148,0.507433893519463
355,27,0.469999699730978,0.490405868019252
355,28,0.453790318790079,0.47349271778761
355,29,0.437732847544068,0.456738072775919
355,30,0.421865012382902,0.440181297356164
355,31,0.40622059575627,0.423857640724405
355,32,0.390829601131025,0.407798409020229
355,33,0.375718433217774,0.392031153378313
355,34,0.360910088770879,0.376579869012462
355,35,0.346424354006681,0.361465201205228
355,36,0.332278005330595,0.346704654750051
356,0,0.769054267835227,0.776887500136383
356,1,0.768945125834041,0.776777246465078
356,2,0.768242025350228,0.776066984523808
356,3,0.766503201042089,0.774310449352723
356,4,0.763424876656641,0.771200770573939
356,5,0.758814776541068,0.766543714103468
356,6,0.75256979591019,0.760235124978308
356,7,0.744657246476747,0.752241981963374
356,8,0.735099170162153,0.742586551488929
356,9,0.723959280278494,0.731333195821492
356,10,0.711332147935079,0.7185774493281
356,11,0.697334302470991,0.704437028261975
356,12,0.682096959329366,0.689044484566277
356,13,0.665760127747067,0.672541253547421
356,14,0.648467884621647,0.655072879603833
356,15,0.630364630541972,0.636785234122219
356,16,0.611592169764081,0.617821565711412
356,17,0.592287478351103,0.598320245609581
356,18,0.572581044190724,0.578413090793897
356,19,0.552595679521642,0.558224164411911
356,20,0.53244572126376,0.537868967966695
356,21,0.512236547139061,0.517453952509136
356,22,0.492064346540377,0.497076287172885
356,23,0.472016094572712,0.476823832951279
356,24,0.452169685848913,0.456775277855788
356,25,0.432594191637088,0.43700039668262
356,26,0.413350209979636,0.417560404697905
356,27,0.394490283562819,0.398508379763487
356,28,0.376059364525358,0.379889731879854
356,29,0.358095309154223,0.361742702920666
356,30,0.340629388612623,0.344098882562788
356,31,0.323686804555477,0.32698372915358
356,32,0.307287200777703,0.310417086570599
356,33,0.291445163968603,0.294413690076443
356,34,0.276170708261925,0.278983655804209
356,35,0.261469739619859,0.264132949871497
356,36,0.247344497208564,0.24986383425158
357,0,0.760764908275616,0.791060807379538
357,1,0.760699653739028,0.790992954215129
357,2,0.760273745768852,0.79055008533528
357,3,0.759204869419703,0.789438643182062
357,4,0.75728392878027,0.787441205029186
357,5,0.754363194688869,0.78440415870469
357,6,0.750346026862085,0.780227015424464
357,7,0.745177983336713,0.774853165185999
357,8,0.738839150816196,0.768261901686621
357,9,0.731337548028091,0.760461562983238
357,10,0.7227034707593,0.751483651330203
357,11,0.712984662039398,0.741377811025135
357,12,0.702242204168616,0.730207556845347
357,13,0.690547041097027,0.718046657937935
357,14,0.67797705020087,0.704976092985608
357,15,0.664614591901356,0.691081502244102
357,16,0.650544473948837,0.676451070758147
357,17,0.63585227465679,0.661173784821692
357,18,0.620622976011182,0.645338010653657
357,19,0.604939863487318,0.629030350402249
357,20,0.588883654655291,0.612334736048917
357,21,0.572531823316229,0.59533172662971
357,22,0.555958090046751,0.578097978491716
357,23,0.539232053694657,0.560705862113822
357,24,0.522418941614895,0.543223202396347
357,25,0.505579459306627,0.525713122310205
357,26,0.488769722649976,0.50823397243513
357,27,0.47204125818133,0.490839331245933
357,28,0.455441058821163,0.473578063059575
357,29,0.439011684207592,0.456494422364303
357,30,0.422791396318242,0.439628194842371
357,31,0.406814322405867,0.423014866794244
357,32,0.391110638450489,0.406685815896337
357,33,0.375706767361171,0.390668517295766
357,34,0.360625587060703,0.374986759981584
357,35,0.345886644371345,0.359660869188076
357,36,0.331506371302557,0.344707931295715
358,0,0.760603124104652,0.790204968895322
358,1,0.760520011485551,0.79011862162365
358,2,0.759980792998119,0.789558417340253
358,3,0.758636632355878,0.788161943430494
358,4,0.756237570010259,0.785669512192549
358,5,0.752615151875044,0.781906113490718
358,6,0.747667558703269,0.776765965383897
358,7,0.741346914258338,0.770199328344528
358,8,0.733648488960677,0.762201288722956
358,9,0.72460154984397,0.752802252593922
358,10,0.714261637901645,0.7420599225458
358,11,0.702704080674738,0.730052557785439
358,12,0.690018571610291,0.716873342531107
358,13,0.676304668647887,0.70262570940891
358,14,0.661668082976632,0.687419483772245
358,15,0.646217645218918,0.671367731812739
358,16,0.630062850684059,0.654584210277831
358,17,0.613311898011536,0.637181328780152
358,18,0.596070146683563,0.619268547278156
358,19,0.57843892870238,0.600951141505194
358,20,0.56051465835265,0.58232927808483
358,21,0.542388191540168,0.563497348935707
358,22,0.524144392836393,0.544543521465936
358,23,0.505861874172297,0.525549467097179
358,24,0.487612874210624,0.50659023594222
358,25,0.469463251868521,0.487734250075495
358,26,0.451472571338241,0.469043391862718
358,27,0.433694259329719,0.450573167323156
358,28,0.416175818194866,0.432372927548494
358,29,0.398959081142457,0.414486133850411
358,30,0.382080497961305,0.396950654603781
358,31,0.365571441579618,0.379799083736992
358,32,0.349458527436726,0.363059072533271
358,33,0.333763939062291,0.346753667881082
358,34,0.318505754476285,0.330901651377236
358,35,0.303698269065903,0.315517874769819
358,36,0.289352311485464,0.300613588152578
359,0,0.76433243737339,0.792071738595536
359,1,0.764268667066314,0.792005653924094
359,2,0.76385217376896,0.791574045171125
359,3,0.762806156582702,0.790490065726044
359,4,0.760924882293687,0.78854051586526
359,5,0.758062288437965,0.785574032197515
359,6,0.754122086441863,0.78149083162553
359,7,0.749049188192071,0.776233826767489
359,8,0.742822298747704,0.769780949842376
359,9,0.735447535247555,0.762138539993373
359,10,0.726952947592074,0.753335665113366
359,11,0.717383830374133,0.743419263635385
359,12,0.706798727960145,0.732450004629355
359,13,0.695266045732308,0.720498776058886
359,14,0.682861190427748,0.70764372133705
359,15,0.669664171371943,0.6939677535033
359,16,0.655757602311011,0.67955648453787
359,17,0.641225050598385,0.664496514636807
359,18,0.626149686774405,0.648874032781851
359,19,0.610613193172131,0.632773685737153
359,20,0.594694895160691,0.616277677763539
359,21,0.578471083063402,0.599465067927553
359,22,0.562014496719471,0.58241123595677
359,23,0.545393948147613,0.565187491209048
359,24,0.528674060864179,0.547860802529943
359,25,0.511915107149457,0.530493629613039
359,26,0.495172926981512,0.513143838991729
359,27,0.478498914501233,0.495864690013041
359,28,0.461940059765525,0.47870487810615
359,29,0.445539035215213,0.461708624388387
359,30,0.42933431775466,0.444915802175402
359,31,0.413360338633285,0.4283620923022
359,32,0.397647654454724,0.41207916033861
359,33,0.382223133634985,0.396094849814411
359,34,0.367110153502214,0.380433386472283
359,35,0.352328803991798,0.365115589355445
359,36,0.337896094553975,0.350159085224408
360,0,0.766891964544282,0.80263082522853
360,1,0.766789409148909,0.802523490525045
360,2,0.766127638882919,0.801830880301883
360,3,0.764487965427157,0.800114794438752
360,4,0.7615796095618,0.797070902761446
360,5,0.757215637698964,0.792503560163686
360,6,0.751292602634812,0.78630449857328
360,7,0.743773378958521,0.778434862453197
360,8,0.734672748751279,0.768910122762282
360,9,0.724045350475761,0.757787464236344
360,10,0.71197565422385,0.745155293460262
360,11,0.698569670580676,0.731124561346756
360,12,0.683948139005484,0.715821634080755
360,13,0.668240975469974,0.699382482005407
360,14,0.651582788704092,0.681947986915013
360,15,0.634109300283479,0.663660195310635
360,16,0.615954526399108,0.644659368833975
360,17,0.597248598873518,0.625081703738148
360,18,0.578116120178767,0.605057609245828
360,19,0.558674962177423,0.584710450308925
360,20,0.539035431322043,0.564155673904503
360,21,0.519299734350859,0.543500249830717
360,22,0.499561688320002,0.522842367225883
360,23,0.479906627302126,0.502271336919066
360,24,0.460411465422512,0.481867657403795
360,25,0.441144882241391,0.461703208859617
360,26,0.422167601952848,0.441841545362284
360,27,0.403532742568277,0.422338260339936
360,28,0.385286215284503,0.40324140455265
360,29,0.367467157689664,0.384591939486683
360,30,0.3501083874098,0.366424212141985
360,31,0.333236865312131,0.348766439821785
360,32,0.316874159515611,0.331641195767055
360,33,0.301036903266366,0.315065888369955
360,34,0.285737241259733,0.299053228295471
360,35,0.270983260270682,0.28361167918016
360,36,0.25677940102439,0.268745888696808
361,0,0.765365698527456,0.79559604671654
361,1,0.765271158105759,0.795497772145441
361,2,0.764659780846413,0.794862246759963
361,3,0.763141270409279,0.793283758328869
361,4,0.76044109482829,0.790476931446232
361,5,0.756379286097397,0.786254689745259
361,6,0.750852418377527,0.780509522282026
361,7,0.743818338846522,0.773197611285853
361,8,0.735283278314853,0.764325433671221
361,9,0.725291015538683,0.75393849736382
361,10,0.713913810396667,0.742111916356746
361,11,0.701244857396108,0.728942566145893
361,12,0.687392042905318,0.714542594386021
361,13,0.672472817576444,0.699034090784981
361,14,0.656610020074389,0.682544745878642
361,15,0.639928509860412,0.66520435081647
361,16,0.62255248574633,0.647142010004212
361,17,0.604603383550002,0.628483955721161
361,18,0.586198260722402,0.609351868943372
361,19,0.567448588527205,0.589861623816853
361,20,0.548459383453134,0.570122384762519
361,21,0.529328619220541,0.550235995258259
361,22,0.510146869177392,0.530296606110306
361,23,0.49099713621715,0.510390498653232
361,24,0.471954833725633,0.490596064944248
361,25,0.453087886593597,0.470983912765574
361,26,0.434456926120975,0.451617068226985
361,27,0.416115556779233,0.432551253064726
361,28,0.398110676371381,0.413835217447175
361,29,0.380482834206309,0.395511112296321
361,30,0.363266614548257,0.37761488788268
361,31,0.34649103486884,0.360176707807455
361,32,0.330179950366934,0.343221369500103
361,33,0.314352457873646,0.326768724076715
361,34,0.299023293663284,0.310834089863688
361,35,0.284203220879639,0.295428655126536
361,36,0.269899403288983,0.280559866585353
362,0,0.765562270653389,0.799171461246152
362,1,0.76548576046815,0.79909159216315
362,2,0.764988248010847,0.798572238254615
362,3,0.763744885581824,0.797274290579616
362,4,0.761519925122075,0.79495165142929
362,5,0.758151530435332,0.791435379785494
362,6,0.753538711901981,0.786620052451488
362,7,0.747630118418564,0.78045206394283
362,8,0.74041445214238,0.772919620426667
362,9,0.731912299056491,0.764044211637792
362,10,0.722169192759376,0.753873370159545
362,11,0.711249750551076,0.742474550076429
362,12,0.699232740125772,0.729929977087998
362,13,0.686206952250668,0.716332339992919
362,14,0.672267769947093,0.701781209252611
362,15,0.65751433810147,0.686380082344412
362,16,0.642047249308983,0.670233968010738
362,17,0.625966672259292,0.653447432478476
362,18,0.609370858261763,0.636123040418696
362,19,0.592354969711658,0.618360131980977
362,20,0.57501018153871,0.600253884794383
362,21,0.557423013062618,0.581894616490546
362,22,0.539674853302168,0.563367289173222
362,23,0.521841647731318,0.544751182422565
362,24,0.50399371882303,0.52611970596059
362,25,0.486195696537957,0.507540327088231
362,26,0.468506538260903,0.489074591497026
362,27,0.450979620617386,0.470778219116559
362,28,0.433662888163759,0.452701259332265
362,29,0.416599046180018,0.434888292242101
362,30,0.399825786742808,0.417378664654452
362,31,0.383376038951072,0.400206751299015
362,32,0.367278235648414,0.383402233258623
362,33,0.351556590261315,0.366990386961027
362,34,0.336231378474549,0.350992378220231
362,35,0.321319220415564,0.335425556809137
362,36,0.306833359836876,0.320303747898416
363,0,0.763614414491694,0.799337837178387
363,1,0.763496545384068,0.799214453916138
363,2,0.762739055149728,0.798421526760613
363,3,0.760870790390239,0.796465860806978
363,4,0.757572479242838,0.793013248010688
363,5,0.752646732496546,0.7878570648953
363,6,0.745992887820755,0.780891939943319
363,7,0.737585998660746,0.772091759549877
363,8,0.727459363019789,0.761491379466003
363,9,0.715690069074554,0.749171494208778
363,10,0.702387105825157,0.735246191503598
363,11,0.68768164905355,0.719852783800102
363,12,0.671719186890645,0.703143565457449
363,13,0.654653196273263,0.685279193373162
363,14,0.636640122386349,0.666423431553521
363,15,0.617835448607206,0.646739037201862
363,16,0.598390675176335,0.626384598045547
363,17,0.578451051410763,0.605512158457653
363,18,0.558153929274539,0.584265496004176
363,19,0.537627625987161,0.562778930842985
363,20,0.516990700487343,0.541176568339107
363,21,0.496351563330082,0.519571890711989
363,22,0.475808352289037,0.498067626818309
363,23,0.455449016834712,0.476755840582212
363,24,0.435351563998883,0.455718188361779
363,25,0.415584426124349,0.435026303902846
363,26,0.396206917817372,0.41474227666861
363,27,0.377269755226145,0.394919195410979
363,28,0.358815615700051,0.375601734011832
363,29,0.340879720061475,0.35682676099467
363,30,0.323490423248997,0.338623957799302
363,31,0.306669802059018,0.321016434019196
363,32,0.29043423120109,0.304021330405847
363,33,0.27479494095932,0.287650402618709
363,34,0.259758551477473,0.271910580505224
363,35,0.245327580110516,0.256804499187305
363,36,0.23150091945489,0.24233099945482
364,0,0.766624500825329,0.781199550067549
364,1,0.766568793717104,0.781142783856928
364,2,0.766203804760563,0.780770855737852
364,3,0.765283867810749,0.779833428965669
364,4,0.763623301118924,0.778141291614052
364,5,0.761087226273466,0.775557000965793
364,6,0.75758354138059,0.771986704087796
364,7,0.753055918619501,0.767373002255894
364,8,0.747477709905954,0.761688740753014
364,9,0.740846656643458,0.754931618042275
364,10,0.733180310562255,0.747119519547053
364,11,0.724512082560741,0.738286491373057
364,12,0.714887845378754,0.728479278391711
364,13,0.704363023944069,0.717754359268379
364,14,0.693000114430164,0.706175418352501
364,15,0.680866579524241,0.693811200930501
364,16,0.668033073201704,0.680733704249712
364,17,0.654571953501812,0.667016662018946
364,18,0.640556046458069,0.652734284838758
364,19,0.62605762850949,0.637960223266336
364,20,0.611147598453378,0.622766724025458
364,21,0.595894813340373,0.607223953275594
364,22,0.580365565697741,0.591399463896176
364,23,0.564623182132844,0.575357786458723
364,24,0.548727725747645,0.559160125983658
364,25,0.53273578691614,0.54286414874
364,26,0.516700348865972,0.52652384527143
364,27,0.500670716186955,0.510189457545607
364,28,0.484692495884127,0.493907459647012
364,29,0.468807621920675,0.477720582786477
364,30,0.453054415373898,0.461667876600836
364,31,0.437467673371057,0.445784799779616
364,32,0.422078780895585,0.430103333996909
364,33,0.406915840370416,0.414652115958338
364,34,0.392003814645558,0.3994565831071
364,35,0.377364679651759,0.384539129179888
364,36,0.363017583540533,0.369919266372478
365,0,0.778463793799552,0.810654732518154
365,1,0.778328509178025,0.810513853623655
365,2,0.777462160007981,0.809611679289662
365,3,0.775333855277154,0.807395365164293
365,4,0.771591675029233,0.803498438740642
365,5,0.766025867695291,0.797702474828792
365,6,0.758538227438502,0.789905206596273
365,7,0.749116724818993,0.7800941071633
365,8,0.737814593280909,0.768324611276829
365,9,0.724733186042155,0.754702263300522
365,10,0.710008015112761,0.739368178920324
365,11,0.69379746829349,0.722487295569784
365,12,0.676273772787507,0.704238962370115
365,13,0.657615836961051,0.684809485884236
365,14,0.638003656096783,0.66438630453752
365,15,0.617614014817587,0.643153513328756
365,16,0.596617259199183,0.621288502463563
365,17,0.575174946293298,0.598959509680931
365,18,0.553438208596535,0.576323917089808
365,19,0.531546696575692,0.553527149965858
365,20,0.509627984266496,0.53070205777059
365,21,0.487797341694935,0.507968677161876
365,22,0.466157793859841,0.485434293415586
365,23,0.444800399637517,0.463193730863437
365,24,0.423804695550108,0.441329815012019
365,25,0.403239259162814,0.419913959237545
365,26,0.383162355186865,0.399006837606392
365,27,0.363622634378939,0.378659112675325
365,28,0.344659861228397,0.358912193269959
365,29,0.32630565137145,0.339799002392393
365,30,0.308584203804673,0.32134473971312
365,31,0.291513016408837,0.303567626683118
365,32,0.27510357614109,0.286479625266769
365,33,0.259362017598086,0.27008712373781
365,34,0.244289745571471,0.25439158497866
365,35,0.229884018775973,0.239390154346754
365,36,0.216138493185798,0.225076225478928
366,0,0.757059588184975,0.774183492258382
366,1,0.7569931859456,0.7741155880691
366,2,0.75656001781349,0.773672622122317
366,3,0.75547357034695,0.772561600338922
366,4,0.753522245999798,0.770566139055315
366,5,0.75055714436218,0.767533969888531
366,6,0.746481478565369,0.763366116751081
366,7,0.741241431096111,0.758007544833281
366,8,0.734818275073488,0.751439103671553
366,9,0.727221606538826,0.743670606359744
366,10,0.718483550732665,0.734734904778075
366,11,0.708653820894433,0.72468283662798
366,12,0.697795522011496,0.713578934266302
366,13,0.685981604336803,0.701497798005187
366,14,0.67329188254344,0.688521047842988
366,15,0.659810546229352,0.674734777659193
366,16,0.64562409625192,0.66022744487102
366,17,0.630819649172601,0.64508813652635
366,18,0.615483559027979,0.629405159900668
366,19,0.599700311806436,0.613264911967945
366,20,0.583551653481104,0.596750987710586
366,21,0.567115917303292,0.579943492196948
366,22,0.550467520362324,0.562918525753866
366,23,0.533676603226711,0.545747815456893
366,24,0.516808789851156,0.528498469606644
366,25,0.499925047911544,0.511232834904711
366,26,0.48308163235858,0.49400843873054
366,27,0.466330097298333,0.476878001290704
366,28,0.449717363348896,0.459889504499098
366,29,0.433285829417344,0.44308630628218
366,30,0.417073519417574,0.42650729061541
366,31,0.401114255832014,0.41018704501075
366,32,0.385437853230477,0.394156058412716
366,33,0.37007032591723,0.378440933542204
366,34,0.35503410480007,0.36306460867092
366,35,0.340348259378532,0.348046584630738
366,36,0.326028721446132,0.333403153575846
367,0,0.755160214172048,0.786545638020722
367,1,0.755102992063686,0.786486037688388
367,2,0.754728431926771,0.786095910353369
367,3,0.753785373875834,0.785113657604291
367,4,0.752084923107947,0.783342533928745
367,5,0.749490784029381,0.780640579113895
367,6,0.745910826594519,0.776911834071656
367,7,0.741289744289309,0.77209869367855
367,8,0.735602678115875,0.766175265764973
367,9,0.728849694352584,0.759141619363905
367,10,0.72105101592138,0.751018817887777
367,11,0.712242918024233,0.741844644182325
367,12,0.70247420843327,0.731669934533079
367,13,0.691803221543197,0.720555447786759
367,14,0.680295263118412,0.708569203898814
367,15,0.668020449679688,0.695784233522254
367,16,0.655051892756983,0.682276686795683
367,17,0.64146418385849,0.668124255345725
367,18,0.627332141037302,0.653404866759405
367,19,0.612729782435402,0.638195615467304
367,20,0.597729496203743,0.622571898164468
367,21,0.582401379785481,0.606606725633396
367,22,0.566812724750607,0.59037018616775
367,23,0.551027626223883,0.573929038767612
367,24,0.535106698489604,0.557346416924419
367,25,0.519106880618503,0.540681626169469
367,26,0.503081317972939,0.523990020654318
367,27,0.487079307232517,0.507322945891595
367,28,0.471146294166914,0.490727736435259
367,29,0.455323914787116,0.474247758742136
367,30,0.439650071749504,0.457922490751459
367,31,0.424159038986458,0.441787630864053
367,32,0.408881588507659,0.425875230013656
367,33,0.393845134172013,0.410213841414197
367,34,0.379073887983465,0.394828683351452
367,35,0.364589025126071,0.379741811077198
367,36,0.350408854534634,0.364972294468974
368,0,0.752477502315265,0.808756976356623
368,1,0.752402132814842,0.808675969802827
368,2,0.751912064992162,0.808149248712481
368,3,0.750687384312477,0.806832971427836
368,4,0.748495994361956,0.804477682525577
368,5,0.745178636278759,0.800912211817678
368,6,0.740636003260685,0.796029825124267
368,7,0.734817688117949,0.789776345189185
368,8,0.727712732331516,0.782139993881268
368,9,0.719341572195882,0.773142735971149
368,10,0.709749201729945,0.762832930680953
368,11,0.698999393452667,0.751279120218853
368,12,0.687169837130593,0.738564804942657
368,13,0.674348073470579,0.724784072924323
368,14,0.660628114685059,0.710037967759752
368,15,0.646107657106375,0.694431492708315
368,16,0.630885802756736,0.678071161853935
368,17,0.615061217157502,0.661063020132814
368,18,0.598730659834243,0.643511063931679
368,19,0.581987832075305,0.625516002667634
368,20,0.564922493650164,0.607174309443911
368,21,0.547619806495746,0.58857751564902
368,22,0.530159868928842,0.569811710331869
368,23,0.512617408825351,0.550957210433196
368,24,0.495061608497746,0.532088372565237
368,25,0.477556037768189,0.513273521079216
368,26,0.460158675036023,0.494574970708535
368,27,0.442921999028526,0.476049125181765
368,28,0.42589313645019,0.457746635914947
368,29,0.409114052950922,0.439712607262729
368,30,0.392621776755032,0.421986836873067
368,31,0.376448645964146,0.404604081486479
368,32,0.360622571998099,0.387594340080265
368,33,0.345167312894707,0.370983147608984
368,34,0.330102751275694,0.354791873760073
368,35,0.315445172722576,0.339038022150085
368,36,0.301207541111527,0.323735526252464
369,0,0.771494681885839,0.792663253954767
369,1,0.771398142405519,0.792564065586522
369,2,0.770774056094096,0.791922855351409
369,3,0.769224588432915,0.790330872792038
369,4,0.766470474112839,0.787501190008771
369,5,0.762329207463503,0.783246293669456
369,6,0.756696516920888,0.77745905116622
369,7,0.749530681547111,0.770096596805812
369,8,0.740839302947196,0.761166740769059
369,9,0.730668194674335,0.750716553659298
369,10,0.719092094132308,0.738822823554353
369,11,0.706206939741933,0.72558412127086
369,12,0.692123489333329,0.711114243655493
369,13,0.676962084886475,0.695536834678427
369,14,0.660848394338563,0.678981010402741
369,15,0.643909983624683,0.661577836967421
369,16,0.626273591788025,0.643457530930969
369,17,0.608062999214706,0.624747269014027
369,18,0.589397394106898,0.605569509751159
369,19,0.570390155463439,0.586040743078405
369,20,0.551147982317191,0.566270595678319
369,21,0.531770308984753,0.54636123018507
369,22,0.51234895479492,0.52640698530202
369,23,0.492967964335159,0.506494211664814
369,24,0.473703600829608,0.486701265037689
369,25,0.45462446096069,0.467098624285601
369,26,0.435791684377853,0.447749106631552
369,27,0.417259235397045,0.428708157085445
369,28,0.399074238067572,0.410024192704636
369,29,0.381277348943417,0.391738985593497
369,30,0.363903154609267,0.373888071336919
369,31,0.346980583335028,0.356501171949964
369,32,0.330533322217073,0.339602624464797
369,33,0.314580232854252,0.323211808012175
369,34,0.299135760040896,0.307343563728331
369,35,0.284210329171718,0.292008603064026
369,36,0.269810729074724,0.277213901121779
370,0,0.755854413202275,0.773671808549329
370,1,0.755842317727721,0.773659427953925
370,2,0.755760942163054,0.77357613416191
370,3,0.755549658434689,0.773359869943052
370,4,0.755156498838668,0.772957442583512
370,5,0.754537359078787,0.772323708137559
370,6,0.753655261918688,0.77142081772209
370,7,0.752479677312348,0.770217521620878
370,8,0.750985895140309,0.768688527234613
370,9,0.749154446926017,0.766813907165633
370,10,0.746970573138686,0.764578553963778
370,11,0.744423732907034,0.761971678282839
370,12,0.741507153172913,0.758986347406597
370,13,0.738217414505994,0.755619061300128
370,14,0.7345540709811,0.751869363526671
370,15,0.730519301689059,0.747739484543723
370,16,0.726117591610879,0.743234015054608
370,17,0.721355439734133,0.738359607244433
370,18,0.71624109243031,0.733124701872466
370,19,0.710784300243073,0.72753927932728
370,20,0.7049960963604,0.72161463287693
370,21,0.698888595158932,0.715363162464476
370,22,0.692474809316976,0.70879818750988
370,23,0.685768484093956,0.701933777283006
370,24,0.678783947469062,0.694784597509658
370,25,0.671535974920822,0.687365771963671
370,26,0.66403966771263,0.67969275788331
370,27,0.656310343627291,0.671781234130167
370,28,0.64836343916672,0.663647001083448
370,29,0.640214422301261,0.655305891332579
370,30,0.631878714917118,0.646773690296528
370,31,0.623371624170224,0.63806606595951
370,32,0.614708282010864,0.629198506970052
370,33,0.605903592195718,0.620186268403976
370,34,0.596972184152928,0.611044324541954
370,35,0.587928373111529,0.60178732805908
370,36,0.5787861259493,0.59242957506768
371,0,0.759108116330161,0.783578472106144
371,1,0.759043976869377,0.783512265067117
371,2,0.75862519740011,0.783079985962707
371,3,0.75757379009875,0.781994685846639
371,4,0.755683469011872,0.780043429000373
371,5,0.7528081022503,0.777075372875944
371,6,0.748851690502764,0.772991423560339
371,7,0.743759691382962,0.767735280457102
371,8,0.737511528984832,0.761285704382133
371,9,0.730114145803908,0.753649861626933
371,10,0.721596470097068,0.744857612970013
371,11,0.712004685987816,0.734956631310859
371,12,0.701398206349763,0.72400824473664
371,13,0.689846259870908,0.712083913568224
371,14,0.677425013854001,0.699262260412102
371,15,0.664215163368574,0.685626581597123
371,16,0.650299925450452,0.671262776715694
371,17,0.635763384245961,0.656257640422607
371,18,0.62068913941175,0.640697467265127
371,19,0.605159215789066,0.624666926209899
371,20,0.589253197447341,0.608248166771843
371,21,0.573047553702305,0.591520123306017
371,22,0.55661512871825,0.574557988156873
371,23,0.540024769856092,0.557432828025864
371,24,0.523341073076665,0.540211321167651
371,25,0.50662422649552,0.522955595901779
371,26,0.489929935650124,0.505723153470823
371,27,0.473309416217674,0.488566860523449
371,28,0.456809441842906,0.471534998483986
371,29,0.440472436428368,0.454671358817742
371,30,0.424336601729668,0.438015374739361
371,31,0.408436072407682,0.421602281263251
371,32,0.392801091838778,0.405463296681162
371,33,0.377458202990675,0.389625819591058
371,34,0.362430449551811,0.374113636510023
371,35,0.34773758327033,0.358947135896961
371,36,0.33339627412793,0.34414352510153
372,0,0.758059029963836,0.785560058657084
372,1,0.757963273561467,0.785460828383334
372,2,0.757344407835764,0.784819511313597
372,3,0.755808342770613,0.78322772054931
372,4,0.753078853711076,0.780399210498034
372,5,0.748975831899522,0.776147338377851
372,6,0.743396820260338,0.770365930153303
372,7,0.736301390909906,0.763013091289305
372,8,0.727697976563774,0.754097560425276
372,9,0.717632817060205,0.743667254898286
372,10,0.706180725382807,0.731799701773469
372,11,0.693437415523632,0.718594087375687
372,12,0.679513167884919,0.704164692883355
372,13,0.664527637207658,0.688635513897916
372,14,0.648605633713231,0.672135888532834
372,15,0.631873730671777,0.654796981910594
372,16,0.614457571341018,0.63674899540207
372,17,0.596479765483054,0.618118986832708
372,18,0.578058280757263,0.599029203518033
372,19,0.55930524746451,0.579595843646103
372,20,0.540326106611132,0.559928173434784
372,21,0.52121904127387,0.540127937867614
372,22,0.502074639958733,0.520289011839926
372,23,0.482975748216532,0.500497246391258
372,24,0.463997471345723,0.480830471506254
372,25,0.445207296703075,0.461358622862542
372,26,0.426665309063737,0.442143965003678
372,27,0.408424476720772,0.423241387817865
372,28,0.390530989675061,0.404698756996781
372,29,0.373024634414253,0.386557302410839
372,30,0.35593919247997,0.368852031135701
372,31,0.339302852333474,0.351612154259696
372,32,0.323138626002263,0.334861518645609
372,33,0.307464763668146,0.318619036559274
372,34,0.292295160780334,0.302899107552001
372,35,0.277639753479204,0.287712028229605
372,36,0.263504899127648,0.273064386588758
373,0,0.763290990551542,0.77736971422736
373,1,0.763218085553641,0.777295464513835
373,2,0.762743481781927,0.776812106786631
373,3,0.761555871853425,0.775602591670952
373,4,0.759427926266281,0.77343539662549
373,5,0.756202196285952,0.770150168810642
373,6,0.751778957502202,0.765645344422765
373,7,0.746105755108415,0.759867501138613
373,8,0.739168439329895,0.752802228194206
373,9,0.730983503821305,0.744466323465809
373,10,0.721591561578027,0.734901149045996
373,11,0.711051812242862,0.724166996501126
373,12,0.699437371890543,0.712338330514817
373,13,0.686831351664166,0.699499795195748
373,14,0.673323585223187,0.6857428811642
373,15,0.659007917024158,0.671163163815758
373,16,0.64397997415628,0.655858034058907
373,17,0.6283353539407,0.639924852485004
373,18,0.612168167906242,0.623459466488
373,19,0.595569890192837,0.606555037426925
373,20,0.578628465012158,0.589301131623855
373,21,0.561427633607477,0.571783034909693
373,22,0.544046446285455,0.554081255655507
373,23,0.526558929617171,0.536271185835153
373,24,0.509033882891291,0.518422893724074
373,25,0.491534781409323,0.50060102541086
373,26,0.474119767295013,0.482864795437119
373,27,0.456841711195232,0.465268049636431
373,28,0.439748330620971,0.447859385658108
373,29,0.422882352752544,0.430682318775306
373,30,0.406281711346814,0.413775482424155
373,31,0.389979768966626,0.397172854532162
373,32,0.374005557130567,0.380904002097482
373,33,0.358384028178826,0.364994337700376
373,34,0.343136313689567,0.349465382686023
373,35,0.328279985178983,0.33433503267312
373,36,0.313829313593796,0.31961782183266
374,0,0.776372087552452,0.808743498455149
374,1,0.776219781635452,0.808584842029802
374,2,0.775248092372429,0.807572637461158
374,3,0.772871068285007,0.805096501588688
374,4,0.768709613013792,0.800761531348687
374,5,0.762547157578552,0.79434212775642
374,6,0.754293081892025,0.785743892252771
374,7,0.743952676275579,0.774972335742988
374,8,0.731602609136664,0.76210732338072
374,9,0.71737101820157,0.74728233568994
374,10,0.701421472961612,0.730667762313407
374,11,0.683940168081791,0.712457561440989
374,12,0.665125803871992,0.692858718339595
374,13,0.645181692649753,0.672083022584868
374,14,0.624309700772431,0.650340757501887
374,15,0.602705696886387,0.62783595862572
374,16,0.580556228922387,0.60476295214168
374,17,0.558036196767483,0.58130393051753
374,18,0.535307325411828,0.557627361987021
374,19,0.512517275612787,0.533887064132485
374,20,0.489799256525476,0.51022180036371
374,21,0.467272028000051,0.486755282311025
374,22,0.445040199931479,0.463596481656673
374,23,0.423194752676873,0.440840172251341
374,24,0.401813716569234,0.418567637960726
374,25,0.380962960334585,0.396847493956314
374,26,0.360697048089817,0.37573657944638
374,27,0.341060132843321,0.355280888431799
374,28,0.322086861282607,0.335516512219452
374,29,0.303803270321426,0.316470573351552
374,30,0.286227660572748,0.298162135498718
374,31,0.269371435766963,0.280603077878353
374,32,0.253239900278743,0.263798926034969
374,33,0.23783300947351,0.247749633472916
374,34,0.223146069631871,0.232450310764686
374,35,0.209170385839462,0.217891900455
374,36,0.195893857510396,0.204061797415056
375,0,0.757082553039144,0.783277904137387
375,1,0.757024702008721,0.783218051438788
375,2,0.756646097558912,0.782826347127609
375,3,0.755693061374478,0.781840335520138
375,4,0.753974996431317,0.78006282486103
375,5,0.751354566646123,0.777351727185029
375,6,0.747739131922413,0.773611197012242
375,7,0.743073294983582,0.768783920298727
375,8,0.73733243167308,0.76284442088253
375,9,0.730517090143379,0.755793265882411
375,10,0.722648156700164,0.747652064278365
375,11,0.713762697152741,0.738459164371129
375,12,0.703910392469636,0.728265966110084
375,13,0.693150496461749,0.717133773511059
375,14,0.681549251215278,0.705131120662223
375,15,0.669177703164648,0.692331512232292
375,16,0.656109869114454,0.678811526036122
375,17,0.642421207263869,0.664649231155953
375,18,0.628187353424526,0.649922880431949
375,19,0.613483087214732,0.634709840886327
375,20,0.598381497114003,0.619085729888448
375,21,0.582953316922145,0.603123728655132
375,22,0.567266409431344,0.586894048057597
375,23,0.55138537602844,0.570463524715819
375,24,0.535371273534272,0.55389532804041
375,25,0.519281421890692,0.537248761265527
375,26,0.503169288353093,0.520579141634418
375,27,0.487084435663957,0.503937746779749
375,28,0.471072523294941,0.487371816008675
375,29,0.455175352273135,0.470924596680098
375,30,0.43943094537079,0.454635427168993
375,31,0.423873655554539,0.438539849068013
375,32,0.408534296575733,0.422669742296303
375,33,0.39344029045206,0.407053477684039
375,34,0.378615827354892,0.391716082391941
375,35,0.364082034088162,0.376679414219584
375,36,0.349857147933293,0.361962341465429
376,0,0.774042066890264,0.799117718840147
376,1,0.773894945805912,0.798965831661982
376,2,0.772955398504564,0.797995847047048
376,3,0.7706544273244,0.795620334243207
376,4,0.766621494406799,0.791456751550218
376,5,0.760642448579364,0.785284010213748
376,6,0.75262473051743,0.77700655238294
376,7,0.742568732177518,0.766624782712029
376,8,0.730544347863298,0.754210859781146
376,9,0.716671893637933,0.739888997379241
376,10,0.701106692028077,0.72381954981843
376,11,0.684026722597119,0.706186262438635
376,12,0.66562282819835,0.68718616058525
376,13,0.646091043469855,0.667021629580085
376,14,0.625626678072129,0.645894306281181
376,15,0.604419843750648,0.624000461241354
376,16,0.582652162794047,0.601527600534488
376,17,0.560494436954176,0.578652059158579
376,18,0.538105091353279,0.555537394532155
376,19,0.515629238156117,0.532333419833389
376,20,0.493198230551783,0.509175743532828
376,21,0.470929599496141,0.486185704086561
376,22,0.448927284253069,0.463470607946007
376,23,0.427282083510008,0.441124195287683
376,24,0.40607226713672,0.419227271590326
376,25,0.385364299856505,0.397848454749965
376,26,0.365213637509619,0.377044997138863
376,27,0.345665564470887,0.356863650151883
376,28,0.326756047363036,0.337341545576477
376,29,0.308512585678381,0.318507073770882
376,30,0.290955044451265,0.300380743311579
376,31,0.274096457855689,0.282976010624052
376,32,0.257943795660117,0.26630007126745
376,33,0.242498686960152,0.250354607113105
376,34,0.22775809761997,0.23513648573217
376,35,0.213714959462435,0.220638409968805
376,36,0.200358750521542,0.206849516990316
377,0,0.761999859583914,0.789841835570817
377,1,0.761914571770478,0.789753431508442
377,2,0.761361585685619,0.789180240399787
377,3,0.759984068677947,0.787752391630282
377,4,0.757527231705485,0.785205786667537
377,5,0.75382025542486,0.781363364765379
377,6,0.748760838890699,0.776119087103122
377,7,0.742302030630176,0.769424286693478
377,8,0.734441042919942,0.761276073955169
377,9,0.725209786443982,0.751707525525805
377,10,0.714666894671763,0.740779417226493
377,11,0.702891035731149,0.728573291563745
377,12,0.689975334674602,0.71518567619626
377,13,0.676022751220099,0.700723292787584
377,14,0.661142277619802,0.685299115952381
377,15,0.645445838563941,0.669029159888903
377,16,0.629045790226555,0.65202988604478
377,17,0.61205292893713,0.634416139029434
377,18,0.594574931725584,0.616299530179654
377,19,0.576715161322424,0.5977871988968
377,20,0.558571777265775,0.578980891275438
377,21,0.540237102718736,0.559976303785443
377,22,0.521797203564153,0.540862646987724
377,23,0.503331642435015,0.521722390577378
377,24,0.484913375659847,0.502631156563667
377,25,0.466608765744814,0.483657732208193
377,26,0.448477686058484,0.464864178534638
377,27,0.430573697903042,0.446306013869812
377,28,0.412944283210552,0.428032455042179
377,29,0.395631118750981,0.410086701608899
377,30,0.378670380029682,0.392506250857132
377,31,0.362093065030097,0.375323233375662
377,32,0.345925329661245,0.358564760758974
377,33,0.33018882823363,0.342253278523482
377,34,0.314901053541703,0.326406918615938
377,35,0.300075672202799,0.311039847004991
377,36,0.285722851814973,0.29616260279273
378,0,0.769374271327351,0.808020915150411
378,1,0.76927293880883,0.807914492571179
378,2,0.768618784077313,0.807227478819213
378,3,0.766997213320643,0.805524454510218
378,4,0.764119573979944,0.802502267701797
378,5,0.759799583520503,0.797965278651648
378,6,0.753933368354988,0.791804396070624
378,7,0.746482618780109,0.783979385910531
378,8,0.737460428695376,0.774503999794032
378,9,0.726919444167838,0.763433528266783
378,10,0.714941993476851,0.750854435061855
378,11,0.701631913904621,0.736875773339617
378,12,0.687107827929073,0.721622124135259
378,13,0.671497654243267,0.705227831659764
378,14,0.654934167717708,0.6878323402335
378,15,0.637551447522942,0.669576463993518
378,16,0.619482074568899,0.650599443556727
378,17,0.600854958573827,0.631036663939748
378,18,0.581793691785012,0.611017925584938
378,19,0.562415340932243,0.590666175632153
378,20,0.542829601665239,0.570096619882494
378,21,0.523138250739144,0.549416147466383
378,22,0.503434840772043,0.528723010268366
378,23,0.483804590685097,0.508106707863919
378,24,0.464324432108207,0.487648036256123
378,25,0.445063178231753,0.467419265209041
378,26,0.42608178693116,0.447484414589364
378,27,0.407433694594016,0.427899604962091
378,28,0.389165201034512,0.408713461839702
378,29,0.371315889270697,0.389967556545365
378,30,0.353919066840037,0.371696869696323
378,31,0.337002217802309,0.353930265911479
378,32,0.320587456682689,0.336690970556609
378,33,0.304691977391235,0.319997041213642
378,34,0.289328491661403,0.303861828142503
378,35,0.274505652817402,0.288294419334832
378,36,0.260228461741309,0.273300066873345
379,0,0.76236303771634,0.793300397985409
379,1,0.762265198400578,0.793198588264458
379,2,0.761633144283101,0.792540884836909
379,3,0.760065105770702,0.790909213947317
379,4,0.757280186299434,0.788011280002969
379,5,0.75309593765782,0.783657230884054
379,6,0.747409340426065,0.777739866552427
379,7,0.740180727418531,0.770217910093288
379,8,0.73142024634899,0.761101921023529
379,9,0.721176509271403,0.750442484116867
379,10,0.709527121492016,0.738320353970898
379,11,0.696570822319418,0.724838276821895
379,12,0.682421004855082,0.710114247362777
379,13,0.667200412592963,0.694275990126064
379,14,0.651036837394252,0.677456482878684
379,15,0.634059666876561,0.659790363901178
379,16,0.616397149799318,0.641411086400038
379,17,0.59817426598757,0.622448701991154
379,18,0.579511103023351,0.603028171515894
379,19,0.560521655620272,0.583268115693263
379,20,0.541312975524629,0.56327993052325
379,21,0.521984610168477,0.543167203159954
379,22,0.5026282773255,0.523025373364705
379,23,0.483327730855602,0.50294159380245
379,24,0.464158779415966,0.482994749512126
379,25,0.445189425894603,0.463255602998543
379,26,0.426480100401318,0.443787036678328
379,27,0.408083964031361,0.42464436897057
379,28,0.39004726438741,0.4058757242462
379,29,0.372409727083939,0.387522440219945
379,30,0.355204970233026,0.369619499256338
379,31,0.338460931282534,0.352195972529363
379,32,0.322200297599165,0.335275468078948
379,33,0.306440933906572,0.318876575594889
379,34,0.291196301143138,0.303013302272247
379,35,0.276475862530766,0.287695495358765
379,36,0.262285473676242,0.272929248086885
380,0,0.771062035431989,0.808838597387448
380,1,0.770967619964406,0.8087395562327
380,2,0.770356907044912,0.80809892271878
380,3,0.76883964595271,0.806507326611989
380,4,0.766140961923348,0.803676426237186
380,5,0.762080289335675,0.799416809540556
380,6,0.75655345434076,0.793619198894645
380,7,0.749517486077914,0.786238518171861
380,8,0.740977787934997,0.777280435487685
380,9,0.730977346441355,0.766790043406014
380,10,0.719587696035328,0.754842381044473
380,11,0.706901393750005,0.741534540073227
380,12,0.693025789367002,0.726979129650558
380,13,0.678077904292919,0.711298904400645
380,14,0.662180256756042,0.694622385074566
380,15,0.64545749229206,0.677080323953751
380,16,0.628033697233227,0.6588028867192
380,17,0.610030289343069,0.639917439742276
380,18,0.591564394120958,0.620546846839738
380,19,0.572747627879394,0.600808192730453
380,20,0.553685219685927,0.58081186195871
380,21,0.534475413851081,0.560660912108304
380,22,0.515209103001427,0.540450688898787
380,23,0.49596964905173,0.520268638386529
380,24,0.476832855713565,0.500194278126445
380,25,0.457867061665909,0.480299294907293
380,26,0.439133328269014,0.460647741662182
380,27,0.420685699816716,0.441296310471406
380,28,0.402571517874533,0.42229466230087
380,29,0.384831774311781,0.403685797330271
380,30,0.367501490267811,0.385506452485991
380,31,0.350610110550056,0.367787515161845
380,32,0.334181904893016,0.350554444136907
380,33,0.318236369155018,0.333827690428059
380,34,0.302788620930741,0.317623112284721
380,35,0.287849785244747,0.301952379778625
380,36,0.273427366993322,0.286823365492657
381,0,0.769108973807928,0.790097425333233
381,1,0.769037399217203,0.79002389752147
381,2,0.768571158488039,0.789544933405535
381,3,0.767403639018539,0.788345553137857
381,4,0.765310154983943,0.786194939373047
381,5,0.762134314952389,0.782932432865319
381,6,0.75777625006034,0.778455439398977
381,7,0.752182475618731,0.772709014724813
381,8,0.745337184820551,0.765676920678996
381,9,0.737254796234057,0.757373969302529
381,10,0.727973597282823,0.747839492856274
381,11,0.717550344195116,0.73713179640668
381,12,0.706055695184552,0.725323466381104
381,13,0.693570368112237,0.71249742337521
381,14,0.68018192676635,0.698743620732346
381,15,0.665982111348208,0.68415630218042
381,16,0.651064638926365,0.668831742261917
381,17,0.635523408648973,0.652866402567747
381,18,0.619451054511968,0.636355445011474
381,19,0.602937795576487,0.619391550669964
381,20,0.586070539811851,0.602063999170866
381,21,0.5689322032986,0.584457969317161
381,22,0.551601211438524,0.566654026685572
381,23,0.534151153156208,0.548727768391495
381,24,0.516650562902484,0.530749599143489
381,25,0.499162808641156,0.512784616173227
381,26,0.48174606696697,0.494892583674455
381,27,0.464453369110347,0.477127980063166
381,28,0.447332703873326,0.459540103722588
381,29,0.43042716554756,0.442173224957764
381,30,0.413775136621249,0.425066773688431
381,31,0.397410496616442,0.40825555398534
381,32,0.3813628497366,0.391769977930176
381,33,0.365657765169749,0.375636312476405
381,34,0.350317024905036,0.359876934028583
381,35,0.335358874798349,0.344510586359374
381,36,0.320798275381705,0.329552638263357
382,0,0.760909551685212,0.806522385966863
382,1,0.760811215710516,0.806418155227792
382,2,0.760176074328027,0.805744940202305
382,3,0.758600714177306,0.804075144857112
382,4,0.755803404792522,0.801110150352435
382,5,0.751601470258539,0.796656330238705
382,6,0.745892104870305,0.790604716107857
382,7,0.738636164331168,0.782913817152656
382,8,0.729844523295079,0.773595159909773
382,9,0.719566642199386,0.7627011697297
382,10,0.707881032174433,0.750315064103966
382,11,0.694887347086341,0.736542470664259
382,12,0.680699867119912,0.721504520137762
382,13,0.665442169316283,0.705332197409403
382,14,0.649242807655431,0.688161762646277
382,15,0.632231849070003,0.670131079662317
382,16,0.614538132595038,0.651376710767347
382,17,0.596287137053219,0.632031656630417
382,18,0.577599358561527,0.612223636525847
382,19,0.558589113000483,0.592073819016325
382,20,0.539363690657506,0.57169592592123
382,21,0.520022800758223,0.551195643550289
382,22,0.500658252725892,0.530670284856059
382,23,0.481353828928681,0.510208654553009
382,24,0.462185310536723,0.489891076524593
382,25,0.443220624047591,0.469789549132206
382,26,0.424520081165939,0.449967999474455
382,27,0.406136689143017,0.430482612330011
382,28,0.388116512484367,0.411382213547935
382,29,0.370499070198587,0.39270869110957
382,30,0.353317755555944,0.374497440049647
382,31,0.336600267714109,0.356777819955896
382,32,0.320369046602834,0.339573615922935
382,33,0.304641704187025,0.322903495667481
382,34,0.289431446689591,0.306781457061405
382,35,0.274747483587636,0.291217261645263
382,36,0.260595420229531,0.276216850780852
383,0,0.758098628974163,0.786426700338731
383,1,0.758006181151833,0.786330797994247
383,2,0.757408129684658,0.785710398980204
383,3,0.755922140842864,0.784168882801532
383,4,0.753278744139624,0.781426709596671
383,5,0.749300752967281,0.777300071779273
383,6,0.743885757613359,0.771682732866133
383,7,0.736991280653925,0.764530628168218
383,8,0.728622235616327,0.755848854817948
383,9,0.718820374692524,0.745680725172447
383,10,0.707655450850531,0.73409859867728
383,11,0.695217854542123,0.721196243428066
383,12,0.681612515879721,0.707082510488406
383,13,0.666953890134404,0.691876132009672
383,14,0.651361868116662,0.675701478793884
383,15,0.634958473820749,0.658685134538063
383,16,0.61786522997872,0.640953162946238
383,17,0.600201088180052,0.622628960503291
383,18,0.582080834231962,0.60383160224797
383,19,0.563613891699264,0.584674600604282
383,20,0.544903457278807,0.565265008447263
383,21,0.526045911017022,0.54570280728195
383,22,0.507130452532925,0.526080529873044
383,23,0.488238921507946,0.506483074026929
383,24,0.469445766875932,0.486987670630396
383,25,0.450818134504765,0.467663974608675
383,26,0.432416047805185,0.448574252283123
383,27,0.414292659720836,0.429773642777446
383,28,0.396494558024197,0.4113104747217
383,29,0.379062108834539,0.393226622606578
383,30,0.362029825847029,0.375557889809595
383,31,0.345426754969776,0.358334407604969
383,32,0.329276865955037,0.341581041429009
383,33,0.313599444223161,0.32531779734545
383,34,0.298409477449463,0.309560223078024
383,35,0.283718032646927,0.294319799183707
383,36,0.269532620459334,0.279604316958486
384,0,0.768320970535395,0.774778336250249
384,1,0.768239621668509,0.774696303685529
384,2,0.767711417834939,0.774163660554508
384,3,0.766393515588747,0.772834681978102
384,4,0.764039125724461,0.770460504607068
384,5,0.760480817097378,0.766872290119008
384,6,0.755616198877321,0.761966787138395
384,7,0.749395678273662,0.755693986071212
384,8,0.741812026672726,0.748046597550786
384,9,0.732891518987033,0.739051117317555
384,10,0.722686439268338,0.728760268845409
384,11,0.711268770675558,0.71724664027686
384,12,0.698724910065765,0.70459735459273
384,13,0.685151267105207,0.690909631735827
384,14,0.670650625158545,0.676287118915219
384,15,0.655329156558663,0.660836880790839
384,16,0.639293998410485,0.644666954903098
384,17,0.622651307039977,0.627884389770476
384,18,0.605504719742299,0.610593693709418
384,19,0.587954161770064,0.592895631795898
384,20,0.570094944675548,0.574886316629635
384,21,0.552017109306147,0.556656545807747
384,22,0.53380497306287,0.538291345378171
384,23,0.515536846567609,0.519869684125654
384,24,0.497284889735626,0.501464328434607
384,25,0.479115081494598,0.483141811753642
384,26,0.461087281101271,0.464962496427574
384,27,0.443255362244206,0.446980708927229
384,28,0.425667403941895,0.429244932351968
384,29,0.408365924699288,0.411798042554187
384,30,0.391388148516492,0.394677576383689
384,31,0.374766293189891,0.377916022411835
384,32,0.358527872942906,0.361541126105771
384,33,0.34269600880152,0.345576202812508
384,34,0.32728974131563,0.330040453108545
384,35,0.312324341245234,0.314949276097222
384,36,0.297811614701469,0.300314577114324
385,0,0.771185560324081,0.78504899799693
385,1,0.771081443206709,0.784943009188436
385,2,0.770409773287065,0.784259264802481
385,3,0.768746065810501,0.782565649212884
385,4,0.765795977807435,0.779562528109532
385,5,0.761370745330346,0.775057744175841
385,6,0.755366413749996,0.768945474012466
385,7,0.747746337687441,0.761188413474331
385,8,0.738526494337239,0.7518028269746
385,9,0.727763212920887,0.740846056353123
385,10,0.715542974760758,0.728406137588486
385,11,0.701973983836572,0.71459321982018
385,12,0.687179247434144,0.699532521609655
385,13,0.671290941288338,0.683358594786659
385,14,0.654445864050494,0.66621069720259
385,15,0.636781812498219,0.648229102778218
385,16,0.618434732115121,0.629552200859998
385,17,0.599536517908376,0.610314257503406
385,18,0.580213357964255,0.590643729250916
385,19,0.560584527584441,0.57066203559077
385,20,0.540761555180668,0.550482709857073
385,21,0.520847692679738,0.530210860114407
385,22,0.500937633224252,0.509942881783718
385,23,0.481117427638879,0.489766372606924
385,24,0.461464558637435,0.469760208187993
385,25,0.44204813822167,0.449994742940332
385,26,0.422929199299739,0.430532106947615
385,27,0.404161057346225,0.411426574125297
385,28,0.385789722037539,0.392724981255885
385,29,0.367854342315545,0.374467181053391
385,30,0.350387671336233,0.356686515470275
385,31,0.333416540317468,0.339410298063458
385,32,0.31696233247021,0.322660296445307
385,33,0.301041450033293,0.30645320771419
385,34,0.28566576897867,0.290801121333864
385,35,0.270843077251866,0.275711965252085
385,36,0.25657749349606,0.261189932151996
386,0,0.766955271949433,0.799988451287573
386,1,0.76683738255305,0.799865484330978
386,2,0.766079669369639,0.799075136029993
386,3,0.764210598413366,0.797125563174388
386,4,0.760910400412373,0.793683223856418
386,5,0.75598113765819,0.788541655083202
386,6,0.749321596633187,0.781595284016038
386,7,0.74090631143016,0.772817547917294
386,8,0.730768116051285,0.762242694967418
386,9,0.718983704900647,0.749950722840058
386,10,0.705661751617241,0.736054985806751
386,11,0.690933198113064,0.720692065518631
386,12,0.674943379409941,0.7040135566557
386,13,0.657845696600548,0.686179467378855
386,14,0.639796590865934,0.667352976875624
386,15,0.620951606730756,0.647696329057661
386,16,0.601462363302613,0.627367673349724
386,17,0.581474278715648,0.606518691123828
386,18,0.561124915901033,0.585292870221164
386,19,0.540542837594508,0.563824310644195
386,20,0.519846875564184,0.542236962309706
386,21,0.499145733751267,0.52064421109658
386,22,0.478537857669691,0.499148742620404
386,23,0.458111513277027,0.477842624501391
386,24,0.437945027844059,0.456807557608341
386,25,0.418107153319943,0.436115255074132
386,26,0.398657519493869,0.415827914975298
386,27,0.37964715004974,0.395998758613471
386,28,0.361119019534586,0.376672611472716
386,29,0.343108633433666,0.357886508278792
386,30,0.325644617069655,0.339670307262539
386,31,0.308749302010279,0.322047301824411
386,32,0.29243930115715,0.305034820392699
386,33,0.276726065766537,0.288644807435487
386,34,0.261616419379764,0.272884380387722
386,35,0.247113065068136,0.257756358743457
386,36,0.233215063569287,0.243259762785785
387,0,0.773399988200589,0.790908413109743
387,1,0.773294017852098,0.790800043777651
387,2,0.772610674275857,0.790101230496375
387,3,0.770918834387267,0.788371090307682
387,4,0.767920283212457,0.785304657171556
387,5,0.763424502980929,0.780707100327935
387,6,0.757327374507591,0.774471943515231
387,7,0.749593248354939,0.766562730254941
387,8,0.740239913232782,0.756997651962194
387,9,0.729326050482792,0.745836718421743
387,10,0.716940817320932,0.733171105213199
387,11,0.70319524866887,0.719114360894923
387,12,0.688215208689117,0.703795198974229
387,13,0.672135659249692,0.687351636620105
387,14,0.655096044103105,0.669926274348064
387,15,0.637236615119947,0.651662539086082
387,16,0.618695550953964,0.632701737611283
387,17,0.599606739461165,0.613180788766886
387,18,0.580098113427986,0.593230521514165
387,19,0.560290445016213,0.572974442085707
387,20,0.540296518098981,0.552527887584546
387,21,0.520220609601961,0.531997495583821
387,22,0.500158221304777,0.511480929856641
387,23,0.480196012500857,0.49106681151148
387,24,0.460411891635906,0.470834812705175
387,25,0.440875231701481,0.450855876912649
387,26,0.421647179887375,0.431192535589268
387,27,0.402781036914471,0.411899296091143
387,28,0.384322685683862,0.393023080028108
387,29,0.36631105248044,0.374603694908156
387,30,0.348778587040891,0.356674325073334
387,31,0.331751750407754,0.339262030597968
387,32,0.315251501704983,0.322388245083971
387,33,0.299293776840324,0.306069265200206
387,34,0.283889953713109,0.290316726421774
387,35,0.269047299824044,0.275138060772903
387,36,0.254769399282073,0.260536933500503
388,0,0.762955997205053,0.776601379562734
388,1,0.762870841192605,0.776514700544564
388,2,0.762318669384284,0.77595265320544
388,3,0.760943068147609,0.774552449495077
388,4,0.758489442232375,0.772054940755802
388,5,0.754786997843728,0.768286278564915
388,6,0.749733337627555,0.763142234203119
388,7,0.743281329033457,0.756574832159642
388,8,0.735427948340135,0.748580994634271
388,9,0.726204838768721,0.739192930783593
388,10,0.715670353087889,0.728470037009001
388,11,0.703902879391839,0.716492103366958
388,12,0.690995273719781,0.703353646616512
388,13,0.677050245250774,0.689159212878859
388,14,0.662176559277948,0.674019512702185
388,15,0.646485940333345,0.658048268799246
388,16,0.630090572958986,0.641359672120002
388,17,0.613101110932994,0.624066355472977
388,18,0.595625117468251,0.606277805827039
388,19,0.577765869188654,0.588099146896908
388,20,0.559621465718173,0.569630232807317
388,21,0.541284194635936,0.550965001690385
388,22,0.522840108485652,0.532191045129907
388,23,0.504368776594752,0.5133893555418
388,24,0.485943179759606,0.494634218975784
388,25,0.4676297204786,0.475993225531475
388,26,0.449488325445048,0.45752737368437
388,27,0.431572620518069,0.439291248386057
388,28,0.413930161434821,0.421333255902714
388,29,0.396602706167709,0.403695901043396
388,30,0.379626517114868,0.386416094755156
388,31,0.36303268328512,0.36952548207025
388,32,0.346847454338418,0.353050782120851
388,33,0.33109257980365,0.337014133423731
388,34,0.315785648047782,0.321433438911823
388,35,0.300940420640269,0.306322706278708
388,36,0.286567158667875,0.291692380129535
389,0,0.764823185901479,0.786951642554301
389,1,0.76476912528283,0.786896017811971
389,2,0.764414705165995,0.786531343337872
389,3,0.763520787389241,0.785611562039798
389,4,0.76190604228132,0.783950097876042
389,5,0.759438182813078,0.781410836386686
389,6,0.75602629071891,0.777900228788462
389,7,0.751614112844393,0.773360394367124
389,8,0.746174218609859,0.767763108900233
389,9,0.739702920866577,0.761104578559614
389,10,0.732215872680908,0.753400909298266
389,11,0.72374426182004,0.744684191232007
389,12,0.71433153302812,0.734999126081964
389,13,0.704030575662444,0.724400133441272
389,14,0.692901320986087,0.712948878550716
389,15,0.68100869945881,0.7007121704884
389,16,0.668420913798261,0.68776018526581
389,17,0.655207988458203,0.674164973338427
389,18,0.641440560544021,0.65999921553907
389,19,0.627188881107102,0.645335195476941
389,20,0.61252199927334,0.630243960060712
389,21,0.597507104807263,0.61479464304121
389,22,0.582209007528474,0.599053929365919
389,23,0.566689734514222,0.58308564072752
389,24,0.551008228270808,0.56695042500255
389,25,0.53522013106403,0.550705534341924
389,26,0.519377642389407,0.534404678517388
389,27,0.5035294381585,0.518097941769667
389,28,0.487720641598025,0.501831752865614
389,29,0.47199283712172,0.485648899371428
389,30,0.456384119557118,0.469588578303687
389,31,0.440929172105191,0.453686476344593
389,32,0.425659367293408,0.437974873715873
389,33,0.410602885963879,0.422482766609581
389,34,0.39578485002877,0.4072360037845
389,35,0.381227465334535,0.392257433563829
389,36,0.366950171513509,0.377567058022397
390,0,0.777852538480435,0.799054703061767
390,1,0.777737358504612,0.79893638359011
390,2,0.776996259277213,0.798175083994373
390,3,0.775165951588833,0.796294887049451
390,4,0.771930179730355,0.792970916767626
390,5,0.767091087040095,0.787999923447661
390,6,0.760545140957923,0.781275552510766
390,7,0.752262968971558,0.772767630829106
390,8,0.742272542646283,0.762504892397478
390,9,0.730645221946725,0.750560642260891
390,10,0.717484237594367,0.737040924932182
390,11,0.702915246409946,0.722074822298489
390,12,0.687078644482481,0.705806557267975
390,13,0.670123366482781,0.688389124069329
390,14,0.652201937288927,0.669979204997891
390,15,0.633466575010153,0.65073316721846
390,16,0.614066173096526,0.630803962615418
390,17,0.594144014043982,0.610338779179521
390,18,0.57383608872184,0.589477314524814
390,19,0.553269913979912,0.568350561266887
390,20,0.532563757300976,0.547080010541477
390,21,0.511826191173551,0.525777194230631
390,22,0.491155911851807,0.504543498782512
390,23,0.470641767491889,0.483470194114634
390,24,0.450362949523859,0.462638630202093
390,25,0.430389308726244,0.442120561767452
390,26,0.410781763982058,0.421978568178355
390,27,0.391592777257029,0.402266541372376
390,28,0.372866873079656,0.38303021949671
390,29,0.354641184830042,0.364307748087359
390,30,0.336946013557028,0.346130254118119
390,31,0.319805387925716,0.32852242121077
390,32,0.303237616323682,0.311503056790208
390,33,0.287255824188048,0.295085644057608
390,34,0.271868471313081,0.279278873398438
390,35,0.257079845307287,0.26408714928986
390,36,0.242890528532238,0.249511069967055
391,0,0.768472989268304,0.776738062515976
391,1,0.76840423823794,0.776668572055197
391,2,0.767955961384691,0.776215473899079
391,3,0.766832219182983,0.775079645636133
391,4,0.764815014557123,0.773040745590627
391,5,0.761751495153547,0.769944277452848
391,6,0.757542879549732,0.765690397387272
391,7,0.752134899666384,0.760224253651086
391,8,0.745509574942447,0.753527672298877
391,9,0.7376781546421,0.745612023582802
391,10,0.728675083244474,0.73651212243892
391,11,0.718552860449597,0.726281033211524
391,12,0.70737768212495,0.714985663717247
391,13,0.695225761701658,0.702703047077172
391,14,0.682180243275071,0.689517221617214
391,15,0.66832862812157,0.675516629706636
391,16,0.653760645647084,0.660791965808205
391,17,0.638566508054377,0.645434412374092
391,18,0.622835495364801,0.62953420964927
391,19,0.606654823953894,0.613179512037996
391,20,0.590108757546811,0.596455489537822
391,21,0.573277924748079,0.579443637929264
391,22,0.556238811721352,0.562221265999222
391,23,0.539063402652158,0.544861132136836
391,24,0.521818944176972,0.527431206228956
391,25,0.504567813096379,0.50999453595053
391,26,0.487367469454108,0.492609199338988
391,27,0.470270479498321,0.475328328002499
391,28,0.45332459518329,0.458200187476688
391,29,0.436572878751043,0.441268303146193
391,30,0.42005386258319,0.424571621815721
391,31,0.403801735958824,0.408144700476568
391,32,0.387846551618603,0.392017915092337
391,33,0.372214446138641,0.376217683342992
391,34,0.356927869079184,0.360766696238072
391,35,0.342005816708829,0.345684154354658
391,36,0.327464066829976,0.330986005188417
392,0,0.757346249254911,0.784752642011696
392,1,0.757294622435688,0.78469914695204
392,2,0.756955887134713,0.784348153700745
392,3,0.756100761966122,0.78346208377439
392,4,0.754554669227093,0.781860041956738
392,5,0.752189540657069,0.779409325529675
392,6,0.748916631753059,0.776017978557253
392,7,0.74468023353365,0.771628276094786
392,8,0.739452182037468,0.766211035000321
392,9,0.733227076123995,0.759760658680102
392,10,0.726018123420279,0.752290832710878
392,11,0.717853542620946,0.743830796948508
392,12,0.708773457887235,0.734422127543357
392,13,0.69882722788175,0.724115969319771
392,14,0.688071158090384,0.712970665312865
392,15,0.676566550585795,0.701049735958008
392,16,0.664378050336686,0.688420165557337
392,17,0.651572251616843,0.675150958258359
392,18,0.638216532065836,0.661311929922335
392,19,0.624378085543044,0.646972705979809
392,20,0.610123128137984,0.63220189870851
392,21,0.595516254588626,0.617066440362124
392,22,0.580619924948103,0.6016310512608
392,23,0.565494063658388,0.585957824356351
392,24,0.550195755263903,0.570105909934523
392,25,0.534779022852689,0.554131286038530
392,26,0.519294676969735,0.538086601914952
392,27,0.50379022422601,0.522021083315562
392,28,0.488309826145575,0.505980489855218
392,29,0.472894299968148,0.490007115843479
392,30,0.457581154170125,0.474139827091034
392,31,0.442404652396659,0.458414127155318
392,32,0.427395900322816,0.442862247344949
392,33,0.41258295069385,0.427513255561133
392,34,0.397990922442969,0.412393179726
392,35,0.383642130358387,0.397525142141961
392,36,0.369556222277781,0.382929501650885
393,0,0.756170403639271,0.789738086713623
393,1,0.756106901620372,0.789671765732708
393,2,0.755692224285563,0.789238680169693
393,3,0.7546509473963,0.788151179238279
393,4,0.752778529231507,0.786195641264464
393,5,0.749929918282767,0.783220575658058
393,6,0.746009663664475,0.779126294307214
393,7,0.740963350901645,0.773855967186375
393,8,0.734770205233479,0.767387897307976
393,9,0.727436722012549,0.759728868364274
393,10,0.718991199392262,0.750908434711565
393,11,0.709479062463538,0.74097403793738
393,12,0.698958880491966,0.72998684729606
393,13,0.687498990069122,0.718018232956055
393,14,0.675174646961648,0.705146791414762
393,15,0.662065638341106,0.691455851731228
393,16,0.648254295016326,0.677031399518125
393,17,0.633823850367117,0.661960363025762
393,18,0.618857098982859,0.646329212235362
393,19,0.603435313621827,0.630222827740394
393,20,0.587637384099519,0.613723601408685
393,21,0.57153914615146,0.596910735452315
393,22,0.555212872256581,0.579859710647786
393,23,0.538726899903675,0.562641898100591
393,24,0.52214537588283,0.545324292185318
393,25,0.505528097928558,0.527969345159044
393,26,0.488930437469521,0.510634886481797
393,27,0.472403329385578,0.493374112118895
393,28,0.455993316566806,0.476235631078019
393,29,0.439742638738832,0.459263558177654
393,30,0.42368935648872,0.442497643578695
393,31,0.407867502717913,0.425973430960634
393,32,0.39230725488305,0.409722437408449
393,33,0.377035122379592,0.3937723491145
393,34,0.362074144292772,0.378147227907977
393,35,0.347444093499733,0.362867724417478
393,36,0.333161683768289,0.347951294363239
394,0,0.770234264182015,0.778532698682617
394,1,0.770152495686398,0.778450049220602
394,2,0.769621603274333,0.777913437021566
394,3,0.768297093915124,0.776574657517969
394,4,0.765931085558523,0.774183158000707
394,5,0.762355499069666,0.770569048465474
394,6,0.757467646649492,0.765628534764125
394,7,0.751217911211563,0.759311465240204
394,8,0.743599247425258,0.751610718657337
394,9,0.734638267288154,0.742553193728359
394,10,0.724387701600719,0.73219218937063
394,11,0.712920053981406,0.720600990350048
394,12,0.700322286434561,0.707867495591752
394,13,0.686691395284815,0.694089746450028
394,14,0.67213075380325,0.679372229930256
394,15,0.656747113325864,0.663822847497703
394,16,0.640648168330114,0.647550453920413
394,17,0.623940602992235,0.630662882780314
394,18,0.606728547377041,0.61326538603015
394,19,0.589112380773565,0.595459424436359
394,20,0.571187827927484,0.577341754074396
394,21,0.553045301162654,0.559003761362341
394,22,0.534769447742784,0.540531005545888
394,23,0.516438867401818,0.522002933185428
394,24,0.498125969858001,0.503492734134977
394,25,0.479896946402124,0.485067312824326
394,26,0.461811833386434,0.466787352431967
394,27,0.443924648700435,0.448707452831274
394,28,0.426283585159688,0.430876326062855
394,29,0.408931247203659,0.413337035582566
394,30,0.391904919443013,0.396127267702104
394,31,0.375236857454796,0.379279625517195
394,32,0.358954592830559,0.362821937242272
394,33,0.343081245868432,0.346777572271475
394,34,0.327635840492844,0.331165759491276
394,35,0.312633617008969,0.316001903404525
394,36,0.298086339174615,0.301297894510694
395,0,0.768869698127661,0.778474267780952
395,1,0.768767648449112,0.778370943317809
395,2,0.768109004331079,0.777704071546477
395,3,0.766476695074758,0.776051371802682
395,4,0.763580708168089,0.773119208794877
395,5,0.759234246771202,0.768718452253659
395,6,0.753333548259921,0.762744043372478
395,7,0.745840861447306,0.75515775938396
395,8,0.73677014422176,0.745973732535717
395,9,0.726175099680412,0.735246336773447
395,10,0.714139218307012,0.723060105527667
395,11,0.700767537150174,0.709521387949228
395,12,0.686179865014443,0.694751489470793
395,13,0.670505256015691,0.678881076326964
395,14,0.653877543033854,0.6620456532118
395,15,0.636431768115703,0.644381949090866
395,16,0.618301369176571,0.626025068759794
395,17,0.599616001810777,0.607106287445188
395,18,0.580499891988518,0.587751382923729
395,19,0.561070630195197,0.568079414598131
395,20,0.541438330425023,0.548201871985046
395,21,0.521705088610216,0.52822212637908
395,22,0.501964684758696,0.508235129269641
395,23,0.482302481470202,0.488327309589343
395,24,0.462795478765289,0.468576629227914
395,25,0.443512491436022,0.44905276259832
395,26,0.424514420536877,0.42981737151908
395,27,0.405854595289614,0.410924451390146
395,28,0.387579165673778,0.392420728687567
395,29,0.369727529399978,0.374346093270435
395,30,0.352332779891151,0.356734051958242
395,31,0.335422164392989,0.339612192363938
395,32,0.319017543456151,0.323002648115898
395,33,0.303135844830032,0.306922558421644
395,34,0.287789506324684,0.291384516461918
395,35,0.27298690347252,0.276397002394642
395,36,0.258732758888063,0.261964797828315
396,0,0.773441022033856,0.804509634904423
396,1,0.773334250805777,0.804398574746928
396,2,0.772645886939753,0.803682559760963
396,3,0.770942018144844,0.801910247686654
396,4,0.767922874202814,0.798769826734918
396,5,0.7633973173827,0.794062481298914
396,6,0.757261301330602,0.787679985551715
396,7,0.749479746778219,0.779585851114076
396,8,0.740071353734573,0.769799529161981
396,9,0.729095932382213,0.758383232413341
396,10,0.716643889729024,0.745430999465588
396,11,0.702827557087763,0.731059673905805
396,12,0.687774085479526,0.715401514327277
396,13,0.671619672802883,0.698598189607823
396,14,0.654504918712102,0.68079594719657
396,15,0.63657113116687,0.662141771300226
396,16,0.617957433047515,0.642780373272946
396,17,0.598798538511444,0.622851878650493
396,18,0.579223087284228,0.602490094530891
396,19,0.559352441172968,0.581821257744542
396,20,0.53929986106027,0.560963178788586
396,21,0.519169994748752,0.540024709098462
396,22,0.499058616511344,0.519105470136123
396,23,0.479052568266568,0.49829579220236
396,24,0.459229860120712,0.47767681901769
396,25,0.439659894758782,0.457320741126945
396,26,0.420403785962456,0.43729112721188
396,27,0.401514746508107,0.417643327570799
396,28,0.383038524958505,0.398424928455898
396,29,0.365013874501961,0.379676239745358
396,30,0.347473040094692,0.361430801653904
396,31,0.330442252798129,0.343715898927302
396,32,0.313942222435625,0.326553073288776
396,33,0.297988621577718,0.309958626865628
396,34,0.282592555449554,0.293944110972533
396,35,0.26776101368038,0.278516796007506
396,36,0.25349730091945,0.263680119365373
397,0,0.764025054474716,0.774175178654657
397,1,0.763928271340062,0.774077109749557
397,2,0.763302818007523,0.773443347227474
397,3,0.7617505359955,0.771870443044631
397,4,0.758992474181615,0.769075740194247
397,5,0.754846870622489,0.764875062013314
397,6,0.749210463332903,0.759163774674202
397,7,0.74204268018144,0.751900767042002
397,8,0.733352314600924,0.743094949370884
397,9,0.723186343597979,0.732793922760162
397,10,0.711620588354092,0.721074515680811
397,11,0.698751956231159,0.708034922915542
397,12,0.68469203684066,0.69378821655132
397,13,0.669561854551358,0.678457028773779
397,14,0.653487605878625,0.662169232627476
397,15,0.63659723304718,0.645054470058181
397,16,0.619017705027776,0.627241396827953
397,17,0.600872894853507,0.608855531631455
397,18,0.58228195732084,0.590017612244629
397,19,0.563358124537881,0.570842375071746
397,20,0.544207848431268,0.551437686260439
397,21,0.524930229469742,0.531903962835837
397,22,0.505616679689501,0.512333831249179
397,23,0.486350775775049,0.492811978506838
397,24,0.467208264601839,0.473415157786597
397,25,0.448257189409302,0.454212316286893
397,26,0.429558109755608,0.435264818103697
397,27,0.411164392706551,0.416626739287856
397,28,0.393122556416298,0.398345215990341
397,29,0.375472650443227,0.380460829830604
397,30,0.358248659876347,0.363008017391844
397,31,0.341478922685467,0.346015493115704
397,32,0.325186551702873,0.329506676889998
397,33,0.309389854340871,0.313500119342237
397,34,0.29410274458797,0.298009919309199
397,35,0.279335143041178,0.283046129183692
397,36,0.265093361753541,0.268615144874811
398,0,0.763401858532212,0.784856338850271
398,1,0.763321361315783,0.784773579357523
398,2,0.762798632530837,0.784236159916139
398,3,0.761494237504879,0.78289510645518
398,4,0.759163697184618,0.780499069135045
398,5,0.755641005811476,0.776877376807312
398,6,0.750824493371641,0.771925502146141
398,7,0.744664734549279,0.765592630797341
398,8,0.737154241211333,0.757871064182985
398,9,0.728318706780587,0.74878721780824
398,10,0.718209598640787,0.738394005485048
398,11,0.706897919348687,0.726764425210623
398,12,0.694468979247261,0.713986184871321
398,13,0.681018042390101,0.700157225801042
398,14,0.666646724774383,0.685382019790915
398,15,0.651460038984706,0.66976853067645
398,16,0.635563992692405,0.653425745345592
398,17,0.619063660230628,0.636461691117768
398,18,0.602061656849807,0.618981867120158
398,19,0.584656954407263,0.601088026693705
398,20,0.566943985297949,0.582877256140914
398,21,0.549011988514961,0.564441302408196
398,22,0.530944557949088,0.545866108690922
398,23,0.512819358494985,0.527231522561109
398,24,0.4947079803152,0.50861114613571
398,25,0.4766759058005,0.490072302108406
398,26,0.458782567425076,0.471676093230757
398,27,0.441081477890067,0.453477536113252
398,28,0.423620416733312,0.435525753079502
398,29,0.406441660005972,0.417864208297646
398,30,0.389582241720972,0.400530976576475
398,31,0.373074237602362,0.383559035089237
398,32,0.356945063242764,0.366976569910424
398,33,0.341217780138078,0.350807290651217
398,34,0.325911404241261,0.33507074768479
398,35,0.311041212683848,0.319782647487873
398,36,0.296619045175738,0.304955162511003
399,0,0.763022318967674,0.784520679757462
399,1,0.762946447751185,0.78444267084887
399,2,0.762453027673956,0.783935348527135
399,3,0.761219717314453,0.782667289313746
399,4,0.759012423151382,0.78039780403895
399,5,0.755670282712948,0.776961497887183
399,6,0.751092742806601,0.772254984552418
399,7,0.745228471425376,0.766225485734474
399,8,0.738065872273151,0.758861078408438
399,9,0.729624997848024,0.750182380056984
399,10,0.71995068102692,0.740235486735502
399,11,0.709106726424433,0.729086000770907
399,12,0.697171021741296,0.716814004371027
399,13,0.684231446128993,0.703509852706275
399,14,0.670382467506842,0.689270675355217
399,15,0.655722333982085,0.674197488592164
399,16,0.640350776226437,0.658392833027556
399,17,0.624367148019004,0.641958861760174
399,18,0.607868941323049,0.624995813615789
399,19,0.590950620354701,0.607600814365438
399,20,0.573702726243269,0.589866956159308
399,21,0.556211210180808,0.571882611887601
399,22,0.53855695850708,0.553730946884642
399,23,0.520815478059135,0.535489595413094
399,24,0.503056714407479,0.517230473778881
399,25,0.485344979370038,0.499019705802846
399,26,0.467738967500654,0.480917639773801
399,27,0.450291844143725,0.462978938984146
399,28,0.433051390178335,0.44525273055219
399,29,0.416060190785865,0.427782799508352
399,30,0.39935585750226,0.410607817103801
399,31,0.38297127449315,0.393761594024455
399,32,0.366934861446644,0.377273350690843
399,33,0.351270846741025,0.361167998122377
399,34,0.335999545636363,0.345466423967089
399,35,0.321137639180785,0.330185779266162
399,36,0.306698450332311,0.315339762355573
400,0,0.757511088294106,0.782391899454833
400,1,0.757451032292589,0.782329870885448
400,2,0.757058330143376,0.781924270247793
400,3,0.75607074524853,0.780904247658432
400,4,0.754292129499008,0.779067212430601
400,5,0.751582005994495,0.776268073633533
400,6,0.747846499856073,0.772409873023366
400,7,0.743030461033268,0.767435649120045
400,8,0.737110639828551,0.761321388578696
400,9,0.730089790960383,0.754069936597812
400,10,0.721991595530315,0.745705752095965
400,11,0.712856302404537,0.736270405932451
400,12,0.702737001404392,0.725818731688992
400,13,0.691696450449603,0.714415548598963
400,14,0.679804387525558,0.702132885224975
400,15,0.6671352661547,0.689047640550746
400,16,0.653766360034196,0.675239626364697
400,17,0.639776188741317,0.660789941256874
400,18,0.62524322197964,0.645779632305505
400,19,0.61024482481127,0.630288605664872
400,20,0.594856410754186,0.614394751845738
400,21,0.579150773574647,0.598173255560158
400,22,0.56319757212239,0.581696063635846
400,23,0.547062945685752,0.565031487737447
400,24,0.530809240125454,0.548243921505065
400,25,0.514494827515876,0.531393654271562
400,26,0.498174004213975,0.514536765783505
400,27,0.481896954218056,0.497725088356435
400,28,0.465709766397774,0.481006224670806
400,29,0.449654495696965,0.464423610985037
400,30,0.433769259753367,0.448016616928767
400,31,0.418088363563396,0.431820674262298
400,32,0.402642445862941,0.41586742806534
400,33,0.387458641812216,0.400184904765318
400,34,0.372560757377816,0.3847976922471
400,35,0.357969451510812,0.369727128014805
400,36,0.343702422836927,0.354991492013919
401,0,0.765424306988477,0.779792995624421
401,1,0.765353627287581,0.779720989110925
401,2,0.76489312845151,0.779251845704343
401,3,0.763739741547488,0.778076807205056
401,4,0.76167114719521,0.77596938081166
401,5,0.758532374360274,0.772771686344431
401,6,0.754224223438701,0.768382662005821
401,7,0.748693291501482,0.762747902377024
401,8,0.741923402735639,0.755850927989667
401,9,0.733928269574813,0.747705708689765
401,10,0.724745230039187,0.738350283413819
401,11,0.714429924654536,0.727841337181988
401,12,0.703051792220771,0.716249612312359
401,13,0.690690277855857,0.70365604528155
401,14,0.677431659334969,0.69014853348731
401,15,0.663366408942156,0.675819247576372
401,16,0.648587018000596,0.660762415136379
401,17,0.633186220080582,0.645072510549595
401,18,0.617255556720976,0.628842793789818
401,19,0.600884236446855,0.612164148021288
401,20,0.584158244019322,0.595124172127168
401,21,0.567159662298956,0.577806489842889
401,22,0.549966173918978,0.560290242074632
401,23,0.532650714217033,0.542649733315877
401,24,0.515281250627026,0.524954206897947
401,25,0.497920667040149,0.507267727180231
401,26,0.480626734556307,0.489649149752555
401,27,0.463452152607845,0.472152163330892
401,28,0.446444646686258,0.454825389318612
401,29,0.429647110874583,0.437712527014526
401,30,0.41309778511502,0.420852534208199
401,31,0.396830458650937,0.404279834441011
401,32,0.380874692399909,0.388024543553627
401,33,0.36525605416213,0.372112709309781
401,34,0.349996361566148,0.356566558902634
401,35,0.335113928519329,0.341404750031658
401,36,0.320623811679261,0.326642622000839
402,0,0.761264834441291,0.802558842476354
402,1,0.761137953994533,0.802425079533583
402,2,0.760324399240019,0.80156739435947
402,3,0.758322960040483,0.799457389201481
402,4,0.754798740219032,0.795742001792825
402,5,0.749549440155829,0.790207958984152
402,6,0.742477223298738,0.782752117182745
402,7,0.733565340713039,0.773356818925584
402,8,0.722858801369562,0.762069514647652
402,9,0.710448474601801,0.748986002793598
402,10,0.69645809691863,0.734236731828712
402,11,0.681033729780045,0.71797568616284
402,12,0.664335279467446,0.700371446024959
402,13,0.646529746068938,0.68160007024682
402,14,0.62778591695993,0.661839501896988
402,15,0.608270261958642,0.641265240773399
402,16,0.588143823423542,0.620047064807402
402,17,0.567559925677559,0.59834661523811
402,18,0.54666255494179,0.576315688667323
402,19,0.525585284007017,0.55409510340098
402,20,0.504450635660735,0.531814028345956
402,21,0.483369795853792,0.509589680617735
402,22,0.462442602112005,0.487527313323424
402,23,0.441757745103856,0.465720428063273
402,24,0.421393131852744,0.444251157844998
402,25,0.401416368081332,0.423190775592381
402,26,0.381885324813839,0.402600291482316
402,27,0.362848760828785,0.382531109161836
402,28,0.344346978013994,0.363025716652165
402,29,0.326412491270169,0.3441183925905
402,30,0.30907069846263,0.325835912522577
402,31,0.292340539139927,0.308198243352782
402,32,0.276235133415614,0.291219216881394
402,33,0.260762394625518,0.274907175694791
402,34,0.245925611196466,0.259265586597047
402,35,0.231723994653219,0.244293618342916
402,36,0.218153191899526,0.229986681707032
403,0,0.747383602040803,0.782559568275096
403,1,0.747323951926364,0.782497110699528
403,2,0.746933964164187,0.782088767977038
403,3,0.745953375663986,0.781062027610676
403,4,0.744187674007299,0.77921322236209
403,5,0.741497710017168,0.776396653931843
403,6,0.737790657541304,0.772515127260448
403,7,0.733012164108121,0.767511731751279
403,8,0.727139552999724,0.761362723395884
403,9,0.720175952436767,0.754071377646113
403,10,0.712145241158519,0.745662697105509
403,11,0.703087711862693,0.736178870866846
403,12,0.693056364883439,0.72567539375032
403,13,0.68211375425923,0.714217763930103
403,14,0.670329317089233,0.701878686595604
403,15,0.657777124900585,0.688735719485766
403,16,0.64453400274277,0.674869303457725
403,17,0.63067796797326,0.660361127793147
403,18,0.616286946276442,0.64529278578598
403,19,0.601437727434145,0.629744681365813
403,20,0.586205127802313,0.613795152156123
403,21,0.570661330400328,0.597519778504577
403,22,0.554875377037023,0.580990851705719
403,23,0.538912790025837,0.56427697791197
403,24,0.522835303821322,0.547442797139474
403,25,0.506700689376918,0.53054879935919
403,26,0.490562656212429,0.513651221955127
403,27,0.474470819118557,0.496802014861811
403,28,0.458470718141661,0.480048861489638
403,29,0.442603882008625,0.463435245134856
403,30,0.426907926490643,0.447000551972902
403,31,0.41141668038525,0.430780202969823
403,32,0.39616033283516,0.414805808134758
403,33,0.381165596616114,0.399105337492996
403,34,0.366455882827629,0.383703303998637
403,35,0.352051483122981,0.368620954341311
403,36,0.337969756228845,0.353876464244455
404,0,0.76455769164519,0.78736170028865
404,1,0.764502041585732,0.787304390387887
404,2,0.764137440120692,0.786928914171274
404,3,0.7632185185878,0.785982584511033
404,4,0.76155985647223,0.784274450464654
404,5,0.759026800707263,0.78166584274829
404,6,0.75552743981156,0.778062108491383
404,7,0.751005602858691,0.773405401390604
404,8,0.745434766895989,0.767668407408916
404,9,0.738812768694157,0.760848898795663
404,10,0.731157227746498,0.752965020570323
404,11,0.722501597365401,0.744051223837383
404,12,0.712891769650728,0.73415476949314
404,13,0.702383168127199,0.723332734146904
404,14,0.691038269053515,0.711649457499673
404,15,0.678924498874577,0.699174377084915
404,16,0.666112461091811,0.685980202252806
404,17,0.652674451030607,0.672141384638509
404,18,0.638683221647295,0.657732847157619
404,19,0.624210967694481,0.642828937872791
404,20,0.609328499301216,0.627502578924785
404,21,0.594104579367202,0.611824584163513
404,22,0.57860540215752,0.595863122191127
404,23,0.562894193152058,0.579683304276389
404,24,0.547030912584011,0.563346879050796
404,25,0.531072047223942,0.546912018082302
404,26,0.515070476855969,0.53043317836897
404,27,0.499075403574681,0.513961029527074
404,28,0.483132333526674,0.497542434988044
404,29,0.467283102048484,0.481220477886175
404,30,0.451565934330649,0.465034523532087
404,31,0.436015534781306,0.449020311441705
404,32,0.420663199186225,0.433210070841635
404,33,0.405536944578363,0.417632654412251
404,34,0.390661652450115,0.402313685771461
404,35,0.376059221576007,0.387275716855545
404,36,0.361748727271608,0.37253839192819
405,0,0.769382212968394,0.781764246367018
405,1,0.769319884694589,0.781700915014698
405,2,0.768912528542616,0.781287003086684
405,3,0.767888666951528,0.78024666400469
405,4,0.766045779337084,0.778374117924523
405,5,0.763239353129968,0.775522526567444
405,6,0.759373361902393,0.771594318106754
405,7,0.754392004156899,0.76653279300499
405,8,0.748272554413346,0.760314860050064
405,9,0.741019194428484,0.752944768297725
405,10,0.732657706902231,0.744448715381129
405,11,0.723230927033304,0.734870225866188
405,12,0.712794858935344,0.724266205167348
405,13,0.701415374349642,0.712703585131119
405,14,0.689165420415232,0.700256486869493
405,15,0.676122671592661,0.687003834895004
405,16,0.662367568284548,0.673027364175881
405,17,0.647981691344558,0.658409968485214
405,18,0.633046427598193,0.643234344445347
405,19,0.617641886787501,0.627581891042455
405,20,0.601846035063511,0.611531829173872
405,21,0.585734014344806,0.595160510052766
405,22,0.569377620591689,0.578540885085932
405,23,0.55284491736145,0.561742113209816
405,24,0.53619996395467,0.544829284661751
405,25,0.519502640074598,0.527863242817492
405,26,0.502808551236481,0.510900488078254
405,27,0.486169001213087,0.49399314987279
405,28,0.46963101961483,0.477189014681373
405,29,0.453237434303541,0.460531599614956
405,30,0.437026979750812,0.44406026251738
405,31,0.421034433695628,0.427810340822304
405,32,0.405290775550072,0.411813312508204
405,33,0.389823360962772,0.396096973471154
405,34,0.374656107792244,0.380685626491128
405,35,0.359809689479664,0.365600277716812
405,36,0.345301732454679,0.350858837248356
406,0,0.761877590207835,0.789066240671527
406,1,0.761793367102186,0.788979011948427
406,2,0.761247108140038,0.788413258983337
406,3,0.75988585605753,0.787003428746621
406,4,0.757457127660832,0.784488027834158
406,5,0.753791192476028,0.780691268706448
406,6,0.748785912286663,0.7755073682042
406,7,0.742393810685895,0.768887155659646
406,8,0.734611081540353,0.760826689112308
406,9,0.725468280488777,0.751357614620949
406,10,0.715022474780225,0.740539035957959
406,11,0.703350654340928,0.728450690541057
406,12,0.690544231344375,0.715187252712964
406,13,0.676704477101912,0.700853607791161
406,14,0.661938764108533,0.685560960005915
406,15,0.646357497853816,0.669423654818664
406,16,0.630071637793613,0.652556611426166
406,17,0.61319071989908,0.635073274741476
406,18,0.595821304656498,0.617084008008498
406,19,0.578065784462423,0.598694857637394
406,20,0.560021493203023,0.580006631008032
406,21,0.54178006856531,0.561114236024414
406,22,0.523427024427061,0.54210623824475
406,23,0.505041496623334,0.523064597575294
406,24,0.486696130589844,0.504064551904124
406,25,0.46845708392532,0.485174619754942
406,26,0.4503841208745,0.466456698141819
406,27,0.432530779180082,0.447966235375489
406,28,0.414944592747298,0.429752461674021
406,29,0.397667356163349,0.411858663121985
406,30,0.380735419363959,0.394322486852595
406,31,0.364180002683633,0.377176267340966
406,32,0.348027524202495,0.36044736543277
406,33,0.332299932744339,0.344158513225791
406,34,0.317015041117218,0.328328159202655
406,35,0.302186855245503,0.312970809108421
406,36,0.287825895743879,0.298097359000391
407,0,0.753028726964485,0.784899074879358
407,1,0.752948641899293,0.784815600383193
407,2,0.752428703184665,0.784273656362345
407,3,0.751131588567052,0.782921644112453
407,4,0.748814638150458,0.780506633670743
407,5,0.745313375373923,0.776857187353748
407,6,0.740527378955261,0.771868633760944
407,7,0.734408205898525,0.765490479649055
407,8,0.726949101255276,0.75771568418074
407,9,0.718176261906614,0.748571552964675
407,10,0.708141449630477,0.738112038486551
407,11,0.696915773527313,0.72641125938907
407,12,0.684584483845813,0.71355807395736
407,13,0.671242638690972,0.699651563429626
407,14,0.656991522288044,0.684797298671698
407,15,0.641935708666961,0.669104279588109
407,16,0.626180678044877,0.652682450623072
407,17,0.609830905018026,0.635640708039103
407,18,0.592988348105245,0.618085325533666
407,19,0.575751279372098,0.600118734329613
407,20,0.558213400947462,0.581838602300211
407,21,0.540463202349116,0.563337164094888
407,22,0.522583518773058,0.544700760734082
407,23,0.504651255972549,0.526009552844378
407,24,0.486737252145748,0.507337376700818
407,25,0.46890625144408,0.488751716614078
407,26,0.451216967377192,0.470313771018899
407,27,0.433722217586761,0.45207859295191
407,28,0.416469114245766,0.434095288509152
407,29,0.399499296761272,0.416407259397509
407,30,0.382849195560684,0.399052477885163
407,31,0.366550317562598,0.382063784354388
407,32,0.350629545507774,0.365469199301079
407,33,0.335109444683871,0.349292243040962
407,34,0.320008571746037,0.33355225760036
407,35,0.305341781337984,0.318264726314355
407,36,0.291120527075764,0.30344158754907
408,0,0.766269557303843,0.780914833383009
408,1,0.766154814287447,0.780797897348324
408,2,0.765416764650435,0.780045741786588
408,3,0.763594648407573,0.778188800467914
408,4,0.76037455241062,0.774907160599843
408,5,0.755560703281641,0.77000130709874
408,6,0.74905134844499,0.763367542649608
408,7,0.74081857016508,0.754977415940991
408,8,0.730891464478894,0.744860579105948
408,9,0.719342192917343,0.733090572857863
408,10,0.706274481272095,0.719773105440716
408,11,0.691814197560896,0.705036450516391
408,12,0.676101691811856,0.6890236405436
408,13,0.659285624239803,0.671886176995664
408,14,0.64151804663054,0.653779017738056
408,15,0.622950534990585,0.634856635763663
408,16,0.603731200384518,0.61526997289996
408,17,0.584002429917907,0.595164137616625
408,18,0.563899231513525,0.574676718166398
408,19,0.543548074895753,0.553936601417878
408,20,0.523066137415172,0.533063204265983
408,21,0.502560877338827,0.512166038766761
408,22,0.482129869288286,0.49134454443026
408,23,0.461860846878447,0.470688131674272
408,24,0.441831906515322,0.45027638951719
408,25,0.422111833943333,0.430179418366411
408,26,0.40276052166062,0.410458255411473
408,27,0.383829450891898,0.391165365808583
408,28,0.365362216551188,0.372345177676664
408,29,0.347395077653784,0.354034643029034
408,30,0.329957519045989,0.336263810239166
408,31,0.313072813198008,0.319056396570808
408,32,0.296758573224161,0.302430351767758
408,33,0.281027290320012,0.286398405762726
408,34,0.265886850494241,0.270968595285212
408,35,0.251341026872914,0.256144765574901
408,36,0.237389945007397,0.241927044582753
409,0,0.769219783073649,0.797972882275528
409,1,0.769126860769002,0.797876486575758
409,2,0.768525587610242,0.79725273808919
409,3,0.767031169158259,0.795702458928805
409,4,0.764372003311792,0.792943894625538
409,5,0.760369106873459,0.788791371668336
409,6,0.754918603996628,0.783137131376834
409,7,0.747976869180641,0.77593591754823
409,8,0.739547967888575,0.767191947610835
409,9,0.729673082338953,0.756947943156495
409,10,0.718421649242408,0.74527593640973
409,11,0.70588397081415,0.732269605043077
409,12,0.69216509082493,0.718037919317514
409,13,0.677379754230186,0.702699913304749
409,14,0.661648292459482,0.686380416370576
409,15,0.645093297130034,0.669206602553267
409,16,0.627836963100855,0.651305234302243
409,17,0.609998997702577,0.632800493555824
409,18,0.591695006923936,0.613812307604061
409,19,0.573035281541204,0.594455089844228
409,20,0.554123916847425,0.574836826605913
409,21,0.535058208956384,0.555058450889098
409,22,0.515928278783544,0.535213452289668
409,23,0.496816881885741,0.515387679730993
409,24,0.477799368499772,0.49565930000878
409,25,0.458943763469327,0.476098880705637
409,26,0.440310940388829,0.456769570844334
409,27,0.421954868309242,0.437727356815366
409,28,0.403922912821996,0.419021374715261
409,29,0.386256176330953,0.40069426333777
409,30,0.368989864899051,0.382782544733073
409,31,0.352153671268623,0.365317021545228
409,32,0.335772165549285,0.348323182303809
409,33,0.319865186685553,0.331821607524403
409,34,0.304448229194144,0.315828370901989
409,35,0.289532820829872,0.300355431093816
409,36,0.275126887827052,0.285411010613372
410,0,0.765633282409141,0.781532939651295
410,1,0.765503007340953,0.781399959203157
410,2,0.764668205392327,0.780547821194105
410,3,0.762615928317026,0.778452925148583
410,4,0.759004773162955,0.77476677831048
410,5,0.753629858940274,0.76928024499311
410,6,0.746393643434137,0.761893757354189
410,7,0.737281710493328,0.752592599866981
410,8,0.726342778535733,0.741426502668901
410,9,0.713672285578108,0.728492885706947
410,10,0.699398996828415,0.713923188214254
410,11,0.683674159534478,0.697871798341024
410,12,0.666662797905904,0.680507167300931
410,13,0.648536799868987,0.6620047525609
410,14,0.629469498360432,0.642541486606331
410,15,0.609631493851462,0.622291512712921
410,16,0.589187502725532,0.601422967875662
410,17,0.568294048803018,0.580095626394176
410,18,0.547097843407469,0.558459246298327
410,19,0.525734723504986,0.536652485436293
410,20,0.504329038149066,0.5148022751779
410,21,0.482993391188101,0.493023557779021
410,22,0.461828663343107,0.471419308917778
410,23,0.440924249688755,0.450080780107267
410,24,0.420358459575621,0.429087906922871
410,25,0.400199035380605,0.408509838525383
410,26,0.380503754395456,0.388405552048771
410,27,0.361321084860354,0.368824522257389
410,28,0.34269087279355,0.34980742263878
410,29,0.324645041009497,0.3313868389381
410,30,0.307208285686873,0.313587980191533
410,31,0.29039875915673,0.296429375693684
410,32,0.274228730327125,0.279923549137029
410,33,0.258705216427829,0.264077663475869
410,34,0.243830581619448,0.248894131966562
410,35,0.229603099527801,0.234371192383876
410,36,0.216017477990255,0.22050344266456
411,0,0.772274680796262,0.785733149303023
411,1,0.772208540811221,0.785665856693239
411,2,0.771776837854805,0.785226630428358
411,3,0.770693373743962,0.784124284735642
411,4,0.768746134808157,0.782143111171984
411,5,0.765785289557253,0.779130667126566
411,6,0.761712779880431,0.774987185625092
411,7,0.756473316500445,0.769656413861386
411,8,0.750046610328532,0.763117709167745
411,9,0.742440690087608,0.755379240184031
411,10,0.733686173317706,0.746472158023642
411,11,0.723831372848519,0.736445617466306
411,12,0.712938134200331,0.725362541817206
411,13,0.701078311319656,0.713296037225082
411,14,0.688330798716234,0.700326373098143
411,15,0.674779047576125,0.686538454930335
411,16,0.660509001900436,0.672019724473063
411,17,0.645607398267984,0.656858429867729
411,18,0.630160379539327,0.641142215190723
411,19,0.614252378795939,0.624956984942945
411,20,0.597965235119709,0.608386004419952
411,21,0.581377507534729,0.59150920169778
411,22,0.564563957618337,0.574402641227418
411,23,0.547595174998278,0.557138142805496
411,24,0.530537323238473,0.539783023031588
411,25,0.513451986522746,0.522399939320092
411,26,0.496396100115012,0.505046819148542
411,27,0.479421949842412,0.487776859531736
411,28,0.462577227847743,0.47063858374577
411,29,0.445905133618582,0.453675944117796
411,30,0.429444510849241,0.436928461273081
411,31,0.413230012051731,0.420431391614651
411,32,0.397292284024275,0.404215916023976
411,33,0.381658168329674,0.38830934383308
411,34,0.366350911847692,0.372735327046235
411,35,0.351390383260804,0.357514080598412
411,36,0.336793292024536,0.342662605141635
412,0,0.767812662174577,0.802070161361648
412,1,0.767680959708576,0.80193258272644
412,2,0.766837216314864,0.80105119403193
412,3,0.764763524144369,0.798884979933438
412,4,0.761115708143275,0.795074409318038
412,5,0.755687758841251,0.789404281190419
412,6,0.748382211855934,0.781772782599666
412,7,0.739185586225669,0.772165831104026
412,8,0.728148116939381,0.760635903027033
412,9,0.715367124028918,0.747284660528604
412,10,0.700973453390832,0.732248787456937
412,11,0.685120504922276,0.715688527952723
412,12,0.667975433176174,0.69777849450393
412,13,0.649712165953578,0.678700375048682
412,14,0.630505938272636,0.658637223066306
412,15,0.610529084048006,0.637769061494096
412,16,0.589947866512634,0.616269571732019
412,17,0.568920161728846,0.594303673799012
412,18,0.547593838178221,0.572025833625009
412,19,0.526105700009944,0.549578959150214
412,20,0.504580882606454,0.527093768922689
412,21,0.483132607164896,0.504688535729976
412,22,0.46186221640443,0.48246912389955
412,23,0.440859426650585,0.460529252630429
412,24,0.420202742730158,0.438950929399435
412,25,0.39995999160433,0.417805007403419
412,26,0.380188938708907,0.397151829398762
412,27,0.360937957763135,0.377041927395043
412,28,0.342246730529283,0.357516753635803
412,29,0.324146957807724,0.338609423316095
412,30,0.306663066969165,0.320345453682673
412,31,0.289812904671877,0.302743487658202
412,32,0.27360840618643,0.285815993029243
412,33,0.258056235038979,0.269569930628512
412,34,0.243158388560419,0.254007386901819
412,35,0.228912766456002,0.239126167845564
412,36,0.215313700742941,0.224920352588556
413,0,0.770206142791103,0.78047495217578
413,1,0.770131894707228,0.780399714175858
413,2,0.769648657894587,0.779910034585834
413,3,0.768439754957407,0.778685013893761
413,4,0.766274224846947,0.776490611751925
413,5,0.762992388907182,0.773165020581158
413,6,0.758493410063739,0.768606058892081
413,7,0.752724598998635,0.762760334883919
413,8,0.745672249440062,0.755613959545353
413,9,0.737353809892929,0.7471846140143
413,10,0.727811221567178,0.737514798683842
413,11,0.717105272219009,0.726666111765781
413,12,0.705310833367211,0.714714423006927
413,13,0.692512864117747,0.701745824234492
413,14,0.67880307883561,0.687853252599526
413,15,0.664277188332726,0.673133694982827
413,16,0.649032635263878,0.657685893197926
413,17,0.633166754191087,0.641608479524439
413,18,0.616775295426699,0.624998480870226
413,19,0.599951259418368,0.607950137615753
413,20,0.582783995204172,0.590553990049326
413,21,0.565358522440979,0.572896191356356
413,22,0.547755041780869,0.555058011467867
413,23,0.530048603017216,0.53711550078211
413,24,0.512308904513392,0.519139286919142
413,25,0.494600201025388,0.50119448131449
413,26,0.476981300190524,0.483340675661048
413,27,0.459505630727335,0.465632011018235
413,28,0.442221367821114,0.448117304869253
413,29,0.425171603294714,0.430840223560698
413,30,0.408394550020364,0.413839489439702
413,31,0.391923771646609,0.397149113643724
413,32,0.375788430123034,0.380798646925404
413,33,0.360013544728813,0.364813442134623
413,34,0.344620257371467,0.349214923054374
413,35,0.329626099839065,0.334020855216107
413,36,0.315045259479752,0.319245615121451
414,0,0.757365470922886,0.768273162852826
414,1,0.757342907690623,0.768250274661483
414,2,0.757192505298442,0.768097706151329
414,3,0.756806027383648,0.767705662123219
414,4,0.756094458326143,0.766983844940649
414,5,0.754985824245291,0.765859244144279
414,6,0.753423217734012,0.764274132737957
414,7,0.75136300925519,0.76218425282538
414,8,0.748773229458405,0.759557174628715
414,9,0.745632107908937,0.756370814172152
414,10,0.741926754863065,0.752612096071934
414,11,0.737651973780385,0.748275748946296
414,12,0.732809193241446,0.74336322195042
414,13,0.727405507843083,0.737881711858598
414,14,0.721452818479721,0.731843290963732
414,15,0.714967063191594,0.725264126848121
414,16,0.70796753047486,0.718163785803758
414,17,0.700476247608209,0.710564612349528
414,18,0.692517437159773,0.70249117791065
414,19,0.684117035400658,0.693969792296324
414,20,0.675302266870546,0.685028072138165
414,21,0.666101269819884,0.675694560937954
414,22,0.65654276769505,0.665998395821484
414,23,0.646655782240319,0.655969016508574
414,24,0.636469384166025,0.645635912390321
414,25,0.626012477678405,0.635028403955706
414,26,0.615313615485327,0.624175455133011
414,27,0.604400841185648,0.61310551340924
414,28,0.593301556220029,0.60184637486474
414,29,0.582042408809564,0.590425071512313
414,30,0.570649202537118,0.578867778561921
414,31,0.559146822436295,0.567199739445184
414,32,0.547559176645995,0.555445206629629
414,33,0.535909151865712,0.543627396432451
414,34,0.524218581009413,0.531768456208547
414,35,0.51250822160509,0.51988944243896
414,36,0.500797743623865,0.508010308384709
415,0,0.763324803351362,0.783527987040409
415,1,0.763270153714602,0.78347189097266
415,2,0.762911974158984,0.783104231353872
415,3,0.762008863222812,0.7821772174657
415,4,0.760378046163213,0.78050323700243
415,5,0.757886446561273,0.777945691365177
415,6,0.754442874881198,0.77441097747291
415,7,0.749991208927415,0.769841487724339
415,8,0.744504454175504,0.764209513121556
415,9,0.737979583693417,0.757511946617647
415,10,0.730433067941972,0.749765694602858
415,11,0.721897014259879,0.741003714212027
415,12,0.712415844400055,0.731271602924094
415,13,0.702043446182635,0.720624674826913
415,14,0.690840742249346,0.70912546502301
415,15,0.678873625119367,0.696841610031843
415,16,0.666211213326855,0.683844057771909
415,17,0.652924388427147,0.670205565845379
415,18,0.639084577148329,0.655999451456457
415,19,0.624762746988349,0.641298560424597
415,20,0.6100285871611,0.626174426452415
415,21,0.59494985001969,0.610696595118167
415,22,0.579591830968984,0.594932090022963
415,23,0.564016967456709,0.578945001168227
415,24,0.548284539933537,0.562796178000987
415,25,0.532450459725696,0.546543011672033
415,26,0.516567130593705,0.530239292930483
415,27,0.500683372380676,0.513935133751258
415,28,0.484844396603688,0.497676942280421
415,29,0.469091825130492,0.481507442006209
415,30,0.453463744228009,0.465465727238045
415,31,0.437994787283709,0.44958734801734
415,32,0.422716240399591,0.433904418506264
415,33,0.40765616585332,0.418445743716567
415,34,0.392839539123127,0.40323696016117
415,35,0.378288395792226,0.388300686646749
415,36,0.364021985193639,0.373656681985135
416,0,0.765057839059646,0.803030696369842
416,1,0.764947097939341,0.80291445872817
416,2,0.76423409611065,0.802166067788591
416,3,0.762471895541544,0.800316402210505
416,4,0.759354199534982,0.797043962576012
416,5,0.754688173506204,0.792146343154486
416,6,0.748371561038451,0.785516212137316
416,7,0.740373488741511,0.777121163765389
416,8,0.730718433073744,0.766986889360847
416,9,0.719472891985705,0.755183187431482
416,10,0.706734365196612,0.741812396994586
416,11,0.692622300178938,0.726999894174814
416,12,0.67727070743282,0.710886340945356
416,13,0.660822189202877,0.693621417466266
416,14,0.643423161150756,0.675358806589647
416,15,0.625220077286583,0.656252231419472
416,16,0.606356495245332,0.636452374925962
416,17,0.586970842266194,0.616104535041653
416,18,0.567194762431778,0.59534688986751
416,19,0.547151943233921,0.574309265996545
416,20,0.526957334692668,0.553112318874571
416,21,0.506716687361911,0.531867047875228
416,22,0.48652634687089,0.510674580643761
416,23,0.466473252404528,0.48962617150193
416,24,0.446635094919094,0.468803367516542
416,25,0.427080598099382,0.448278303401657
416,26,0.407869891244453,0.428114092912118
416,27,0.38905494855643,0.408365289936002
416,28,0.370680073819693,0.389078397230364
416,29,0.35278241329964,0.370292404777199
416,30,0.335392482951803,0.352039343160039
416,31,0.318534698792506,0.334344840259014
416,32,0.302227901610601,0.317228672006112
416,33,0.286485869156103,0.300705299995768
416,34,0.271317810578246,0.284784390463848
416,35,0.256728839248092,0.269471310578315
416,36,0.242720421228782,0.254767599168845
417,0,0.763293057142941,0.796466687737126
417,1,0.76323002756935,0.796400918822765
417,2,0.762818272229875,0.795971268103005
417,3,0.761783872881536,0.794891912519904
417,4,0.759922974780792,0.792950137558576
417,5,0.757090589898312,0.789994653836256
417,6,0.753190868823401,0.785925446212046
417,7,0.748168668996148,0.780684975564325
417,8,0.742002265729816,0.77425057302545
417,9,0.734697069355717,0.76662788406621
417,10,0.726280226933232,0.757845235589707
417,11,0.716796000495429,0.747948813309986
417,12,0.706301825905092,0.736998549321228
417,13,0.694864967220762,0.725064631058534
417,14,0.682559691147307,0.712224552946726
417,15,0.669464894787449,0.698560641051121
417,16,0.655662127625201,0.684157989093992
417,17,0.641233955554139,0.669102751381555
417,18,0.626262620898692,0.653480744588174
417,19,0.610828957842133,0.637376316047555
417,20,0.595011527540265,0.620871441277442
417,21,0.578885941527395,0.604045017979993
417,22,0.562524345867264,0.586972327773303
417,23,0.545995041916907,0.5697246404732
417,24,0.529362222601223,0.552368938905995
417,25,0.512685805781461,0.53496774503496
417,26,0.496021348678424,0.517579030664264
417,27,0.479420029414078,0.500256198178361
417,28,0.462928683592961,0.483048118713264
417,29,0.446589885483943,0.465999216866567
417,30,0.430442064807289,0.449149592560213
417,31,0.414519651403043,0.432535171996334
417,32,0.398853241173532,0.416187880811826
417,33,0.383469777672557,0.40013583355961
417,34,0.368392744571799,0.38440353453987
417,35,0.35364236498498,0.369012085787077
417,36,0.339235804284561,0.353979398701338
418,0,0.762947770204097,0.794519347293601
418,1,0.762862401609933,0.794430446057679
418,2,0.762308887483939,0.793854026937948
418,3,0.760930043139927,0.79241812457214
418,4,0.758470816983815,0.789857133064321
418,5,0.7547602025696,0.785992969542811
418,6,0.749695775043518,0.780718970706218
418,7,0.743230511543921,0.773986167837671
418,8,0.735361596206525,0.765791628549478
418,9,0.72612094679402,0.756168591394749
418,10,0.715567232146156,0.745178152991211
418,11,0.70377917809638,0.732902296929683
418,12,0.690849984638564,0.719438079917307
418,13,0.676882699322372,0.704892813719182
418,14,0.661986411438447,0.68938010185495
418,15,0.646273148818886,0.67301660798563
418,16,0.629855374286632,0.655919448763459
418,17,0.612843992172821,0.638204117856847
418,18,0.595346787091814,0.619982860120285
418,19,0.577467227504512,0.601363425647857
418,20,0.559303575676308,0.582448142900321
418,21,0.540948253593014,0.563333258381973
418,22,0.522487421366461,0.544108497600231
418,23,0.504000730756792,0.52485680838842
418,24,0.485561221763408,0.505654253217548
418,25,0.467235334882225,0.486570021960776
418,26,0.449083015674155,0.467666540789053
418,27,0.431157891810202,0.448999656542527
418,28,0.413507505815798,0.430618879106082
418,29,0.396173589387172,0.412567667077204
418,30,0.379192367445458,0.39488374440217
418,31,0.362594882073924,0.377599437718138
418,32,0.346407328188995,0.360742025914584
418,33,0.330651394261094,0.344334094953533
418,34,0.315344602656975,0.328393892295609
418,35,0.300500645247983,0.312935676396124
418,36,0.286129710842089,0.297970057686581
419,0,0.767314356440575,0.784228193686188
419,1,0.767224869497115,0.78413673419056
419,2,0.766645283167405,0.78354437209461
419,3,0.765203251301465,0.782070553657653
419,4,0.762634539158529,0.77944521963771
419,5,0.758763606321786,0.775488960197287
419,6,0.753487045837594,0.770096088993118
419,7,0.746759503984693,0.763220252576187
419,8,0.738581751024478,0.754862238186685
419,9,0.72899061388617,0.745059684526327
419,10,0.718050517599184,0.733878436739312
419,11,0.70584641393238,0.721405319178246
419,12,0.692477903611294,0.707742128057969
419,13,0.678054383083043,0.693000671241056
419,14,0.662691068460967,0.677298704538656
419,15,0.646505768342548,0.660756633391941
419,16,0.629616293952792,0.643494865927521
419,17,0.612138409786407,0.625631718425834
419,18,0.594184240841344,0.607281787445474
419,19,0.575861063863029,0.588554714422947
419,20,0.557270419938996,0.569554278706303
419,21,0.538507494462549,0.5503777638514
419,22,0.519660718068221,0.531115549760824
419,23,0.50081154876094,0.511850890010541
419,24,0.482034401230147,0.492659839605904
419,25,0.463396694361737,0.473611303540884
419,26,0.444958992324771,0.454767180994751
419,27,0.426775218396608,0.436182583870526
419,28,0.408892923969873,0.417906111731654
419,29,0.391353598020239,0.399980168091344
419,30,0.374193004760361,0.382441305509383
419,31,0.357441539311296,0.365320589103584
419,32,0.34112459303131,0.348643969931506
419,33,0.325262921690964,0.332432661281181
419,34,0.309873011006204,0.316703512261621
419,35,0.29496743516714,0.301469374234612
419,36,0.280555204955187,0.286739456605364
420,0,0.760731626659597,0.802003652317467
420,1,0.760640871727872,0.801907973652142
420,2,0.760053426829555,0.801288658065048
420,3,0.758592830070806,0.799748819449132
420,4,0.755992848481619,0.797007780878615
420,5,0.752077527899073,0.792880042137183
420,6,0.746744199666036,0.787257364477933
420,7,0.739949052406758,0.780093559623511
420,8,0.731694925419308,0.771391620912622
420,9,0.722021022847328,0.761192879434028
420,10,0.710994285398471,0.749567907634234
420,11,0.69870218953231,0.736608927839236
420,12,0.685246773252206,0.722423513927263
420,13,0.670739713353626,0.707129401502703
420,14,0.65529830160598,0.690850245773464
420,15,0.639042187232045,0.673712187299893
420,16,0.622090770514695,0.655841104196688
420,17,0.604561147686078,0.637360445525993
420,18,0.586566520688873,0.618389554783328
420,19,0.56821499716451,0.599042404781486
420,20,0.549608716315602,0.579426676088315
420,21,0.530843245283663,0.559643120656083
420,22,0.51200719853289,0.539785160555652
420,23,0.493182039573244,0.519938678942434
420,24,0.4744420303125,0.500181966660633
420,25,0.455854298504481,0.480585793350753
420,26,0.437478998254363,0.461213576662804
420,27,0.419369542435451,0.442121627282412
420,28,0.401572889239424,0.423359451027278
420,29,0.384129867988947,0.404970092336144
420,30,0.367075531845715,0.386990506112313
420,31,0.350439527199054,0.369451947152725
420,32,0.334246471365205,0.352380368338585
420,33,0.318516331804733,0.335796820426481
420,34,0.303264801409862,0.319717847696206
420,35,0.288503665555476,0.304155874915405
420,36,0.274241157573886,0.289119582099935
421,0,0.760654162135706,0.799042670016241
421,1,0.760517389255995,0.798898994516349
421,2,0.759642421570314,0.79797986917589
421,3,0.75749545748195,0.79572455262996
421,4,0.753724989559019,0.791763797655727
421,5,0.748123881404617,0.785880014147363
421,6,0.740597885156515,0.777974197764618
421,7,0.731139622955695,0.768038598304493
421,8,0.719807193412684,0.756134246483958
421,9,0.706706683343814,0.742372583082795
421,10,0.691977968226109,0.726900542779334
421,11,0.675783274010993,0.709888538704564
421,12,0.65829804996319,0.691520874653715
421,13,0.639703768642531,0.671988181699302
421,14,0.620182326411633,0.651481536105005
421,15,0.599911767144281,0.630187967219205
421,16,0.579063094185602,0.608287108541951
421,17,0.557797971998279,0.585948783378421
421,18,0.536267150123063,0.56333134926025
421,19,0.514609468786754,0.540580653368788
421,20,0.492951328316202,0.517829475171607
421,21,0.471406523992634,0.495197352942306
421,22,0.450076364567611,0.4727907082577
421,23,0.429050006760254,0.450703197376361
421,24,0.408404950012384,0.429016230962954
421,25,0.388207645895156,0.407799614250246
421,26,0.368514185098509,0.387112268699371
421,27,0.349371032119323,0.367003003766053
421,28,0.330815783790955,0.347511313711422
421,29,0.312877932834667,0.328668179688173
421,30,0.295579621808105,0.310496861739123
421,31,0.278936376303109,0.29301366899788
421,32,0.262957809112979,0.276228699393838
421,33,0.247648289440902,0.260146542634062
421,34,0.233007573136648,0.244766942246608
421,35,0.21903139149635,0.230085414095706
421,36,0.205711997398994,0.216093820080539
422,0,0.768062649701838,0.808078420520545
422,1,0.767923403055982,0.807931919177601
422,2,0.767032835933033,0.806994953847547
422,3,0.764848216504897,0.804696516581249
422,4,0.761012737361155,0.800661210438427
422,5,0.755316728684041,0.794668441883855
422,6,0.747665476765203,0.786618562661139
422,7,0.738052643510809,0.776504904464176
422,8,0.72653842455743,0.764390799099221
422,9,0.713231706525215,0.750390806137763
422,10,0.698275590234126,0.734655481897851
422,11,0.681835738560553,0.717359120228486
422,12,0.664091086900646,0.698689978991647
422,13,0.645226522579909,0.678842578071908
422,14,0.625427198443578,0.658011716707055
422,15,0.604874196533799,0.636387911244497
422,16,0.583741301301519,0.614154000238726
422,17,0.562192679167149,0.591482703117982
422,18,0.540381293265164,0.56853495233765
422,19,0.518447909607094,0.545458847764716
422,20,0.496520574304097,0.522389106663845
422,21,0.474714461451612,0.499446903656878
422,22,0.453132008269729,0.476740012903961
422,23,0.431863268526571,0.454363179940159
422,24,0.410986427506247,0.432398663473031
422,25,0.390568432127943,0.410916898330695
422,26,0.370665698547508,0.389977239929179
422,27,0.351324866909697,0.369628758346975
422,28,0.332583579069491,0.349911056565339
422,29,0.314471260237898,0.330855092837536
422,30,0.297009889781438,0.312483991646692
422,31,0.280214749944107,0.294813831435881
422,32,0.264095144177121,0.277854400362574
422,33,0.248655079150746,0.261609913843028
422,34,0.233893906466057,0.246079689696984
422,35,0.219806921652805,0.231258778353087
422,36,0.206385919292922,0.217138546894121
423,0,0.769325063818837,0.780793946434864
423,1,0.769231121201565,0.780698603347361
423,2,0.768623421670129,0.780081844401485
423,3,0.767113521097346,0.778549434653783
423,4,0.764427699383481,0.775823573461923
423,5,0.760386032301365,0.771721654338742
423,6,0.754884589183539,0.766138197247494
423,7,0.747880339130436,0.759029529796011
423,8,0.739378400244391,0.750400846385865
423,9,0.729421312102092,0.74029532076184
423,10,0.718080051963609,0.728784988293125
423,11,0.705446550698091,0.715963150328522
423,12,0.691627495634841,0.701938084662161
423,13,0.676739235012852,0.686827874020004
423,14,0.660903622836648,0.67075618897195
423,15,0.644244664137377,0.653848883181426
423,16,0.626885839228455,0.636231277771783
423,17,0.608948001838672,0.618026028125356
423,18,0.590547760272584,0.599351480910651
423,19,0.571796263227405,0.580320441798535
423,20,0.552798322799702,0.561039285394961
423,21,0.533651816731807,0.541607348576234
423,22,0.514447320243422,0.522116556832067
423,23,0.495267925015707,0.502651240551136
423,24,0.476189209173432,0.483288104555729
423,25,0.457279327560701,0.464096319723281
423,26,0.438599196329143,0.445137710326351
423,27,0.420202749944096,0.426467014870184
423,28,0.402137252243549,0.408132201788829
423,29,0.384443646226344,0.39017482444789
423,30,0.367156929862029,0.372630402556843
423,31,0.35030654745911,0.355528819371702
423,32,0.333916788048998,0.338894726017956
423,33,0.318007183881702,0.322747945926927
423,34,0.302592903523243,0.307103873793371
423,35,0.287685135226212,0.291973864661215
423,36,0.273291457242261,0.277365609756565
424,0,0.765899952884684,0.785934152096733
424,1,0.765835256695363,0.785867763602378
424,2,0.765412839588096,0.785434297025209
424,3,0.764352292012716,0.784346007939571
424,4,0.762445523944169,0.782389363159069
424,5,0.759545118643352,0.779413089858296
424,6,0.755554225612543,0.775317804150987
424,7,0.750417810752645,0.770047032371295
424,8,0.744115101754553,0.7635794588538
424,9,0.736653084687039,0.755922252406928
424,10,0.728060923789782,0.747105340140476
424,11,0.718385190832996,0.737176512036146
424,12,0.7076858032363,0.726197252816855
424,13,0.696032581603886,0.714239209434856
424,14,0.683502347570225,0.701381213003692
424,15,0.670176491986356,0.687706783373784
424,16,0.656138951624476,0.673302052912208
424,17,0.641474539840096,0.658254053498779
424,18,0.626267583098411,0.642649317387055
424,19,0.610600821027273,0.626572748485196
424,20,0.594554532777774,0.610106725864133
424,21,0.57820585702169,0.593330405967692
424,22,0.561628276953144,0.576319194143072
424,23,0.544891245243807,0.559144359785725
424,24,0.528059927075306,0.541872772650084
424,25,0.511195042182903,0.524566740761458
424,26,0.494352789329997,0.507283932914961
424,27,0.47758483882878,0.490077371000525
424,28,0.460938380659868,0.472995479381232
424,29,0.444456217451214,0.456082180304344
424,30,0.428176893079358,0.439377025866466
424,31,0.412134848976714,0.422915358409478
424,32,0.396360601387498,0.406728492413077
424,33,0.380880933830103,0.390843911991524
424,34,0.365719099911512,0.375285479013224
424,35,0.350895032414225,0.360073647656891
424,36,0.336425555251027,0.345225681910569
425,0,0.771731026217843,0.785185704158715
425,1,0.771638173465068,0.785091232572639
425,2,0.771037285934626,0.784479868920431
425,3,0.769543646220984,0.782960188474172
425,4,0.766885538492118,0.780255738195623
425,5,0.762883737600043,0.776184168251434
425,6,0.757434046705198,0.770639465191241
425,7,0.750492478395466,0.763576874708188
425,8,0.74206272433516,0.755000152828591
425,9,0.732185602653542,0.744950829321863
425,10,0.720930211241759,0.733499206760367
425,11,0.708386549463686,0.720736853594116
425,12,0.694659401026946,0.706770380373237
425,13,0.679863297374122,0.691716315328859
425,14,0.664118404357423,0.675696919334366
425,15,0.647547195523397,0.658836801190778
425,16,0.630271793386554,0.641260212547038
425,17,0.612411875904351,0.62308891787562
425,18,0.594083059240182,0.604440549039936
425,19,0.575395680046077,0.585427366346847
425,20,0.556453911116824,0.566155358782739
425,21,0.537355153543209,0.546723625569304
425,22,0.518189656584322,0.527223989408548
425,23,0.499040323529524,0.50774079896007
425,24,0.47998266795523,0.488350884335214
425,25,0.4610848901116,0.469123634815513
425,26,0.44240804779762,0.450121172706876
425,27,0.424006300086962,0.43139860131467
425,28,0.405927205728132,0.413004308546295
425,29,0.388212061028377,0.3949803106859
425,30,0.370896264601521,0.377362623501386
425,31,0.354009698567812,0.360181650090246
425,32,0.337577117685472,0.343462576795397
425,33,0.321618539509665,0.32722577016634
425,34,0.30614963005096,0.311487169341353
425,35,0.291182080573566,0.29625866941498
425,36,0.276723972161324,0.281548492360021
426,0,0.763114653085382,0.776271552752482
426,1,0.763052993571057,0.776208830163245
426,2,0.762649983717719,0.775798871995935
426,3,0.761636977213803,0.774768400193875
426,4,0.759813500813301,0.772913485141331
426,5,0.757036439373218,0.770088544239638
426,6,0.753210629294032,0.766196773168674
426,7,0.748280696257222,0.761181842898397
426,8,0.742223990949087,0.755020713617101
426,9,0.735044492420484,0.747717432978669
426,10,0.726767563040002,0.739297800625612
426,11,0.717435451818051,0.72980479398574
426,12,0.707103454360219,0.719294662019072
426,13,0.695836647984184,0.707833604044724
426,14,0.683707129726821,0.695494960128356
426,15,0.670791693186292,0.682356847870576
426,16,0.657169887486572,0.668500187905967
426,17,0.642922408208108,0.654007067091703
426,18,0.628129775978488,0.638959394315724
426,19,0.612871263633359,0.623437809160786
426,20,0.597224037505822,0.607520808388775
426,21,0.58126248254068,0.591284059419223
426,22,0.565057684611365,0.574799873720822
426,23,0.548677046689548,0.558136816363408
426,24,0.532184018423441,0.541359430933896
426,25,0.515637921258952,0.524528061642348
426,26,0.499093853523077,0.5076987567689
426,27,0.482602661912159,0.490923239660446
426,28,0.466210967617068,0.474248935306247
426,29,0.449961236898065,0.45771904212958
426,30,0.433891887316618,0.441372640051102
426,31,0.418037422060127,0.425244827129471
426,32,0.402428585876417,0.409366878184318
426,33,0.38709253708436,0.393766419772512
426,34,0.37205303095965,0.378467616735699
426,35,0.357330610523571,0.363491366278469
426,36,0.342942801399411,0.348855496184294
427,0,0.7615263070738,0.786521027492149
427,1,0.761436051463373,0.786427809523458
427,2,0.760851736553523,0.785824316303323
427,3,0.759398637245903,0.784323523553471
427,4,0.75681148235344,0.781651453389382
427,5,0.752914688733091,0.777626759700231
427,6,0.747605518552945,0.772143332605947
427,7,0.740839773253505,0.765155522867484
427,8,0.732619685285956,0.75666563620926
427,9,0.722983710677914,0.746713390857779
427,10,0.71199796251478,0.735367069853794
427,11,0.699749058089726,0.722716133432353
427,12,0.686338181263302,0.708865086497913
427,13,0.671876186926193,0.693928422406403
427,14,0.656479596768496,0.678026487308141
427,15,0.640267355175251,0.661282129565771
427,16,0.623358231301321,0.643818016560378
427,17,0.6058687685051,0.625754516821773
427,18,0.587911695584887,0.607208059118652
427,19,0.56959472588174,0.588289892145774
427,20,0.551019680481472,0.569105178947788
427,21,0.532281880637237,0.5497523694
427,22,0.513469762295027,0.530322802081867
427,23,0.494664672371845,0.510900493868646
427,24,0.475940812329561,0.491562081653231
427,25,0.457365299712125,0.472376885903134
427,26,0.438998322763284,0.453407070353049
427,27,0.420893367098747,0.43470787611682
427,28,0.403097496743963,0.416327911949403
427,29,0.385651674730696,0.398309485366026
427,30,0.368591110929331,0.380688961890998
427,31,0.351945626929496,0.363497141914402
427,32,0.335740029613389,0.346759646526796
427,33,0.319994486633043,0.330497305320344
427,34,0.304724898338997,0.314726540524886
427,35,0.289943261843585,0.299459743020463
427,36,0.275658023863709,0.284705636761053
428,0,0.767883604120412,0.797584700673753
428,1,0.767756223804216,0.797452393393301
428,2,0.766939348416547,0.796603921947804
428,3,0.76492942106708,0.794516252286935
428,4,0.761389679495995,0.790839596467893
428,5,0.75611639548506,0.785362346235097
428,6,0.749010696571994,0.77798180482199
428,7,0.740055145713809,0.768679860735327
428,8,0.72929436773474,0.757502864850275
428,9,0.716819109814081,0.744545074371243
428,10,0.702753208775077,0.729935116026382
428,11,0.687243012157123,0.713824997955698
428,12,0.670448864420157,0.696381266608937
428,13,0.652538325396379,0.677777962892682
428,14,0.633680836370019,0.658191081938535
428,15,0.614043590894487,0.63779428420693
428,16,0.59378840349182,0.616755643070489
428,17,0.573069400460789,0.595235246304506
428,18,0.552031383793697,0.573383496721426
428,19,0.530808742233149,0.55133998110819
428,20,0.509524803282719,0.529232797173222
428,21,0.488291536950989,0.507178245831527
428,22,0.467209536533357,0.485280811243167
428,23,0.44636821414876,0.463633363913171
428,24,0.425846159335143,0.442317533157182
428,25,0.405711618017587,0.421404204595673
428,26,0.386023056813283,0.400954106285762
428,27,0.36682978411671,0.381018453829448
428,28,0.348172604880361,0.361639630480712
428,29,0.330084490613404,0.342851883059163
428,30,0.312591249986135,0.32468201849291
428,31,0.295712188658885,0.307150089169104
428,32,0.279460749642696,0.290270058063228
428,33,0.263845127725514,0.274050436930782
428,34,0.248868853330931,0.258494892749195
428,35,0.234531342676178,0.243602819155467
428,36,0.220828412313415,0.22936987088949
429,0,0.762561857127273,0.788914312475586
429,1,0.76246394438333,0.788813016083236
429,2,0.761831424375072,0.788158637579016
429,3,0.760262253620059,0.78653523974476
429,4,0.757475366097624,0.783652043538236
429,5,0.753288225473167,0.779320204571852
429,6,0.747597786499801,0.773433116582336
429,7,0.740364402858869,0.765949763161728
429,8,0.731598277121466,0.756880699459472
429,9,0.721348099922974,0.746276298751883
429,10,0.709691570652052,0.734216945547063
429,11,0.696727531683864,0.720804897994588
429,12,0.682569483072838,0.706157578460352
429,13,0.667340275229211,0.690402082793726
429,14,0.651167803938084,0.67367072657597
429,15,0.634181555584711,0.656097470956125
429,16,0.616509871019621,0.637815091961359
429,17,0.598277814481065,0.618952975774068
429,18,0.579605549699315,0.599635438717927
429,19,0.560607139011109,0.579980484872375
429,20,0.541389693254782,0.560098926590003
429,21,0.522052810611337,0.540093803945207
429,22,0.502688251592667,0.52006004849072
429,23,0.483379805222252,0.500084344813812
429,24,0.4642033082531,0.480245150418355
429,25,0.445226785152345,0.460612840546985
429,26,0.426510681666235,0.441249949817582
429,27,0.408108169164085,0.422211487084671
429,28,0.390065500733864,0.403545303840893
429,29,0.372422403243638,0.385292499827228
429,30,0.355212492360652,0.367487852394212
429,31,0.338463699893773,0.350160258612401
429,32,0.322198704848359,0.333333181223544
429,33,0.306435361301622,0.317025091302367
429,34,0.291187117662103,0.301249902004743
429,35,0.276463423104505,0.286017389048001
429,36,0.262270118001956,0.271333594635681
430,0,0.76518048616366,0.792624496201149
430,1,0.765114946198667,0.79255660557577
430,2,0.764687160809754,0.792113477209978
430,3,0.763613532088311,0.791001341655258
430,4,0.761683975719324,0.789002579699725
430,5,0.758750026734532,0.785963401521502
430,6,0.754714524506694,0.781783161724359
430,7,0.749522689399459,0.776405115942163
430,8,0.74315442422232,0.769808446177344
430,9,0.73561769219589,0.762001401259873
430,10,0.726942839729968,0.753015416005734
430,11,0.717177747154484,0.742900088023697
430,12,0.706383703800635,0.731718904851852
430,13,0.694631915668037,0.719545626368543
430,14,0.682000564479027,0.706461238366537
430,15,0.668572346344442,0.692551402940431
430,16,0.654432426664338,0.677904340037718
430,17,0.639666755368446,0.662609082273559
430,18,0.624360693260246,0.646754052007222
430,19,0.608597906151385,0.630425915813463
430,20,0.592459488737108,0.613708676934818
430,21,0.576023284837865,0.596682971142956
430,22,0.559363374779795,0.579425535733514
430,23,0.542549704363423,0.562008825187372
430,24,0.525647833126053,0.5445007504042
430,25,0.508718782484121,0.526964521398282
430,26,0.491818966887842,0.509458575983951
430,27,0.475000193368106,0.492036579306227
430,28,0.458309716837408,0.474747481125185
430,29,0.441790340251867,0.457635619570379
430,30,0.425480550276123,0.440740861671515
430,31,0.40941468044071,0.424098772367627
430,32,0.393623094963116,0.407740804921083
430,33,0.378132387438071,0.391694506734107
430,34,0.362965589506231,0.375983735501582
430,35,0.348142385398418,0.360628881450157
430,36,0.333679328938214,0.345647092123858
431,0,0.760784383272213,0.776788222857599
431,1,0.76068885692814,0.776690687023953
431,2,0.760071377534991,0.776060218351091
431,3,0.758538473386686,0.774495068072832
431,4,0.75581409128324,0.771713375941589
431,5,0.751717973499064,0.767531092335162
431,6,0.746147294409998,0.761843228592357
431,7,0.739061117578311,0.754607987137656
431,8,0.730467289139024,0.74583337915716
431,9,0.720411431817594,0.735565987094739
431,10,0.708967746590708,0.723881572816806
431,11,0.696231366547103,0.710877270629163
431,12,0.682312040507794,0.69666513802604
431,13,0.667328952952126,0.681366866648244
431,14,0.65140651223545,0.665109481901906
431,15,0.634670961391347,0.648021882465625
431,16,0.617247685354122,0.630232090867772
431,17,0.599259105542342,0.611865103780545
431,18,0.58082306770055,0.593041245948362
431,19,0.562051641960196,0.57387494500691
431,20,0.543050265478955,0.554473856087041
431,21,0.523917167950626,0.534938275239722
431,22,0.504743028923191,0.515360789545439
431,23,0.485610823377154,0.495826119444128
431,24,0.466595818538554,0.476411115481145
431,25,0.447765690553458,0.457184877436127
431,26,0.429180734541183,0.43820896879488
431,27,0.410894145767193,0.419537703837022
431,28,0.392952353317532,0.401218488329591
431,29,0.37539539078864,0.38329219801467
431,30,0.358257291194494,0.365793581823794
431,31,0.3415664955945,0.348751679101719
431,32,0.325346266910586,0.332190242128566
431,33,0.309615102074795,0.316128156937338
431,34,0.294387137067941,0.300579856872956
431,35,0.279672540609624,0.28555572456393
431,36,0.265477893269783,0.271062479008888
432,0,0.769301864771826,0.796708810704882
432,1,0.769237739747212,0.796642401179003
432,2,0.768818920532951,0.796208661221551
432,3,0.767767035905739,0.795119302429222
432,4,0.765875161185109,0.793160028277295
432,5,0.762996364154978,0.790178671981199
432,6,0.759033758114575,0.786074895180037
432,7,0.75393188463712,0.7807912636997
432,8,0.747669268051591,0.77430553678256
432,9,0.740252001075268,0.766624024203437
432,10,0.731708236615618,0.75777588183788
432,11,0.722083474712893,0.747808230698606
432,12,0.711436546074861,0.736781997380711
432,13,0.699836204811753,0.724768385410275
432,14,0.687358252947178,0.711845897313867
432,15,0.674083128180911,0.698097836443602
432,16,0.660093894321282,0.683610225817202
432,17,0.645474580887018,0.668470088566932
432,18,0.630308824689434,0.652764041127152
432,19,0.614678771825798,0.63657715611039
432,20,0.598664203515372,0.619992057000646
432,21,0.582341853655782,0.603088211397204
432,22,0.565784889927183,0.585941393632752
432,23,0.549062533777489,0.568623291220303
432,24,0.53223979773077,0.551201232803015
432,25,0.515377321215062,0.53373801813324
432,26,0.498531288543181,0.516291833131347
432,27,0.481753414834834,0.4989162353063
432,28,0.465090987570893,0.48166019679033
432,29,0.448586953148577,0.464568193977707
432,30,0.432280039284076,0.447680334288056
432,31,0.416204905408894,0.431032511920673
432,32,0.400392314347543,0.414656585648366
432,33,0.384869319564954,0.398580572735693
432,34,0.369659463147822,0.382828853973541
432,35,0.354782980449222,0.367422385614351
432,36,0.340257007992843,0.352378914683098
433,0,0.77216946504054,0.801670154117079
433,1,0.772024114690969,0.801519250665936
433,2,0.771095594190168,0.800555256093917
433,3,0.768820853501412,0.798193609070701
433,4,0.76483250428655,0.794052885208248
433,5,0.758917476533977,0.787911874167668
433,6,0.750982804262994,0.77967405820843
433,7,0.741027442841138,0.769338352787947
433,8,0.729119177508706,0.756975132877644
433,9,0.715375818404176,0.742706709545421
433,10,0.699949994522343,0.726691542967858
433,11,0.683016960054881,0.709111582912732
433,12,0.664764913590342,0.690162218084623
433,13,0.645387405544068,0.670044393481126
433,14,0.625077473566519,0.648958521744805
433,15,0.604023200950478,0.627099871879599
433,16,0.582404440450577,0.604655167904072
433,17,0.56039048651009,0.581800172145764
433,18,0.53813851358811,0.558698063904749
433,19,0.515792627901604,0.535498454967554
433,20,0.493483405141817,0.512336909662041
433,21,0.471327808200639,0.489334859440517
433,22,0.449429397177026,0.466599820909437
433,23,0.42787875938275,0.444225842263505
433,24,0.406754100126111,0.422294116640229
433,25,0.386121946063577,0.400873712343083
433,26,0.366037922168322,0.380022379494077
433,27,0.346547571126303,0.359787400734808
433,28,0.32768719045516,0.340206460327447
433,29,0.309484668038439,0.321308511610495
433,30,0.291960301240736,0.303114627408171
433,31,0.275127588458758,0.285638821822633
433,32,0.258993984989522,0.268888834980085
433,33,0.243561617563445,0.252866874862555
433,34,0.228827953885347,0.237570312428673
433,35,0.214786425126234,0.222992327887719
433,36,0.201427000577761,0.209122507308725
434,0,0.768138637070338,0.790208817564386
434,1,0.76803167323324,0.790098780439372
434,2,0.76734223571026,0.789389533978477
434,3,0.76563617630122,0.787634456023469
434,4,0.762613997971697,0.784525444382877
434,5,0.758085172927378,0.779866497012546
434,6,0.751946467504474,0.773551414136218
434,7,0.744163715295876,0.765545047676631
434,8,0.73475655235462,0.755867597870438
434,9,0.723785691813478,0.744581522261817
434,10,0.711342370891157,0.731780679499755
434,11,0.697539651958867,0.71758138046663
434,12,0.682505301944653,0.702115063093387
434,13,0.666376011589396,0.685522345523038
434,14,0.649292748585283,0.667948245735391
434,15,0.631397066996545,0.649538384929951
434,16,0.612828220088184,0.630436017400368
434,17,0.593720945216848,0.610779751780737
434,18,0.574203808161865,0.590701847805901
434,19,0.554398010540122,0.570326989460943
434,20,0.534416578061355,0.549771449913408
434,21,0.514363859609259,0.529142576201993
434,22,0.494335277715334,0.508538532541004
434,23,0.474417280134721,0.488048250504865
434,24,0.454687450119507,0.467751542469801
434,25,0.435214739775895,0.447719341675831
434,26,0.416059796728449,0.42801403827674
434,27,0.397275359321272,0.408689885896187
434,28,0.378906699871072,0.389793457616331
434,29,0.360992099145845,0.371364134089251
434,30,0.343563338358675,0.353434609666721
434,31,0.326646197611847,0.336031405165633
434,32,0.310260951965797,0.319175378190022
434,33,0.294422858196087,0.302882223873543
434,34,0.279142626888005,0.287162960538319
434,35,0.264426875845074,0.272024396130782
434,36,0.250278561891297,0.257469572430487
435,0,0.77316351838174,0.790577558897964
435,1,0.773046815030319,0.790458227025095
435,2,0.772296329238985,0.789690837965997
435,3,0.770443989925216,0.787796778225575
435,4,0.767171350812471,0.784450429129431
435,5,0.762280260903196,0.779449176704953
435,6,0.755668234974583,0.77268822744424
435,7,0.747307851258005,0.764139541955384
435,8,0.737229593035282,0.75383429009826
435,9,0.725507629123975,0.741848311202247
435,10,0.712248096510852,0.728290132788253
435,11,0.697579507944866,0.71329116211094
435,12,0.681644959191459,0.69699771789622
435,13,0.664595855823871,0.679564615840452
435,14,0.646586918716607,0.661150061612121
435,15,0.627772261543717,0.641911640003225
435,16,0.608302363214469,0.6220032191748
435,17,0.588321783867771,0.60157261520846
435,18,0.567967495292292,0.580759884922392
435,19,0.547367715878913,0.559696134583327
435,20,0.526641156829819,0.538502749137926
435,21,0.505896600681094,0.517290961242388
435,22,0.485232745538343,0.496161691989786
435,23,0.464738259036646,0.475205606085357
435,24,0.44449199514348,0.454503333532501
435,25,0.424563334724692,0.434125817869362
435,26,0.405012617462522,0.414134757814974
435,27,0.385891638402697,0.394583115000147
435,28,0.367244187247143,0.375515665406711
435,29,0.349106612615348,0.356969576337808
435,30,0.331508396971625,0.338974994294291
435,31,0.314472730845047,0.321555632127876
435,32,0.298017077430128,0.304729346358384
435,33,0.28215372071559,0.288508697648061
435,34,0.266890292003495,0.272901489179563
435,35,0.252230271101574,0.257911279136684
435,36,0.238173459641006,0.243537864682721
436,0,0.757118256503247,0.785901502060153
436,1,0.757021424953511,0.785800989280636
436,2,0.756395822159695,0.785151603043902
436,3,0.754843624274658,0.783540395496248
436,4,0.752086539846714,0.780678495423681
436,5,0.747943659782376,0.776378116140191
436,6,0.742312666872096,0.770533050658983
436,7,0.735153949466024,0.763102181420352
436,8,0.726477221308324,0.754095591454344
436,9,0.71633030007815,0.743562916317293
436,10,0.704789741637372,0.731583622283215
436,11,0.691953066054876,0.718258936826104
436,12,0.677932345790746,0.703705193047112
436,13,0.662848956536206,0.688048380958009
436,14,0.646829317609471,0.671419725940325
436,15,0.630001471940248,0.653952138711669
436,16,0.612492375923472,0.635777402148252
436,17,0.594425787128736,0.617023978691707
436,18,0.575920653319192,0.597815338123572
436,19,0.557089919731043,0.578268719501309
436,20,0.538039683329602,0.558494253261861
436,21,0.518868633000405,0.538594380130586
436,22,0.499667723539399,0.51866351271759
436,23,0.480520039038952,0.498787893710097
436,24,0.461500807970783,0.479045611528794
436,25,0.442677538070726,0.45950674034048
436,26,0.424110244145892,0.440233576525737
436,27,0.405851746251543,0.421280948191554
436,28,0.387948019410127,0.402696578185567
436,29,0.3704385792452,0.384521484390573
436,30,0.353356890646073,0.366790403925312
436,31,0.336730788924157,0.349532230311845
436,32,0.320582904921429,0.332770454745305
436,33,0.304931087230759,0.316523604365709
436,34,0.289788816127233,0.300805671925637
436,35,0.275165605024059,0.285626532508229
436,36,0.261067386286902,0.270992344008963
437,0,0.76328898618842,0.787653287456069
437,1,0.763197563049213,0.787558946076264
437,2,0.762605855739035,0.78694835137818
437,3,0.761134836345484,0.785430376820433
437,4,0.758516621069667,0.782728587712269
437,5,0.754574327332031,0.778660455355124
437,6,0.749204920211726,0.773119655937701
437,7,0.742364651653267,0.766061044959888
437,8,0.734056744811582,0.757487948460215
437,9,0.724321019103261,0.74744145689714
437,10,0.713225189636573,0.735991446855555
437,11,0.700857608283114,0.723229090412319
437,12,0.687321243243384,0.709260642528653
437,13,0.672728720004516,0.694202323714479
437,14,0.65719826949713,0.678176138849816
437,15,0.640850449391361,0.661306493824085
437,16,0.623805522150541,0.643717489896852
437,17,0.60618138897002,0.625530791687671
437,18,0.588091992321561,0.606863978729442
437,19,0.569646111725179,0.587829302801108
437,20,0.550946487779812,0.568532783997253
437,21,0.532089218578423,0.549073587876675
437,22,0.513163380568798,0.529543634221006
437,23,0.494250832837158,0.51002739507103
437,24,0.47542616981068,0.490601845919456
437,25,0.456756792605715,0.471336539336586
437,26,0.438303073787203,0.452293774988873
437,27,0.42011859423637,0.433528844067472
437,28,0.402250434223406,0.415090329652006
437,29,0.384739503715641,0.397020447562222
437,30,0.367620899478286,0.379355414857448
437,31,0.350924278695609,0.362125835383814
437,32,0.334674240700772,0.345357093688962
437,33,0.318890709992582,0.329069750264749
437,34,0.303589315072064,0.313279932476347
437,35,0.288781758782107,0.29799971672318
437,36,0.274476176806408,0.283237498381213
438,0,0.760850926984086,0.793422744363988
438,1,0.760730240512632,0.793296891338128
438,2,0.759955263188808,0.79248873744979
438,3,0.758045580395536,0.790497301665241
438,4,0.754677240984639,0.786984764577409
438,5,0.749651566051199,0.781743941892501
438,6,0.742869039067874,0.774671056808213
438,7,0.734307537975285,0.765743040225933
438,8,0.724004269871615,0.754998692069409
438,9,0.712040856126212,0.742523127896194
438,10,0.698531091651422,0.728435014147306
438,11,0.683610968105769,0.71287616424649
438,12,0.667430608202293,0.696003127618539
438,13,0.650147808141738,0.677980455675831
438,14,0.631922928432905,0.658975373916118
438,15,0.612914910837671,0.639153628354067
438,16,0.593278231619289,0.61867630833896
438,17,0.573160629323192,0.597697477062427
438,18,0.552701469543653,0.576362466321219
438,19,0.532030630021852,0.554806713886633
438,20,0.51126780741392,0.533155040595483
438,21,0.490522162540589,0.511521280412992
438,22,0.46989223421444,0.490008190571008
438,23,0.449466063126398,0.468707580758041
438,24,0.429321477013035,0.447700610494502
438,25,0.409526496641576,0.427058212497814
438,26,0.390139829232885,0.406841607228702
438,27,0.371211421962258,0.387102880087196
438,28,0.352783053279859,0.367885598047339
438,29,0.334888944104471,0.349225447015963
438,30,0.317556374576568,0.331150874988799
438,31,0.300806295105776,0.313683729256704
438,32,0.284653922996934,0.29683987857312
438,33,0.269109318060558,0.280629813406267
438,34,0.254177932370212,0.265059219231465
438,35,0.239861130775109,0.250129519326743
438,36,0.226156679958171,0.23583838476734
439,0,0.773762754900099,0.781430817581659
439,1,0.77368929961969,0.781356634352417
439,2,0.773211041594899,0.780873636744997
439,3,0.772014085464566,0.779664818665278
439,4,0.769869022520538,0.777498497942937
439,5,0.766616777441482,0.774214022805037
439,6,0.762156399482134,0.769709442074802
439,7,0.756434559184917,0.763930897794645
439,8,0.749436538999387,0.756863526561796
439,9,0.741178530543967,0.748523680455158
439,10,0.731701072934729,0.738952300337309
439,11,0.721063485917037,0.728209293817947
439,12,0.709339168718283,0.716368787517807
439,13,0.696611650819111,0.703515138702648
439,14,0.682971294418375,0.689739605069334
439,15,0.668512560424983,0.675137583643386
439,16,0.65333176051033,0.659806340554046
439,17,0.637525227244033,0.643843163035882
439,18,0.621187842743811,0.627343873497446
439,19,0.604411873714665,0.610401653015584
439,20,0.587286067337921,0.593106128264652
439,21,0.569894968290984,0.575542681767869
439,22,0.55231842231795,0.557791950548267
439,23,0.53463123630456,0.539929482834961
439,24,0.516902968805687,0.522025526514733
439,25,0.499197828489554,0.504144926569831
439,26,0.481574661054003,0.486347111864574
439,27,0.464087007884144,0.468686154384304
439,28,0.446783222100473,0.451210886433551
439,29,0.429706629730204,0.43396506340459
439,30,0.412895725556066,0.41698756156712
439,31,0.396384394786593,0.400312601935318
439,32,0.380202153076852,0.38396999266721
439,33,0.364374398632804,0.3679853836674
439,34,0.348922671177279,0.352380528119423
439,35,0.333864913460006,0.337173546587373
439,36,0.319215731775118,0.322379190115146
440,0,0.766196382146686,0.795380806239089
440,1,0.766110230783529,0.795291373370071
440,2,0.7655517124152,0.794711581034252
440,3,0.764160600824731,0.793267481996228
440,4,0.761679858427537,0.790692248108509
440,5,0.757937331177645,0.786807167976637
440,6,0.752830103673011,0.781505406150379
440,7,0.746311168827026,0.774738165042958
440,8,0.738378108249916,0.766502934148124
440,9,0.729063516460071,0.756833549509635
440,10,0.718426934752793,0.745791820351035
440,11,0.706548089466581,0.733460509787462
440,12,0.693521254927861,0.719937483054915
440,13,0.679450583901367,0.705330860097466
440,14,0.664446268261481,0.689755029998554
440,15,0.648621410129588,0.673327402939941
440,16,0.632089499160925,0.65616579139841
440,17,0.614962405249462,0.638386326392761
440,18,0.59734880786269,0.620101826991954
440,19,0.579352993708285,0.601420552184891
440,20,0.561073963639113,0.582445273767427
440,21,0.542604797770847,0.563272617277316
440,22,0.524032234850128,0.543992625340497
440,23,0.505436428088224,0.524688504204465
440,24,0.486890845070087,0.505436519834855
440,25,0.468462284054107,0.486306014836059
440,26,0.450210983076046,0.467359521710928
440,27,0.432190801834319,0.448652951674063
440,28,0.414449459427634,0.430235841444885
440,29,0.39702881369707,0.412151643229853
440,30,0.379965170243554,0.394438045510416
440,31,0.363289611193099,0.377127314330927
440,32,0.347028335505603,0.360246646569798
440,33,0.331203004103328,0.343818528213932
440,34,0.315831084363215,0.327861091972746
440,35,0.300926189600029,0.312388469692232
440,36,0.286498410088904,0.297411135986157
441,0,0.760265166121044,0.794352726405708
441,1,0.760196742531526,0.794281234948114
441,2,0.759750664927773,0.79381515682627
441,3,0.758632616449854,0.792646979069001
441,4,0.756625964549797,0.790550356102713
441,5,0.753578979911142,0.787366755613188
441,6,0.749393780474748,0.782993906861202
441,7,0.744016792287408,0.777375833829845
441,8,0.73743054229022,0.770494280030991
441,9,0.729646619064481,0.762361353636316
441,10,0.720699656211357,0.753013241093306
441,11,0.710642209689137,0.742504854780716
441,12,0.69954041527689,0.730905295768486
441,13,0.687470325563049,0.718294026570043
441,14,0.674514837640373,0.704757661086142
441,15,0.660761133176387,0.690387289897247
441,16,0.646298561856781,0.675276268808144
441,17,0.63121690749078,0.659518407211689
441,18,0.615604983431864,0.643206500533244
441,19,0.599549510503191,0.626431157846303
441,20,0.583134236412963,0.609279881805605
441,21,0.566439260780377,0.591836363409669
441,22,0.549540534438716,0.574179958854439
441,23,0.532509505702594,0.556385319940417
441,24,0.515412889838388,0.538522153206982
441,25,0.498312541111868,0.520655086243089
441,26,0.48126540955072,0.502843622511186
441,27,0.464323566993212,0.4851421685638
441,28,0.447534289134293,0.467600119768299
441,29,0.430940182159918,0.450261992619036
441,30,0.414579344208542,0.4331675934382
441,31,0.398485553341877,0.41635221477451
441,32,0.382688474968497,0.399846852126944
441,33,0.367213882764541,0.383678434770741
441,34,0.352083888094337,0.36787006546441
441,35,0.337317173766697,0.35244126468683
441,36,0.322929228684853,0.337408215808041
442,0,0.77009772481912,0.813107964906899
442,1,0.76996315171958,0.812965875850443
442,2,0.76910150405661,0.812056104849798
442,3,0.766985149072856,0.809821550664788
442,4,0.763264699963217,0.805893313109237
442,5,0.757732293294705,0.800051919501267
442,6,0.750291044325296,0.792195074050512
442,7,0.740929752158527,0.782310950286339
442,8,0.729702056291423,0.770456183491334
442,9,0.716709358529869,0.756737838799393
442,10,0.702086921656887,0.74129873346953
442,11,0.685992640571174,0.724305580888386
442,12,0.668598054551916,0.705939500866738
442,13,0.65008123232659,0.686388507335737
442,14,0.63062121601156,0.665841641979543
442,15,0.610393756888689,0.644484471853507
442,16,0.589568116360492,0.62249571167149
442,17,0.568304740151895,0.60004476811094
442,18,0.54675364364965,0.577290034972924
442,19,0.525053371845674,0.554377795037919
442,20,0.503330419249067,0.531441607579704
442,21,0.481699013850632,0.50860208026422
442,22,0.460261185196178,0.485966941024795
442,23,0.439107050227427,0.463631339867361
442,24,0.418315262109173,0.441678322764785
442,25,0.397953577062848,0.42017943014829
442,26,0.378079502516446,0.399195381256797
442,27,0.358740996872902,0.378776812987612
442,28,0.339977197078661,0.358965048099982
442,29,0.321819155101958,0.339792872825942
442,30,0.304290568544631,0.321285308287078
442,31,0.287408494032208,0.303460363727702
442,32,0.271184034857597,0.286329762563697
442,33,0.255622996683245,0.269899634705888
442,34,0.240726507011585,0.254171170628131
442,35,0.226491595679895,0.239141234283028
442,36,0.212911734879901,0.22480293328182
443,0,0.754343710768527,0.793005724660289
443,1,0.754256068602955,0.792913590613132
443,2,0.753688373740598,0.792316799960168
443,3,0.752275769852463,0.790831796567182
443,4,0.749759189113855,0.788186234731382
443,5,0.745966376641418,0.784199031073063
443,6,0.740795702705271,0.778763347082884
443,7,0.734202396579325,0.771832117422355
443,8,0.726186880625884,0.763405786100908
443,9,0.716784922748397,0.753521954217077
443,10,0.706059360269842,0.742246679664804
443,11,0.694093179121672,0.729667201613408
443,12,0.68098375942114,0.715885891156263
443,13,0.66683812248424,0.701015254721183
443,14,0.651769035433472,0.685173839029536
443,15,0.635891848140028,0.668482905923754
443,16,0.619321953578688,0.651063762559024
443,17,0.602172777028432,0.633035647545368
443,18,0.58455421215187,0.614514086872212
443,19,0.566571433035613,0.595609645062836
443,20,0.548324020952622,0.576427007181087
443,21,0.529905353076995,0.557064336216271
443,22,0.511402207784159,0.537612858153982
443,23,0.492894547631376,0.518156633833809
443,24,0.474455446747006,0.498772482617123
443,25,0.456151134261439,0.479530028043945
443,26,0.438041129675838,0.460491840139688
443,27,0.420178449764858,0.441713652922153
443,28,0.402609869815023,0.423244639029034
443,29,0.385376224772421,0.405127726300189
443,30,0.368512738265583,0.387399943663769
443,31,0.352049369529289,0.370092785840749
443,32,0.336011170024551,0.353232588242569
443,33,0.320418643065967,0.336840905030311
443,34,0.305288101062732,0.320934884665199
443,35,0.29063201608227,0.305527638439506
443,36,0.276459360381018,0.290628598460393
444,0,0.76600004955619,0.785984875323694
444,1,0.7659230810296,0.785905898699853
444,2,0.765422655986676,0.785392417643032
444,3,0.764172204661538,0.78410934223141
444,4,0.761934907222839,0.781813674039956
444,5,0.758548367171419,0.77833877966934
444,6,0.753911430474153,0.773580865992969
444,7,0.747972881784945,0.767487381464091
444,8,0.740721780398375,0.760047099935931
444,9,0.732179226410389,0.751281672002756
444,10,0.722391372293264,0.741238454247884
444,11,0.7114235170603,0.729984449326025
444,12,0.699355139696204,0.71760120981661
444,13,0.686275745828004,0.704180576534977
444,14,0.672281416946708,0.689821137723743
444,15,0.657471965075149,0.674625309486364
444,16,0.641948607803308,0.658696950164478
444,17,0.625812089249678,0.642139432275437
444,18,0.609161181908596,0.625054105273057
444,19,0.592091512645397,0.607539090913168
444,20,0.57469466342575,0.589688360521112
444,21,0.557057503821554,0.571591050082817
444,22,0.539261718020551,0.553330974914163
444,23,0.521383494067246,0.534986310794247
444,24,0.503493347456203,0.51662941295625
444,25,0.485656055054365,0.498326748285805
444,26,0.467930678708381,0.480138919544233
444,27,0.450370660850709,0.462120763468994
444,28,0.433023977003402,0.444321507256277
444,29,0.415933332334455,0.426784970245467
444,30,0.399136391386898,0.409549799641844
444,31,0.382666031810002,0.392649730867588
444,32,0.366550614405328,0.376113864653297
444,33,0.35081426308515,0.359966954300475
444,34,0.335477149450952,0.34422969768465
444,35,0.320555777656586,0.328919029550558
444,36,0.306063266043122,0.314048410494808
445,0,0.772657855482089,0.792009603707169
445,1,0.772540683865075,0.791889497446294
445,2,0.771787288413113,0.791117232686272
445,3,0.769928049036745,0.789211427379012
445,4,0.76664372854652,0.785844848819751
445,5,0.761735947857414,0.78081414938263
445,6,0.755102399829943,0.774014459575385
445,7,0.746716122340246,0.765418141989189
445,8,0.736608241756219,0.755057102573263
445,9,0.72485367710298,0.743008136751316
445,10,0.711559364229121,0.729380858653931
445,11,0.69685461947036,0.71430782343353
445,12,0.680883314737015,0.697936506371528
445,13,0.663797581584563,0.680422849263006
445,14,0.645752801505772,0.661926125237247
445,15,0.626903674150736,0.642604908503647
445,16,0.607401185090465,0.622613966170846
445,17,0.587390320664193,0.602101915860814
445,18,0.567008399894569,0.581209515845715
445,19,0.546383912861135,0.56006847432764
445,20,0.525635771679521,0.538800681658066
445,21,0.504872894682544,0.517517784104483
445,22,0.484194056838721,0.496321030522533
445,23,0.463687950135323,0.475301334251405
445,24,0.443433406826352,0.454539501953203
445,25,0.423499746301193,0.434106589169169
445,26,0.40394721304256,0.414064349246585
445,27,0.384827478865957,0.394465748157168
445,28,0.366184187500919,0.375355522717723
445,29,0.34805352370347,0.356770763956413
445,30,0.330464792581238,0.338741510947474
445,31,0.31344099775603,0.321291343454267
445,32,0.2969994094604,0.304437964254214
445,33,0.281152115731783,0.288193764137979
445,34,0.265906551588324,0.272566364338853
445,35,0.251266002494771,0.257559132608316
445,36,0.237230079598687,0.243171670354851
446,0,0.773816422621646,0.799696175499588
446,1,0.773714302709424,0.799590640257819
446,2,0.773055101015208,0.798909392020723
446,3,0.771421119818356,0.79722076345746
446,4,0.768521639339708,0.794224311867747
446,5,0.764169136498235,0.789726242591336
446,6,0.758259148384295,0.783618599029114
446,7,0.75075328125374,0.775861703384825
446,8,0.741664929439834,0.766469397955908
446,9,0.731047324472346,0.755496694563676
446,10,0.718983583783504,0.743029490445157
446,11,0.705578471464841,0.729176053454174
446,12,0.690951621323158,0.714060018467115
446,13,0.675232005593273,0.697814671105627
446,14,0.658553461653716,0.680578324846423
446,15,0.641051114449507,0.66249062379447
446,16,0.622858554487496,0.643689626298349
446,17,0.604105650618368,0.624309544582268
446,18,0.58491689369463,0.604479033008843
446,19,0.565410181895737,0.584319932780267
446,20,0.545695971304824,0.563946394106671
446,21,0.525876726440243,0.543464308361064
446,22,0.506046615095654,0.522970992713571
446,23,0.48629140020683,0.502555078381795
446,24,0.466688488701964,0.482296561114886
446,25,0.447307103546599,0.462266978992399
446,26,0.428208550588597,0.442529688193702
446,27,0.40944655645242,0.423140212192903
446,28,0.391067657721582,0.404146643957234
446,29,0.373111625067998,0.385590084261114
446,30,0.355611908911425,0.367505102250359
446,31,0.338596095686247,0.349920206968492
446,32,0.322086365913708,0.332858320748888
446,33,0.30609994707526,0.316337247234154
446,34,0.290649555800735,0.300370128352973
446,35,0.275743825161793,0.284965885904092
446,36,0.261387713929976,0.270129644501726
447,0,0.760528593478657,0.777442494666234
447,1,0.760451599553145,0.777363788421607
447,2,0.759951103742552,0.776852161751823
447,3,0.758700740112756,0.775573990453697
447,4,0.756464084225647,0.773287592088804
447,5,0.753079254813231,0.76982748520397
447,6,0.748445676602019,0.765090857765311
447,7,0.742512733039325,0.759025967524962
447,8,0.735270069348322,0.751622229419329
447,9,0.726739334497544,0.742901773882753
447,10,0.716967175688742,0.732912285535129
447,11,0.706019321181881,0.721720954410909
447,12,0.693975606989181,0.709409392048484
447,13,0.680925820452007,0.696069382629618
447,14,0.666966249207054,0.681799355195795
447,15,0.6521968377682,0.666701476993406
447,16,0.636718866091546,0.650879280410855
447,17,0.620633075226716,0.634435746944964
447,18,0.60403817464241,0.617471781329958
447,19,0.587029674187108,0.600085017521356
447,20,0.569698991030166,0.582368905775741
447,21,0.552132788435035,0.564412036718517
447,22,0.534412508943408,0.546297664146225
447,23,0.516614069584793,0.528103393457683
447,24,0.498807691148796,0.509901007129336
447,25,0.48105783743711,0.491756402616237
447,26,0.463423243811344,0.473729621534763
447,27,0.445957017326623,0.455874952023159
447,28,0.428706793339004,0.438241088831844
447,29,0.411714935740886,0.420871338011995
447,30,0.395018769951981,0.403803855088157
447,31,0.378650839508664,0.387071907354054
447,32,0.362639178582492,0.370704152451828
447,33,0.347007594046736,0.354724926711639
447,34,0.331775951822179,0.339154537865693
447,35,0.316960463191609,0.324009557730277
447,36,0.30257396759559,0.309303111290815
448,0,0.767908809189269,0.787554989902297
448,1,0.767793463366538,0.787436693071776
448,2,0.767051602802355,0.786675852745239
448,3,0.76522026216265,0.784797659082462
448,4,0.761984197791002,0.781478803232603
448,5,0.757146979181545,0.776517829211288
448,6,0.750606705510164,0.76981022916349
448,7,0.74233568617928,0.761327604055318
448,8,0.732363512192924,0.751100301947115
448,9,0.720763021941291,0.739203024726618
448,10,0.707638731987756,0.725742962909195
448,11,0.693117361907144,0.710850078063561
448,12,0.677340133171379,0.694669204672096
448,13,0.660456566442289,0.677353688733581
448,14,0.642619540225684,0.659060319997863
448,15,0.623981407382811,0.639945349122136
448,16,0.60469099511576,0.620161410903968
448,17,0.584891339297156,0.599855200646069
448,18,0.564718025889097,0.579165773142101
448,19,0.544298031120412,0.558223353181018
448,20,0.523748968440894,0.53714856323538
448,21,0.503178664376598,0.516051988465326
448,22,0.482684997560937,0.49503401163145
448,23,0.462355945666141,0.474184861226949
448,24,0.44226979393085,0.453584825340182
448,25,0.4224954666669,0.433304591642737
448,26,0.403092949701973,0.413405680639848
448,27,0.384113777323413,0.393940945072182
448,28,0.365601562062323,0.374955113253935
448,29,0.347592549709323,0.356485358288119
448,30,0.330116185383082,0.338561878617385
448,31,0.31319567936606,0.321208478336111
448,32,0.296848563853864,0.304443138183638
448,33,0.281087233800417,0.288278570226416
448,34,0.26591946673743,0.272722750976546
448,35,0.251348917852644,0.2577794291361
448,36,0.237375587769471,0.243448605344441
449,0,0.763258657331958,0.793428193178794
449,1,0.763179607178668,0.793346018388252
449,2,0.762666040629901,0.792812151952607
449,3,0.761383851377339,0.791479281251173
449,4,0.759091782320425,0.789096612947317
449,5,0.755625406481331,0.785493220712626
449,6,0.750883373253766,0.780563747827388
449,7,0.744815633519303,0.774256166867844
449,8,0.737413390868342,0.766561333726281
449,9,0.7287005560966,0.757504104327045
449,10,0.718726508718174,0.747135810021931
449,11,0.707559992806489,0.735527912150347
449,12,0.695283995370163,0.722766677971335
449,13,0.681991473983307,0.708948739418721
449,14,0.66778181677942,0.69417741316822
449,15,0.65275793241784,0.678559675578182
449,16,0.637023880449804,0.662203699390478
449,17,0.620682963833608,0.645216870847982
449,18,0.60383621534131,0.62770421627305
449,19,0.586581218411214,0.609767176311513
449,20,0.569011210763486,0.591502674116667
449,21,0.551214425928745,0.573002430850276
449,22,0.533273633846729,0.554352488122356
449,23,0.515265846968048,0.535632902475932
449,24,0.497262162920277,0.516917581834148
449,25,0.479327718854697,0.498274238042464
449,26,0.461521736138184,0.479764433327086
449,27,0.443897637155082,0.461443701713707
449,28,0.426503218688848,0.44336172926245
449,29,0.409380868709391,0.425562579424222
449,30,0.392567815440836,0.408084951953452
449,31,0.376096399362611,0.390962465660633
449,32,0.359994360336903,0.37422395688915
449,33,0.34428513338662,0.357893786984534
449,34,0.328988147795522,0.341992153217218
449,35,0.31411912518897,0.326535398645588
449,36,0.29969037309965,0.311536317285579
450,0,0.75990510554306,0.796745558934462
450,1,0.759843876882509,0.796681361887992
450,2,0.759443657057154,0.796261739271795
450,3,0.758437590102053,0.795206897854597
450,4,0.756626469869423,0.793307973908017
450,5,0.753868018208503,0.790415791589012
450,6,0.750067558122638,0.786431083928498
450,7,0.745169919511895,0.781296006161667
450,8,0.739152432702622,0.774986789581514
450,9,0.732018880746157,0.76750740064297
450,10,0.723794295617338,0.758884084879377
450,11,0.714520496121894,0.749160688486135
450,12,0.704252276677134,0.73839466233221
450,13,0.693054166295102,0.72665366381771
450,14,0.680997686191209,0.714012681530464
450,15,0.668159042572386,0.700551616179772
450,16,0.654617198424412,0.686353258903345
450,17,0.640452274606359,0.671501614846271
450,18,0.625744236350169,0.656080525981652
450,19,0.610571826426919,0.640172552556413
450,20,0.595011710842663,0.623858077370194
450,21,0.579137807023988,0.607214601391119
450,22,0.563020768098803,0.590316203034343
450,23,0.546727600118549,0.573233136827065
450,24,0.530321391946288,0.556031550201506
450,25,0.51386114008912,0.538773299835141
450,26,0.497401653017409,0.521515851331288
450,27,0.480993521518118,0.504312248135162
450,28,0.4646831434029,0.487211137439827
450,29,0.44851279245834,0.470256842479165
450,30,0.432520722908143,0.453489472054427
450,31,0.416741301875264,0.43694505941817
450,32,0.401205163403841,0.420655723763224
450,33,0.385939378542497,0.404649848551697
450,34,0.370967636816547,0.388952271785004
450,35,0.356310435139753,0.373584484074133
450,36,0.341985270848182,0.358564831031851
451,0,0.76210801114974,0.779285426095462
451,1,0.762039847449945,0.77921572603056
451,2,0.761595397350827,0.778761258317582
451,3,0.760481240159894,0.777621988753989
451,4,0.758481226827685,0.775576896432448
451,5,0.755443793488181,0.772471001336763
451,6,0.751270983798455,0.768204139252257
451,7,0.745908974186057,0.762721273458442
451,8,0.739339919196994,0.756004156276491
451,9,0.731574954760791,0.74806417463248
451,10,0.722648215604626,0.73893623262796
451,11,0.712611739483468,0.728673540914781
451,12,0.701531145552151,0.717343197660509
451,13,0.689481987272656,0.705022459252626
451,14,0.676546691891184,0.691795610793424
451,15,0.662812008883834,0.677751357035324
451,16,0.648366898990868,0.662980663835348
451,17,0.633300803657832,0.647574988590593
451,18,0.617702241985502,0.631624845564331
451,19,0.601657688756608,0.615218658624206
451,20,0.585250692842907,0.598441859778768
451,21,0.56856120037948,0.581376197096575
451,22,0.551665051594362,0.564099220194681
451,23,0.534633624163632,0.546683915555188
451,24,0.517533599481306,0.52919846752702
451,25,0.50042683134034,0.511706124047075
451,26,0.483370299260875,0.494265148916523
451,27,0.466416131115253,0.476928844935776
451,28,0.449611681822331,0.459745634372514
451,29,0.432999656748775,0.442759185144373
451,30,0.416618270091237,0.426008572770945
451,31,0.400501429946509,0.409528469615292
451,32,0.384678943029982,0.393349354216631
451,33,0.36917673309675,0.377497734634501
451,34,0.354017068072744,0.361996380699283
451,35,0.339218791731866,0.34686456091119
451,36,0.32479755647382,0.332118280464754
452,0,0.768432117811729,0.805943891923244
452,1,0.768338551331875,0.805845757903102
452,2,0.767733238634725,0.805210896267749
452,3,0.766229139211397,0.803633372742927
452,4,0.763553401174537,0.800827015906444
452,5,0.759526550883183,0.796603590933985
452,6,0.754044787878226,0.790854230244329
452,7,0.747064970937627,0.783533686634
452,8,0.73859193244948,0.774647028388899
452,9,0.728667803629271,0.764238443401478
452,10,0.717363073063699,0.752381861228538
452,11,0.704769136259661,0.739173138939072
452,12,0.69099212485816,0.724723589095142
452,13,0.676147831423209,0.70915465678934
452,14,0.660357569665629,0.692593577781306
452,15,0.643744830993251,0.675169871834127
452,16,0.626432616731922,0.657012544705065
452,17,0.608541341537159,0.638247889210187
452,18,0.590187217681747,0.618997790639351
452,19,0.571481042296991,0.599378454795449
452,20,0.552527320475031,0.579499488290092
452,21,0.533423666592758,0.559463270642554
452,22,0.514260434459348,0.539364566372605
452,23,0.495120534065349,0.51929033280401
452,24,0.476079398950556,0.499319685839442
452,25,0.45720507362505,0.479523991649067
452,26,0.438558395173439,0.459967057139967
452,27,0.420193247235757,0.440705396335378
452,28,0.402156868068344,0.42178855347386
452,29,0.384490197413605,0.403259466811848
452,30,0.367228249510117,0.38515485984262
452,31,0.35040050180793,0.367505648987113
452,32,0.334031290865454,0.350337358816915
452,33,0.318140208535884,0.333670537580918
452,34,0.302742492939157,0.317521167262961
452,35,0.287849409892274,0.301901063632049
452,36,0.273468621464605,0.286818262789047
453,0,0.754920176611154,0.790892152616044
453,1,0.754884712571229,0.790854998713226
453,2,0.754650232945923,0.790609346124584
453,3,0.754053183083728,0.789983846813053
453,4,0.752964145309973,0.788842916346694
453,5,0.751283328382265,0.7870820084265
453,6,0.748936547551248,0.784623403396902
453,7,0.745871647430514,0.781412460665286
453,8,0.742055324215147,0.777414289499124
453,9,0.737470307750063,0.772610796819768
453,10,0.732112867567957,0.766998074402998
453,11,0.725990610320944,0.7605840913582
453,12,0.719120539046143,0.75338666091788
453,13,0.711527347457611,0.745431653452537
453,14,0.703241924967395,0.736751430255912
453,15,0.69430005042742,0.727383475043627
453,16,0.684741254670117,0.717369202293828
453,17,0.674607833826376,0.706752923549699
453,18,0.66394399713028,0.695580954617061
453,19,0.652795134495685,0.683900848240945
453,20,0.641207190583276,0.671760738346916
453,21,0.629226133380469,0.659208783298793
453,22,0.616897506501644,0.646292696865967
453,23,0.604266055492877,0.633059356721538
453,24,0.591375419403025,0.619554481316751
453,25,0.578267879770349,0.605822366906824
453,26,0.56498415997866,0.591905677346401
453,27,0.551563268666528,0.577845280037209
453,28,0.538042381534024,0.563680122102885
453,29,0.524456756489818,0.549447141492829
453,30,0.510839677622781,0.535181208284051
453,31,0.497222423971647,0.520915091962708
453,32,0.48363425950843,0.506679450930225
453,33,0.470102441150336,0.492502840896984
453,34,0.45665224197491,0.478411739203664
453,35,0.443306987137468,0.464430582450145
453,36,0.43008810028192,0.450581815117812
454,0,0.758910622479322,0.783317635968511
454,1,0.758814901229211,0.783218836266506
454,2,0.758196237636241,0.782580276087284
454,3,0.756660604483931,0.780995256066542
454,4,0.753931755874388,0.77817864607529
454,5,0.749829504245553,0.773944463613132
454,6,0.744251277014627,0.768186837302475
454,7,0.737156510300625,0.760863898703982
454,8,0.728553492724461,0.751984203005508
454,9,0.718488321203609,0.741595329628596
454,10,0.707035673711553,0.729774358234428
454,11,0.694291141836481,0.716619954693082
454,12,0.680364899249735,0.70224583592619
454,13,0.665376511415652,0.686775412693982
454,14,0.649450717513933,0.670337435861795
454,15,0.632714038023278,0.653062494881588
454,16,0.61529208110296,0.635080237545164
454,17,0.597307438137198,0.616517197848006
454,18,0.578878073867785,0.59749513434762
454,19,0.560116129692334,0.578129794975146
454,20,0.541127070177728,0.558530036100178
454,21,0.522009112833469,0.538797233965286
454,22,0.502852889886934,0.519024935583768
454,23,0.483741298360265,0.499298703994917
454,24,0.464749501306681,0.479696119540102
454,25,0.445945048745866,0.460286904687504
454,26,0.427388091752632,0.441133145006
454,27,0.409131667396407,0.42228958326847
454,28,0.391222035885766,0.403803967439098
454,29,0.373699054416841,0.385717436544965
454,30,0.356596574922486,0.368064931217062
454,31,0.339942855228245,0.35087561806928
454,32,0.3237609750921,0.334173319118239
454,33,0.308069250282136,0.317976939177932
454,34,0.29288163926865,0.302300885631301
454,35,0.278208138309065,0.287155476221306
454,36,0.264055161715128,0.272547331547744
455,0,0.760196691550491,0.781434711659946
455,1,0.760166049641935,0.78140321369206
455,2,0.759962868293872,0.781194355958393
455,3,0.759443838847909,0.780660826110188
455,4,0.758493976123662,0.779684426564796
455,5,0.75702306396589,0.778172420750167
455,6,0.75496246823727,0.776054257060507
455,7,0.752262283225043,0.773278635540563
455,8,0.748888780364943,0.769810885333192
455,9,0.74482213088024,0.765630623694564
455,10,0.740054376406372,0.760729669923042
455,11,0.734587623940065,0.755110189879645
455,12,0.72843244353237,0.748783048916571
455,13,0.721606449052471,0.741766352991056
455,14,0.714133044097464,0.734084159538961
455,15,0.706040316725103,0.725765341329078
455,16,0.697360068153702,0.716842588027304
455,17,0.68812696191666,0.707351531580645
455,18,0.678377781188552,0.697329982794829
455,19,0.668150783124533,0.686817267635541
455,20,0.65748514008347,0.675853652840714
455,21,0.646420458545618,0.664479851397952
455,22,0.634996367394898,0.652736599324423
455,23,0.623252168020661,0.64066429599334
455,24,0.611226539410345,0.628302700987624
455,25,0.5989572920582,0.615690681133456
455,26,0.586481165111594,0.602866001979342
455,27,0.573833661719967,0.58986515854513
455,28,0.561048918046787,0.576723240674478
455,29,0.548159601855797,0.563473828787855
455,30,0.535196836993293,0.550148916255039
455,31,0.522190150461408,0.536778854989756
455,32,0.50916743911668,0.523392321217895
455,33,0.496154953336344,0.510016298687468
455,34,0.483177295274506,0.49667607687607
455,35,0.470257429584089,0.483395262012374
455,36,0.457416704710399,0.470195798964579
456,0,0.766663399128759,0.79579194602059
456,1,0.76653572559279,0.79565942166667
456,2,0.765717065091326,0.794809657044632
456,3,0.763703008605778,0.792719078660623
456,4,0.760156469720864,0.789037792865487
456,5,0.754873772365621,0.783554385136171
456,6,0.747756353181171,0.776166547305547
456,7,0.738787248326012,0.7668566710093
456,8,0.728011648665952,0.755671664091318
456,9,0.71552090651965,0.742706349702836
456,10,0.701439463318378,0.728089897292753
456,11,0.685914242336984,0.711974812326881
456,12,0.669106115507349,0.694528078892213
456,13,0.65118310950306,0.675924107654118
456,14,0.632315064895466,0.656339192092812
456,15,0.612669504200189,0.635947219560764
456,16,0.592408500911618,0.614916421359539
456,17,0.571686372907084,0.593406978507363
456,18,0.550648050544756,0.571569327834654
456,19,0.529427992950234,0.549543037096105
456,20,0.508149545884959,0.527456138441997
456,21,0.486924651649951,0.505424827300037
456,22,0.465853836080916,0.483553448876366
456,23,0.445026410166671,0.461934707434252
456,24,0.424520834460536,0.440650044550904
456,25,0.404405203505399,0.419770141947737
456,26,0.384737815175911,0.399355512464119
456,27,0.365567796346159,0.379457149496594
456,28,0.346935761782935,0.360117210926108
456,29,0.328874487787047,0.341369718353575
456,30,0.31140958598188,0.32324125648832
456,31,0.294560165887557,0.305751660896021
456,32,0.278339477613401,0.288914685109576
456,33,0.262755528231624,0.27273864042125
456,34,0.247811667230653,0.257227003579661
456,35,0.233507137947107,0.24237898917282
456,36,0.219837593092786,0.228190084742013
457,0,0.767033590312732,0.778191015113907
457,1,0.766973128475728,0.778129673786867
457,2,0.766577719990279,0.7777285136101
457,3,0.765583180659259,0.776719507510039
457,4,0.76379176633521,0.774902034913105
457,5,0.761061720566084,0.772132277349402
457,6,0.757298172289796,0.768313983743301
457,7,0.752445227549201,0.763390447092925
457,8,0.746479115981333,0.757337551266825
457,9,0.739402267900605,0.750157761931258
457,10,0.731238211314361,0.741874949336693
457,11,0.72202719033347,0.732529942992926
457,12,0.711822417308875,0.722176729288454
457,13,0.700686880762089,0.710879212988485
457,14,0.688690639896396,0.69870847239156
457,15,0.675908544278072,0.685740445840791
457,16,0.662418324255171,0.672053994365503
457,17,0.648299003918758,0.657729291557075
457,18,0.633629593982634,0.642846497435033
457,19,0.618488026930562,0.627484678104719
457,20,0.602950301215678,0.611720937508043
457,21,0.587089805250247,0.595629731579869
457,22,0.570976795444902,0.579282338694703
457,23,0.554678005689622,0.562746463467103
457,24,0.538256368454286,0.546085953795305
457,25,0.521770830160951,0.529360613547874
457,26,0.505276245675729,0.512626095520829
457,27,0.488823338714517,0.495933861267437
457,28,0.472458716680512,0.479331196151552
457,29,0.456224929975908,0.46286126952207
457,30,0.440160567176959,0.446563231272435
457,31,0.42430037864979,0.430472337254582
457,32,0.408675422231105,0.414620097078751
457,33,0.393313225518843,0.399034438764856
457,34,0.378237960126562,0.383739885531603
457,35,0.363470623964426,0.368757740728981
457,36,0.349029228230185,0.354106277549241
458,0,0.767483802770778,0.784720333362231
458,1,0.767388458857269,0.784622848167987
458,2,0.766771980434882,0.78399252456848
458,3,0.765241064417303,0.782427226482283
458,4,0.762519311112131,0.779644346696086
458,5,0.758425773823163,0.775458874723344
458,6,0.752856730644524,0.769764759220355
458,7,0.745770245818258,0.762519122615182
458,8,0.73717314205776,0.753728940849088
458,9,0.727110052856013,0.743439849816105
458,10,0.715654265733345,0.731726782963916
458,11,0.702900104286201,0.718686182254916
458,12,0.688956629355707,0.704429557872507
458,13,0.673942468156981,0.689078201220441
458,14,0.657981605254346,0.672758881369667
458,15,0.641199991239208,0.655600377572227
458,16,0.623722844226415,0.637730720153287
458,17,0.605672536150362,0.619275029336627
458,18,0.58716697059698,0.600353856645192
458,19,0.568318371802702,0.581081946702782
458,20,0.549232415708512,0.561567348772897
458,21,0.530007643772898,0.54191081740681
458,22,0.510735108795749,0.522205450313193
458,23,0.491498209439842,0.502536519163213
458,24,0.472372676593471,0.482981455646887
458,25,0.453426680317046,0.463609960821534
458,26,0.434721030964178,0.444484210749746
458,27,0.416309452257424,0.425659135707994
458,28,0.398238907712935,0.407182753942289
458,29,0.380549964919493,0.389096544128372
458,30,0.363277184849745,0.371435843426296
458,31,0.346449525671294,0.354230260360508
458,32,0.330090752482081,0.337504093757261
458,33,0.314219846061788,0.321276750675974
458,34,0.298851405146999,0.305563157718868
458,35,0.283996037935978,0.290374161328371
458,36,0.269660739538696,0.275716913714089
459,0,0.767069706822371,0.784444690822495
459,1,0.766983293730171,0.784356320377422
459,2,0.76642310629057,0.78378344406781
459,3,0.765027914975385,0.782356650113956
459,4,0.76254003875675,0.779812420725448
459,5,0.758786964389464,0.77597433503976
459,6,0.75366563856263,0.770737005473619
459,7,0.747129085424752,0.764052392120122
459,8,0.739175044014262,0.755918182804402
459,9,0.729836357323276,0.74636796444896
459,10,0.719172877621217,0.735462945043846
459,11,0.707264681744377,0.723285015254963
459,12,0.694206415743524,0.709930964971644
459,13,0.680102610954207,0.695507693280719
459,14,0.665063833552189,0.680128270805095
459,15,0.649203547281339,0.66390873136893
459,16,0.632635584562143,0.646965485823935
459,17,0.615472134845353,0.629413264836994
459,18,0.597822171080225,0.611363509716146
459,19,0.579790245710004,0.592923141134034
459,20,0.561475596857532,0.574193645067613
459,21,0.542971513470978,0.555270423563729
459,22,0.524364915297031,0.536242365198233
459,23,0.505736109754796,0.5171915964428
459,24,0.487158693203173,0.498193380695905
459,25,0.468699568820919,0.479316136567889
459,26,0.450419057434554,0.460621551219241
459,27,0.432371081208089,0.442164768211096
459,28,0.41460340321508,0.423994632503877
459,29,0.397157908605348,0.406153977992741
459,30,0.380070915406495,0.388679945349102
459,31,0.363373505009263,0.371604319991854
459,32,0.34709186411538,0.354953881780711
459,33,0.331247631411993,0.338750759543209
459,34,0.315858243508958,0.323012784847854
459,35,0.300937275761514,0.307753840546816
459,36,0.286494774525148,0.292984200556734
460,0,0.770256448484753,0.773681867635435
460,1,0.77016578889444,0.773590804871481
460,2,0.769578750535268,0.773001155885106
460,3,0.768118576737601,0.771534488526366
460,4,0.765518275855688,0.768922623806908
460,5,0.761600845713704,0.764987772401842
460,6,0.756262415896063,0.759625601971879
460,7,0.749457923020983,0.752790848733188
460,8,0.741188981357609,0.744485134133754
460,9,0.731493652860655,0.734746689394189
460,10,0.720437857521244,0.723641727659409
460,11,0.708108197419668,0.711257236139133
460,12,0.694605996505929,0.69769498938264
460,13,0.680042383364238,0.683066610175755
460,14,0.664534266426987,0.667489526856135
460,15,0.648201070638067,0.651083695464155
460,16,0.631162121732396,0.633968972390018
460,17,0.613534579371615,0.616263038317878
460,18,0.595431833598132,0.598079787548722
460,19,0.576962290656745,0.579528108422406
460,20,0.558228484376654,0.560710990747878
460,21,0.539326458176689,0.541724905060116
460,22,0.520345370503834,0.522659406303987
460,23,0.501367283273293,0.503596921333485
460,24,0.482467098765841,0.484612685528455
460,25,0.463712615559872,0.465774798975377
460,26,0.445164678524277,0.447144377127286
460,27,0.426877401756135,0.428775774732882
460,28,0.408898446686713,0.410716865179307
460,29,0.391269340464706,0.39300936029127
460,30,0.37402582221345,0.375689158128105
460,31,0.35719820689912,0.358786708470134
460,32,0.340811758383608,0.342327387530552
460,33,0.324887064807751,0.326331875008029
460,34,0.30944041079191,0.310816527942512
460,35,0.294484142081744,0.29579374698261
460,36,0.280027019233662,0.281272331643936
461,0,0.7711748966985,0.78511406557182
461,1,0.771098893916187,0.78503668902122
461,2,0.77060450836989,0.784533367339102
461,3,0.769368476675584,0.783274994079227
461,4,0.767155747087582,0.781022268879944
461,5,0.763804513913821,0.77761046137299
461,6,0.75921333370296,0.772936294492618
461,7,0.7533300642203,0.766946683520891
461,8,0.746142397207,0.759629097724274
461,9,0.737669782595532,0.751003338597375
461,10,0.727956565583757,0.741114552888006
461,11,0.71706617906383,0.73002732005287
461,12,0.7050762526418,0.717820672871527
461,13,0.692074516121312,0.704583926884599
461,14,0.678155390086333,0.690413209350465
461,15,0.663417169305602,0.675408591739087
461,16,0.647959716277106,0.65967174158675
461,17,0.631882592496368,0.643304019986586
461,18,0.615283564113228,0.626404960234744
461,19,0.598257426667928,0.609071071323302
461,20,0.58089510068495,0.591394917186754
461,21,0.563282956156171,0.573464428975033
461,22,0.545502329456229,0.555362413237007
461,23,0.527629201085587,0.53716622383868
461,24,0.509734006904634,0.518947569785294
461,25,0.491881559271295,0.500772434933493
461,26,0.474131057784131,0.4827010889286
461,27,0.456536172215154,0.464788171636466
461,28,0.439145182738556,0.447082835906863
461,29,0.42200116476485,0.42962893574855
461,30,0.405142207611723,0.412465248952652
461,31,0.388601657916233,0.395625724904587
461,32,0.372408380147181,0.379139749805264
461,33,0.356587027837678,0.363032422806244
461,34,0.341158320249276,0.347324837674638
461,35,0.326139320121083,0.332034365562604
461,36,0.311543708968276,0.317174935281945
462,0,0.772286513465069,0.772286513465069
462,1,0.772203548618549,0.772203548618549
462,2,0.771665052618391,0.771665052618391
462,3,0.770322031885713,0.770322031885713
462,4,0.767923794933251,0.767923794933251
462,5,0.764300781276624,0.764300781276624
462,6,0.759349848251703,0.759349848251703
462,7,0.75302170115111,0.75302170115111
462,8,0.745310189551906,0.745310189551906
462,9,0.736243225925302,0.736243225925302
462,10,0.725875112060096,0.725875112060096
462,11,0.714280084907752,0.714280084907752
462,12,0.701546916538168,0.701546916538168
462,13,0.687774423311216,0.687774423311216
462,14,0.673067757415049,0.673067757415049
462,15,0.657535369861046,0.657535369861046
462,16,0.641286548092323,0.641286548092323
462,17,0.624429443767368,0.624429443767368
462,18,0.607069517209772,0.607069517209772
462,19,0.589308334635787,0.589308334635787
462,20,0.571242662732216,0.571242662732216
462,21,0.552963812590139,0.552963812590139
462,22,0.534557191523212,0.534557191523212
462,23,0.51610202701745,0.51610202701745
462,24,0.497671232065912,0.497671232065912
462,25,0.47933138551947,0.47933138551947
462,26,0.461142804907575,0.461142804907575
462,27,0.443159692516127,0.443159692516127
462,28,0.425430338411296,0.425430338411296
462,29,0.407997366620079,0.407997366620079
462,30,0.390898012866136,0.390898012866136
462,31,0.374164424153663,0.374164424153663
462,32,0.357823972128494,0.357823972128494
462,33,0.34189957355616,0.34189957355616
462,34,0.326410012469264,0.326410012469264
462,35,0.311370259576077,0.311370259576077
462,36,0.296791785410745,0.296791785410745
463,0,0.761906913488854,0.776659135327389
463,1,0.761867430274104,0.776618887629298
463,2,0.761606879633069,0.776353292145135
463,3,0.760944878311617,0.775678472997544
463,4,0.759740037252906,0.774450303521327
463,5,0.75788463614511,0.772558977698507
463,6,0.755299896399185,0.76992419161037
463,7,0.75193179233515,0.766490873518941
463,8,0.747747345997677,0.762225406941923
463,9,0.742731356161369,0.757112296324198
463,10,0.736883516766048,0.751151229679578
463,11,0.730215884282268,0.744354496918852
463,12,0.722750657383413,0.736744726531367
463,13,0.714518235826267,0.728352906881188
463,14,0.705555528647345,0.719216661646321
463,15,0.69590448469541,0.709378751899061
463,16,0.685610821166996,0.698885780023114
463,17,0.674722928214722,0.687787073112674
463,18,0.663290929879172,0.676133725721855
463,19,0.65136588357371,0.663977783849732
463,20,0.638999102145554,0.651371553875005
463,21,0.626241584162354,0.638367021811653
463,22,0.613143539546175,0.625015369758124
463,23,0.59975399900997,0.611366577771632
463,24,0.586120496957882,0.597469100628692
463,25,0.572288818601324,0.58336961004481
463,26,0.55830280302842,0.5691127939309
463,27,0.544204194854353,0.554741205171258
463,28,0.530032537883367,0.540295153226615
463,29,0.515825104937405,0.525812632604108
463,30,0.501616858659014,0.511329282901238
463,31,0.487440438683723,0.496878375729874
463,32,0.473326171105703,0.482490824365195
463,33,0.459302096635648,0.468195212448768
463,34,0.44539401427643,0.454017838509858
463,35,0.431625537724811,0.439982773459208
463,36,0.418018162050489,0.42611192855914
464,0,0.778032545082041,0.799843046637516
464,1,0.777887068302947,0.799693491723727
464,2,0.776957545936064,0.798737912157622
464,3,0.774679816429862,0.796396331308372
464,4,0.770685266907718,0.792289803014753
464,5,0.764759607727414,0.786198030476355
464,6,0.756808739999405,0.778024276939719
464,7,0.74683062656169,0.767766448135302
464,8,0.734892232486137,0.755493386359534
464,9,0.721110735657485,0.74132555433203
464,10,0.705638324080358,0.725419406327161
464,11,0.688649996739857,0.707954847057512
464,12,0.670333871169272,0.689125267534682
464,13,0.65088357519725,0.66912972353514
464,14,0.630492364254535,0.648166887998062
464,15,0.609348660509386,0.626430465109816
464,16,0.587632757183597,0.604105802232439
464,17,0.565514471732876,0.581367477295867
464,18,0.543151566074002,0.558377674739504
464,19,0.520688781504517,0.535285193377911
464,20,0.4982573610816,0.51222495539059
464,21,0.475974953606949,0.489317907615276
464,22,0.453945811525554,0.46667122499439
464,23,0.432261210440662,0.444378741850217
464,24,0.41100003096655,0.4225215500487
464,25,0.390229454624054,0.401168714402928
464,26,0.370005734724084,0.380378065166744
464,27,0.350375010934857,0.360197035436658
464,28,0.331374142707728,0.340663517941009
464,29,0.313031542132586,0.321806721242704
464,30,0.295367991269078,0.303648009982605
464,31,0.278397432693885,0.286201717588125
464,32,0.262127725036733,0.2694759229891
464,33,0.246561357751663,0.253473185426167
464,34,0.231696121373392,0.238191233496342
464,35,0.217525731116697,0.223623606233703
464,36,0.204040402954145,0.209760245336243
465,0,0.753715939047449,0.795877714290044
465,1,0.753612392084804,0.795768375060658
465,2,0.75294472501845,0.795063359668057
465,3,0.751291834847166,0.793318009220571
465,4,0.748362566051027,0.790224881381244
465,5,0.743971039135897,0.785587698826934
465,6,0.738015811119051,0.779299344001754
465,7,0.730462336125211,0.771323338584326
465,8,0.721328262911272,0.761678318577379
465,9,0.710671166364478,0.75042507952375
465,10,0.698578362818026,0.737655822105536
465,11,0.685158505281072,0.723485277223458
465,12,0.670534695166228,0.70804343240441
465,13,0.654838882506736,0.691469618774904
465,14,0.638207357596865,0.673907750510376
465,15,0.620777164001878,0.655502537194146
465,16,0.602683286443859,0.636396514397653
465,17,0.584056487597255,0.616727759469488
465,18,0.565021685694057,0.59662817838616
465,19,0.545696780370381,0.57622226591824
465,20,0.526191847672304,0.555626255605992
465,21,0.506608636833519,0.534947588387505
465,22,0.487040311564579,0.514284639416025
465,23,0.467571387350316,0.493726651849892
465,24,0.448277823812038,0.473353834381336
465,25,0.429227237706598,0.453237586150412
465,26,0.410479207739544,0.433440818608945
465,27,0.39208564718186,0.414018348980924
465,28,0.374091224402557,0.395017344319061
465,29,0.35653381495302,0.376477798878093
465,30,0.33944497184296,0.358433030697279
465,31,0.322850403201347,0.340910185980996
465,32,0.306770448679645,0.323930742151277
465,33,0.291220547782013,0.307511002375727
465,34,0.276211694844231,0.291662575997304
465,35,0.261750876670372,0.276392840651757
465,36,0.247841489908833,0.261705382991063
466,0,0.772781628903239,0.79711388229217
466,1,0.772645599871172,0.796973570170609
466,2,0.771774823450321,0.796075375975156
466,3,0.769636579672045,0.793869806205327
466,4,0.765878610641604,0.789993511568716
466,5,0.760291849199286,0.784230842095003
466,6,0.752779432974369,0.77648188554833
466,7,0.743331057356404,0.76673601286127
466,8,0.732001853416279,0.755050090993782
466,9,0.71889509168822,0.741530642116408
466,10,0.704148112231874,0.726319330658068
466,11,0.687920967508459,0.709581248585185
466,12,0.670387339057322,0.691495546075422
466,13,0.651727353263025,0.672248021077812
466,14,0.632121976981678,0.652025338476515
466,15,0.6117487216055,0.631010598891048
466,16,0.590778425296396,0.609380019593387
466,17,0.569372918494607,0.587300526511465
466,18,0.547683408176427,0.56492808761268
466,19,0.525849442366171,0.542406644811888
466,20,0.50399833868651,0.519867524528732
466,21,0.482244979766667,0.497429226653949
466,22,0.460691894562731,0.475197508430178
466,23,0.439429558463282,0.453265694006889
466,24,0.418536856791382,0.431715152536466
466,25,0.398081666261014,0.410615897938724
466,26,0.378121517354347,0.390027272134168
466,27,0.358704307674014,0.369998680857305
466,28,0.339869042281156,0.350570357305395
466,29,0.321646582018756,0.331774134023934
466,30,0.304060384982285,0.313634207723679
466,31,0.287127229757896,0.296167885291137
466,32,0.270857911907599,0.279386302203685
466,33,0.255257907531742,0.263295106985364
466,34,0.240327999659643,0.247895107320409
466,35,0.226064864776369,0.233182875047757
466,36,0.212461618044968,0.21915130855046
467,0,0.767661686237206,0.794633391979712
467,1,0.767554676740927,0.794522622716992
467,2,0.766864965252647,0.793808678294279
467,3,0.765158284370069,0.792042033373654
467,4,0.762135107598375,0.788912637631083
467,5,0.757604941170286,0.784223304322513
467,6,0.751464628173732,0.777867252129541
467,7,0.743680105448214,0.76980922108641
467,8,0.734271126282138,0.760069658511061
467,9,0.723298525568327,0.748711536723334
467,10,0.71085365981583,0.735829422032796
467,11,0.697049703212615,0.721540464989596
467,12,0.682014523616749,0.705977026074403
467,13,0.665884899657701,0.689280689618223
467,14,0.648801872703515,0.671597452461469
467,15,0.630907055867103,0.653073903277617
467,16,0.612339746991745,0.633854234123774
467,17,0.59323471411877,0.61407794810102
467,18,0.57372054069318,0.593878146419026
467,19,0.55391843405289,0.573380295021691
467,20,0.533941414880289,0.552701385560183
467,21,0.513893817540484,0.531949418175621
467,22,0.493871041825923,0.511223144521273
467,23,0.473959505780874,0.490612018929531
467,24,0.454236757174767,0.470196313801854
467,25,0.434771707991926,0.450047362337272
467,26,0.415624962148136,0.430227897763234
467,27,0.396849211656022,0.410792463420217
467,28,0.378489680750185,0.391787872491142
467,29,0.360584601144797,0.373253699957097
467,30,0.343165704714472,0.355222792588489
467,31,0.326258722536602,0.337721785521178
467,32,0.309883881473993,0.320771616286486
467,33,0.294056391366068,0.304388029119809
467,34,0.278786917484015,0.28858206401542
467,35,0.264082034232103,0.273360526368533
467,36,0.249944657181181,0.258726434188246
468,0,0.758035071179176,0.774487361085402
468,1,0.757984608609381,0.774435803282867
468,2,0.757653340450096,0.774097345324587
468,3,0.756816579223293,0.773242423146122
468,4,0.755302787495482,0.771695776288898
468,5,0.752985679806084,0.769328378409903
468,6,0.749777289074136,0.766050353202638
468,7,0.745621892060138,0.761804768018001
468,8,0.740490699186,0.756562208432823
468,9,0.734377223704546,0.750316046912451
468,10,0.727293253957384,0.743078327651054
468,11,0.719265360354288,0.734876197738958
468,12,0.710331875828423,0.725748822082088
468,13,0.700540294942617,0.715744726058792
468,14,0.689945042608356,0.704919515811421
468,15,0.678605568591457,0.693333931395409
468,16,0.66658472867086,0.681052192802956
468,17,0.653947417539285,0.668140603192355
468,18,0.640759422331564,0.654666377533446
468,19,0.627086469079026,0.64069666836639
468,20,0.612993437453595,0.626297763502668
468,21,0.598543721916589,0.611534433308352
468,22,0.583798719855334,0.596469407731295
468,23,0.568817429502995,0.581162965494278
468,24,0.553656142418714,0.565672619900773
468,25,0.53836821707876,0.550052887512147
468,26,0.523003921715578,0.534355127575714
468,27,0.507610335958951,0.518627441531128
468,28,0.492231302098738,0.502914623215332
468,29,0.476907417917163,0.487258151539286
468,30,0.461676064044082,0.471696218436943
468,31,0.446571459683532,0.456263785801281
468,32,0.431624741355508,0.440992665935085
468,33,0.416864060003301,0.425911620765882
468,34,0.402314692443274,0.411046475714613
468,35,0.387999163688758,0.396420244674432
468,36,0.373937377170397,0.382053263057327
469,0,0.761820197622857,0.798831960584483
469,1,0.761731635536594,0.798739095857053
469,2,0.761157990738964,0.798137581484239
469,3,0.759730606037455,0.796640849679054
469,4,0.757187737706685,0.79397444033402
469,5,0.753355374375704,0.789955888026123
469,6,0.748130874430337,0.784477564469654
469,7,0.74146905168574,0.777492088184387
469,8,0.733370384327859,0.768999960588132
469,9,0.723871062110425,0.759039129653411
469,10,0.71303462211452,0.74767621930436
469,11,0.700944954554633,0.734999195421541
469,12,0.687700487615548,0.721111268158835
469,13,0.673409384544233,0.706125855694063
469,14,0.658185607570575,0.690162456921865
469,15,0.64214572201975,0.673343300299216
469,16,0.625406330500777,0.655790653378305
469,17,0.608082041570885,0.637624692781854
469,18,0.590283890015848,0.618961847735405
469,19,0.572118137058256,0.599913541985719
469,20,0.553685388591932,0.580585269196076
469,21,0.535079978103749,0.561075945888384
469,22,0.516389568428187,0.541477493849642
469,23,0.497694933012989,0.521874610770756
469,24,0.479069883069532,0.50234469385763
469,25,0.460581311939557,0.48295788635338
469,26,0.442289332319628,0.463777221429617
469,27,0.424247485724818,0.444858841826572
469,28,0.406503006813343,0.426252277019503
469,29,0.389097127995744,0.408000762626808
469,30,0.372065412170072,0.390141589310594
469,31,0.3554381035065,0.372706470603568
469,32,0.339240487993069,0.355721920971302
469,33,0.323493256986397,0.339209637025447
469,34,0.30821286831986,0.323186876175746
469,35,0.293411900636051,0.307666828177153
469,36,0.279099397555685,0.292658976019602
470,0,0.777057265357636,0.799814392754484
470,1,0.776928011861407,0.799681353902385
470,2,0.776099191480522,0.798828260444293
470,3,0.77406005983285,0.796729410188027
470,4,0.770469222003432,0.793033410026837
470,5,0.76512032310264,0.787527861701164
470,6,0.757913417009605,0.780109892038675
470,7,0.748831174036106,0.770761663828809
470,8,0.737919203586117,0.759530122205945
470,9,0.725269868162159,0.746510334627993
470,10,0.711009052176154,0.731831872194751
470,11,0.695285424622878,0.715647757864859
470,12,0.678261800227611,0.698125574603482
470,13,0.660108260466173,0.679440384942516
470,14,0.640996744997152,0.659769164015912
470,15,0.621096866525893,0.639286491856541
470,16,0.600572738798587,0.618161288493986
470,17,0.579580639056236,0.596554407950449
470,18,0.558267353521429,0.574616935272963
470,19,0.536769077922235,0.552489054857709
470,20,0.5152107651806,0.530299379034621
470,21,0.493705829647194,0.508164643640364
470,22,0.472356132034493,0.486189692510173
470,23,0.451252181819632,0.464467685808323
470,24,0.430473504649849,0.443080478193524
470,25,0.410089131440223,0.422099122240518
470,26,0.390158173626763,0.401584460540199
470,27,0.370730455619971,0.381587776675392
470,28,0.351847181061599,0.36215148098981
470,29,0.33354161416539,0.343309811882735
470,30,0.315839761346651,0.325089537400991
470,31,0.298761041624414,0.307510645274709
470,32,0.282318937007837,0.29058701235113
470,33,0.266521616336706,0.274327046705081
470,34,0.251372527904706,0.258734297617987
470,35,0.236870957714083,0.24380803018175
470,36,0.223012551443613,0.229543762553212
471,0,0.766703739296928,0.799683052207908
471,1,0.766617134605453,0.799592722266283
471,2,0.766055744595419,0.799007184393317
471,3,0.764657668583666,0.797548970959634
471,4,0.762164850051465,0.794948925296288
471,5,0.758404626634081,0.791026958067909
471,6,0.75327396545456,0.785675604498608
471,7,0.746726034374299,0.778846017992727
471,8,0.738758802031745,0.770536079810887
471,9,0.729405396971949,0.760780343503127
471,10,0.718725989272984,0.749641567328236
471,11,0.70680098733203,0.737203618403567
471,12,0.693725368313473,0.723565559280683
471,13,0.679603983566767,0.708836751428509
471,14,0.664547700434223,0.69313283108324
471,15,0.648670259592695,0.676572431410418
471,16,0.63208574267911,0.65927454120186
471,17,0.614906558679246,0.64135640465012
471,18,0.597241869626863,0.622931879329991
471,19,0.579196386757195,0.604110180569249
471,20,0.560869477554874,0.584994950086757
471,21,0.542354532282566,0.565683595272707
471,22,0.523738545707122,0.546266852922964
471,23,0.50510187597411,0.526828537741729
471,24,0.486518148024874,0.507445441604133
471,25,0.468054273696698,0.488187354521007
471,26,0.44977056477939,0.46911718255852
471,27,0.431720918894413,0.4502911417128
471,28,0.41395306118088,0.431759009991905
471,29,0.396508827474128,0.413564422775158
471,30,0.379424476998318,0.395745198956042
471,31,0.362731024609833,0.378333687476846
471,32,0.346454584363027,0.361357125672698
471,33,0.330616717659489,0.344838002396266
471,34,0.315234780517444,0.328794420224748
471,35,0.30032226558668,0.31324045218637
471,36,0.285889135460608,0.298186489409672
472,0,0.771863384172164,0.789948386160666
472,1,0.77179071967229,0.789874019108693
472,2,0.771317513001221,0.789389725056408
472,3,0.770132925777606,0.788177382581366
472,4,0.768009527330109,0.786004232240033
472,5,0.764789361645015,0.782708617059585
472,6,0.760371923206303,0.778187676648132
472,7,0.754703807811,0.77238675552542
472,8,0.747769831114316,0.765290313572683
472,9,0.73958543143936,0.756914150837798
472,10,0.730190194577217,0.747298780619392
472,11,0.719642357175946,0.736503804068515
472,12,0.708014162115472,0.724603156738502
472,13,0.695387954208123,0.711681112806549
472,14,0.681852917848245,0.697828946285424
472,15,0.667502370035179,0.68314216062113
472,16,0.652431532670186,0.66771820879404
472,17,0.63673571732136,0.651654635552282
472,18,0.620508863888648,0.63504758183722
472,19,0.603842381897485,0.617990598928236
472,20,0.586824249606686,0.600573726442435
472,21,0.569538331825403,0.582882794167839
472,22,0.552063882377077,0.564998912869912
472,23,0.534475201598768,0.546998123765993
472,24,0.516841423187439,0.52895118037732
472,25,0.499226408159416,0.510923440003929
472,26,0.481688726727692,0.492974845177335
472,27,0.464281711570747,0.475159978177456
472,28,0.447053568307937,0.457528174096483
472,29,0.430047531047548,0.44012368003146
472,30,0.413302052667475,0.422985849823315
472,31,0.396851021054994,0.406149365363186
472,32,0.380723993897437,0.389644476884319
472,33,0.364946445803458,0.37349725587347
472,34,0.349540022565851,0.357729855291164
472,35,0.334522798270066,0.342360772704366
472,36,0.319909531724438,0.327405112724931
473,0,0.767133417752441,0.790587879191904
473,1,0.767029778844151,0.790481071610836
473,2,0.766361206266126,0.789792057986458
473,3,0.764705205199728,0.788085426075077
473,4,0.761768844655756,0.785059288767954
473,5,0.757364298280317,0.780520077077812
473,6,0.751388163060005,0.774361226530754
473,7,0.743804034480812,0.766545219575263
473,8,0.734627883634834,0.757088515606192
473,9,0.72391584054058,0.746048960770332
473,10,0.711754039506458,0.733515322860396
473,11,0.698250227573079,0.719598643192478
473,12,0.683526876671253,0.704425138174047
473,13,0.667715574795455,0.688130418992247
473,14,0.650952501806822,0.67085482909336
473,15,0.633374821966876,0.65273972642127
473,16,0.615117848424271,0.633924561210766
473,17,0.596312855039354,0.614544620910476
473,18,0.577085428495052,0.594729331910925
473,19,0.557554268925252,0.574601023503131
473,20,0.537830360573761,0.554274073181156
473,21,0.518016445525314,0.533854364282886
473,22,0.498206743542949,0.513438997261662
473,23,0.478486869695204,0.493116204795004
473,24,0.458933908931271,0.472965428639833
473,25,0.439616613210945,0.453057522789507
473,26,0.420595692349952,0.433455053211493
473,27,0.401924174514781,0.414212669364039
473,28,0.383647816395553,0.395377526909726
473,29,0.365805546589196,0.37698974465471
473,30,0.348429928716006,0.359082881824694
473,31,0.3315476333386,0.341684424412398
473,32,0.315179909912795,0.324816271557946
473,33,0.299343051827357,0.308495214806811
473,34,0.284048849129196,0.292733404676709
473,35,0.269305024822361,0.277538800296066
473,36,0.255115651707672,0.262915598988175
474,0,0.767817981895342,0.767817981895342
474,1,0.767774356349116,0.767774356349116
474,2,0.767487007654944,0.767487007654944
474,3,0.766758446175514,0.766758446175514
474,4,0.765435307360047,0.765435307360047
474,5,0.763402135778074,0.763402135778074
474,6,0.760575889328063,0.760575889328063
474,7,0.756901088911643,0.756901088911643
474,8,0.752345546079284,0.752345546079284
474,9,0.746896607705755,0.746896607705755
474,10,0.74055786270207,0.74055786270207
474,11,0.733346261168615,0.733346261168615
474,12,0.725289601290661,0.725289601290661
474,13,0.716424343717274,0.716424343717274
474,14,0.706793717188594,0.706793717188594
474,15,0.696446082821925,0.696446082821925
474,16,0.685433527768108,0.685433527768108
474,17,0.673810661937396,0.673810661937396
474,18,0.661633594196867,0.661633594196867
474,19,0.648959066885253,0.648959066885253
474,20,0.635843729699526,0.635843729699526
474,21,0.622343536002222,0.622343536002222
474,22,0.608513246399032,0.608513246399032
474,23,0.594406026060418,0.594406026060418
474,24,0.580073123725367,0.580073123725367
474,25,0.565563621644726,0.565563621644726
474,26,0.550924246909337,0.550924246909337
474,27,0.536199235676835,0.536199235676835
474,28,0.521430242771682,0.521430242771682
474,29,0.506656289995941,0.506656289995941
474,30,0.491913747262841,0.491913747262841
474,31,0.477236341359698,0.477236341359698
474,32,0.462655187768972,0.462655187768972
474,33,0.448198841533134,0.448198841533134
474,34,0.433893363646873,0.433893363646873
474,35,0.419762399904848,0.419762399904848
474,36,0.405827269529788,0.405827269529788
475,0,0.765161770780645,0.765161770780645
475,1,0.765071657346615,0.765071657346615
475,2,0.764488164646516,0.764488164646516
475,3,0.763036835824735,0.763036835824735
475,4,0.760452333014343,0.760452333014343
475,5,0.756558774220189,0.756558774220189
475,6,0.751252972028274,0.751252972028274
475,7,0.744490191318304,0.744490191318304
475,8,0.736272090136705,0.736272090136705
475,9,0.726636549387216,0.726636549387216
475,10,0.715649133631142,0.715649133631142
475,11,0.703395957608121,0.703395957608121
475,12,0.689977761579362,0.689977761579362
475,13,0.675505023693579,0.675505023693579
475,14,0.6600939596684,0.6600939596684
475,15,0.643863279511115,0.643863279511115
475,16,0.62693158807837,0.62693158807837
475,17,0.609415331266967,0.609415331266967
475,18,0.591427202779122,0.591427202779122
475,19,0.573074937929993,0.573074937929993
475,20,0.554460431053764,0.554460431053764
475,21,0.535679121886145,0.535679121886145
475,22,0.51681960400581,0.51681960400581
475,23,0.497963415138147,0.497963415138147
475,24,0.47918497497942,0.47918497497942
475,25,0.460551641292503,0.460551641292503
475,26,0.442123859448986,0.442123859448986
475,27,0.423955384428465,0.423955384428465
475,28,0.406093557606316,0.406093557606316
475,29,0.388579623530066,0.388579623530066
475,30,0.371449074357954,0.371449074357954
475,31,0.354732011761022,0.354732011761022
475,32,0.33845351791604,0.33845351791604
475,33,0.322634028779169,0.322634028779169
475,34,0.307289704163664,0.307289704163664
475,35,0.292432790278837,0.292432790278837
475,36,0.278071971348277,0.278071971348277
476,0,0.764660323827061,0.781103396419191
476,1,0.764573327704636,0.781014529552971
476,2,0.764009506339067,0.7804385839077
476,3,0.762605671449046,0.779004561288193
476,4,0.760103125318284,0.776448201004387
476,5,0.756329050758368,0.77259296964841
476,6,0.751180616169167,0.767333824354013
476,7,0.744611441561262,0.760623387787586
476,8,0.736620114374757,0.752460217013882
476,9,0.727240481942301,0.74287888721049
476,10,0.716533481051974,0.731941645535599
476,11,0.704580294758984,0.719731420785403
476,12,0.691476652811915,0.70634600125809
476,13,0.677328115190203,0.691893216869628
476,14,0.662246198642369,0.676486982398008
476,15,0.646345224079555,0.660244077083886
476,16,0.629739778491945,0.643281551968657
476,17,0.612542698962601,0.625714670557009
476,18,0.594863498572605,0.607655300873113
476,19,0.576807164717834,0.589210687936676
476,20,0.558473269763836,0.570482545293564
476,21,0.539955342205073,0.551566412652603
476,22,0.52134045370444,0.532551234044881
476,23,0.502708983689753,0.513519117358197
476,24,0.484134528683393,0.494545241716934
476,25,0.465683928334629,0.47569788407418
476,26,0.447417384296103,0.457038540644508
476,27,0.429388651711248,0.438622122509089
476,28,0.411645286224375,0.420497207937429
476,29,0.394228932148524,0.402706336751907
476,30,0.377175639779734,0.385286334465502
476,31,0.360516201876071,0.368268655996377
476,32,0.344276501065975,0.351679740546821
476,33,0.328477861449093,0.335541370764814
476,34,0.313137398935129,0.319871030616489
476,35,0.298268365960261,0.304682257515238
476,36,0.283880487150702,0.289984985203309
477,0,0.768236652121777,0.797494601986787
477,1,0.768117324816038,0.79737073015389
477,2,0.767350603528752,0.796574808628732
477,3,0.765459959276788,0.794612160034638
477,4,0.762122839682718,0.79114794773091
477,5,0.757140191547988,0.785975537666808
477,6,0.750410914032241,0.778989978621613
477,7,0.741910529909046,0.770165861164657
477,8,0.731673458118366,0.759538915065859
477,9,0.719778354357522,0.747190791589654
477,10,0.706336059249222,0.733236552674373
477,11,0.691479757021695,0.717814454810109
477,12,0.675357002797882,0.701077672690772
477,13,0.658123324543356,0.683187657495061
477,14,0.639937147368094,0.664308867882524
477,15,0.620955824007914,0.644604649297662
477,16,0.601332586623879,0.624234069679974
477,17,0.581214262163607,0.603349547815815
477,18,0.560739616963927,0.582095134895991
477,19,0.540038216510538,0.560605330849871
477,20,0.519229703719801,0.539004335140862
477,21,0.498423414132277,0.517405647304768
477,22,0.477718259323663,0.49591194592048
477,23,0.457202820923457,0.474615186209303
477,24,0.436955607127352,0.453596866316506
477,25,0.417045431707678,0.432928420756215
477,26,0.397531882452221,0.412671706690503
477,27,0.378465851856614,0.392879554832977
477,28,0.359890107900139,0.373596361962313
477,29,0.341839886971504,0.354858706429349
477,30,0.324343494586853,0.336695971753173
477,31,0.307422902549575,0.319130966523495
477,32,0.29109433372102,0.302180531442094
477,33,0.275368827672959,0.285856126517905
477,34,0.260252782237176,0.270164393241278
477,35,0.245748467407391,0.255107688057629
477,36,0.231854509229299,0.240684584686219
478,0,0.773366864724968,0.801236662021637
478,1,0.773225794329977,0.801090507877273
478,2,0.772323733956995,0.800155939983099
478,3,0.77011139102072,0.797863870914252
478,4,0.76622808380569,0.793840621079671
478,5,0.76046231205161,0.787867068390856
478,6,0.752719055991046,0.779844768856014
478,7,0.742992778702209,0.76976798601948
478,8,0.731345251844611,0.757700717604111
478,9,0.717887450505682,0.743757937903058
478,10,0.702764871535334,0.728090387031623
478,11,0.686145723597313,0.71087233538386
478,12,0.668211518155551,0.692291835546595
478,13,0.649149660430187,0.672543046255974
478,14,0.629147699475953,0.651820275266094
478,15,0.60838894824156,0.630313441568612
478,16,0.587049228884117,0.608204703418165
478,17,0.56529453671474,0.585666038093658
478,18,0.543279448791351,0.562857593141569
478,19,0.521146131092971,0.539926657771819
478,20,0.499023822050756,0.517007127776828
478,21,0.477028690534513,0.4942193584003
478,22,0.45526398368585,0.471670317497825
478,23,0.433820394672406,0.449453966543862
478,24,0.412776592878012,0.427651809928345
478,25,0.39219986955814,0.406333563879596
478,26,0.372146860853369,0.385557905533003
478,27,0.352664317503315,0.365373270383111
478,28,0.333789896844858,0.345818672823062
478,29,0.315552957888768,0.326924529873368
478,30,0.297975344600856,0.308713472690148
478,31,0.28107214609923,0.291201134157584
478,32,0.264852425431441,0.274396903927983
478,33,0.249319911011533,0.25830464477613
478,34,0.234473646761037,0.242923366169386
478,35,0.220308598581095,0.228247852595232
478,36,0.206816216046722,0.214269245497287
479,0,0.762616944542846,0.774784956963804
479,1,0.762562616260113,0.774729761840616
479,2,0.762206503407506,0.774367966993078
479,3,0.761308491758002,0.773455627027132
479,4,0.759686676301436,0.771807934528675
479,5,0.757208511286412,0.769290228899061
479,6,0.753783065578454,0.765810128142825
479,7,0.749354259784042,0.761310658085965
479,8,0.743894974444217,0.75576426656223
479,9,0.73740193018377,0.749167621872004
479,10,0.729891251133956,0.741537105416764
479,11,0.721394632338134,0.732904917953365
479,12,0.711956040300435,0.723315727497977
479,13,0.701628883438059,0.712823794631246
479,14,0.690473596030142,0.701490517897613
479,15,0.678555585394579,0.689382348228102
479,16,0.665943497536314,0.676569026915989
479,17,0.652707761457339,0.663122106700388
479,18,0.638919376755363,0.64911372002033
479,19,0.624648913114921,0.634615562542146
479,20,0.609965693856865,0.619698063682004
479,21,0.594937138900865,0.604429719084976
479,22,0.579628245347743,0.588876562919754
479,23,0.56410118643786,0.573101760438176
479,24,0.548415011918656,0.557165303561948
479,25,0.532625434886282,0.541123794323207
479,26,0.516784691977846,0.525030302826051
479,27,0.500941465404502,0.508934288035618
479,28,0.485140856751657,0.492881571160261
479,29,0.469424403749248,0.476914352689401
479,30,0.453830132348694,0.461071265301404
479,31,0.438392637448753,0.44538745587746
479,32,0.423143186503346,0.429894690762543
479,33,0.408109841032611,0.414621479215233
479,34,0.393317591754779,0.399593210695718
479,35,0.37878850367081,0.384832302265326
479,36,0.364541867974734,0.370358352920704
480,0,0.757118312673031,0.777565242697381
480,1,0.757064263927315,0.777509734297469
480,2,0.756709999808274,0.777145902831383
480,3,0.755816696545859,0.776228474793498
480,4,0.754203470337939,0.774571681387645
480,5,0.751738562149697,0.772040205260947
480,6,0.748331624247936,0.768541258726311
480,7,0.743926985235813,0.764017666910965
480,8,0.738497783183439,0.758441842444901
480,9,0.732040868009576,0.751810550174984
480,10,0.724572384680427,0.744140371082488
480,11,0.716123958163249,0.73546378420659
480,12,0.706739409504826,0.725825794036428
480,13,0.696471939988193,0.71528103862244
480,14,0.68538172713737,0.703891320658189
480,15,0.673533882463521,0.691723510072895
480,16,0.660996726344315,0.678847772321753
480,17,0.647840340362263,0.665336081628343
480,18,0.634135361852728,0.651260982977901
480,19,0.619951989378205,0.636694570733184
480,20,0.605359171397595,0.621707655392738
480,21,0.590423953578562,0.606369093276608
480,22,0.575210963044737,0.59074525684499
480,23,0.559782010391019,0.574899625965453
480,24,0.544195792569897,0.558892482775338
480,25,0.528507681776876,0.54278069486577
480,26,0.512769587268611,0.526617573368009
480,27,0.49702987865542,0.510452794174394
480,28,0.481333360640854,0.494332371995714
480,29,0.465721290452914,0.478298678263177
480,30,0.450231430340964,0.462390495043075
480,31,0.434898128514086,0.446643098160975
480,32,0.419752422783907,0.43108836364355
480,33,0.404822161959898,0.415754892392314
480,34,0.390132140738572,0.400668148715672
480,35,0.375704244439644,0.385850608973857
480,36,0.361557600480849,0.37132191714452
481,0,0.758393252942931,0.782297621254868
481,1,0.758336487235914,0.782239066306765
481,2,0.757964810870639,0.781855674794112
481,3,0.757028720539213,0.780890079126281
481,4,0.75534029223299,0.779148431976214
481,5,0.752763661373469,0.776490586347402
481,6,0.749206711605177,0.772821522399561
481,7,0.744613834926736,0.768083879380827
481,8,0.73895964035755,0.762251465993151
481,9,0.732243501398564,0.755323635990388
481,10,0.72448484428808,0.747320427921077
481,11,0.715719089605425,0.738278378812471
481,12,0.705994169252739,0.728246931368448
481,13,0.69536754935306,0.71728536303007
481,14,0.683903697236489,0.705460173121787
481,15,0.671671937531553,0.69284287136732
481,16,0.658744648513756,0.679508117387569
481,17,0.645195755358218,0.665532166460944
481,18,0.631099481861878,0.65099158190016
481,19,0.616529326600557,0.635962178938023
481,20,0.601557233419267,0.620518169071797
481,21,0.586252929667472,0.604731477439809
481,22,0.570683408727072,0.588671209038832
481,23,0.554912536177849,0.572403242475977
481,24,0.539000761437805,0.555989932519992
481,25,0.523004918935127,0.539489905006226
481,26,0.506978104842885,0.522957929686031
481,27,0.49096961716206,0.506444858421222
481,28,0.475024948496233,0.489997617731026
481,29,0.459185822242641,0.473659246123871
481,30,0.443490264147928,0.457468967908559
481,31,0.42797270225952,0.441462296296081
481,32,0.412664089260015,0.425671159589956
481,33,0.39759204201595,0.410124045133546
481,34,0.382780993915787,0.39484615644969
481,35,0.368252356225912,0.379859579682613
481,36,0.354024685267663,0.365183456044323
482,0,0.770417979624746,0.783851097783852
482,1,0.770297458624964,0.783728475362668
482,2,0.769523228669242,0.782940745822626
482,3,0.767614515205957,0.780998751758211
482,4,0.764246308829872,0.777571816853676
482,5,0.759218459204338,0.772456300922458
482,6,0.752429780765242,0.765549254114466
482,7,0.743856444247574,0.756826431674214
482,8,0.733534025858109,0.74632403012031
482,9,0.721542671182859,0.734123592468675
482,10,0.707994905208956,0.720339605708222
482,11,0.69302568451576,0.705109379540544
482,12,0.676784343944371,0.688584852630404
482,13,0.659428138939664,0.670926022351122
482,14,0.641117127198318,0.652295737188283
482,15,0.622010170062195,0.632855628412843
482,16,0.602261865981844,0.612762990076064
482,17,0.582020255965893,0.592168444450787
482,18,0.56142516477777,0.571214254305027
482,19,0.540607062223243,0.550033164334761
482,20,0.519686346612664,0.52874767213251
482,21,0.49877296775018,0.507469644602945
482,22,0.477966319922246,0.486300209085523
482,23,0.457355346612372,0.465329859895065
482,24,0.437018808305845,0.44463873079595
482,25,0.417025672983128,0.424296992304221
482,26,0.397435595922598,0.404365339856227
482,27,0.378299461406748,0.384895544960092
482,28,0.359659963994446,0.365931046603123
482,29,0.341552211310209,0.347507564551405
482,30,0.324004333918422,0.329653719857868
482,31,0.30703809089048,0.312391650988191
482,32,0.29066946221803,0.295737616563442
482,33,0.274909221346975,0.279702577876869
482,34,0.259763482866352,0.264292756132358
482,35,0.245234221837066,0.249510160828259
482,36,0.231319762433749,0.235353086919274
483,0,0.760995290318287,0.796678118348173
483,1,0.760918303630199,0.796597521778675
483,2,0.760417845953864,0.796073597800474
483,3,0.759167552610102,0.794764678597998
483,4,0.756930976678456,0.792423230329611
483,5,0.753546198419123,0.788879740890217
483,6,0.748912594250562,0.784028868490421
483,7,0.742979494297691,0.777817567360755
483,8,0.735736489162798,0.770234940010145
483,9,0.727205174696968,0.761303594912291
483,10,0.717432148539524,0.75107231465506
483,11,0.706483094382986,0.739609862818498
483,12,0.694437809612822,0.726999778462197
483,13,0.681386049434746,0.713336025385023
483,14,0.667424076079001,0.698719379522695
483,15,0.652651815377479,0.683254452197697
483,16,0.637170535138896,0.66704725963421
483,17,0.621080970472872,0.650203260379225
483,18,0.604481830690169,0.632825792191805
483,19,0.587468630771967,0.615014848720334
483,20,0.570132797779337,0.596866144011807
483,21,0.552561009075312,0.578470419703343
483,22,0.534834724954718,0.559912955737182
483,23,0.517029883308951,0.541273250708385
483,24,0.499216728372611,0.522624842581454
483,25,0.481459749476138,0.5040352445711
483,26,0.463817709125585,0.485565974538662
483,27,0.446343742702822,0.467272659367232
483,28,0.42908551467615,0.449205198496927
483,29,0.412085418476363,0.431407973173075
483,30,0.395380809165778,0.413920090025031
483,31,0.379004259742346,0.396775649388298
483,32,0.362983833408382,0.380004030339854
483,33,0.347343365421146,0.36363018576462
483,34,0.332102749254592,0.347674941935243
483,35,0.31727822275967,0.332155298090355
483,36,0.302882650833515,0.317084722358042
484,0,0.767674816623821,0.779604028584245
484,1,0.767596195544365,0.77952418577978
484,2,0.767085271510828,0.77900532228938
484,3,0.765809273179722,0.777709495699977
484,4,0.763527526678627,0.775392292209722
484,5,0.760075626378993,0.771886751423974
484,6,0.755351835838325,0.767089555976181
484,7,0.749305437932251,0.760949200627898
484,8,0.741926786133405,0.753455888950436
484,9,0.73323883816009,0.744632935411444
484,10,0.723289979207329,0.734529477083215
484,11,0.712147965038983,0.723214322614052
484,12,0.699894835678218,0.710770786880487
484,13,0.686622668567503,0.697292378153909
484,14,0.672430056131729,0.682879220927095
484,15,0.65741920689532,0.667635111984403
484,16,0.641693581878937,0.651665120069473
484,17,0.625355989114463,0.635073650790113
484,18,0.608507068930329,0.617962908365847
484,19,0.591244111317167,0.60043169461614
484,20,0.573660154315499,0.582574493337554
484,21,0.555843319087679,0.564480795043116
484,22,0.537876343248473,0.546234623041117
484,23,0.519836279223946,0.527914227106688
484,24,0.501794328968625,0.509591915630554
484,25,0.483815790368732,0.491334001189417
484,26,0.465960094159662,0.473200838037097
484,27,0.448280913246318,0.455246933123649
484,28,0.430826328986839,0.437521114963039
484,29,0.413639041329233,0.420066747035177
484,30,0.396756611717003,0.402921974466151
484,31,0.380211729440047,0.386119994518061
484,32,0.364032493632869,0.36968934296932
484,33,0.348242704441832,0.353654189806466
484,34,0.332862158021861,0.338034638804949
484,35,0.317906941003047,0.322847026571561
484,36,0.30338972090856,0.308104217475282
485,0,0.771876362465409,0.800523551997406
485,1,0.771752335706866,0.800394922146668
485,2,0.770956212387728,0.799569251743667
485,3,0.768995260954129,0.797535522142329
485,4,0.76553800770601,0.793949957426369
485,5,0.760381948446422,0.788602537718359
485,6,0.753426542821802,0.781388991239985
485,7,0.744650719379661,0.77228746449914
485,8,0.734094224266987,0.761339178769481
485,9,0.721842237843423,0.748632475769161
485,10,0.708012762972476,0.734289737884834
485,11,0.69274635786289,0.718456739960759
485,12,0.676197846362388,0.701294051930854
485,13,0.658529690700761,0.682970165599741
485,14,0.639906756842573,0.663656065718314
485,15,0.620492241722715,0.643521006063923
485,16,0.600444565473384,0.622729286326388
485,17,0.579915060986437,0.601437855921464
485,18,0.559046318384108,0.579794597018735
485,19,0.537971063713712,0.557937161620522
485,20,0.516811469893296,0.535992256934182
485,21,0.495678814013299,0.514075289954963
485,22,0.474673408892077,0.492290296481298
485,23,0.453884748594695,0.470730092034342
485,24,0.433391817720036,0.449476592623865
485,25,0.41326352287255,0.428601262233523
485,26,0.393559212063702,0.408165651499212
485,27,0.374329254010147,0.38822199850714
485,28,0.355615654563878,0.368813868101986
485,29,0.337452691957103,0.349976810708066
485,30,0.319867556286975,0.331739025547701
485,31,0.302880981802839,0.314122016394998
485,32,0.286507863178423,0.297141230720168
485,33,0.270757849128569,0.280806675337584
485,34,0.255635908530049,0.265123503537433
485,35,0.241142865684891,0.250092570214642
485,36,0.227275902571122,0.235710952760008
486,0,0.767632983897679,0.778554429335265
486,1,0.767575512369123,0.778496140134492
486,2,0.767199216714139,0.778114490758979
486,3,0.766251498379531,0.777153288827003
486,4,0.764542107643193,0.775419577851631
486,5,0.761933503973398,0.77277386045269
486,6,0.758332440357116,0.76912156295169
486,7,0.753682632523094,0.764405600296784
486,8,0.747958388692911,0.758599915181542
486,9,0.741159088721765,0.751703878638093
486,10,0.733304413383615,0.743737451447255
486,11,0.724430235242313,0.73473701654731
486,12,0.71458509214895,0.724751802358288
486,13,0.703827173022412,0.713840825677909
486,14,0.692221753301163,0.702070290646447
486,15,0.679839024387049,0.689511387309086
486,16,0.666752267614971,0.676238439605874
486,17,0.653036328847244,0.662327358263479
486,18,0.638766354772655,0.647854359115033
486,19,0.624016756446024,0.632894911893514
486,20,0.608860369587164,0.617522888583926
486,21,0.593367784716098,0.601809884028054
486,22,0.577606823377202,0.585824684696631
486,23,0.561642139537475,0.56963286441652
486,24,0.545534927768282,0.553296488400638
486,25,0.529342722067423,0.536873909207777
486,26,0.513119271177638,0.520419640287217
486,27,0.496914478034376,0.503984294564983
486,28,0.480774392552995,0.487614577128435
486,29,0.464741248364398,0.471353322484553
486,30,0.448853535347121,0.45523956812397
486,31,0.433146100900109,0.4393086572346
486,32,0.417650273868914,0.423592364390991
486,33,0.402394005892616,0.408119038912241
486,34,0.387402025691537,0.39291376134484
486,35,0.372696002478024,0.377998509198361
486,36,0.35829471525391,0.363392328651594
487,0,0.762741833548225,0.785845100041091
487,1,0.762660400596406,0.785761200504768
487,2,0.762131763446051,0.785216551062409
487,3,0.760813095369862,0.783857940847687
487,4,0.758457914193304,0.781431421800348
487,5,0.754899288425532,0.777765006114881
487,6,0.750035442357234,0.772753835320242
487,7,0.743817453708709,0.766347505292658
487,8,0.736238773823513,0.758539269018457
487,9,0.727326332701551,0.749356872200759
487,10,0.717133019798355,0.738854806303969
487,11,0.705731356884522,0.727107789765654
487,12,0.693208201718886,0.71420531124525
487,13,0.679660341160687,0.700247089252661
487,14,0.665190849915536,0.685339320601513
487,15,0.649906106632501,0.669591606124541
487,16,0.633913372773011,0.653114456207018
487,17,0.617318851759809,0.636017291147787
487,18,0.600226156567178,0.618406862333179
487,19,0.582735123294036,0.600386029873508
487,20,0.564940916513222,0.582052840853614
487,21,0.546933379442034,0.563499859820213
487,22,0.528796588345106,0.544813709687753
487,23,0.510608576162985,0.526074786995763
487,24,0.49244119524888,0.507357120487929
487,25,0.474360093372583,0.488728346389184
487,26,0.45642478088627,0.470249777605946
487,27,0.438688770205313,0.451976547431761
487,28,0.421199771594978,0.433957811264344
487,29,0.403999931721148,0.41623699238194
487,30,0.387126103564395,0.398852060033029
487,31,0.370610138151365,0.381835830004187
487,32,0.354479190160468,0.365216279482494
487,33,0.338756030841117,0.349016869453024
487,34,0.323459362874766,0.333256869096949
487,35,0.308604132825768,0.31795167770646
487,36,0.2942018377021,0.303113140531136
488,0,0.778371713935882,0.796715976819816
488,1,0.778253199926734,0.796594669733658
488,2,0.777491261998519,0.79581477484554
488,3,0.775611187631778,0.793890391856316
488,4,0.772290507909674,0.790491452068121
488,5,0.767329066542758,0.785413082011366
488,6,0.760623899141545,0.778549890684968
488,7,0.752148232147985,0.769874473545479
488,8,0.741934003034032,0.759419520750708
488,9,0.730057383874236,0.747262999559351
488,10,0.716626860629129,0.733515952673077
488,11,0.701773481696894,0.718312516971089
488,12,0.685642942612308,0.701801821665344
488,13,0.668389220171382,0.684141472397522
488,14,0.65016950959774,0.66549236908716
488,15,0.631140253399223,0.646014641198394
488,16,0.611454080955973,0.625864515201833
488,17,0.591257504219119,0.605191955966665
488,18,0.570689237696061,0.584138947152218
488,19,0.549879030605144,0.562838295839459
488,20,0.528946916095215,0.541412864056545
488,21,0.508002797091273,0.5199751448639
488,22,0.487146300950396,0.498627113584738
488,23,0.466466845958932,0.47746029586944
488,24,0.446043872005893,0.456556003805325
488,25,0.42594719573261,0.4359856994363
488,26,0.406237457263526,0.41581145202197
488,27,0.386966631423218,0.396086461302754
488,28,0.368178581276508,0.376855624085551
488,29,0.349909636010382,0.35815612574488
488,30,0.332189178711758,0.340018041853088
488,31,0.315040232573989,0.322464938202268
488,32,0.298480036565486,0.305514460039942
488,33,0.282520603684154,0.289178903480152
488,34,0.267169256660332,0.273465763831565
488,35,0.252429137409874,0.258378257057088
488,36,0.238299687722158,0.243915811790478
489,0,0.760504499645637,0.793942142613295
489,1,0.760406922026461,0.793840274729442
489,2,0.759776554408733,0.793182191289717
489,3,0.75821268847242,0.791549565745996
489,4,0.755435158987232,0.788649914643774
489,5,0.751261982147525,0.784293252765818
489,6,0.745590389187384,0.778372292838686
489,7,0.738380794534023,0.770845708802524
489,8,0.729643295912323,0.761724042356071
489,9,0.71942635499079,0.75105788591653
489,10,0.707807352165854,0.73892802211933
489,11,0.694884748632742,0.725437241273192
489,12,0.680771623622523,0.710703594444273
489,13,0.665590385159553,0.694854871657714
489,14,0.64946847941127,0.678024122597367
489,15,0.632534947105806,0.660346061616957
489,16,0.614917695974656,0.641954220258307
489,17,0.596741376085227,0.622978729167115
489,18,0.578125760569015,0.603544627625449
489,19,0.559184547897725,0.583770613166698
489,20,0.540024513752621,0.563768156154549
489,21,0.520744950884477,0.543640915014866
489,22,0.501437344360907,0.523484397204385
489,23,0.482185237410448,0.503385819156275
489,24,0.463064249845266,0.483424125512836
489,25,0.444142216905865,0.463670134074905
489,26,0.425479421435816,0.444186778184771
489,27,0.407128896662524,0.425029422819518
489,28,0.389136780619886,0.406246234596838
489,29,0.371542706478142,0.387878589266794
489,30,0.354380215813549,0.369961503152015
489,31,0.337677184215889,0.352524077468192
489,32,0.321456250647892,0.335589946561453
489,33,0.305735243683694,0.31917772288755
489,34,0.29052759920399,0.303301433072114
489,35,0.275842765349019,0.287970940668494
489,36,0.261686591558015,0.273192352302386
490,0,0.763597341002902,0.767471771209913
490,1,0.763545896433104,0.767420065614592
490,2,0.763208269950347,0.767080726042784
490,3,0.762355697665836,0.76622382787651
490,4,0.760813764428794,0.764674070996836
490,5,0.758454294976614,0.762302629790398
490,6,0.755188239243131,0.759020002358309
490,7,0.750959442727832,0.75476974927673
490,8,0.745739203972595,0.749523023458698
490,9,0.739521531253949,0.74327380277923
490,10,0.732319019679059,0.736034746252028
490,11,0.724159278064806,0.727833602778845
490,12,0.715081842365174,0.718710108915848
490,13,0.705135519068595,0.708713318791584
490,14,0.694376107983154,0.697899315337783
490,15,0.682864459226298,0.686329257420391
490,16,0.67066482409388,0.674067722341058
490,17,0.657843463852748,0.661181307570863
490,18,0.644467484428622,0.64773745952548
490,19,0.630603868489154,0.633803500737118
490,20,0.616318679589625,0.619445829962111
490,21,0.601676415890569,0.604729272619366
490,22,0.586739493504584,0.58971656151571
490,23,0.57156784181238,0.574467930108609
490,24,0.556218595131863,0.559040802610807
490,25,0.540745866952306,0.543489567078978
490,26,0.525200594579823,0.527865419270945
490,27,0.509630443499757,0.51221626652281
490,28,0.49407976206373,0.496586682206089
490,29,0.478589578269805,0.48101790249154
490,30,0.463197631437784,0.465547858185171
490,31,0.447938432501017,0.450211235325977
490,32,0.432843347452976,0.435039559055904
490,33,0.417940699211682,0.420061296001135
490,34,0.403255883807524,0.405301971049429
490,35,0.388811497368506,0.390784294979691
490,36,0.374627470879427,0.376528299904899
491,0,0.766561738470908,0.793471255284642
491,1,0.766480196746717,0.793386851105558
491,2,0.765950803816293,0.792838874273477
491,3,0.764630111445752,0.791471820087877
491,4,0.762271060472856,0.789029956578646
491,5,0.758706199981469,0.785339954603518
491,6,0.753833300668496,0.780295996184131
491,7,0.747603056965105,0.773847044920374
491,8,0.740008608726143,0.765985999847366
491,9,0.731076645463381,0.756740487390148
491,10,0.720859884614023,0.746165075588022
491,11,0.709430740603543,0.734334720915071
491,12,0.69687602383675,0.721339281183679
491,13,0.683292528550896,0.707278948512863
491,14,0.668783385973503,0.692260474466725
491,15,0.653455074699117,0.676394075482943
491,16,0.637414993859766,0.659790920851388
491,17,0.62076951671573,0.642561117977797
491,18,0.603622452916625,0.624812120663815
491,19,0.586073857038706,0.606647495818971
491,20,0.56821912923598,0.5881659925409
491,21,0.550148361078182,0.569460864989493
491,22,0.531945886001554,0.550619407056634
491,23,0.51368999937023,0.531722662600557
491,24,0.495452818026884,0.512845280066146
491,25,0.477300253481601,0.494055484732619
491,26,0.459292076618812,0.475415145691947
491,27,0.441482055057148,0.456979918030612
491,28,0.42391814713244,0.43879944362222
491,29,0.406642738939805,0.420917596490759
491,30,0.389692913011187,0.403372760919831
491,31,0.373100739059081,0.386198132402706
491,32,0.356893578820411,0.369422033187489
491,33,0.341094398417358,0.353068235603116
491,34,0.325722082841715,0.337156287583419
491,35,0.310791748190134,0.321701835863143
491,36,0.296315048150822,0.306716943223595
492,0,0.767796028965319,0.782489755215981
492,1,0.767699200893786,0.782391074093478
492,2,0.767073381275841,0.781753277828348
492,3,0.765519978799067,0.780170147051492
492,4,0.762759541399326,0.777356881674068
492,5,0.75860978389692,0.773127708026688
492,6,0.75296693275126,0.76737686659861
492,7,0.745789940348967,0.760062524226163
492,8,0.737087177415515,0.751193211829905
492,9,0.726905261614019,0.740816439220285
492,10,0.715319723936591,0.729009182866703
492,11,0.702427252787913,0.71586998155193
492,12,0.688339289314819,0.701512409132067
492,13,0.673176777089059,0.686059723741153
492,14,0.65706589518158,0.669640519206993
492,15,0.640134626400144,0.652385227613293
492,16,0.622510032374287,0.634423342236445
492,17,0.604316124596155,0.615881247843332
492,18,0.585672235758139,0.596880560860367
492,19,0.566691809030226,0.5775368954806
492,20,0.547481534523188,0.557958983600929
492,21,0.528140772293118,0.538248086784372
492,22,0.508761210039552,0.518497647407366
492,23,0.489426711293642,0.498793133942639
492,24,0.47021331652601,0.479212042088267
492,25,0.451189365350912,0.45982401931052
492,26,0.432415712974235,0.440691085434146
492,27,0.413946018324931,0.421867926287928
492,28,0.395827085008164,0.403402241182839
492,29,0.378099239399234,0.385335128241747
492,30,0.360796732926417,0.367701494380964
492,31,0.34394815792666,0.350530479124393
492,32,0.327576868451718,0.33384588346286
492,33,0.311701399098829,0.317666596700174
492,34,0.296335876378896,0.30200701569389
492,35,0.281490418350824,0.286877452137656
492,36,0.267171519273566,0.272284524574557
493,0,0.757622247861531,0.771183229116206
493,1,0.757581415235926,0.771141665611232
493,2,0.757312172400948,0.77086760349191
493,3,0.756628691335825,0.770171888527983
493,4,0.755385884214963,0.768906835909293
493,5,0.753473765461948,0.766960491383949
493,6,0.750812455658977,0.764251545740752
493,7,0.7473477618777,0.760724836030622
493,8,0.743047275207889,0.756347373243385
493,9,0.737896931910243,0.751104841907292
493,10,0.731897989757671,0.744998522308626
493,11,0.725064375800214,0.738042590783226
493,12,0.717420366033298,0.73026175785219
493,13,0.708998561304495,0.7216892078986
493,14,0.699838127294769,0.712364807645484
493,15,0.689983269587479,0.702333553929479
493,16,0.679481917720869,0.691644234198655
493,17,0.668384594733548,0.680348275823536
493,18,0.656743451081482,0.668498762721795
493,19,0.644611443951144,0.656149599981599
493,20,0.632041644936668,0.643354809146606
493,21,0.619086660807393,0.630167938615595
493,22,0.60579815368272,0.616641575228743
493,23,0.592226448368972,0.60282694457605
493,24,0.578420215911815,0.588773588885544
493,25,0.564426223590486,0.574529112542549
493,26,0.550289142638074,0.560138986368284
493,27,0.536051405926102,0.545646402757075
493,28,0.521753108711068,0.531092174646328
493,29,0.507431946314457,0.516514672081047
493,30,0.49312318330377,0.501949790843218
493,31,0.478859649367790,0.487430948253252
493,32,0.464671757641169,0.472989101822567
493,33,0.45058754173754,0.45865278694957
493,34,0.436632708202161,0.444448170311175
493,35,0.422830701499752,0.430399116013877
493,36,0.409202779014954,0.416527261936681
494,0,0.771317189401872,0.785658908936405
494,1,0.771202491514258,0.785542078378914
494,2,0.770464584212586,0.784790450574563
494,3,0.768642409278314,0.782934394479326
494,4,0.765421467078121,0.779653562715789
494,5,0.76060523345797,0.7747477769986
494,6,0.754091134383003,0.768112556051546
494,7,0.745850429052904,0.759718624673544
494,8,0.735911438234751,0.749594830222426
494,9,0.724345629738034,0.73781396936602
494,10,0.711256138622676,0.724481094837189
494,11,0.696768357039113,0.70972393030326
494,12,0.681022278571285,0.693685072361232
494,13,0.664166325489346,0.676515703015648
494,14,0.646352425212551,0.658370574594198
494,15,0.62773213523277,0.639404062618834
494,16,0.608453644370755,0.619767111303984
494,17,0.58865950307174,0.599604921649717
494,18,0.568484956970264,0.579055254021197
494,19,0.548056776584642,0.558247236082727
494,20,0.527492492106806,0.537300583359425
494,21,0.506899956155977,0.516325153860819
494,22,0.486377169348039,0.495420770406896
494,23,0.466012313844813,0.474677254801183
494,24,0.445883948906395,0.45417462701915
494,25,0.426061330065826,0.433983430317543
494,26,0.406604820045495,0.414165149791295
494,27,0.387566365084725,0.394772697557846
494,28,0.368990015075372,0.375850942564046
494,29,0.350912469918434,0.357437267101605
494,30,0.333363637916613,0.339562135582299
494,31,0.3163671948903,0.322249664050053
494,32,0.299941135121174,0.305518181368663
494,33,0.284098307252759,0.289380775086795
494,34,0.268846929966616,0.273845816702553
494,35,0.254191083654714,0.258917462477909
494,36,0.240131175464954,0.24459612713119
495,0,0.763620766465845,0.79374687866624
495,1,0.763516609222245,0.79363861224575
495,2,0.762844872265072,0.792940374145824
495,3,0.7611815318786,0.7912114122083
495,4,0.75823306277777,0.788146621086316
495,5,0.753811722313545,0.783550851370359
495,6,0.74781466436853,0.777317199492258
495,7,0.740206352679321,0.76940872722378
495,8,0.731003811607794,0.759843130566255
495,9,0.720264312311007,0.748679940119359
495,10,0.708075144813966,0.736009889645098
495,11,0.694545172543553,0.72194613741402
495,12,0.679797906207747,0.706617066837429
495,13,0.66396586918528,0.690160429562264
495,14,0.64718605743116,0.672718626262333
495,15,0.629596323837646,0.654434948356297
495,16,0.611332540490114,0.635450628309799
495,17,0.592526412740046,0.61590256746999
495,18,0.573303836851156,0.59592162891806
495,19,0.553783708484412,0.575631398947003
495,20,0.534077102759928,0.555147334775584
495,21,0.514286758321041,0.534576228257883
495,22,0.494506807950899,0.514015925872268
495,23,0.474822707050614,0.493555254377877
495,24,0.455311318852799,0.473274109389983
495,25,0.436041121767104,0.453243670905649
495,26,0.417072509868152,0.433526715646421
495,27,0.398458162358544,0.414178001097258
495,28,0.38024346197285,0.395244700417264
495,29,0.362466945823112,0.376766871071793
495,30,0.345160775201252,0.358777943169343
495,31,0.328351213418177,0.341305216152222
495,32,0.312059102933867,0.324370354750197
495,33,0.296300334870171,0.307989877016368
495,34,0.281086305544818,0.292175628872193
495,35,0.266424355961444,0.276935240936142
495,36,0.252318191271583,0.26227256453415
496,0,0.766635357652009,0.7985908356206
496,1,0.766563998776972,0.798516502310669
496,2,0.766099165538534,0.798032293539702
496,3,0.764935177066617,0.796819786815138
496,4,0.762848036382252,0.794645648345593
496,5,0.759681837496112,0.791347473549733
496,6,0.755337027803093,0.786821560195061
496,7,0.749760299271374,0.781012378223838
496,8,0.74293590765456,0.773903527126016
496,9,0.734878241906685,0.765509995626954
496,10,0.725625486441321,0.755871559771987
496,11,0.715234237107495,0.745047174481361
496,12,0.703774947990245,0.733110230560863
496,13,0.691328100592176,0.720144564204293
496,14,0.677980999802815,0.706241119409973
496,15,0.663825112484045,0.691495175631081
496,16,0.648953874644359,0.676004063546869
496,17,0.633460902178298,0.659865301220783
496,18,0.617438548132498,0.643175091229383
496,19,0.60097675653587,0.626027126716989
496,20,0.584162169096707,0.608511660857467
496,21,0.56707744661211,0.59071479997812
496,22,0.549800771833717,0.572717985703498
496,23,0.532405504859039,0.55459763598248
496,24,0.514959965932688,0.536424918836071
496,25,0.497527323903212,0.5182656361648
496,26,0.480165571539321,0.500180198036062
496,27,0.462927571509384,0.482223670580171
496,28,0.445861159110409,0.46444588300136
496,29,0.429009289833279,0.446891581293949
496,30,0.41241022160202,0.429600618077847
496,31,0.396097723054873,0.412608169561352
496,32,0.380101300569545,0.395944972029447
496,33,0.364446437896986,0.379637571466167
496,34,0.34915484327754,0.363708580971238
496,35,0.33424469978855,0.348176941542862
496,36,0.319730915429292,0.333058182586876
497,0,0.751524094296007,0.782404210965288
497,1,0.751453660051829,0.782330882578801
497,2,0.750994926993209,0.781853300183909
497,3,0.749846430586538,0.780657612072672
497,4,0.747787466359103,0.77851404502805
497,5,0.744664619499093,0.775262880425323
497,6,0.740380137226665,0.770802348824012
497,7,0.734881918453879,0.765078208303054
497,8,0.728154920923462,0.758074798518991
497,9,0.720213808909672,0.749807386300948
497,10,0.711096684968629,0.740315639838653
497,11,0.700859767400897,0.729658087442011
497,12,0.689572891269647,0.717907433696164
497,13,0.677315725213692,0.705146620823407
497,14,0.664174609094576,0.691465536389232
497,15,0.650239928890181,0.676958280330348
497,16,0.635603955345993,0.661720914796145
497,17,0.620359081855364,0.645849629623479
497,18,0.604596404984385,0.629439264535329
497,19,0.588404598094572,0.612582136480647
497,20,0.571869034745943,0.595367127018082
497,21,0.555071124072007,0.577878990381535
497,22,0.538087825185537,0.560197847932864
497,23,0.520991311970176,0.542398839179788
497,24,0.503848763401068,0.524551903480792
497,25,0.48672225787414,0.5067216700324
497,26,0.469668752958828,0.488967436789944
497,27,0.452740134567962,0.471343221657833
497,28,0.435983321801427,0.453897871641244
497,29,0.41944041570303,0.436675217715406
497,30,0.403148881904661,0.419714264974605
497,31,0.38714175864701,0.403049409200475
497,32,0.371447882987157,0.38671067236445
497,33,0.356092129152991,0.370723950776165
497,34,0.341095654002759,0.355111270628939
497,35,0.326476145413145,0.339891046594109
497,36,0.312248070166918,0.325078339894391
498,0,0.753925428060722,0.768950931755007
498,1,0.753858946928825,0.76888312567444
498,2,0.753425319630603,0.768440856316502
498,3,0.752337876601539,0.76733174087974
498,4,0.750385051256529,0.765339996321577
498,5,0.74741810860984,0.762313923413407
498,6,0.743340519012468,0.75815506869978
498,7,0.738098779714121,0.752808863136919
498,8,0.731674508974368,0.746256558641916
498,9,0.724077657128697,0.738508303857408
498,10,0.715340696599109,0.729597218370857
498,11,0.70551366854046,0.719574340642063
498,12,0.694659977826666,0.708504339184731
498,13,0.68285284057957,0.696461889295665
498,14,0.670172299584371,0.683528628988347
498,15,0.656702732860464,0.669790617910347
498,16,0.642530789492017,0.655336232035635
498,17,0.627743694682885,0.640254434939761
498,18,0.612427872988124,0.624633373592787
498,19,0.596667844881485,0.608559252935712
498,20,0.580545357327737,0.592115449125364
498,21,0.564138713914747,0.57538182631622
498,22,0.547522274429702,0.558434226263331
498,23,0.530766097596498,0.54134410393958
498,24,0.513935704080859,0.524178285817564
498,25,0.497091939864337,0.506998830520676
498,26,0.480290922730993,0.489862974243288
498,27,0.463584056940092,0.472823145715864
498,28,0.447018103208902,0.455927037582497
498,29,0.430635292932837,0.439217722897423
498,30,0.414473477153259,0.422733807061707
498,31,0.398566302171081,0.40650960693677
498,32,0.382943404918929,0.390575350110261
498,33,0.367630622265878,0.374957388372172
498,34,0.352650209354175,0.35967842040294
498,35,0.338021062872708,0.344757719496699
498,36,0.323758945871266,0.330211362856006
499,0,0.760338026711332,0.78449177513871
499,1,0.760299508987432,0.784452033817699
499,2,0.76004521482362,0.784189661460974
499,3,0.759398782552799,0.783522693899405
499,4,0.75822166681556,0.782308184586693
499,5,0.756408013299699,0.78043691652412
499,6,0.753880105089811,0.777828703953797
499,7,0.750584323533918,0.774428224913659
499,8,0.746487571843464,0.770201331225536
499,9,0.741574114482802,0.765131787481148
499,10,0.735842789814527,0.75921839514122
499,11,0.729304557484378,0.752472462007856
499,12,0.721980345687538,0.744915581104705
499,13,0.713899166788008,0.73657768643498
499,14,0.70509647279238,0.727495356213378
499,15,0.695612724934984,0.717710337011069
499,16,0.68549215413652,0.707268264837664
499,17,0.67478169137489,0.696217561533016
499,18,0.663530049074796,0.68460848697521
499,19,0.65178693650015,0.672492329548251
499,20,0.639602393837015,0.659920719070738
499,21,0.627026231200135,0.646945047981247
499,22,0.614107560196953,0.633615988021489
499,23,0.600894406952264,0.619983090967872
499,24,0.587433396646008,0.606094463147966
499,25,0.573769500656836,0.591996504551551
499,26,0.559945838344835,0.577733704316549
499,27,0.546003526357103,0.56334848524747
499,28,0.531981569107861,0.548881090816397
499,29,0.517916784778062,0.53436950881181
499,30,0.50384376180462,0.519849426445608
499,31,0.489794841392951,0.505354212310124
499,32,0.475800122093876,0.490914921100416
499,33,0.461887482942491,0.476560317488202
499,34,0.448082622066994,0.462316915957171
499,35,0.434409108043984,0.448209033789694
499,36,0.420888441607357,0.434258854736036
500,0,0.762612041131488,0.779231925107612
500,1,0.762561638763175,0.779180424301996
500,2,0.762230713888774,0.778842287460407
500,3,0.761394672677359,0.777988026096171
500,4,0.759881910937438,0.776442296184696
500,5,0.757565959016574,0.774075871874016
500,6,0.754358583637356,0.770798596986534
500,7,0.750203742319559,0.766553207687698
500,8,0.745072296630228,0.761309930519991
500,9,0.738957400072897,0.75506176977874
500,10,0.731870485069431,0.747820407036774
500,11,0.72383778128936,0.739612643596432
500,12,0.71489730462084,0.730477323840066
500,13,0.705096262425979,0.720462683937146
500,14,0.694488826446194,0.709624076213723
500,15,0.68313422987965,0.698022024758777
500,16,0.671095149796265,0.685720572586606
500,17,0.658436340235123,0.672785884944822
500,18,0.645223485088531,0.659285077198893
500,19,0.631522243256784,0.645285239177615
500,20,0.617397461594223,0.630852630966614
500,21,0.602912533893723,0.616052027922951
500,22,0.588128886603162,0.600946195183615
500,23,0.573105574161024,0.585595474182133
500,24,0.557898968803814,0.57005746569584
500,25,0.542562531457631,0.554386795744409
500,26,0.527146651900495,0.538634952268779
500,27,0.511698547789098,0.522850181957354
500,28,0.49626221340021,0.50707743787032
500,29,0.480878410058078,0.491358369658414
500,30,0.465584691218345,0.475731349193516
500,31,0.450415456068713,0.460231525337444
500,32,0.435402026297766,0.444890902383832
500,33,0.420572741386223,0.429738437426097
500,34,0.405953068398415,0.414800152541648
500,35,0.391565722804216,0.400099258246926
500,36,0.377430797350364,0.38565628517727
